observation_index,alarm_category,t2_ratio,q_ratio,row_mae_17_targets,row_rmse_17_targets,actual_released_mean_index,predicted_released_mean_index,actual_profile_shape_deviation,predicted_profile_shape_deviation,actual_RAW_VALUE_t_1,predicted_RAW_VALUE_t_1,actual_RAW_VALUE_t_2,predicted_RAW_VALUE_t_2,actual_RAW_VALUE_t_3,predicted_RAW_VALUE_t_3,actual_RAW_VALUE_t_4,predicted_RAW_VALUE_t_4,actual_RAW_VALUE_t_5,predicted_RAW_VALUE_t_5,actual_RAW_VALUE_t_6,predicted_RAW_VALUE_t_6,actual_RAW_VALUE_t_7,predicted_RAW_VALUE_t_7,actual_RAW_VALUE_t_8,predicted_RAW_VALUE_t_8,actual_RAW_VALUE_t_9,predicted_RAW_VALUE_t_9,actual_RAW_VALUE_t_10,predicted_RAW_VALUE_t_10,actual_RAW_VALUE_t_11,predicted_RAW_VALUE_t_11,actual_RAW_VALUE_t_12,predicted_RAW_VALUE_t_12,actual_RAW_VALUE_t_13,predicted_RAW_VALUE_t_13,actual_RAW_VALUE_t_14,predicted_RAW_VALUE_t_14,actual_RAW_VALUE_t_15,predicted_RAW_VALUE_t_15,actual_RAW_VALUE_t_16,predicted_RAW_VALUE_t_16,actual_RAW_VALUE_t_17,predicted_RAW_VALUE_t_17
8,normal,0.1208478983238728,0.3064469456492259,0.0033241618678227537,0.003969516448460503,0.6205407675890933,0.6234836254059207,0.007781004268181016,0.008771712304474271,0.7454009667160121,0.7527369581734175,0.6168946473500273,0.6227188328676612,0.7755129272571989,0.7822609343707789,0.6511963258403447,0.6529607269892123,0.6895710866814803,0.6937308616367023,0.4549877636418604,0.454217012559911,0.7304651924323151,0.7286060968964685,0.573377901703017,0.5727666638873529,0.7145175421802583,0.7180200491230269,0.4838898159920232,0.48589578754831714,0.5833354617923343,0.5883394947721065,0.3993486790194149,0.4012773154416592,0.6017179401960537,0.6023943362902398,0.5157409013636313,0.5164597837027389,0.7793127027010583,0.7847826491223583,0.7102796172412219,0.7149589479600268,0.5236435769063346,0.527095180558675
12,normal,0.0947082947702242,0.1335433418929864,0.002194374843380211,0.0029734383760412165,0.6243697663009803,0.6261539899731831,0.007188021560666904,0.0076050090463954225,0.7484302515257819,0.7535553425590181,0.6188368681587946,0.6237988832579997,0.7756805513633823,0.7835173407794765,0.6556239857611215,0.6551974635364864,0.6970688942137666,0.6972043762118261,0.458197675795541,0.45639764015707185,0.732901543457169,0.7321181416806373,0.5760687831052667,0.5755924577898949,0.7198268387093829,0.7215600425566813,0.4874457376262973,0.48845659815167525,0.5882222974322512,0.5914455580395284,0.4022605661384407,0.40353508900775714,0.6048494739106699,0.6057882127580155,0.5184181833948386,0.5191872019724055,0.7865901045192218,0.7884785778207332,0.7169251284064533,0.7188690288944258,0.5269391435982852,0.5299158743704797
17,normal,0.1475225421534637,0.2748302584685946,0.0031336958940578917,0.0035237924978243104,0.6272860057561129,0.6246357716204833,0.0070904818335049925,0.008275758375998692,0.7522168575379943,0.7531680036555222,0.6227213097763291,0.6231110023017546,0.7804578383896073,0.7832264246932922,0.6573107133499889,0.653812445943323,0.7000225759689096,0.6953634667377074,0.4606174557267772,0.45510468409868365,0.7362024061360032,0.7298709361465712,0.5785150389254936,0.5739268133434315,0.7236191933730433,0.7199124767239842,0.4889697040409862,0.4870575012535009,0.5906657152522097,0.5894547936816724,0.4043404855091733,0.4020873970358405,0.607981007625286,0.603617927758068,0.5200245526135628,0.5176465208447912,0.7906331055293127,0.7867341660906401,0.7198786889243339,0.7166478344783473,0.5296854491749107,0.5280657227610838
19,normal,0.1936863080032307,0.4917816100495366,0.0025107177012600066,0.003688812301065692,0.6220661914860462,0.6232190764120652,0.005827793092901143,0.007991713910915774,0.7423716819062424,0.7506013365810081,0.6155998334775157,0.6215456514038554,0.7725795053989906,0.7816418721628113,0.6504232423621138,0.6519645949198575,0.6941152124586234,0.6935810288123077,0.4571112439896799,0.4538227506892279,0.7308581522750336,0.7276326506928876,0.5754572191502099,0.5724973374763994,0.7183098968439188,0.7184344691641406,0.4854137824067121,0.48628190764331786,0.5863897340672825,0.5889117829814001,0.4014285983901476,0.4014229686661419,0.6035968604248234,0.6021416409721664,0.5162763577698728,0.5162036885597097,0.7833557037111492,0.7852192755722676,0.7154483481475129,0.7155730475028886,0.5263898824829601,0.5272482952047209
23,normal,0.0184655359995722,0.0183389899109075,0.019546729732753135,0.02093436635280247,0.6370376508040211,0.617490921071268,0.004312605980957331,0.01021430782408913,0.7537314999428791,0.7474890632161966,0.6240161236488406,0.6183607285051429,0.789844788335874,0.7825732683529655,0.6627925780138079,0.6432765369067757,0.7111556841229104,0.6871735409376915,0.4669385135063328,0.44796385544317996,0.7483841612602725,0.7173963236354963,0.5901347540715721,0.5652423182612537,0.739547082960417,0.7114744090830182,0.5006534465536012,0.4811284103522986,0.6022719498970125,0.5833253027514198,0.4089163081247852,0.39665461268304925,0.6192545289979039,0.5949514355952048,0.5307336807383917,0.5108936967138046,0.8076137097716939,0.7786117455756798,0.7324313211253265,0.7088265976684128,0.5412199325967377,0.522003812529966
26,normal,0.1846718407153424,0.1459140307705,0.009534578754392528,0.01161397689490407,0.6043452699731241,0.6138798487275166,0.008405348235885794,0.002986631222723486,0.700643283651663,0.7255887993976945,0.5860133364906275,0.6055181181477083,0.7463463327812987,0.7684867719253767,0.629268867185069,0.6383139477652339,0.6724548795875742,0.6826544279908641,0.4449135778056935,0.4476624486951447,0.7160828621888229,0.7185110149230474,0.5611466226018816,0.5658237380183729,0.7033680194690967,0.7119759415613754,0.4777939503332675,0.48103176624307165,0.5747834994224797,0.5831822592467873,0.3935249047813635,0.3967499838033737,0.5898181120805126,0.5943260611128883,0.5034254040200782,0.5101007180959656,0.7639492988627135,0.7763925958839709,0.6962502047812891,0.707828095408153,0.514086433499678,0.5218107401487537
29,normal,0.2476386842153057,0.295278854361641,0.0029811274163322548,0.0037573423500500054,0.6146720797752377,0.6147924085659995,0.015558016304764605,0.010792349839327408,0.6934487322284596,0.7009467050784599,0.5879555572993946,0.5938685594403511,0.7551465983559238,0.7614992313167891,0.6395297933506788,0.6376524577877413,0.6862387277782419,0.687314751551599,0.4534074991969715,0.45251970495152827,0.7306223763694024,0.7265193404789468,0.5754572191502099,0.5717226952450754,0.7221022515075792,0.7178308431905387,0.4884617152360899,0.4845017034210162,0.5845571707023135,0.5872299823725728,0.3993486790194149,0.39978283588350827,0.5985864064814377,0.5991055118709386,0.5119927065199412,0.5136396976793428,0.7849729041151856,0.7796943269163823,0.7117563975001623,0.7115522961177011,0.525840621367635,0.5260903023194993
31,normal,0.0162040467607945,0.0751461822389755,0.004214305084424295,0.004587639350840475,0.6201290794766734,0.6177843623508632,0.01766462773394736,0.01228429927923848,0.6942817855511463,0.7007851791551847,0.5911278512870479,0.5948199437471419,0.7595048251166905,0.7652008367007784,0.6440277335876584,0.6395556267192944,0.6923732975773853,0.6907910094128686,0.4591853410735965,0.4549238088677578,0.7397390447204685,0.7303647543604729,0.5791266028805504,0.5750451719075023,0.7251361352385075,0.7218765010940458,0.4925256256752603,0.48723119777399165,0.5924982786171785,0.5905131837547452,0.4043404855091733,0.40216808232842294,0.6073547008823628,0.6026442237665843,0.5200245526135628,0.5171576598435051,0.7890159051252763,0.7847911864103314,0.7184019086653937,0.7152908868365567,0.5335302769821864,0.5291749072854888
33,normal,0.1230002216662762,0.0939717097606825,0.0024311346121471417,0.002875428636974716,0.6206297961721551,0.6195965082987881,0.017060571314457432,0.013734757431873955,0.6960993564370082,0.7000716803574766,0.592034220997806,0.5954046685726492,0.7605943818068822,0.7649815491213456,0.6451522186469034,0.6436717410067362,0.6929791810143376,0.6915659905816158,0.4589878080179854,0.45627889832739577,0.7389531250350319,0.733150417630288,0.5791266028805504,0.5775830438236934,0.7258946061712396,0.7254555466170807,0.4925256256752603,0.4899507916462293,0.5931091330721682,0.5928504847219367,0.4047564693833199,0.40328230414070626,0.6073547008823628,0.6038092545543904,0.5200245526135628,0.5180686705823148,0.7906331055293127,0.7883945752530965,0.7184019086653937,0.7185536671352497,0.5340795380975114,0.5300673570071922
43,normal,0.2429174341871544,0.2706421663618191,0.011153256125937294,0.011781585060287954,0.6082676988481034,0.6194209549740406,0.02791358929793011,0.025054369937665646,0.6602023314412359,0.6771972079909435,0.5696339410033567,0.5817101134571003,0.7356183899855652,0.7547991674562541,0.627863260861013,0.6390353761357294,0.6767717990758603,0.6910600729223463,0.4518766180159853,0.4576298956639705,0.7241778349488213,0.7357314266664446,0.572582868561443,0.5806844102144609,0.7137590712475262,0.7288794316697915,0.4854137824067121,0.4927685544514327,0.5857788796122928,0.5970827240344365,0.3997646628935615,0.4063694029214787,0.6029705536819002,0.6104977795612824,0.5146699885511484,0.5236679925897668,0.7793127027010583,0.7932441530427984,0.7110180073706921,0.7237700421736004,0.5291361880595856,0.5360284836068548
45,normal,0.1936269238688297,0.3227821128222233,0.01354203414427919,0.014259311349768707,0.6060761593692517,0.6196181935135308,0.027802260043157247,0.025034465350365315,0.6583847605553739,0.6771258402319852,0.5672385353392103,0.5816612283423903,0.7337745248175486,0.7559174425413506,0.6261062529559428,0.6395155129729972,0.6743482653280506,0.6910888836759806,0.449950670723777,0.4575899232448854,0.720169644553094,0.7361274243783474,0.5694027359951479,0.5813300064717636,0.7110285758896908,0.7296978540978881,0.4838898159920232,0.4931676377815513,0.5851680251573032,0.5970287040995584,0.3993486790194149,0.40618098782725,0.6004653267102074,0.6098605805061555,0.5125281629261826,0.5238765413748225,0.7744611014889494,0.794103244451116,0.7095412271117517,0.7238278038928109,0.5274884047136102,0.5354096738391714
47,normal,0.126446494890166,0.2697248635612324,0.015002568979355342,0.015656295988902082,0.6275915399353181,0.6125889709559628,0.009296322604728636,0.012786891096032416,0.7514595363355518,0.7460303486784974,0.6285479722026309,0.6168612227270629,0.7931972704595408,0.7773762424476548,0.6563970692393524,0.6410335086106489,0.6932063873031948,0.6814080558263478,0.4548396138501521,0.44454211249895736,0.732665767551538,0.7106952377236292,0.5748456551951531,0.5587812210093843,0.7213437805748472,0.7035291359449555,0.4838898159920232,0.4762853040884208,0.5967742598021059,0.5789061802662727,0.4060044210057595,0.393658049096386,0.6092336211111324,0.5895126266580281,0.5200245526135628,0.5052618908129407,0.7865901045192218,0.7696343026897089,0.7243090297011548,0.7028509078223449,0.5357273214434868,0.5176461593501274
51,normal,0.2070437665580887,0.4181148239310612,0.012566538907971922,0.012789502966362604,0.6281128530810554,0.6155463141730835,0.011174796826284682,0.010280700119780432,0.7143507974158715,0.7030980772917628,0.6123627987962369,0.595306908220953,0.7766024839473907,0.7624930227932547,0.6497907195162886,0.6385845917973468,0.700476988546624,0.6874784205195934,0.4624940197550827,0.45266062540387403,0.7420968037767787,0.7267622075950416,0.5827959866108909,0.572199511251226,0.7296869608349,0.7185329857998656,0.4945575808948456,0.4850042939369337,0.6016610954420228,0.588022441121752,0.4105802436213713,0.4002229479777688,0.6148703817974414,0.5998324400176898,0.5237727474572529,0.5142066570537595,0.7938675063373852,0.7806111950379179,0.7294777606074458,0.7127071067071528,0.5384736270201123,0.5265639084165264
61,normal,0.196246195613333,0.2392796860798088,0.0034615063668272153,0.004031273151321888,0.6283626122313312,0.6261922157611006,0.027003220293336863,0.024090742884905984,0.6810286645084033,0.6857439283741936,0.5951417742918337,0.5894688261258187,0.7647849844614655,0.7646407275591901,0.6425518469473995,0.6469815602846261,0.696463010776814,0.69829246769487,0.4637286013526522,0.4623475784906242,0.7444545628330889,0.7440796755419999,0.5907463180266289,0.5871771835682779,0.738788612027685,0.7371258699935256,0.5006534465536012,0.49823967800740976,0.6083804944469086,0.6026286439377807,0.4151560662369832,0.4100973506384835,0.6236386761983665,0.6159229192881858,0.5312691371446331,0.5288495756102681,0.8043793089636212,0.8024333384696772,0.735384881643207,0.7305466542486857,0.5456140215193385,0.5406916901050963
65,normal,0.1246635725066202,0.1218899633780306,0.019878609148242805,0.020608774068098114,0.5933538836572463,0.6132324928054889,0.007555934607931646,0.004147624872948714,0.6887533407733165,0.7159901677919893,0.5746837151061516,0.6002216005007586,0.7449215278787403,0.7646628892583539,0.6127529928774096,0.6365513286471359,0.6672291349438595,0.6830112416038616,0.4355307576641656,0.4483749676881326,0.69226949572009,0.7194129365313793,0.5477533719861386,0.5666580327792773,0.6885778362808211,0.7129332855633788,0.4645862414059636,0.48161995972598154,0.567941929526596,0.5843361894772529,0.3863283837586284,0.3976153773335865,0.5776051305935098,0.5951965616109366,0.4934659148639873,0.5103350054908505,0.7464835344991213,0.7765834159348249,0.6882755913830115,0.7086368237903297,0.5098571229116746,0.5228125939652831
68,normal,0.0501439653102365,0.110588693880375,0.003387336173462018,0.004004118250954483,0.631931783471722,0.6312121368553082,0.026108978511158388,0.02235050206841672,0.6892077334947818,0.6940365791958765,0.5908041478189201,0.5968441395876712,0.7771053562659407,0.7730079970156838,0.6444494154848753,0.6525184415755868,0.707671854360434,0.703749550149913,0.4649631829502216,0.4660653306587872,0.7483841612602725,0.7499535080258183,0.593192573846856,0.5917804055237825,0.7418224957586134,0.7420932004196874,0.5006534465536012,0.5014487450927686,0.6102130578118775,0.6067385845471592,0.4168200017335693,0.4126669438393543,0.6236386761983665,0.6197482105062361,0.5376946140195303,0.5324890871629218,0.808422309973712,0.8078979922293175,0.7383384421610877,0.7355293043971007,0.5494588493266142,0.544038306612575
69,normal,0.0603508155794351,0.1067575732843387,0.005000087613876175,0.006433175291920591,0.6158352285664044,0.6206361918904958,0.025905391817666386,0.021682823631641417,0.6718650779588496,0.6843862535615864,0.5769496393830468,0.5872902952643405,0.7574095237893987,0.7599356731416358,0.6271604576989849,0.6414069648869898,0.6901012346888137,0.6926238632987147,0.4537037987803882,0.4579855407815208,0.7294434968412473,0.7369436438419504,0.5772919110153801,0.5814189317316221,0.7228607224403112,0.729010097131362,0.4879537264311936,0.49264965560672597,0.5955525508921267,0.5968905184732602,0.4068363887540525,0.4058113181145383,0.607981007625286,0.6093430972964904,0.52270183464477,0.5232833948018633,0.7857815043172037,0.7929817041951025,0.7198786889243339,0.723794474390894,0.5357273214434868,0.5350598356198304
70,normal,0.2204667206510223,0.200557781549289,0.009350393950198044,0.010542414365770187,0.5806368549497809,0.5899764560198876,0.009635758561196531,0.008307380210351949,0.6982198558038472,0.709783791604694,0.5790860822726908,0.587875949480595,0.7268181244109401,0.7443437064215507,0.6025623470280025,0.6133558268656206,0.6403430574290956,0.6566038351572474,0.4283701843982627,0.4282784449174856,0.6776513895709668,0.6857022350769448,0.5311188324085946,0.5390695114567043,0.663775836780482,0.6794001837957274,0.4530548955348175,0.4599521073463174,0.5513266883508784,0.5610448622340392,0.3792982562855519,0.38143618434415727,0.5683984214725385,0.5711314557960854,0.4813110544423067,0.4875715015966432,0.7274814297516946,0.7425868065594711,0.6681913798614233,0.679865427186913,0.4938186983441818,0.5015979224978911
79,normal,0.0652662402064132,0.0398878434953174,0.0025142469826933624,0.0031254446915279527,0.615965938720859,0.6161961637155091,0.026232194532537112,0.02223869703209939,0.6717893458386054,0.6793989021357558,0.5777265277065536,0.5821198699339393,0.7478549497369487,0.753122212461443,0.6365077397539582,0.63575015779746,0.6862387277782419,0.6875897407539909,0.4573581603091938,0.4546825650238244,0.7343161988909551,0.7313966873202324,0.5779034749704369,0.5769159278305018,0.7258946061712396,0.7239227592660878,0.4899856816507788,0.48919136415995135,0.5931091330721682,0.5931537831014568,0.4039245016350268,0.4034635151767313,0.6092336211111324,0.6059512510274896,0.517882726988597,0.5199608018338575,0.7849729041151856,0.7875570168232762,0.7220938593127443,0.7191243033402199,0.5346287992128366,0.5320339251774358
80,normal,0.055590461401349,0.0638414105504215,0.012986449524280757,0.01348092211138037,0.6063234716842948,0.6193099212085756,0.028278916758727023,0.02576449995948191,0.6576274393529316,0.6755870017104454,0.5658789807730733,0.58050010498363,0.7344450212422818,0.7546112560848467,0.6269496167503764,0.638905809451486,0.6732879693133837,0.6906636080794797,0.449506221348652,0.4570211753150964,0.7215057080183364,0.7354228591821743,0.5692192668086308,0.5805768049379294,0.7152760131129905,0.7297853259525492,0.4828738383822306,0.4931428990176394,0.5857788796122928,0.5973744620614547,0.3989326951452684,0.40633231754526944,0.6004653267102074,0.6100629725122464,0.5114572501136998,0.5237318407515862,0.7768869020950039,0.7945138959346285,0.7110180073706921,0.7243045977798516,0.5263898824829601,0.5357317292454711
84,normal,0.1302859580594108,0.0650690522260587,0.004599656225337125,0.005690589502893889,0.6124241902226447,0.615605243422948,0.0065235793151776625,0.004070348364596966,0.7188947246305262,0.7276290319955055,0.5935232569511942,0.6057902589931151,0.770735640230974,0.7697130559001023,0.6341182090030628,0.63910452441838,0.694872566754814,0.6842679837656859,0.4487654723901103,0.44833451399732205,0.7134893272268817,0.7184412882175296,0.5617581865569384,0.5665028933485711,0.7081463863453089,0.7141397607072962,0.476625576082006,0.48323694943641765,0.5833354617923343,0.5864186003951296,0.3960208080262427,0.39888838992479675,0.5954548727668216,0.5964618566664948,0.5098508808949754,0.5110694169000203,0.7744611014889494,0.7791247454905251,0.7080644468528114,0.7119840969068902,0.5230943157910095,0.5241817711263339
90,normal,0.1195190492457061,0.0552559243339696,0.0033456746152775063,0.003965960664739537,0.6214174731452733,0.6243683519464229,0.020939510205437023,0.020189009297597475,0.6862541808052562,0.6911264423794528,0.5869844468950111,0.5933951264881052,0.7684727147974988,0.7656257127415406,0.6384755886076368,0.6451530321764999,0.697750513080338,0.6972417507162099,0.4596297904487216,0.46084183147053664,0.73698832582144,0.7409758031913131,0.5815728587007775,0.5839040110264699,0.7319623736330962,0.7320516306761902,0.4915096480654677,0.4948604472522405,0.5955525508921267,0.6001858243692243,0.4080843403764922,0.4082517399461602,0.6092336211111324,0.6130271770176262,0.52270183464477,0.525721891275682,0.7938675063373852,0.7962963363844716,0.7198786889243339,0.7272782647604418,0.5351780603281616,0.5383249612170262
93,normal,0.0946893722401846,0.029674092626273,0.003465271916898082,0.0039772510223529236,0.615663634542412,0.6186422700571316,0.023144094500931477,0.022643753122860058,0.6756516839710619,0.6812767088943409,0.578891860191814,0.583683303321395,0.7589181407450488,0.7562002376741257,0.6322909207817898,0.6380715821542129,0.6914644724219565,0.6907872659633562,0.4545433142667354,0.45631690046623835,0.7289719450299853,0.7342543115046697,0.5766803470603235,0.5792050148063917,0.7274115480367038,0.7266702481477109,0.4874457376262973,0.49100683391865385,0.5918874241621889,0.5959739214052407,0.4047564693833199,0.4052655131375187,0.6042231671677467,0.6084974872554034,0.5173472705823556,0.5222131026824168,0.7890159051252763,0.7904347755425881,0.7154483481475129,0.7226673695559452,0.5313332325208859,0.534394014541029
95,normal,0.1331268797072095,0.1986417083962047,0.009435658432206454,0.010447650688635606,0.6119194407859473,0.6027868897313301,0.004864275439770695,0.010881594300010247,0.7272252578573932,0.729801670566903,0.6044644341739166,0.6044386362402074,0.7655392929392906,0.7642299503121988,0.6364374594377553,0.6287489812929505,0.6830578397342417,0.6702842552326274,0.4435802296803185,0.43715803028887584,0.7137251031325127,0.699034108800985,0.5620639685344668,0.5499899958621666,0.7046574200547413,0.6928400811751836,0.4766763749624956,0.4693607952212067,0.5808920439723758,0.571180817841845,0.3968527757745357,0.3883238235634068,0.593575952538052,0.5806679291699878,0.5114572501136998,0.4980134760024968,0.7736525012869313,0.7593345597429836,0.7073260567233414,0.6939324445334634,0.5214465324450341,0.5100375695851241
96,normal,0.0981340658210341,0.0386267424365074,0.0071233623098403125,0.00738466553438235,0.6296697899705022,0.6225464276606618,0.005817986606699565,0.005906068650167518,0.7461582879184546,0.7410797543894755,0.6201316820313061,0.6154289569204395,0.7890066678049574,0.781703094882048,0.6519694093185756,0.6456562522873464,0.6982806610876713,0.6928840892142503,0.4557778958643049,0.45221319474818994,0.7334516872369747,0.7230501203696672,0.5779034749704369,0.5698046743159542,0.7258946061712396,0.7179874501177456,0.4915096480654677,0.4866036371221998,0.6010502409870332,0.5937500390306278,0.4097482758730783,0.4038929053741407,0.613617768311595,0.6039512981517619,0.5264500294884602,0.5171563879074849,0.7954847067414216,0.7861424292151202,0.7294777606074458,0.7205936118985827,0.5384736270201123,0.5313913742862154
99,normal,0.1545748147253722,0.1037805750389551,0.014081132542493324,0.014339515094517724,0.6343681736491179,0.6202870411066246,0.016579553704470618,0.015846396738382396,0.7151081186183139,0.6965158813180791,0.6038817679312865,0.5932870433954605,0.7788654093808656,0.7641007465813258,0.6540778188046598,0.6422053715347459,0.7082020023677674,0.6936048247183205,0.466444680867305,0.4570978195735525,0.7507419203165827,0.7339395153593977,0.5913578819816856,0.5781790861770578,0.7440979085568096,0.7261850234472907,0.5016694241633938,0.4904777463148299,0.610823912266867,0.5949355751709902,0.4151560662369832,0.40453850590109375,0.6217597559695969,0.6065156914893675,0.5334109627695989,0.5201059545929895,0.8059965093676575,0.7895299535045648,0.7376000520316175,0.7208850664948679,0.5450647604040134,0.5327758932386838
100,normal,0.1230499283053052,0.1224470431959389,0.01691928597769915,0.0172207273474064,0.635643223683536,0.6187239377058368,0.017596812531884047,0.01771249945824905,0.7143507974158715,0.6909832291182342,0.6045939155611678,0.589400130092892,0.7794520937525073,0.7609355330326522,0.6540778188046598,0.6400925760060615,0.7104740652563389,0.6919458597186662,0.4679261787843884,0.45589865622103315,0.7523137596874562,0.7322400973810327,0.5919694459367424,0.5770682204319618,0.7456148504222737,0.7250188287736569,0.5026854017731864,0.4898414461626744,0.6126564756318359,0.5944559377177209,0.4172359856077159,0.40407625806293546,0.6223860627125201,0.6058777366335265,0.5334109627695989,0.5196734429369625,0.808422309973712,0.788324823753642,0.740553612549498,0.7203399767961683,0.5478110659806389,0.5321341881594059
106,normal,0.1936822217025618,0.0747016743249111,0.013286980220469287,0.014817066298944498,0.6350351246240671,0.6217481444035977,0.012799938661337723,0.004523385866257944,0.7347984698818179,0.7346394859518192,0.6123627987962369,0.6113614790204454,0.7786977852746824,0.7763345181089121,0.6537264172236458,0.6432946338898362,0.7044152308868147,0.6910735481149963,0.4628890858663049,0.4524524846515619,0.741310884091342,0.7247865533485157,0.585242242431118,0.5712065216632851,0.7372716701622208,0.7204092671706365,0.4981135025291197,0.4875506264235216,0.6114347667218567,0.5930450719209958,0.4168200017335693,0.403368670024899,0.6261439031700594,0.6041282069136387,0.5355527883945647,0.5175445368946082,0.8068051095696757,0.7873585142772324,0.740553612549498,0.7198888098918015,0.5494588493266142,0.5312755265944576
109,normal,0.1018104750183205,0.1871323622188611,0.007790827112766313,0.008754158441767398,0.6279306035593933,0.621693759835523,0.013531133892109623,0.005867856262941597,0.7241959730476234,0.7306631435496752,0.606859839838063,0.6088228791517322,0.7708194522840655,0.7752711673860314,0.6421301650501827,0.6424570989381111,0.6960843336287188,0.6905212839479578,0.4587408916984716,0.45166567916574946,0.7355736703876539,0.7238558840064067,0.5791266028805504,0.5714709664576982,0.7289284899021679,0.7219831809852733,0.4930336144801566,0.4888511236736863,0.6053262221719605,0.5942415972844988,0.4130761468662505,0.40425748441915565,0.6205071424837504,0.60427168030357,0.5280563987071845,0.5177192888095302,0.7946761065394033,0.789258685286643,0.7331697112547966,0.7218540690376418,0.5445154992886883,0.5316287048005299
120,normal,0.1519247609773097,0.0983700314034894,0.0030710597182556773,0.004405937030638768,0.6210642792758693,0.619461645345738,0.006787444914173345,0.004630107527127546,0.7347984698818179,0.7370720370915536,0.6143050196050043,0.6125073813545447,0.7717413848680739,0.7764315961917135,0.6539372581722541,0.6428830262743968,0.6890409386741468,0.6893332254417383,0.4497037544042631,0.45092486879226784,0.7329801354257127,0.7219728759379561,0.572399399374926,0.5687366096507214,0.7183098968439188,0.7160089611814563,0.4849057936018158,0.48454227207446154,0.5931091330721682,0.5892840841533848,0.3989326951452684,0.40090247739477347,0.6010916334531305,0.6005677998394358,0.5162763577698728,0.5144022163358045,0.7801213029030766,0.7821559601636566,0.7184019086653937,0.7153476424558679,0.5280376658289354,0.5277749365438126
122,normal,0.1537123145520384,0.0764240239128043,0.0042742509629848345,0.004849292084798359,0.6202146626609535,0.6180144956055219,0.028149062301201486,0.022571296821906756,0.6697445785920108,0.6807365084010485,0.5829057831965998,0.5829872955954811,0.749279754639507,0.7558360256457908,0.6433952107418331,0.6379433248526949,0.6930549164439567,0.6899635053806183,0.4585433586428604,0.45543478488454914,0.7389531250350319,0.7330208120213908,0.5827959866108909,0.5783818757321254,0.7289284899021679,0.7260480703709012,0.4955735585046382,0.4908252591748925,0.5998285320770539,0.5957403278367577,0.4072523726281991,0.4050104432414262,0.613617768311595,0.6074912862855425,0.5248436602697358,0.5212660539221651,0.7930589061353671,0.7897415505414902,0.7250474198306249,0.7222279752560111,0.536825843674137,0.5335913261509874
132,normal,0.1087605087060706,0.0482417348974335,0.009415348724810806,0.01027524792584148,0.6091784048300639,0.6185937535548749,0.003254227348877288,0.005763498807888089,0.720409367035411,0.7374419342706582,0.5966308102452219,0.6120639584528178,0.7618515626032573,0.7764135436070506,0.6303230719281111,0.6420108115911453,0.6785137139570986,0.6871646793644351,0.4444197451666658,0.4491417319949955,0.7117603039189209,0.7191089010491193,0.5642044423771654,0.5668084442747959,0.7046574200547413,0.7141284647428366,0.4763715816795579,0.4838882239726528,0.5766160627874485,0.5890458111672333,0.3935249047813635,0.4007434617995563,0.5948285660238984,0.599681495274605,0.510386337301217,0.5138687284113455,0.7712267006808768,0.7821922381860388,0.7021573258170503,0.7151287639485315,0.5181509657530836,0.5272626183250554
134,normal,0.1291394125001731,0.0679626731125986,0.01032641871533663,0.010651764499480106,0.6012347654001751,0.6115611841155119,0.009082284740030946,0.008855999536113306,0.6942817855511463,0.7038824281743288,0.5819994134858417,0.5925803252344629,0.7439157832416403,0.7578437206761648,0.6184456984898368,0.6323860443486417,0.6695769332620503,0.682071460323394,0.4407653836378602,0.4480506176641065,0.7066518259635821,0.7192879137289377,0.5608408406243532,0.5667213174215955,0.7028370898161843,0.7133184829077677,0.4745936208624208,0.48177693809793226,0.5714237999200368,0.5851779360032027,0.3904882225000938,0.3979555118380445,0.587187623760235,0.5956745402501475,0.5023544912075952,0.5107071860355982,0.7671836996707861,0.7762803736692662,0.6955118146518189,0.7092493256099327,0.5129329851574952,0.5235760079801762
135,normal,0.1001387091949887,0.0534833151257848,0.0169543676697594,0.01735173046051179,0.5899919765280636,0.6069463441978229,0.010916223413203094,0.009884910324181814,0.6756516839710619,0.695235549631343,0.5685980899053474,0.5867084257637436,0.7295001101098736,0.7524099353901353,0.6086064542214439,0.6281504815722456,0.6626092737370973,0.6781331268499712,0.4339998764831794,0.4455208509302357,0.695884726273099,0.7150956303705036,0.5516062249029962,0.5631272919188187,0.691460025825203,0.7088041321230264,0.4665673977450592,0.47851569926733173,0.5591456253747454,0.5807002087620047,0.3821685450171631,0.3949230671278594,0.5750372729475246,0.5909510256664445,0.4925556389733769,0.5068412819266348,0.7504456754890102,0.7701022891015032,0.681113207127151,0.703491177327305,0.5049137728737488,0.5193776776338841
139,both alarms,180.71129704085703,1568.713817121244,0.01365323238753786,0.015978586261265765,0.6088811409518691,0.6025037130923726,0.021898163814164644,0.00476750206728283,0.6773177906164354,0.7118376168294928,0.5728709756846355,0.5935525237821241,0.7455920243034737,0.752234988481281,0.6250520482129007,0.6220251786622556,0.6748026779057649,0.6690241250208091,0.4484691728066937,0.4386448411206747,0.7266141859736751,0.7038897528313083,0.5766803470603235,0.5539668551657209,0.7198268387093829,0.6949891227684563,0.4828738383822306,0.46992647585239267,0.5821137528823551,0.5742578801675033,0.3976847435228288,0.39152586933200273,0.5985864064814377,0.5885310192507464,0.5152054449573898,0.5041564400740738,0.7768869020950039,0.7614160381129141,0.7051108863349309,0.6960577953274794,0.5252913602523099,0.5165265997910999
144,normal,0.1005130821927764,0.1796711675503746,0.011078786689641799,0.012300452029830699,0.6271636006012408,0.616084813911599,0.005099272818892634,0.00795258300895748,0.7438863243111272,0.7394066535419531,0.6214264959038176,0.6133803967226137,0.782050267398349,0.7761071062175663,0.6533750156426317,0.6415335695721455,0.7043394954571957,0.6851303080307793,0.4555803628086937,0.4470742900465303,0.7378528374754204,0.7150709860011065,0.5766803470603235,0.5628659771112652,0.7251361352385075,0.7105207090844051,0.4874457376262973,0.4813275886925798,0.5900548607972201,0.585995687842263,0.4014285983901476,0.39836570394686177,0.6086073143682093,0.5954412415889515,0.5248436602697358,0.5095246562872472,0.7914417057313308,0.7769339409169446,0.7213554691832742,0.711278455939394,0.5362765825588118,0.5234845649545757
149,normal,0.1377339594434206,0.0570884237183509,0.010872322555445964,0.011473738200082045,0.6248037004935911,0.6139313779381451,0.019187022464979643,0.01995849018935646,0.6975382667216489,0.6818201662866747,0.5965013288579708,0.5817637614771075,0.7610134420723405,0.753150736038533,0.6420598847339799,0.6340218425480914,0.6986593382357666,0.685630223790114,0.4591359578096938,0.452066088323609,0.7452404825185257,0.7271899328913755,0.5797381668356072,0.5735625576776919,0.7342377864312924,0.7207674580601723,0.497097524919327,0.48702277498228946,0.5979959687120852,0.590745758319889,0.4055884371316129,0.40160463410198183,0.6129914615686717,0.6020238461243799,0.5285918551134259,0.5169349982177323,0.7954847067414216,0.7836580838735977,0.730216150736916,0.716064378478459,0.5395721492507625,0.5288061837567688
150,normal,0.2754664396206407,0.1571362529485776,0.007410961799108867,0.008391625492062687,0.6127208153060952,0.6058240938722079,0.0101835155616786,0.007715908348520967,0.7416143607037999,0.7274979863804782,0.6110679849237254,0.6028320854673664,0.7751776790448323,0.7643334120303281,0.6348210121650908,0.6291615658986328,0.6837394586008132,0.6744158268029619,0.4475802740564436,0.4394908581575401,0.7154541264404736,0.7038768954225025,0.5683019208760457,0.553874041797508,0.7051883497076538,0.6975231247332203,0.4777939503332675,0.47218899147312443,0.5778377716974278,0.5761807694043822,0.3956048241520961,0.39163774371215004,0.5973337929955913,0.5865501468045596,0.5066381424575268,0.5017769051934147,0.7590976976506045,0.7634687407549866,0.6992037652991697,0.6986229544163564,0.5197987490990589,0.5155775473780219
151,normal,0.1581839804596651,0.1617182398175324,0.005247602432380819,0.006710246624195213,0.6142425697719065,0.6187987057622643,0.010343519199014177,0.009865888946646112,0.7446436455135698,0.7470915862356954,0.6130102057324927,0.6187555376266936,0.7740043103015489,0.7819103546709437,0.6359454972243357,0.6445355857850824,0.6888894678149088,0.6874434793707478,0.4492593050291381,0.44910968441646587,0.7155327184090172,0.7173249248934349,0.5686077028535741,0.5643258471532103,0.7065535973865714,0.7125734122126818,0.4793179167479564,0.4824975197411901,0.5802811895173862,0.5878519855620931,0.3972687596486822,0.39991009701667185,0.5973337929955913,0.5974372008477276,0.5066381424575268,0.5107994329382094,0.7623320984586772,0.7791323442309392,0.7021573258170503,0.7136791656814502,0.5203480102143839,0.5251998395752537
152,normal,0.1492178827921342,0.0399368245065402,0.003394480676417961,0.004259785012498537,0.6123874570871586,0.6147178383970227,0.006514848121262232,0.005508261183552118,0.7166227610231989,0.7182739720491521,0.5950122929045826,0.6000049168615125,0.7601753215414239,0.7653249691529277,0.635875216908133,0.6354514973623399,0.6842696066081465,0.68427011489831,0.4483210230149853,0.4484032683125028,0.7227631795150352,0.7190917488867359,0.5712374278603182,0.5669295712371618,0.7130006003147942,0.7146977011132328,0.4838898159920232,0.4832479781735622,0.5821137528823551,0.5875170342898017,0.394772856403803,0.3995561902617776,0.5954548727668216,0.5975738319465479,0.509315424488734,0.5123659200007424,0.7688009000748224,0.7793055432636944,0.7080644468528114,0.7126572518775968,0.5208972713297091,0.5255317430617847
157,normal,0.8876624333197438,0.5851224564603189,0.014985620032554665,0.015999728315674214,0.6120533615520836,0.6270389815846383,0.009347758982170079,0.008920640837901592,0.7363131122867027,0.7546634747070148,0.6149524265412599,0.6253092470925634,0.7640306759836405,0.7912974465224764,0.6348210121650908,0.6523709339077395,0.6785137139570986,0.696722611088079,0.4488642389179159,0.45475336266270344,0.7107386083278532,0.7270067044692455,0.5607796842288476,0.5723215930942637,0.7029129369094576,0.7230740410245446,0.4793179167479564,0.4898114963189769,0.5821137528823551,0.5965470849309232,0.3972687596486822,0.40552670297406557,0.5948285660238984,0.6055029746597773,0.5066381424575268,0.5179385411274428,0.7671836996707861,0.7902546582008444,0.7036341060759905,0.7239405684301429,0.5219957935603593,0.5326212457280476
166,normal,0.1526672685359084,0.0920400920668935,0.00947663632137683,0.0102241300550923,0.6049453221378528,0.6144219584592296,0.0115476148274703,0.009412967115736621,0.6913282328616208,0.704780876987151,0.5799924519834488,0.5943139037386251,0.7549789742497404,0.7639276358782526,0.6261765332721456,0.6375374702754373,0.6804070996975748,0.6856162440995021,0.447283974473027,0.4499748117812479,0.7087738091142614,0.7235959186297005,0.5609631534153646,0.5705122879034545,0.7068569857596643,0.719284615588644,0.4746444197429104,0.4852798945601494,0.5815028984273655,0.586907551779063,0.3951888402779495,0.3988101912244692,0.5891918053375894,0.5956207400700801,0.5039608604263196,0.5121667214089208,0.7663750994687679,0.7815471243401998,0.6999421554286398,0.7116192118504111,0.5165031824071084,0.5236780936915958
168,normal,0.1291785308296892,0.0610053977210633,0.006397619392136374,0.007590587657582091,0.616065197352861,0.6224628167449973,0.023741691705038665,0.019968353359538032,0.679059629382053,0.6899978355224,0.5739715674762703,0.5909409185260249,0.7591695769043237,0.7638934553952085,0.6373511035483918,0.6426581906758113,0.6918431495700518,0.6959327732951597,0.4548889971140548,0.4591530319405831,0.7243350188859086,0.7383343715962805,0.5732555889120055,0.582031604740909,0.7228607224403112,0.7297345068174238,0.4889697040409862,0.4930945698552666,0.5955525508921267,0.598521076066188,0.4060044210057595,0.40715353410611077,0.6073547008823628,0.6108974735275132,0.5221663782385286,0.524195818989473,0.7865901045192218,0.7936751878858844,0.7184019086653937,0.7251389910444662,0.5313332325208859,0.5365145446802512
175,normal,0.1580309805706103,0.0408666795856705,0.0019101495160209398,0.002280916116629866,0.614749822859771,0.6149062394982844,0.027995426417428124,0.026131756982761184,0.6658822404595542,0.6705242094154715,0.5769496393830468,0.5752207067824364,0.7455920243034737,0.749628359238408,0.6353129743785104,0.6338782827474138,0.6831335751638608,0.6861133588971114,0.4536050322525826,0.4531819825725836,0.7280288414074613,0.7294936018263566,0.5748456551951531,0.5762085878468333,0.7251361352385075,0.724840239150567,0.492017636870364,0.48973503673532465,0.5973851142570955,0.5939695386892382,0.4060044210057595,0.4038490773708201,0.6073547008823628,0.6057792709203121,0.517882726988597,0.5201697991555639,0.7882073049232582,0.7889999983020172,0.7198786889243339,0.7198789549974713,0.5335302769821864,0.5319350668229047
177,normal,0.130583723341607,0.0970997053536881,0.003994287832577718,0.0050259442071548584,0.6253663230846226,0.6249766346026234,0.00971185721176428,0.007162858925962658,0.7544888211453217,0.7485027277592448,0.6194842750950503,0.6212894976885469,0.7965497525832075,0.7860552957575546,0.6438871729552529,0.65035712503917,0.7036578765906242,0.6955430520907794,0.4570124774618743,0.45396678813660657,0.7264570020365878,0.7260401486699664,0.5797381668356072,0.5714728756712718,0.7167929549784546,0.7207175319720792,0.4889697040409862,0.4880291139348813,0.5943308419821475,0.5947391948140884,0.4039245016350268,0.4045701521163299,0.6035968604248234,0.6047717835510934,0.5152054449573898,0.5175266928431883,0.782547103509131,0.7876232034964658,0.7154483481475129,0.7216547935238488,0.5291361880595856,0.5317428111794814
179,normal,0.2752921977698956,0.3910192388959989,0.011182807421340875,0.012358344732243185,0.6029202449870605,0.6141030524084015,0.007142957959637602,0.0047307266985779335,0.7032181757399673,0.7206716430629647,0.586078077184253,0.6009907175881977,0.7551465983559238,0.7663021128897562,0.6174617740629976,0.6359365692992351,0.6814673957122416,0.6834112353337588,0.4426419476661657,0.4472904373947773,0.7105814243907659,0.7173945256845586,0.5616970301614327,0.5656994328221945,0.6968451694476009,0.7139311238338479,0.4746444197429104,0.48280729797499644,0.5772269172424381,0.586468911586081,0.3910290015364842,0.3985320811768172,0.5825529538626032,0.595592169350778,0.5023544912075952,0.5109854677210316,0.7586933975495954,0.7782649971793457,0.6955118146518189,0.7115602530821752,0.5124935762652352,0.5239129149623077
180,normal,0.131926213765126,0.1063857350458483,0.00843441395727278,0.009929801484626292,0.604381851814333,0.6128162657716058,0.01629442744315023,0.010849371790033846,0.6792110936225414,0.6997430982410864,0.5750721592679051,0.590910858964505,0.7491121305333237,0.760618607304805,0.6222408355647884,0.6353185925986118,0.6813159248530035,0.6841931643903382,0.4440740623193463,0.44925396122578415,0.7161614541573667,0.7226064907690893,0.5649994755187392,0.5697395746581868,0.704202337495102,0.7178261804039331,0.4772351626478817,0.4844808064213468,0.5833354617923343,0.5858041867559208,0.3939408886555099,0.3981056008978171,0.5916970323092823,0.5948190640455104,0.5066381424575268,0.5114653664035793,0.7647578990647317,0.7796246554327857,0.7028957159465203,0.7105183043729244,0.5176017046377586,0.5228480052310748
184,normal,0.1201302122095449,0.1792893805205312,0.02696017647125747,0.027637894157588015,0.6260589403456357,0.5990987638743782,0.009204666129020045,0.007047137497265549,0.7507022151331093,0.7166123843459098,0.6220739028400734,0.5942697556915879,0.7915210293977074,0.7541251382388101,0.6475417493977987,0.6224924899397712,0.6915402078515757,0.6671016666219532,0.4498025209320686,0.43434574552982297,0.7265355940051316,0.6959455168373271,0.5742340912400963,0.5476932221242069,0.7175514259111866,0.6914326411171491,0.4859217712116084,0.46811806027638575,0.5937199875271578,0.5709735347567634,0.4051724532574664,0.38827316870250866,0.611112541339902,0.5801615466822383,0.5264500294884602,0.495754696670087,0.7898245053272944,0.75521246382371,0.7235706395716845,0.692195561300294,0.5357273214434868,0.5099713932059057
191,normal,0.147937313613375,0.0947605717017756,0.004134683959065244,0.005587258067786902,0.5983413522646501,0.6006330002094394,0.012331976668414117,0.011220145105277805,0.7188947246305262,0.728122555518486,0.6047881376420444,0.6022279392282625,0.7560685309399321,0.7604484565036337,0.6149316826796966,0.6266632167891725,0.6748026779057649,0.6661432029036932,0.4317282463436517,0.4361601744570468,0.692741047531352,0.6965169968543936,0.5487930307097351,0.5476210694434833,0.6887295304673675,0.6911229760586758,0.4685485540841547,0.46830571620560013,0.5706907745740493,0.5700571918351067,0.3899474434637032,0.3876239037423967,0.5776051305935098,0.5785343670633217,0.4912705435983974,0.49514340002122,0.7438960138526631,0.7557415840998627,0.6900477276937398,0.6920832721477874,0.5083191917887644,0.5082449806883282
192,normal,0.7917356910894474,0.337164757323772,0.027543399670633663,0.02849214582319251,0.5913484740920166,0.6188918737626503,0.006873725244339671,0.004794091168658915,0.6970081418799392,0.7347762489707506,0.5865960027332576,0.6110344263221317,0.7422395421798069,0.7748075503933916,0.6090281361186608,0.6420699651661816,0.6676078120919549,0.6880461383183591,0.43009859863486,0.45015950526285253,0.6873967936703823,0.7208460877146151,0.5446955522108547,0.5679291349843466,0.6841787048709751,0.7160653993268667,0.4660086100596732,0.48494392066682035,0.5645211445786541,0.5896036479899947,0.3852052272984327,0.40103486823080636,0.5731583527187549,0.5998849668990247,0.4899319025827938,0.5137959102853937,0.7387209725597469,0.7826310400030101,0.6819992752825151,0.7156999582534332,0.5045292900930213,0.5278330851770772
196,normal,0.1355310226237253,0.1424638173914826,0.004881934084197831,0.005580209290997124,0.6169414380121543,0.613481657393204,0.023902912735650924,0.017776887460730577,0.6752730233698407,0.6850632861539083,0.5814814879368371,0.5837795296073742,0.7571580876301238,0.7558893080622887,0.6339776483706572,0.6331923354581926,0.6931306518735757,0.6876309598407421,0.4547902305862493,0.4525701845461578,0.7324299916459069,0.7258850558014073,0.5772919110153801,0.5718207235067359,0.720585309642115,0.7178187534715512,0.4889697040409862,0.484712852477534,0.5961634053471162,0.5896111984524925,0.4055884371316129,0.40134559950628623,0.6073547008823628,0.601566660194916,0.5221663782385286,0.5160524820030824,0.7841643039131674,0.780172178020727,0.7250474198306249,0.7137464985550994,0.5324317547515361,0.5283305700259716
199,normal,0.1984842884519859,0.1056967901839927,0.014959983222386737,0.015478909924302578,0.6198164294429606,0.6048564462205739,0.008861133380189823,0.007866161798015697,0.7423716819062424,0.72599192824635,0.6168946473500273,0.6017514217604358,0.7714061366557072,0.7620164081457605,0.650352962045911,0.6288951255807381,0.6908585889850042,0.6726180742094608,0.4473827410008325,0.43844513361666987,0.7237062831375592,0.7026891803690039,0.5656721958693017,0.5524150743710446,0.7145175421802583,0.6968526969511032,0.4849057936018158,0.4718842338465155,0.5876114429772616,0.5758634198073402,0.4018445822642941,0.39121419041786726,0.6029705536819002,0.5855558421920042,0.5109217937074584,0.5005183859641767,0.7801213029030766,0.7626065790801768,0.7184019086653937,0.6984292614785554,0.5269391435982852,0.5148126297125518
203,normal,0.0963519476855938,0.0611141972764874,0.005731220516855131,0.007262467202067132,0.6089336430302672,0.6146648635471225,0.021848863987981568,0.016435218029384895,0.6723194706803152,0.6890598427779965,0.5759137882850376,0.5865080819364106,0.7422395421798069,0.7578092671825927,0.6329937239438178,0.6362470061509601,0.6816946020010987,0.6872499197104313,0.4484197895427909,0.4524909960966059,0.7243350188859086,0.7271944659333137,0.5673845749434606,0.5732866300889613,0.7137590712475262,0.7203486313647504,0.4818578607724379,0.4864273323207568,0.5888331518872408,0.5898140989463281,0.3976847435228288,0.4008427805087282,0.599212713224361,0.6009146992682342,0.5125281629261826,0.5159381080629099,0.7752697016909676,0.782816783932158,0.7132331777591026,0.7147357857843193,0.5241928380216597,0.527618250235624
205,normal,0.1683796365366525,0.0776031753513944,0.005298520725824988,0.006270214757304199,0.6284155613154786,0.6236508822477581,0.007511815567894274,0.005288120990811352,0.7484302515257819,0.7432322518666787,0.6149524265412599,0.6173245622437702,0.7881685472740407,0.7822126810490878,0.6523910912157925,0.647400294718916,0.707671854360434,0.694162083138462,0.4605186891989716,0.4536585782503662,0.7340018310167804,0.7259463532497435,0.5719101482108806,0.5716552691537289,0.7296869608349,0.7203057385852716,0.4930336144801566,0.4875946717862826,0.6010502409870332,0.5934817238689185,0.4076683565023456,0.4037016133627824,0.611112541339902,0.6046238359025006,0.51895363980108,0.5177637225649826,0.7849729041151856,0.7871384225065634,0.720617079053804,0.7204158383353332,0.5379243659047872,0.5314473576284992
211,normal,0.1106651692539041,0.1116555592080097,0.002976123132912959,0.0043798452495458105,0.6118011242731347,0.609981671670952,0.012008454784269264,0.009518199557814713,0.700340355170686,0.6995191455045515,0.5887971863165272,0.5899920414072057,0.7584990804795905,0.756856084508368,0.6339776483706572,0.6324555251020478,0.6954784501917664,0.6812578781486974,0.4534074991969715,0.4474589697320522,0.717497517622609,0.7180642538729972,0.5635928784221087,0.5656442368582895,0.7160344840457226,0.7127746868946874,0.4803338943577491,0.48112582790411323,0.5863897340672825,0.5834007089630534,0.3985167112711218,0.39673976591932086,0.5960811795097448,0.5929637005931234,0.5066381424575268,0.5086191364740894,0.7744611014889494,0.7745435051585168,0.7036341060759905,0.7067975245774556,0.5269391435982852,0.5214754267876126
214,normal,0.1466476528749512,0.1722616854826439,0.002485455478457795,0.003260678691468117,0.6142453093441498,0.6165242862760094,0.027880012485639018,0.02616952537677163,0.6648219907761348,0.6720559975410564,0.572158828054754,0.5764858761308788,0.7517941162322571,0.751997921263545,0.6324314814141954,0.6357830908257562,0.6889652032445278,0.6878104747769644,0.4534568824608743,0.4549516426972631,0.7277930655018302,0.7317919745224907,0.5748456551951531,0.5781172993981336,0.7251361352385075,0.7267981222007248,0.4894776928458825,0.49110913348081825,0.5943308419821475,0.5952328335227052,0.4047564693833199,0.4048378249518383,0.6073547008823628,0.6071913987011919,0.5194890962073214,0.5214919345000879,0.7841643039131674,0.7907919645046129,0.7176635185359235,0.7213721376892557,0.5335302769821864,0.5330932399848364
219,normal,0.1417992010150682,0.0551427804237577,0.005367663978744889,0.006521905940410362,0.617615563055028,0.6144547544353673,0.01058820232276773,0.0047128788793883635,0.7073834423534008,0.7219119145809786,0.5990262159093682,0.6017554034160294,0.7663774134702072,0.7668335975794933,0.6459253021251342,0.6363011568758091,0.6957813919102426,0.6838889041859414,0.4543457812111243,0.4475235371924077,0.7248851626657143,0.7174844303405914,0.5703812383232387,0.5657122846756958,0.7183098968439188,0.7141507217370628,0.4889697040409862,0.4830493541635089,0.5924982786171785,0.5867663667017041,0.4014285983901476,0.398810606227097,0.5979600997385145,0.596025708209649,0.5098508808949754,0.5108953076036673,0.7817385033071128,0.7783259490881079,0.7176635185359235,0.7120681232066498,0.5269391435982852,0.5242274596168501
227,normal,0.1740563537431461,0.3407887905759462,0.03683074257081968,0.04199013214218511,0.6076924973728554,0.644523239943675,0.01863049771829673,0.009284786215228056,0.6786809687808317,0.7759523079368592,0.5761727510595399,0.6433107203194949,0.7527160488162655,0.8139866594647528,0.6267387758017681,0.6706656748086745,0.6832093105934798,0.7152877753212102,0.4472345912091242,0.46717426345752755,0.7162400461259103,0.7473657296531406,0.5635928784221087,0.5876019370052291,0.7122421293820621,0.7435994895743603,0.4813498719675417,0.5033290055045735,0.5863897340672825,0.6130258068984932,0.3997646628935615,0.41706100656168454,0.5967074862526681,0.6224907540054722,0.5050317732388026,0.5318041973163955,0.7704181004788587,0.8126541018035844,0.7095412271117517,0.7439786046098871,0.5247420991369848,0.5476070448011369
228,normal,0.1384364266106897,0.2141858603415934,0.020778381461334584,0.02699140432515416,0.6010876660677615,0.6218660475290961,0.0202512022474625,0.006061959100137964,0.668002739826393,0.7427271093440754,0.5685980899053474,0.6171233559371181,0.743748159135457,0.7811059137541201,0.6195701835490818,0.6469902190162089,0.6741967944688125,0.6923519279497096,0.4423456480827491,0.4524157269440575,0.7089309930513487,0.723984469111114,0.5571714568940127,0.5695913128123801,0.7053400438942001,0.7178544794962457,0.4762699839185786,0.48586926106637757,0.5821137528823551,0.5915883994257077,0.3964367919003892,0.40245879282986263,0.5904444188234359,0.6019623830451393,0.5001055743013811,0.515144975068781,0.7623320984586772,0.7837529598885543,0.7036341060759905,0.7176927627559441,0.5192494879837338,0.529108759549236
230,normal,0.1204009762559636,0.1701324140158334,0.006797322379785436,0.007997594155302042,0.6169371458314223,0.6237344682112076,0.028682819468157,0.02414461522333755,0.6676998113454161,0.6835499707891036,0.5718998652802518,0.5860295925021352,0.7554818465682904,0.7624093629389938,0.636226618489147,0.6439413031425381,0.6931306518735757,0.6961563505389923,0.4553828297530826,0.4601689614200671,0.7287361691243543,0.7402012238940568,0.5760687831052667,0.5843646580639078,0.7274115480367038,0.7346808196817727,0.4940495920899492,0.49622740672651927,0.6004393865320435,0.6009979457180743,0.4060044210057595,0.40886228963867344,0.6061020873965164,0.6133558592175581,0.5194890962073214,0.5266684053494306,0.7890159051252763,0.7990817065837674,0.7272625902190354,0.7283766478944949,0.5335302769821864,0.5384134554904437
233,normal,0.1501802640169043,0.1182884487666197,0.01062638833930778,0.011337285586438577,0.6368667590478339,0.628830060943052,0.009909359005027681,0.009856531955211929,0.7454009667160121,0.7581465798296828,0.6220739028400734,0.62832551766404,0.7915210293977074,0.7945361684535412,0.6627925780138079,0.6548462910903273,0.7093380338120531,0.6978478986477206,0.4604693059350688,0.45542155553187047,0.7351807105449356,0.7281379714537687,0.5809612947457207,0.5729805034789975,0.7372716701622208,0.7241398707456554,0.5001454577487049,0.490536773622824,0.6132673300868255,0.5981189007081495,0.4168200017335693,0.4068181102257048,0.6217597559695969,0.6074314482628066,0.5296627679259087,0.5193355535385209,0.8100395103777484,0.7926931678556567,0.7427687829379085,0.7264165257074927,0.5472618048653137,0.5343781992151264
238,normal,0.085461730920131,0.1081345516764597,0.007476619113933828,0.009728422514050776,0.621479655969124,0.6220939653909268,0.018342146191738514,0.005733903619497246,0.7088980847582858,0.7322926919379577,0.592487405853185,0.6099077611702529,0.7587505166388655,0.7763621614714304,0.6367888610187693,0.643122029715759,0.6879049072298612,0.6908069230232411,0.4506914196823187,0.4518025204164068,0.724020651011734,0.7239388175165419,0.5738059964715566,0.5715835196171148,0.7274115480367038,0.7221564295675595,0.493541603285053,0.4890090682331342,0.6034936588069917,0.594440684687691,0.4097482758730783,0.40435562143761167,0.6104862345969789,0.604441151760242,0.5210954654260457,0.5177878041229605,0.7954847067414216,0.7896697026517381,0.7331697112547966,0.7221574739654691,0.537375104789462,0.5317630503506466
239,normal,0.1643203777184173,0.0663344970201499,0.008306028125364481,0.012087393183135684,0.6078453248099712,0.614195481803326,0.021851374295798226,0.006566612389386405,0.6852696632420812,0.7145621682550759,0.5740363081698958,0.5979413466705586,0.7398928046932403,0.7635736852671078,0.6213974717703548,0.6350113550472639,0.6722276732987171,0.6834606293087581,0.4417036656520129,0.44804117986128195,0.7112887521076589,0.7190944637033145,0.5645713807501995,0.5672710292485494,0.7152760131129905,0.715126224524086,0.4849057936018158,0.48360218142261135,0.5918874241621889,0.587396079396288,0.4022605661384407,0.3993016684325831,0.5985864064814377,0.5970671036405613,0.509315424488734,0.5124501907712545,0.7768869020950039,0.7797615716438477,0.7169251284064533,0.7125353529805453,0.5269391435982852,0.525126960482855
240,normal,0.1252523105952084,0.0825582954887931,0.005982378122974807,0.008046431487547813,0.6041650525522034,0.6075281728350254,0.020822971978568694,0.010023176631935764,0.6770905942557026,0.6961619816321063,0.5719646059738774,0.5866953869292342,0.7367917587288486,0.7538461329578335,0.6211163505055436,0.6291062761942522,0.6737423818910981,0.6779528369210207,0.4421974982910407,0.4450825462287277,0.7101098725795038,0.7150455531367234,0.5615747173704213,0.5637589806868577,0.7122421293820621,0.7103329287893336,0.4833818271871268,0.47965766259375237,0.587000588522272,0.5814490650677463,0.3976847435228288,0.39518543742521595,0.5916970323092823,0.5903595323332609,0.5034254040200782,0.5070211850857744,0.7696095002768405,0.7723885405696969,0.7102796172412219,0.7048102342147968,0.5208972713297091,0.5191246574290974
248,normal,0.1654081284026455,0.1987123665280437,0.0071123788233900306,0.007904507224763484,0.6022784105948435,0.6093907894182337,0.009062606684960771,0.009197160421544052,0.6981441236836029,0.7002810029562857,0.5861428178778786,0.5898593353420292,0.7420719180736236,0.7560791935854222,0.6297608293984888,0.6320598668602194,0.6741967944688125,0.6798861619880339,0.4373579384285684,0.4463821138806465,0.7108957922649405,0.7166643632500638,0.557110300498507,0.5647865977979835,0.7022303130699985,0.7118363558275271,0.4770827660064127,0.4808041543963868,0.5753943538774693,0.5832787587371977,0.3914449854106308,0.396397159680732,0.5837429366741573,0.5921371762195395,0.5018190348013538,0.5078841950336155,0.7590976976506045,0.7737619168293115,0.70068054555811,0.7069031843133127,0.5115598323691825,0.5206418834116652
251,normal,0.0639614688672903,0.1004071508842915,0.009080315783304578,0.009570098044255817,0.6221139185444811,0.6130336027611767,0.02751796176634672,0.026662929899657708,0.6745914342876425,0.6675696662723654,0.5815462286304627,0.5727690497936412,0.7559009068337488,0.7468020813600675,0.6452224989631061,0.632026560869225,0.696463010776814,0.6843543789525702,0.4561729619755271,0.4521569637631856,0.738167205349595,0.7269966412406293,0.5821844226558343,0.5740937348407975,0.7342377864312924,0.7221823172585574,0.497097524919327,0.48823968299822423,0.5998285320770539,0.5928528615687767,0.4101642597472248,0.4031226743133262,0.611112541339902,0.6045992490978329,0.5237727474572529,0.5184483977708843,0.8011449081555486,0.7861585256957646,0.7309545408663862,0.7182016525691864,0.537375104789462,0.530996808574968
252,normal,0.0761915782513741,0.0794994361971182,0.0027792462529813286,0.003449748119596038,0.6193848432608029,0.6168512178283568,0.006444440641585791,0.005273100107891784,0.7370704334891451,0.7358665937858027,0.6136576126687485,0.6116122645422898,0.775261491097924,0.7742778373013963,0.6454333399117145,0.6409999675262111,0.6871475529336706,0.6873408761434586,0.4545926975306382,0.4493514090680017,0.7259854502253258,0.7190666964130876,0.5671399493614379,0.565893317263096,0.7145175421802583,0.7124547369921381,0.4884617152360899,0.48215546202584336,0.5888331518872408,0.5862077191608026,0.4018445822642941,0.3986844423350206,0.6017179401960537,0.5972339009323769,0.5114572501136998,0.5111439909230374,0.7760783018929858,0.7779727556577467,0.7117563975001623,0.7114039913822932,0.5285869269442605,0.5248047416294623
254,normal,0.119642047165008,0.1513019777177609,0.005171388015993356,0.005845449799877081,0.6195105728567434,0.6150675897172307,0.024720547699779816,0.020755538041900574,0.6789838972618087,0.6809376268166337,0.5834237087456045,0.5821748102292872,0.7519617403384403,0.7542977223683818,0.6451522186469034,0.6353487534707201,0.6926762392958614,0.6867811065898926,0.456419878295041,0.4529873757094963,0.7348663426707608,0.7291350581210445,0.5731332761209942,0.5750350059863135,0.7304454317676321,0.7222010933649768,0.4955735585046382,0.48813070047773827,0.5998285320770539,0.5920563365347413,0.4068363887540525,0.4024467460200625,0.6086073143682093,0.6033013785023374,0.5194890962073214,0.5182300575269968,0.7938675063373852,0.7854174892844165,0.7257858099600951,0.717751933074181,0.5346287992128366,0.5299158311157028
274,normal,0.1449835796057321,0.0511628654953987,0.006437624417493413,0.006840358796046236,0.620782857164769,0.6143483184094053,0.02913856323505393,0.026424504941867846,0.6692901858705453,0.6693164139986474,0.5785681567236862,0.5743703032627041,0.7541408537188237,0.7486056670947754,0.6436763320066444,0.6336564409464253,0.6915402078515757,0.6853492512463919,0.4603705394072632,0.4530116311231869,0.7379314294439641,0.7287808137989371,0.5809612947457207,0.5755486841282542,0.7304454317676321,0.7239722598192418,0.4945575808948456,0.4893427689167632,0.5992176776220643,0.593675256768816,0.4093322919989318,0.4036768950619071,0.611112541339902,0.6054513136852719,0.5280563987071845,0.5194805345680904,0.7971019071454578,0.7884159632949272,0.7257858099600951,0.7194295781749636,0.5412199325967377,0.5318376370705866
287,normal,0.0528019085287068,0.0551453578927491,0.01034689487829081,0.01235273026555843,0.6156014574752161,0.6259483523535069,0.010046985708460542,0.006009116412707668,0.7219240094402961,0.746481215877649,0.6003210297818797,0.6203186199550392,0.7651202326738322,0.7867139603020392,0.6349615727974963,0.6490853927447305,0.6841181357489085,0.6955847572736885,0.446592608778388,0.45436589060528393,0.712939183447076,0.727212001840233,0.5632259400490746,0.5735558924392573,0.7101184107704124,0.7232250115528108,0.4833818271871268,0.48971206105211207,0.5931091330721682,0.5958574493040916,0.4043404855091733,0.4052894158967575,0.602344246938977,0.6061188068157943,0.5119927065199412,0.5191917017457819,0.7817385033071128,0.7915970676833255,0.7176635185359235,0.7236752691268926,0.5313332325208859,0.5331374757941292
290,normal,0.0856504627478063,0.1022622295806534,0.005009813143380389,0.005884206085626753,0.5941341672261172,0.5991439803694977,0.023663117563346152,0.01987437187510338,0.6584604926756182,0.6677132411710516,0.5577216533762507,0.5678593861312944,0.7228789579156318,0.7331266794228534,0.6095200983320804,0.6165392618571297,0.6608673588558591,0.6695050190921163,0.4362715066227073,0.441611551468758,0.7024864516307675,0.7089608524530997,0.5550921394468197,0.5587533394209346,0.6982104171265185,0.7020651946247262,0.4742888275794831,0.47485545316455585,0.5747834994224797,0.5774816531450294,0.3918609692847773,0.39312710226622616,0.5829913685826495,0.588926108780325,0.5010158501919917,0.5046328044385091,0.761523498256659,0.7631848942281774,0.6977269850402293,0.6994728217296255,0.5145807685034705,0.5176323028870478
291,normal,0.1969584665790669,0.151938138346612,0.005121849680034697,0.0061139690754026255,0.6035029777717777,0.603476347379158,0.011256639294091188,0.008485984521842944,0.7143507974158715,0.7253181123735802,0.5922284430786828,0.6011496528425464,0.752045552391532,0.7619663920702789,0.6236464418888445,0.6274352972295735,0.6718489961506218,0.6705341925687681,0.4364690396783184,0.43701551192628474,0.6958061343045553,0.6999577400907695,0.5486707179187238,0.5508977477748088,0.691460025825203,0.6942460621369175,0.4706821070647193,0.47058579806016687,0.5821137528823551,0.5739275799941804,0.3968527757745357,0.3904369851740439,0.5904444188234359,0.5837921476168885,0.5023544912075952,0.5001662229195961,0.7647578990647317,0.7615161837395316,0.7043724962054607,0.6969742440194896,0.5214465324450341,0.5131780349082629
296,normal,0.0702750524751008,0.1039396373173335,0.003113640864425096,0.0034368137346110837,0.5921712387747551,0.5952848796391801,0.014814358428418157,0.015003701379269034,0.6716378815981169,0.6724982428276767,0.5657494993858221,0.5691193272153955,0.7285781775258652,0.733370446365982,0.6134557960394376,0.6150909503859222,0.6626850091667164,0.665947550359425,0.4351356915529434,0.43780511698388885,0.6973779736754288,0.7027016831068839,0.5491599690827691,0.5539336259366382,0.6920668025713886,0.6967427879759994,0.4687009507256238,0.471061326323362,0.5705686036830513,0.5718841885687284,0.3878675240929706,0.3890445221077104,0.5777303919420945,0.5816627420064661,0.4952864666452082,0.49843679962313464,0.7510116956304229,0.7562147515207751,0.6915245079526801,0.6929217815639362,0.508374117900297,0.5114071109941384
297,normal,0.0825841600784328,0.0516813379565235,0.006571100165489122,0.007184427291921433,0.5954347222236984,0.6020058223891874,0.02114915865236115,0.01890490751481759,0.6648219907761348,0.6723896778202173,0.5618650577682875,0.57158675665802,0.7271533726233069,0.7377480078551428,0.612612432245004,0.6195716342472608,0.6627607445963354,0.6726607346108012,0.4372591719007628,0.443624447053406,0.7027222275363985,0.7129191098290312,0.5539913243277176,0.5619232931980572,0.6960108514215955,0.7053358715091225,0.4722060734794082,0.47659181030190306,0.5778377716974278,0.5792237166531577,0.3926929370330704,0.3943215967302049,0.5859350102743887,0.591204767423951,0.5018190348013538,0.5073583696373002,0.7586125375293936,0.7668184871437256,0.6984653751696995,0.7013917680273516,0.5156243646225881,0.519428931917535
298,normal,0.1019631918838606,0.071945139638563,0.007067900503162227,0.007474444213454326,0.5974668761877845,0.6045347766909466,0.02326877323709391,0.02322058733852244,0.6628529556497844,0.6664827278296879,0.5606997252830273,0.569638871062291,0.7274886208356734,0.7371493497855727,0.6142991598338713,0.6205336675448021,0.6645026594775737,0.6749829916265301,0.4391851191929712,0.44626041786266074,0.7064946420264949,0.7175589553412144,0.557110300498507,0.5659010738864086,0.7003341357381684,0.7097653895121682,0.4752032074282964,0.4794366415210965,0.579059480607407,0.5828459879010397,0.3935249047813635,0.39697844210017424,0.5891918053375894,0.5963059427628234,0.505567229645044,0.5115388601139995,0.7631406986606953,0.7722105205810821,0.70068054555811,0.7059255668043405,0.5176017046377586,0.5235757975102019
305,normal,0.1294054102541419,0.0478406283985968,0.011177409298622706,0.01249447845527012,0.6063649319070237,0.6175423412056462,0.02746615701727291,0.021726304115675523,0.6599751350805031,0.6814908463083691,0.5647136482878128,0.5834446248702718,0.7402280529056069,0.7565678747106723,0.6281443821258241,0.6375437805427849,0.6753328259130982,0.6893722256901188,0.4493086882930409,0.45521516907593357,0.7163972300629976,0.7329554659510954,0.5645102243546938,0.5784907812416126,0.7099667165838659,0.725719505245042,0.4823658495773342,0.49025238815050404,0.5894440063422305,0.5940119532564553,0.4005966306418545,0.4038296232563968,0.602344246938977,0.6061709742210888,0.5125281629261826,0.5211581249674427,0.7736525012869313,0.7895322237312123,0.7117563975001623,0.7202880558384595,0.5269391435982852,0.5321761834385269
308,normal,0.2101624761212884,0.1598501054127884,0.0032025236745572136,0.004497908445344102,0.6051908032445957,0.6074511571045852,0.0111486237792833,0.008861757864002309,0.731769185072048,0.7314889302837719,0.6053060631910492,0.6059200686939775,0.7527160488162655,0.766887947553154,0.6355238153271189,0.6315115259953201,0.6701828166990026,0.6760038947527033,0.4426913309300685,0.4399515552876979,0.7035081472218352,0.7049337405268371,0.5489764998962522,0.5542995554280336,0.6947972979292243,0.6982992018832839,0.4716472857940223,0.4729961434312895,0.5766160627874485,0.5775154306263142,0.3935249047813635,0.39254878111998154,0.584243982068496,0.5878520427443682,0.500373302504502,0.5031217487529107,0.7623320984586772,0.7656893363117405,0.6984653751696995,0.7007988305658711,0.5155694385110556,0.5168509368206918
309,normal,0.0696645470312775,0.1392981129607769,0.008623196289033283,0.012857381895186312,0.609344788044546,0.6169558188170416,0.012383277717519084,0.004512137477414296,0.699431569727755,0.7342035829089999,0.5914515547551759,0.6107099265398794,0.7478549497369487,0.7733736621709387,0.6244195253670755,0.6408288094423972,0.6829821043046227,0.6869207882345582,0.4478271903759575,0.4497202366643825,0.7220558517981421,0.7199685638579664,0.5621862813254781,0.5664681219662293,0.7025337014430915,0.7128749868764483,0.4765239783210268,0.4823071264450769,0.583946316247324,0.58650786710865,0.3993486790194149,0.3990039778597994,0.5998390199672842,0.5978814882667773,0.5152054449573898,0.5118467796998987,0.7688009000748224,0.7783844111228004,0.7080644468528114,0.7117139290747254,0.5263898824829601,0.5255346616501806
315,normal,0.0893976911417663,0.0689842319993562,0.0035977500868939276,0.0041517226487709094,0.6155583156567759,0.6184741897525228,0.008227727144263527,0.005957901600845919,0.7370704334891451,0.7394511195451825,0.6091257641149581,0.6138045852728471,0.7721604451335322,0.7778577142641657,0.6463469840223511,0.6425540958331807,0.6844210774673846,0.6888244133218833,0.4496543711403603,0.4499345519336873,0.7178118854967838,0.7198121202838651,0.5630424708625577,0.5668000318789975,0.7119387410089693,0.7128107912658641,0.4793179167479564,0.4826134442139161,0.5851680251573032,0.5875458753767346,0.4018445822642941,0.3998415245287144,0.5979600997385145,0.5991846760447427,0.5061026860512854,0.5133409802341365,0.7728439010849132,0.7800086360065261,0.7065876665938712,0.713097206202896,0.5230943157910095,0.5265794595855462
318,normal,0.1189613684991569,0.1454608094978189,0.001632499856843847,0.0020174357660459417,0.6068568574016423,0.6069427623165833,0.009235142143092455,0.008846345474814466,0.700340355170686,0.698323108192739,0.5891856304782807,0.5882646147725253,0.7524646126569904,0.7521644392657714,0.6323612010979925,0.6291826051000374,0.6729092921652885,0.6776937448659633,0.4433333133608046,0.44518672169877466,0.7126248155729014,0.7137687303840813,0.5594953999232284,0.5619483404379484,0.7062502090134786,0.7077413794314719,0.4767271738429853,0.47803614177393994,0.583946316247324,0.5810668225446367,0.3968527757745357,0.3951338761833933,0.5898181120805126,0.5907966991151652,0.505567229645044,0.5059439180837894,0.7696095002768405,0.7695004536009933,0.7036341060759905,0.7038504164492716,0.5214465324450341,0.5194249474814139
322,normal,0.0733087510088716,0.0913262076540403,0.002238026949868985,0.002827478878659365,0.6114452804708123,0.6127379699125326,0.01794951725315838,0.01541189554343487,0.6834520923562193,0.6889987239526422,0.5838121529073578,0.5860827554529545,0.7504531233827904,0.755980326851369,0.6318692388845729,0.6344835831910023,0.6826034271565273,0.6852281566650061,0.4474321242647353,0.45115091906545396,0.7245707947915397,0.7245844407663696,0.5662837598243584,0.5709735125381988,0.7160344840457226,0.7173095414443581,0.4838898159920232,0.48444092982628717,0.5888331518872408,0.5878290196495474,0.401012614516001,0.39958122280814357,0.5979600997385145,0.5985122402139538,0.5130636193324242,0.5136906920376971,0.7809299031050947,0.7797072577066889,0.7132331777591026,0.7122958067509618,0.5291361880595856,0.5256963595924175
350,normal,0.085550445791376,0.0789872261527215,0.003340766870350326,0.0042009079051445125,0.615383103531584,0.6138635318583159,0.007920338086190536,0.0034046508166037525,0.7340411486793753,0.7259236117771338,0.6117153918599811,0.6053884553977719,0.7621868108156238,0.7682264221620859,0.6453630595955118,0.6382863347215175,0.6818460728603368,0.6826168434819676,0.4451604941252075,0.44726859130341673,0.7218986678610547,0.7175833712294775,0.5692804232041365,0.5652981618320144,0.7183098968439188,0.7118337092982909,0.4843978047969195,0.48103796479186833,0.5827246073373447,0.5837676105149201,0.3972687596486822,0.3970593882271287,0.593575952538052,0.5944449470546626,0.5098508808949754,0.509762235560683,0.7776955022970221,0.7763354252249349,0.7058492764644011,0.7085102921506408,0.5203480102143839,0.5223366768628551
351,normal,0.0729002956608957,0.1073977450112631,0.007288328854131727,0.008422014304167544,0.6213166066121307,0.6140282777579991,0.0075613576991289495,0.00329629691707614,0.73858507589403,0.7245913955616972,0.6155998334775157,0.6046834617235449,0.7693108353284156,0.7683280234953952,0.6523910912157925,0.6385351315170181,0.6881321135187183,0.6830495792216481,0.4497037544042631,0.4476926618655838,0.7294434968412473,0.7180310620603498,0.5760687831052667,0.565699960063665,0.7258946061712396,0.7123812819360257,0.4889697040409862,0.48149651763206797,0.5888331518872408,0.5842375324553708,0.401012614516001,0.39739518261034784,0.599212713224361,0.5945546255459544,0.5162763577698728,0.5097820630529122,0.7849729041151856,0.7766186670935217,0.7132331777591026,0.708871596942253,0.5247420991369848,0.5225319791086285
354,normal,0.0297230345880163,0.0670050725939808,0.010131173297095897,0.010983659712025343,0.6297794059708304,0.6196482326737346,0.009032867432221571,0.011131717060880104,0.7272252578573932,0.7057003199640052,0.6149524265412599,0.5989074721735701,0.7767701080535739,0.7669624470994588,0.6597705244170872,0.6443141131488598,0.7018402262797669,0.6916679170585919,0.4619508038521522,0.4557095261816096,0.7420968037767787,0.7318092741673238,0.585242242431118,0.5764907046901425,0.7357547282967567,0.724492769613595,0.497097524919327,0.4890947526763301,0.6034936588069917,0.5924320462225113,0.4093322919989318,0.40282453889592373,0.6086073143682093,0.6026567471398989,0.5237727474572529,0.5172774175559738,0.797910507347476,0.7868822264035255,0.7280009803485055,0.7178351914548416,0.5324317547515361,0.5289624910073252
371,normal,0.0488226385135368,0.0917357082567417,0.004507715933534358,0.005525578272799347,0.6139971867614835,0.6177053222670343,0.008640962087506726,0.005617848020376389,0.7287399002622781,0.7378970172583756,0.6097731710512139,0.6137914986058758,0.7704003920186072,0.7749829577036289,0.6483148328760296,0.6435849477744763,0.6746512070465268,0.6865243479456711,0.4516297016964715,0.44961364408409527,0.7143538388808622,0.7210067319719752,0.5655498830782902,0.5677086937546568,0.7068569857596643,0.7140487390649064,0.4777939503332675,0.48281841406086784,0.5845571707023135,0.5856928699827019,0.3976847435228288,0.3985001338526961,0.5973337929955913,0.5973756135615063,0.5061026860512854,0.5121297985413806,0.7728439010849132,0.7798776734028781,0.7110180073706921,0.7109675164467624,0.5203480102143839,0.5244698805271305
373,normal,0.1584482358284417,0.1218398883187386,0.004312736886173598,0.005106623853251671,0.608470342544991,0.6117271218555289,0.008576322494940638,0.007596904910209011,0.7032181757399673,0.7049815281410637,0.5968897730197242,0.5940599706357894,0.7587505166388655,0.7607201152713622,0.641286801255749,0.63514096424678,0.6732879693133837,0.6827496969013599,0.4483704062788881,0.4487648867061239,0.7141180629752311,0.7201455761043107,0.5631036272580633,0.5672025448531268,0.7051883497076538,0.7133637719809781,0.4763715816795579,0.48156477036207396,0.5827246073373447,0.5836846191370889,0.3964367919003892,0.3971267879089624,0.5898181120805126,0.59433276304103,0.5018190348013538,0.5099059067922537,0.7688009000748224,0.775695681383272,0.7051108863349309,0.7076420619199891,0.5187002268684087,0.5222794261584247
376,normal,0.1745260837280888,0.2424484633366137,0.0068307609177107745,0.00859389210093012,0.6341570027336838,0.6273262418159731,0.015615585048761845,0.01969193752139325,0.7113972447263459,0.6950732303025716,0.6088668013404558,0.5961531611348263,0.7829721999823573,0.7710668976135954,0.6691178064720603,0.6494920242247384,0.7063843520569102,0.7001555160685119,0.468913844062444,0.46277873179328577,0.7483841612602725,0.745398309445522,0.5889116261614585,0.5880311505475652,0.7440979085568096,0.7361107618690143,0.5006534465536012,0.4974880044209211,0.6065479310819397,0.6021226589430504,0.411828195243811,0.40948553767487095,0.6186282222549807,0.6139461473440174,0.5291273115196673,0.5278130031761988,0.808422309973712,0.8005710717170299,0.7346464915137368,0.7299556965718775,0.5417691937120628,0.5389042080239457
378,normal,0.0171220307017984,0.0318323218392289,0.014955491697823916,0.015520216271451134,0.6063041424195622,0.621259634117386,0.015175485960522634,0.014025092735281446,0.6808014681476706,0.700869409841452,0.5825820797284719,0.5961264866005243,0.7498664390111487,0.7682067482914892,0.6390378311372592,0.6428307979985377,0.6753328259130982,0.6949053621629578,0.4479753401676659,0.45807580179909907,0.7152183505348425,0.7352611405411734,0.5623085941164895,0.5791263712993282,0.7110285758896908,0.7266778475484391,0.4777939503332675,0.49023436552126703,0.5802811895173862,0.5940424856400203,0.394772856403803,0.40454471876661274,0.5916970323092823,0.6070440185606568,0.5050317732388026,0.5209430241200377,0.772035300882895,0.7898679594110873,0.7021573258170503,0.7198810095632551,0.5192494879837338,0.5327762323296267
387,normal,0.0603246266661456,0.0705915423625056,0.010669872843306527,0.012495128988459807,0.6427964654044016,0.6321265925610952,0.014540524842172275,0.021174976886386226,0.7249532942500658,0.6976121938591657,0.6188368681587946,0.5994299211469475,0.789844788335874,0.7741591660838275,0.675443034930313,0.6538570128465627,0.7177446664997681,0.7059461033701707,0.4768151662868885,0.4670760917377144,0.75860111717095,0.7506062306109474,0.5993082133974235,0.5917734744791757,0.7509241469513983,0.7415942562433275,0.5082732786270457,0.5013493756102544,0.6132673300868255,0.6076159479804457,0.4164040178594228,0.4135144200096148,0.6273965166559058,0.6210931101521768,0.5371591576132889,0.5323504125511301,0.81812551239793,0.806621653108768,0.7449839533263191,0.7363337571749,0.5494588493266142,0.5452189465734877
393,normal,0.059553890434507,0.0888120924792158,0.0035448612305895707,0.004732776029393077,0.6196597675712892,0.6202631519360906,0.02172208981388346,0.016799278349347295,0.6827705032740209,0.6940493166650014,0.5884087421547737,0.592353393048582,0.7550627863028322,0.7648881155906576,0.6464875446547567,0.6394593099267425,0.6933578581624329,0.694707857458044,0.4596297904487216,0.4581584367678323,0.7325085836144506,0.7352671060130443,0.5772919110153801,0.578864804606291,0.7296869608349,0.7251643456879582,0.4930336144801566,0.4891650521820995,0.594941696437137,0.5944087296839995,0.4043404855091733,0.4050403082833138,0.6073547008823628,0.6084754219159081,0.5194890962073214,0.5221984311027283,0.7938675063373852,0.7883742192321421,0.7213554691832742,0.7196535726996465,0.5346287992128366,0.5342451620495473
410,normal,0.063202869249392,0.1215798579320353,0.0030421630479786042,0.003926240246454269,0.6193752989948125,0.6173102892075318,0.021889558031707574,0.021672757269255712,0.6848152705206156,0.6816297176906425,0.5803808961452023,0.5835189798891443,0.7624382469748988,0.7553951747471136,0.6477525903464072,0.6372917225217728,0.6929791810143376,0.68917020761845,0.4595804071848188,0.45561193408286005,0.7310939281806645,0.7327290422684596,0.5760687831052667,0.5779604246765508,0.7251361352385075,0.7249766925455063,0.4889697040409862,0.48979913080652676,0.5961634053471162,0.59384304642632,0.4051724532574664,0.40383928554865617,0.6117388480828253,0.6067406442428346,0.5232372910510115,0.52078483334826,0.7906331055293127,0.78846151635206,0.7191402987948637,0.7199518353422347,0.5340795380975114,0.5325707284206495
414,normal,0.2372207478311873,0.7048832547443861,0.012789742591905014,0.014142572057748319,0.5823854664419605,0.5951752090338656,0.016621265585072906,0.010733988719176454,0.7092010132392628,0.7215121536521811,0.579215563659942,0.5964917209728401,0.7463463327812987,0.7529313983312195,0.6032651501900306,0.6194708283912127,0.6581408833895731,0.661704674623289,0.4232837082162765,0.43155704585544297,0.6619329958622322,0.6908187367203348,0.5210280271501581,0.5430042392178718,0.6752287478647365,0.683892730786232,0.4541216720250998,0.46309743680891624,0.5552972423083109,0.5648223344553324,0.3754712046434038,0.3837991911319561,0.5597553884201981,0.5748845893960258,0.4754745796142749,0.49162485580934845,0.7335459312668308,0.7488404784975651,0.6752060860913898,0.6847669757594268,0.4940384027903119,0.5047591631665208
415,normal,0.0879889503339683,0.1286967356783287,0.0048938517882946495,0.00665098543828514,0.606957119964844,0.6076632724911706,0.017054956149622907,0.010777429608481916,0.7408570395013574,0.7359178066236866,0.6042054713994143,0.608870048266957,0.7763510477881156,0.7682256615309344,0.6295499884498803,0.6337501652176567,0.6879806426594802,0.6741648493287115,0.4411604497490824,0.4412602062372012,0.6895973687896052,0.7049012661490524,0.5433501115097299,0.5542878740950354,0.7030646310960039,0.6990844797031277,0.4735268443721386,0.4737010172493435,0.5784486261524174,0.5770693788089528,0.3907794112119963,0.3924280560952879,0.5825529538626032,0.5858808087614411,0.4952864666452082,0.5010787064410919,0.7639492988627135,0.7645569647262506,0.7036341060759905,0.700278473551224,0.5139765812766128,0.5148198695639479
416,normal,0.0572300516728549,0.0525505836868782,0.003751289825631433,0.0055558603052144545,0.6159170873553029,0.6141609681164772,0.007923029918181895,0.005409021614504163,0.7257106154525083,0.7194084915771484,0.6019395471225191,0.6005954582367161,0.7794520937525073,0.7654113621212253,0.6360157775405385,0.6357294498457573,0.697674777650719,0.683941738367563,0.4502469703071937,0.44774154370834585,0.7132535513212507,0.7172448956793376,0.5608408406243532,0.5654493585735162,0.7190683677766508,0.713456610725804,0.4828738383822306,0.48279090848922057,0.5857788796122928,0.5874103932137585,0.3997646628935615,0.3994295673484644,0.5948285660238984,0.5963044943521261,0.5077090552700096,0.5106909650800617,0.7793127027010583,0.7777460914298993,0.7102796172412219,0.7125493531820762,0.525840621367635,0.5248357760490932
422,normal,0.1086678533114667,0.1070413288405937,0.00486896182257837,0.007290666819703078,0.6203589750587399,0.6188356449931985,0.015402475665359362,0.00814310394571641,0.7560034635502065,0.743598906086731,0.6175420542862831,0.6163284818709888,0.7973878731141242,0.7785979353284929,0.6442385745362669,0.6438664936855921,0.7042637600275766,0.6881304373735851,0.4523210673911103,0.4488665107493945,0.7163972300629976,0.718528380304301,0.5590673051546887,0.564891069703666,0.7130006003147942,0.7125156412339669,0.4798259055528527,0.4822961205376723,0.587000588522272,0.5886121882720581,0.3985167112711218,0.40038108767547403,0.5979600997385145,0.5994158862260609,0.5066381424575268,0.5124731356576554,0.7744611014889494,0.7800036182490786,0.7161867382769831,0.7147052441195757,0.5252913602523099,0.5269948278100817
426,normal,0.0620721733976828,0.1031702530632768,0.004336735767624196,0.0059855926955311636,0.6248460492018143,0.6233525044743166,0.011351252682356967,0.0055374894322752465,0.7529741787404367,0.7442663848321099,0.6188368681587946,0.6179914151042747,0.7931972704595408,0.7827589350783386,0.6445196958010782,0.6471119009362983,0.7107012715451962,0.6936463658293051,0.4557778958643049,0.45335002257200574,0.7266927779422189,0.7259982341880797,0.567873826107506,0.5714121550805871,0.7198268387093829,0.719831497537424,0.4823658495773342,0.4868584608260472,0.5961634053471162,0.5926372714276328,0.4005966306418545,0.4030223305672472,0.6017179401960537,0.6038949438861287,0.5135990757386656,0.5172761156904393,0.7833557037111492,0.787014863411223,0.7250474198306249,0.7191850746479506,0.5291361880595856,0.5307366044482903
429,normal,0.0214194583492868,0.0514484979708436,0.004760469386845023,0.005317968559171569,0.6054949444432358,0.6090187221385963,0.008654903586917045,0.010296205017117943,0.7024608545375248,0.6958855461086407,0.5859485957970019,0.587789506782534,0.7571580876301238,0.7567932168025261,0.6231544796754249,0.6304655811943592,0.6858600506301467,0.6822883505090106,0.443678996208124,0.4479210029181083,0.7100312806109602,0.7174846790398599,0.5580888028265979,0.5643786603116085,0.7078429979722161,0.7106437190573985,0.4742380286989934,0.4792859468593167,0.5821137528823551,0.5831624641010181,0.3931089209072169,0.3968140984219705,0.5860602716229733,0.5929075933233634,0.5018190348013538,0.5085931162159496,0.7647578990647317,0.7722856490664353,0.7028957159465203,0.705238602794541,0.5141962857227429,0.5213805428494966
438,normal,0.0239588966771184,0.0520911986868242,0.013950556628345611,0.01450861445440175,0.6480427651836868,0.6340922085553412,0.011647677831917625,0.009270622146591129,0.7855389904454624,0.7634728812696758,0.6505598080353268,0.632901849684353,0.8200171274488744,0.79990973546652,0.6719290191201727,0.6581094861751838,0.7238035008692923,0.7052194815847748,0.4674323461453606,0.4594223184371403,0.7507419203165827,0.7341131657691125,0.5907463180266289,0.577988445384318,0.7433394376240775,0.7288751682524955,0.5011614353584974,0.49370773618856834,0.6163216023617736,0.603558034604809,0.4193159049784486,0.41083566453538306,0.6273965166559058,0.614304150910773,0.5366237012070475,0.5251567413793664,0.8116567107817847,0.7988308595465455,0.7479375138441996,0.7329129398321093,0.5522051549032396,0.5402488864196715
443,normal,0.0378938569781486,0.066597693598665,0.0030337342909753685,0.0034212128490501387,0.605298396508298,0.6052997111720888,0.008024102469963214,0.010122442741932277,0.6998859624492205,0.6926471605826687,0.5867254841205087,0.5848357553783678,0.7533865452409988,0.7505637340839757,0.6310258750901392,0.6266789952575732,0.6776048888016698,0.6766446845464708,0.4429876305134852,0.4446127576625173,0.7085380332086303,0.7132416777804415,0.5599846510872738,0.5614421049311433,0.7093599398376802,0.7065632667602165,0.4783019391381638,0.47707421011126777,0.5766160627874485,0.5794575507192521,0.3922769531589238,0.3940890123434792,0.5860602716229733,0.589417294464456,0.5028899476138368,0.5054132983474098,0.772035300882895,0.7675425620096673,0.6969885949107592,0.7016936554085907,0.5154046601764581,0.5181773695380121
450,normal,0.0623077091341975,0.1085878867409575,0.008231612715961168,0.010449942835490354,0.6102136203976372,0.601982007681676,0.0072858909535119835,0.014351134679237154,0.7068533175116912,0.6806863047629939,0.5913220733679247,0.5765381462748208,0.7596724492228738,0.7424928840769954,0.6344696105840768,0.6223951718940546,0.6805585705568129,0.6734123891734374,0.4455555602364297,0.4426388544580133,0.7185192132136768,0.7104386714477957,0.5671399493614379,0.5600567911687965,0.7160344840457226,0.7045755689184104,0.4798259055528527,0.4761243978232638,0.5796703350623966,0.5778329428298596,0.3935249047813635,0.3928290707070103,0.5916970323092823,0.5881208984735868,0.5119927065199412,0.5041863902666804,0.7744611014889494,0.7645459507958734,0.7036341060759905,0.7001477389636115,0.5187002268684087,0.5166719585532876
457,normal,0.0413806857315771,0.0487311552019293,0.01678606854398108,0.017902177034897052,0.6401122832769974,0.6233262147330164,0.007902392776647716,0.006352229818777095,0.7688779239917283,0.7441344853804066,0.6330798207564212,0.6177589217800146,0.8007403552377909,0.7821973982995652,0.6698206096340884,0.6476533885136152,0.7080505315085294,0.6929059856504449,0.4625434030189855,0.4527469649426506,0.7515278400020196,0.724373246978924,0.5889116261614585,0.5706130882221401,0.7425809666913454,0.719773263573789,0.4981135025291197,0.4876817038657103,0.6022719498970125,0.5939580320677849,0.4089163081247852,0.4037756996019518,0.6180019155120575,0.603601244571811,0.5360882448008061,0.5164551902894894,0.8124653109838028,0.7871434416563005,0.7376000520316175,0.7208910814647961,0.5423184548273879,0.5308825136018839
463,normal,0.4131652712490027,0.7986963967037375,0.006207637915497159,0.006613047520981486,0.611117492647144,0.604909854731647,0.010471523805466914,0.009889433035471193,0.7378277546915876,0.7308964131909033,0.6091257641149581,0.60480046607331,0.7700651438062406,0.7647809358444659,0.6315178373035589,0.6297291121318587,0.6769990053647175,0.6728754260403217,0.4409135334295684,0.43799497614368543,0.7075949295861063,0.7017937382380012,0.5557648597973821,0.5518720996028873,0.7004099828314416,0.695399245161575,0.4777939503332675,0.4709974278256473,0.5833354617923343,0.5744512356355396,0.3972687596486822,0.3903679709262092,0.5942022592809751,0.5844379162043022,0.5082445116762511,0.5001717816399589,0.7688009000748224,0.7620410422814039,0.7065876665938712,0.6971320874669932,0.5225450546756844,0.5137256560309348
465,normal,0.2934348759185958,0.5271296412705436,0.004152231029989863,0.004876443276124166,0.6165158688005609,0.6206680998305506,0.008936425672328932,0.010045433039959868,0.7438863243111272,0.7494724804281307,0.6123627987962369,0.6205966012025057,0.774758618779374,0.7844601468687543,0.6397406342992873,0.645907617011636,0.68639019863748,0.6892555913762978,0.4456049435003325,0.4501810556707134,0.7141966549437748,0.7189518629568267,0.5616970301614327,0.5656571474411174,0.7099667165838659,0.7143510656700217,0.4833818271871268,0.48405299613034647,0.5857788796122928,0.5901139011255442,0.3993486790194149,0.40150233841058264,0.5985864064814377,0.5995601269528719,0.5119927065199412,0.5123836597698098,0.7776955022970221,0.7815611941023813,0.7095412271117517,0.7162422328939224,0.525840621367635,0.5271076791078987
468,normal,0.2502711228469378,0.7195269864543262,0.006839862426951148,0.007247785249317766,0.6208570398719556,0.6140171774450045,0.008938525459068303,0.01061662070676756,0.7491875727282244,0.7434049256818889,0.6168946473500273,0.6160760098187853,0.7815473950797991,0.7754770894980693,0.6457144611765259,0.6416065942699954,0.6912372661330994,0.6829071602064039,0.4484197895427909,0.44541801889500304,0.720169644553094,0.713247988996128,0.5663449162198642,0.5608046858100928,0.7137590712475262,0.705929701578197,0.4859217712116084,0.478165715064524,0.5900548607972201,0.5817021522637043,0.4018445822642941,0.39561503990899316,0.6029705536819002,0.5922914961156459,0.5162763577698728,0.5070761175701154,0.7809299031050947,0.7723346647927918,0.7147099580180428,0.7060681203767172,0.5285869269442605,0.5201665357180203
471,normal,0.0197753334040153,0.0528497575159135,0.004879347571383099,0.0055277297223653415,0.6197501948749999,0.624629542446383,0.00702045260661193,0.005987070456290371,0.7393423970964725,0.7415683064502544,0.6091257641149581,0.6165903998524773,0.7719090089742573,0.7826197133667182,0.6466281052871623,0.6469103858676627,0.6860872569190039,0.6934902388569533,0.4473333577369296,0.4529705005877207,0.72158429998688,0.7253416443441028,0.5696473615771707,0.5724785617220155,0.7183098968439188,0.7231761461928838,0.4874457376262973,0.4900208513428011,0.5912765697071993,0.5959995272601059,0.401012614516001,0.40533853632478184,0.6010916334531305,0.6053191907503915,0.5168118141761142,0.518213258724112,0.7833557037111492,0.7917379412916344,0.7184019086653937,0.7241550710008868,0.5263898824829601,0.532771947653009
472,normal,0.1528994245461021,0.1895913080732002,0.006367176674686879,0.007357947494665841,0.6099404702073444,0.6157825834429606,0.011016386682525695,0.004878984459193658,0.7110185841251246,0.723346764601892,0.5979903648113589,0.6030525091661633,0.7608458179661571,0.7680760935403573,0.6279335411772158,0.6371825649609151,0.6716975252913837,0.6844612794149899,0.4428394807217768,0.4482059625164084,0.7094025448626107,0.7189629130309774,0.5582722720131149,0.5671924500712523,0.7085256218116749,0.7151655933032294,0.4813498719675417,0.48392341117466686,0.5906657152522097,0.5882373528851637,0.4018445822642941,0.3998099053992388,0.5942022592809751,0.5977480576360722,0.5061026860512854,0.5127114732141442,0.7696095002768405,0.7806071861261398,0.7124947876296324,0.7138955584522729,0.5241928380216597,0.525724843036447
478,normal,0.4222179000630318,0.1394680410575042,0.01188381549909615,0.012555943737851573,0.6156671032331413,0.6261982131150361,0.016629298519136256,0.007412453025954268,0.7582754271575338,0.7506123078359334,0.6266057513938637,0.6227708729692513,0.7719928210273489,0.7874962941158195,0.6448710973820921,0.650487952389503,0.6807857768456701,0.6961573784316273,0.4450123443334991,0.4544431479121826,0.7138822870696001,0.7271003677424741,0.5600458074827794,0.5724161756608886,0.7057951264538395,0.7213720543516708,0.4808418831626453,0.4887126913055004,0.5833354617923343,0.5960599066689979,0.3960208080262427,0.4055076093843712,0.5904444188234359,0.6065759354677621,0.505567229645044,0.5191068384998848,0.7704181004788587,0.7896699186982502,0.7088028369822816,0.7235285212236646,0.5236435769063346,0.5333516502978309
485,normal,0.0233461334372998,0.0434483227038354,0.013514374740294214,0.014559906068509577,0.6071826749501672,0.593668300209873,0.015212837850383857,0.011024716201350182,0.7431290031086848,0.7201003878482289,0.6097731710512139,0.5938524258472272,0.7680536545320406,0.7519207577124305,0.6377727854456087,0.6170753166408175,0.6685166372473834,0.6603426600936706,0.4366171894700268,0.4299703351738405,0.7015433480082434,0.6871854762028208,0.5511781301344564,0.5413747242039136,0.6978311816601526,0.68333755778221,0.47058050930374,0.4629591724457852,0.5796703350623966,0.5642881083626274,0.3872851466691654,0.3833808887007666,0.5879391918517429,0.572124685131227,0.4985527507232811,0.4901727209460232,0.7696095002768405,0.7474147255113921,0.70068054555811,0.6842991533233644,0.5133723940497553,0.5025620076414951
486,normal,0.0498769538887489,0.0708613801083941,0.008768404991029625,0.00958442550256357,0.6135269375608188,0.6222953425518485,0.01259594801904441,0.006400732169613931,0.7438863243111272,0.7444348515802431,0.6130102057324927,0.6180450776174617,0.7717413848680739,0.7825103049509221,0.6445196958010782,0.6460442130142403,0.6769232699350984,0.6925672386165809,0.4424444146105546,0.4523723068896616,0.7123890396672704,0.7236451848242156,0.5596788691097454,0.5697282115610497,0.7091323985578606,0.7172414467923383,0.4750000119063378,0.48565068966740893,0.5857788796122928,0.5917874803796821,0.3904466241126791,0.40268073005062793,0.5910707255663591,0.6029761625236634,0.5044963168325611,0.5163644376170616,0.7776955022970221,0.7847625906180992,0.7124947876296324,0.7181155987268264,0.5192494879837338,0.5300942979513403
491,normal,0.0753212701497964,0.0699217286832462,0.006653829977778865,0.007672031308470187,0.5948467609739141,0.6010815852165651,0.015852975355860034,0.011065504385344092,0.7325265062744903,0.7289649575259041,0.594623848742829,0.602346662656065,0.7570742755770321,0.7602383962323015,0.6145100007824796,0.6261442275267456,0.6641239823294783,0.6675882991026186,0.4285183341899711,0.4353690256760702,0.6814238040610631,0.6969381000670211,0.5453071161659115,0.5480946453669279,0.686757506042264,0.6914752277046063,0.4669737887889763,0.4681607169854369,0.5658650243796313,0.5708105227504208,0.3842900627753103,0.387766456172811,0.5703399723756005,0.5798118058967695,0.4892893548953041,0.49592847060597023,0.7451897741758923,0.7566402601300316,0.6870941671758592,0.6927279548272697,0.4984874178244451,0.5093812194546365
495,normal,0.0303728418391857,0.0278072937810993,0.008046342180709288,0.00873688960908249,0.5948467609739141,0.6026638118116623,0.015852975355860034,0.010948333934748578,0.7325265062744903,0.7305775298593211,0.594623848742829,0.6015739837353319,0.7570742755770321,0.7624982513228354,0.6145100007824796,0.6259064303426349,0.6641239823294783,0.6706889463725535,0.4285183341899711,0.4358132540451853,0.6814238040610631,0.6963021199726938,0.5453071161659115,0.5497329137553881,0.686757506042264,0.6941213550364473,0.4669737887889763,0.4707489372494954,0.5658650243796313,0.5737290802106412,0.3842900627753103,0.3897554654914667,0.5703399723756005,0.5811078959539293,0.4892893548953041,0.49746564443144914,0.7451897741758923,0.7585891524783329,0.6870941671758592,0.6962224391807326,0.4984874178244451,0.5104514013598191
497,normal,0.0692292929932922,0.1387122920640988,0.013360085589532259,0.014350235970713172,0.5992257457193082,0.6125858313088405,0.01709149605323819,0.011495758889739338,0.7393423970964725,0.7428472073998603,0.6029106575269028,0.6144234133952978,0.7622706228687155,0.7753807535272744,0.617672615011606,0.6392835831779379,0.6706372292767169,0.6801985121101524,0.43276529488561,0.44433935014572107,0.6870038338276638,0.7099760396390539,0.5485484051277124,0.5577132429978016,0.6898672368664657,0.7043726098202234,0.4695645316939474,0.4770843098511208,0.5708129454650472,0.5819477746167929,0.3876179337684826,0.39553014457735214,0.5729078300215857,0.5904053138084252,0.4906815415515319,0.5045369086551689,0.7489901951253776,0.7705129205810687,0.6932966442634085,0.7061225453332324,0.5019477628509933,0.5192845026138044
501,normal,0.0439273705240751,0.0530547583079883,0.00369663233323685,0.004510081735080845,0.6153604630304687,0.6179519209440398,0.02018854406434001,0.022480528373993777,0.6803470754262052,0.6805432713307709,0.5840063749882346,0.5831868249875943,0.764449736249099,0.7561041521100089,0.630744753825328,0.6379562244889717,0.6883593198075755,0.6893319193306054,0.4509383360018326,0.4552460289779679,0.7251209385713454,0.7333165051698465,0.5760687831052667,0.5788078607076915,0.7221022515075792,0.7266644445301048,0.4864297600165047,0.4911201646281294,0.5943308419821475,0.5951072383424811,0.4022605661384407,0.4044121370744264,0.6010916334531305,0.6067510223079947,0.5173472705823556,0.5214117866887459,0.7873987047212401,0.7905739130402677,0.7220938593127443,0.7218650108853173,0.5280376658289354,0.5327841514477523
505,normal,0.0206961036880696,0.0331575364071926,0.009977670248101322,0.010599172801305711,0.6079410376122785,0.5979633673641772,0.013402325518335567,0.01074178156184437,0.740099718298915,0.7248470021954355,0.6136576126687485,0.5981712235144618,0.7689755871160489,0.7572580350368743,0.6297608293984888,0.6216862374482001,0.6722276732987171,0.6653412943556727,0.437012255581249,0.4329818515138415,0.7049228026556213,0.6925692678522924,0.5522177888580528,0.5455703297928824,0.6966176281677812,0.6880344506108477,0.4734252466111593,0.46604284819699454,0.5760052083324589,0.5678501290869151,0.3922769531589238,0.3858131847159747,0.5858723796000963,0.5765800746533252,0.5018190348013538,0.4942634372387997,0.7696095002768405,0.753070725950012,0.7028957159465203,0.6889850143575856,0.5176017046377586,0.5063121386708964
511,normal,0.0478462238407539,0.0599801657270637,0.004018287160080534,0.005729762597172446,0.6051902608471617,0.6018099674007791,0.009916659224588491,0.014746702163541826,0.6947361782726118,0.6797261105482181,0.5869844468950111,0.5759493030652266,0.7491121305333237,0.7418046564813667,0.6287769049716494,0.6217687546604032,0.6803313642679558,0.6734911514447572,0.4427900974578741,0.44276903240334237,0.7123890396672704,0.7104549078649209,0.5609019970198589,0.5599397359021505,0.7067052915731179,0.7040144907564237,0.4783019391381638,0.47568467264549696,0.579059480607407,0.5777938861673824,0.3931089209072169,0.39291482497928454,0.5857471182515117,0.5886007997734773,0.5018190348013538,0.5043882998458211,0.7647578990647317,0.7642840203117568,0.7051108863349309,0.6999921991989109,0.5176017046377586,0.5171925997643049
517,normal,0.087970629031961,0.0855974401559059,0.007240994493384226,0.009155729681679393,0.6177103238116284,0.6104909782530276,0.005403155029306098,0.008161779865344757,0.7272252578573932,0.7034676316025238,0.6070540619189396,0.5926108626176255,0.7712385125495239,0.7577873970011005,0.6440277335876584,0.6330376799744661,0.6893438803926231,0.6814647701695067,0.4547902305862493,0.44746699629625575,0.7217414839239674,0.7177286234514236,0.5679961388985174,0.5651933546971994,0.7183098968439188,0.7120714354225561,0.4843978047969195,0.48094512205475515,0.5882222974322512,0.5839665670848233,0.401012614516001,0.3970143886741959,0.5967074862526681,0.5935646589327398,0.5082445116762511,0.5084285276219088,0.7833557037111492,0.7742612154514504,0.7110180073706921,0.7074967440075086,0.5263898824829601,0.5218406552414274
527,normal,0.0957437540769432,0.0509774794287072,0.010097793386271713,0.010709253637566998,0.6381249102049591,0.6280271168186872,0.01151942299078268,0.007770915402069242,0.7666059603844009,0.7528438923650684,0.6402012970552347,0.6246588057648736,0.8066071989542076,0.7904858274747116,0.660895009476332,0.6518820956180646,0.7082777377973865,0.698078505532873,0.4643212005194856,0.4553982629899986,0.7351807105449356,0.728303074536073,0.5815728587007775,0.5735926856434619,0.7304454317676321,0.7233717414233731,0.4981135025291197,0.4900981050953876,0.6102130578118775,0.5982562819071814,0.4155720501111298,0.4069443181266765,0.6161229952832878,0.608366643752291,0.5243082038634944,0.5206106678503719,0.802762108559585,0.7921526249689571,0.7435071730673788,0.7263041444379309,0.543416977058038,0.53511330843039
530,normal,0.0191074039498424,0.0425004461882447,0.0228132112482459,0.02320897328664203,0.6428539711849706,0.6200407599367248,0.010538969439745792,0.006261039074242048,0.756760784752649,0.7328332117916987,0.6317850068839098,0.6095980917204684,0.7957116320522908,0.7745050490045805,0.6627925780138079,0.6421738404590858,0.709262298382434,0.6870075535966219,0.4659508482282772,0.44939432062812706,0.7428827234622155,0.7202362911676831,0.5883000622064019,0.5692058354963754,0.7448563794895416,0.7192082321008888,0.5087812674319421,0.487753541317303,0.6181541657267424,0.592329498239532,0.4197318888525951,0.402672726870037,0.6267702099129826,0.6014348959164331,0.5334109627695989,0.51537005439429,0.8173169121959117,0.7874917251269434,0.7538446348799608,0.7202823515245265,0.5522051549032396,0.5291956995697261
533,normal,0.0179738531296992,0.0378105884297597,0.0056144498086417305,0.005987098941201657,0.6102138131967302,0.6158282630053719,0.00819642187303117,0.00627739464937221,0.720409367035411,0.7248874260962772,0.5982493275858614,0.6035046007892184,0.7603429456476071,0.7679125397139682,0.6334154058410347,0.6375700412972,0.6716975252913837,0.6822689683481262,0.4410616832212768,0.4467110727887333,0.7075949295861063,0.7164256359029261,0.5605350586468248,0.5662204259594266,0.7064777502932982,0.7149444993871683,0.4813498719675417,0.4848469978293574,0.5833354617923343,0.5886517293425244,0.3964367919003892,0.40018006575515214,0.5942022592809751,0.5980953333768582,0.509315424488734,0.5127874326029275,0.7752697016909676,0.7821401461482839,0.7124947876296324,0.7159331199274257,0.5214465324450341,0.5260004358257485
534,normal,0.0176385839598958,0.038405506623319,0.005612147218171976,0.0059733705273784625,0.6102138131967302,0.6158259604149021,0.00819642187303117,0.00620566297714275,0.720409367035411,0.7254179289207497,0.5982493275858614,0.6038410347150899,0.7603429456476071,0.7681086434364918,0.6334154058410347,0.637614684310007,0.6716975252913837,0.6821326281894857,0.4410616832212768,0.4466693161254364,0.7075949295861063,0.7163478275419835,0.5605350586468248,0.5661130277457641,0.7064777502932982,0.7146990047437873,0.4813498719675417,0.4847329072195625,0.5833354617923343,0.5885241683455248,0.3964367919003892,0.4001093486293887,0.5942022592809751,0.5980949418871783,0.509315424488734,0.5128019455479408,0.7752697016909676,0.7820550425435053,0.7124947876296324,0.7158155401597754,0.5214465324450341,0.5259633369916649
538,normal,0.0112449182907417,0.0396723394167575,0.0060861320929708395,0.006448931557312354,0.6102138131967302,0.616299945289701,0.00819642187303117,0.006243802869635922,0.720409367035411,0.7259784300253936,0.5982493275858614,0.6043703370238867,0.7603429456476071,0.7689389157336108,0.6334154058410347,0.6381510021729807,0.6716975252913837,0.682774021127884,0.4410616832212768,0.44698071895842983,0.7075949295861063,0.7166667289342017,0.5605350586468248,0.5664591608912817,0.7064777502932982,0.715357020025021,0.4813498719675417,0.4851843680568437,0.5833354617923343,0.5890099569926125,0.3964367919003892,0.40042371495045165,0.5942022592809751,0.5983576664369927,0.509315424488734,0.5130283046781537,0.7752697016909676,0.782734949769483,0.7124947876296324,0.7163886098368134,0.5214465324450341,0.5262951643108761
544,normal,0.0193031131586687,0.0503642320496085,0.019927357920611368,0.02054409275516926,0.5947700516084129,0.6146974095290243,0.011983404280953323,0.010677119320353763,0.7219240094402961,0.7434075992752714,0.5936527383384455,0.6148077720109653,0.7551465983559238,0.7779318697644673,0.6093795376996748,0.6409075256779108,0.6634423634629069,0.6824728553306367,0.4330122112051239,0.44554135369583736,0.684095930991548,0.711845332136454,0.544450926628832,0.560275273870408,0.6877435182548158,0.708071951139398,0.4649926324498806,0.48006346111437365,0.5681251858630928,0.584514971055615,0.3804214127457476,0.39695395792375177,0.5722815232786624,0.5917254213952948,0.491484726160894,0.506931551728468,0.7467261145597268,0.7745900491746555,0.6901215667066868,0.7093329730151977,0.5040898812007611,0.5204820436847069
553,normal,0.4087524522713545,0.6946455499864538,0.004343853214291394,0.005300042557462923,0.59745226215833,0.5945858646234404,0.011611555944388976,0.01021854508752491,0.7188947246305262,0.7187424354510609,0.5981845868922357,0.5946827083451418,0.7496150028518738,0.7524325407520767,0.6119096290829759,0.6191716919601381,0.6602614754189067,0.6604393355336349,0.4302961316904711,0.4304278114766107,0.6873967936703823,0.6895660262670643,0.5432277987187185,0.5424782704047206,0.6910049432655637,0.6839467032812832,0.4689041462475822,0.46360159310802307,0.5706907745740493,0.5648145770740229,0.3877011305433119,0.38379336369540884,0.5836803059998651,0.5735805798926571,0.49517937536396,0.4911255783584121,0.7564293169839446,0.7493971568276315,0.6947734245223488,0.6855687690305833,0.5085388962348945,0.5041905571400164
555,normal,0.0315217154048185,0.0627303091877496,0.0034746119919820064,0.0045399598289498815,0.6163388555037763,0.6188293961814554,0.010692925901442418,0.00611622679259929,0.740099718298915,0.7388256651311581,0.6149524265412599,0.6131477014058946,0.7693946473815072,0.7772216361902434,0.6320800798331813,0.6415902173024486,0.6839666648896703,0.6875927457091044,0.4459506263476519,0.44937242729040255,0.7097169127367854,0.7191367996038853,0.5609631534153646,0.5666360187819437,0.7122421293820621,0.713576361956306,0.4849057936018158,0.48350444662359954,0.5888331518872408,0.5892426373467982,0.400180646767708,0.40093451197252833,0.5998390199672842,0.6001749636992455,0.5109217937074584,0.5142864693595726,0.7809299031050947,0.7819621258665533,0.7191402987948637,0.7152558179046268,0.5236435769063346,0.5276391889404302
561,normal,0.0529266630116622,0.1384135341433973,0.006520051151748882,0.006933224671868637,0.5962943476867537,0.6028143988385026,0.01755996188706,0.01997196642503304,0.6684571325478585,0.6713036962670791,0.567432757420087,0.571083608003575,0.7342773971360985,0.7378571740793656,0.6140883188852628,0.6200376351324929,0.6648056011960499,0.6730537454351717,0.4381974539149156,0.44418897513235084,0.7041368829701847,0.7141168830051335,0.5563764237524389,0.5632388375683103,0.7010167595776273,0.7073266117408196,0.473882436535566,0.47780303276863006,0.5711794581380409,0.5803745159424603,0.3900306402385325,0.39499819480687803,0.5871249930859429,0.5921194648000402,0.5012835783951124,0.5082044681052051,0.7590976976506045,0.7689440055106269,0.6921890590692032,0.7030063474727561,0.5134273201612878,0.5201875844836494
565,normal,0.0185912836064023,0.0332111086381972,0.010482905362834504,0.011410731313510045,0.6116936575268781,0.6221765628897126,0.012983631355374213,0.010767880679698371,0.7438863243111272,0.7520997492499888,0.6168946473500273,0.6218603084648582,0.7783625370623156,0.7871977239681915,0.6348912924812935,0.6475344656631328,0.6746512070465268,0.6906655620702259,0.4425431811383602,0.4504441011100512,0.7134893272268817,0.7193957169085502,0.5624920633030065,0.5664770422991048,0.7033680194690967,0.7163199796841618,0.4757111962331927,0.486089966849756,0.5802811895173862,0.592641808611425,0.3935249047813635,0.40250858905472914,0.5942022592809751,0.5998012841906394,0.5044963168325611,0.5130846946503194,0.7623320984586772,0.7841118134947864,0.7036341060759905,0.719154630318782,0.5140315073881454,0.5276141325364114
567,normal,0.0414566890857475,0.0854186561868296,0.005729351990627747,0.0066342193876529326,0.6132387227608446,0.6189532074128168,0.007972235978961417,0.0047666262549951235,0.7310118638696055,0.7339444752922869,0.6104205779874696,0.6102942056088985,0.7719090089742573,0.7744502332057741,0.6354535350109161,0.6415208136074065,0.6813159248530035,0.6886302611463985,0.4445678949583741,0.4504402936986472,0.717025965811347,0.7209330237875962,0.563531722026603,0.5681539596771141,0.7112561171695104,0.7166164445621952,0.4798259055528527,0.48517969577505843,0.5876114429772616,0.5902786869115835,0.3960208080262427,0.40120607066924263,0.5916970323092823,0.5999807720646916,0.5050317732388026,0.5135716678099843,0.7671836996707861,0.782659184708341,0.7124947876296324,0.7165376148412438,0.5187002268684087,0.5278071226514226
568,normal,0.1131740574277383,0.1768078685637212,0.008654888173440189,0.009129929270161515,0.6003051179547638,0.608960006128204,0.006960310257691757,0.008690803502134425,0.696326552797741,0.7004217375308122,0.5872434096695135,0.5904935916748592,0.7496988149049654,0.7555310857421536,0.6242789647346699,0.630865921387079,0.6710916418544313,0.679983169679842,0.4373579384285684,0.44696030522629876,0.7042154749387283,0.7163845677128342,0.5533797603726608,0.5637890502460173,0.699803206085256,0.7102681834054847,0.472510866762346,0.47960060929038806,0.5772269172424381,0.5827637676524405,0.3883251063545317,0.3963737577175488,0.5813003403767568,0.5927269676773689,0.4976960204732947,0.5076011457008129,0.7576422172869719,0.7718182837327898,0.6977269850402293,0.7057181312374194,0.509362787907882,0.5210198285653191
577,normal,0.0750236273288763,0.1484775958365032,0.0038865377437818337,0.00452505262186415,0.6085300597146288,0.6049017601334936,0.012498437962175911,0.012041297352321395,0.6951148388738331,0.6879448558311119,0.5869844468950111,0.582030422614484,0.7507883715951571,0.748550852472595,0.6310258750901392,0.6259935615550769,0.683512252311956,0.6767649705265635,0.4466913753061936,0.4447351656702503,0.7145896147864932,0.7141541232075448,0.5634094092355916,0.5625552560914854,0.7130006003147942,0.7068812810147884,0.4828738383822306,0.47738683004927274,0.5863897340672825,0.5792399213505377,0.3976847435228288,0.3938894371134027,0.5904444188234359,0.5893608752395595,0.5039608604263196,0.5061558848088161,0.7712267006808768,0.7680254854844112,0.7080644468528114,0.7016944532365379,0.5192494879837338,0.5179665460029523
582,normal,0.0321174570651945,0.0417553643755831,0.021400820798722436,0.022002370059775782,0.5887103032351343,0.6101111240338566,0.0167355848650532,0.011001394923184043,0.723438651845181,0.7394947808454904,0.5908041478189201,0.6120046124745677,0.7544761019311904,0.772818995626708,0.6067791660001709,0.6347367248976913,0.6591254439746208,0.6784161950386732,0.4259504044670266,0.44302162558595143,0.6785159012249472,0.7075232342724204,0.5280610126333108,0.5557466334404799,0.6777317019427523,0.7014966435280858,0.457525197017905,0.47510826321077,0.5606727615122196,0.5786294496666691,0.3801718224212597,0.3936591443874188,0.5674589613581537,0.588377097553224,0.4831316062235276,0.5038099333809655,0.7348396915900599,0.7677971107854127,0.6803009779847338,0.7023567589567326,0.4990916050513027,0.5168919049243028
584,normal,0.0767644410840898,0.1478737352882239,0.011952401440829557,0.012653278694970113,0.5918478780642309,0.6038002795050604,0.01704542518094254,0.012201753022964409,0.7287399002622781,0.734237743791642,0.5943001452747012,0.6068112660706722,0.7585828925326822,0.7652406559430278,0.611136545604745,0.6298705123055915,0.6624578028778592,0.671501945285435,0.4279257350231377,0.43824965699776053,0.6826026835892182,0.6999152214734373,0.5308130504310663,0.5494021941743852,0.6811448211400467,0.6938707382228627,0.4601667388033658,0.469873571804101,0.5621388122041946,0.5724546627176482,0.3818357579178458,0.38931560466397025,0.5705278643984776,0.5820077974041503,0.4856482513328622,0.49757980418219866,0.7387209725597469,0.7583981021860952,0.6833283775155614,0.6947738028591798,0.5013435756241357,0.5111014715038692
586,normal,0.0237901149371491,0.0452735060734674,0.03131409936117259,0.03188772967059966,0.5918478780642309,0.6231619774254034,0.01704542518094254,0.0102356506047698,0.7287399002622781,0.753131891727528,0.5943001452747012,0.623454028398656,0.7585828925326822,0.787587046728696,0.611136545604745,0.6475002663224914,0.6624578028778592,0.6924094317533364,0.4279257350231377,0.4520183106021296,0.6826026835892182,0.7218095554108964,0.5308130504310663,0.5673671205408918,0.6811448211400467,0.716734765092814,0.4601667388033658,0.4857381268720781,0.5621388122041946,0.5924397493513113,0.3818357579178458,0.4033203148441861,0.5705278643984776,0.602476707433966,0.4856482513328622,0.5147247724166004,0.7387209725597469,0.7844754293805974,0.6833283775155614,0.7188466444587985,0.5013435756241357,0.529719454896881
589,normal,0.1349014334515581,0.1410020058193993,0.020769146371003817,0.021301168188464375,0.592784504356738,0.6135536507277417,0.008051271696682542,0.004905346072413664,0.7008704800123957,0.7188327325567614,0.5805751182260791,0.6005208882447343,0.749028318480232,0.7650992274118448,0.6156344858417246,0.6358844275967966,0.665032807484907,0.6830360374409071,0.4320245459270683,0.4473231780683788,0.6852748105197032,0.7171822301923692,0.5434112679052355,0.5651957684285263,0.6886536833740944,0.7130741776776348,0.4662626044621213,0.48231447989325993,0.5667813060621156,0.5862561682073318,0.384456456324969,0.3985106472577589,0.5699015576555543,0.5949882526503326,0.486290799020352,0.5100546105707501,0.7486667550445704,0.7773943941518442,0.6883494303959584,0.7110191670658742,0.506122147327464,0.5237256749565047
594,t2 alarm only,2.1477317148495114,0.6534019765833758,0.01288926402088858,0.013643699396306466,0.5878160249949687,0.6007052890158572,0.02525937163707348,0.021654698728172668,0.6414207656206629,0.6662735588978288,0.549888029447556,0.5675021642072485,0.7217055891723485,0.7331699355245627,0.6095903786482832,0.6169733047835123,0.6626850091667164,0.6707175536366881,0.4324689953021934,0.4428719967295814,0.692741047531352,0.7116338494965876,0.5488541871052407,0.561161478218834,0.6922184967579351,0.7047962937555993,0.4690057440085615,0.47656271297536185,0.5683084421995898,0.5795631295310267,0.3869107611824335,0.39460151616124656,0.5752877956446939,0.5913468066289564,0.4924485476921286,0.506985251123519,0.7515777157718357,0.7662842599387784,0.6898262106548987,0.7019027073451722,0.5079347090080368,0.5196433943150688
596,normal,0.0827970556464845,0.105623787202949,0.005611331484616485,0.0070171139759546385,0.616816041564018,0.6112047100794016,0.008399755155917538,0.010448675383804422,0.7143507974158715,0.6980029809949878,0.5983788089731125,0.5905679889816251,0.7701489558593322,0.7578411739592771,0.6355238153271189,0.633682191094693,0.6932821227328139,0.6839014665594461,0.4519260012798881,0.44909771410555827,0.7217414839239674,0.7207633309518411,0.5703812383232387,0.5669497360756709,0.7175514259111866,0.7139446351176619,0.4849057936018158,0.4821924538151447,0.5937199875271578,0.5846533667799281,0.4022605661384407,0.39773878399655205,0.5979600997385145,0.5949283618778692,0.5119927065199412,0.5097826171033362,0.7776955022970221,0.7752810355311449,0.7176635185359235,0.708125039302052,0.5263898824829601,0.5230271951030369
598,normal,0.1890069682083696,0.2463286486738999,0.0026449516629849707,0.0031458408124559654,0.6233587086405504,0.6230326257439532,0.02301990685581025,0.023271081523873367,0.6863299129255005,0.6843124065266841,0.5860133364906275,0.5868895862452888,0.7667126616825739,0.7618730736209088,0.6425518469473995,0.643514231077427,0.7010828719835763,0.695137876209726,0.4565186448228465,0.45951409740434923,0.7351021185763918,0.7394728488740319,0.5809612947457207,0.5838235963844114,0.7327208445658284,0.7331744755460252,0.497097524919327,0.49539128166957047,0.6047153677169709,0.5998502013629686,0.4093322919989318,0.40787971245557597,0.6086073143682093,0.6121927599633049,0.5253791166759773,0.5258549322285276,0.7971019071454578,0.7979722196753062,0.7316929309958563,0.7272652166208535,0.5351780603281616,0.5374361217822435
599,normal,0.5491141524715175,0.4553181499239336,0.010041858273835975,0.011097167391355278,0.6310258162928007,0.620983958018965,0.013747461946024298,0.007720800837568632,0.7560034635502065,0.7434845522948332,0.6272531583301194,0.6166611466845202,0.7931972704595408,0.7815285702040535,0.6501421210973026,0.6451413152034379,0.6960085981990998,0.6895859202219355,0.4531111996135548,0.44963638675405254,0.7239420590431902,0.7198109284531112,0.5705035511142501,0.5670257704413768,0.7236191933730433,0.7156973284762531,0.493541603285053,0.48502726640685706,0.6089913489018982,0.5918414623109832,0.4134921307403971,0.40242321528439456,0.6148703817974414,0.6016072752972664,0.5232372910510115,0.514882541132088,0.7962933069434397,0.784304066878387,0.739815222420028,0.7189639596529735,0.543416977058038,0.5291055806258788
602,normal,0.0227506117188765,0.0494326302365367,0.017702684193993175,0.018528983395899024,0.6310258162928007,0.6133231320988076,0.013747461946024298,0.00894773429323401,0.7560034635502065,0.737840660927295,0.6272531583301194,0.6111993959214654,0.7931972704595408,0.7738668691152053,0.6501421210973026,0.6383393530383867,0.6960085981990998,0.6812259742644112,0.4531111996135548,0.44407216900893587,0.7239420590431902,0.7107901885650546,0.5705035511142501,0.5597904699305812,0.7236191933730433,0.7068634778571299,0.493541603285053,0.4790782490905377,0.6089913489018982,0.5838842106884122,0.4134921307403971,0.3967010481802482,0.6148703817974414,0.592344483405882,0.5232372910510115,0.5070896061566496,0.7962933069434397,0.7738404767426963,0.739815222420028,0.7088958606610263,0.543416977058038,0.5206707521258128
605,normal,0.1731364107078779,0.0854856746701036,0.006650550218531383,0.00825688397946074,0.6299738029447552,0.6235793756739001,0.013240326512521675,0.007455906795691781,0.7560034635502065,0.7483462818234162,0.6266057513938637,0.6207093948250441,0.7890066678049574,0.7855214896636631,0.6505638029945195,0.6482066911546963,0.6982049256580524,0.6938835031877952,0.4531605828774576,0.4527391398066563,0.7226845875464915,0.7245243732836325,0.5698919871591933,0.5702292464772994,0.7228607224403112,0.7179681387702253,0.4925256256752603,0.4861797616151647,0.6071587855369294,0.5925159452442369,0.412660162992104,0.40316375405277655,0.6123651548257486,0.6037800392307223,0.5205600090198043,0.5172633251449825,0.7962933069434397,0.7859490788280916,0.7383384421610877,0.7192630785386325,0.5406706714814126,0.5306061448092649
621,normal,0.0921184631454003,0.1580837851756962,0.01760715168278031,0.018376343268938916,0.63227257665753,0.6146654249747495,0.004243078430625295,0.005680627088980613,0.7446436455135698,0.7199790603446119,0.6246635305850964,0.6014996513602788,0.7957116320522908,0.7666739407515217,0.656186228290744,0.6376485741174293,0.7054755269014814,0.6846352285504895,0.46422243399168,0.44794289480617666,0.7420968037767787,0.7172412263207116,0.5797381668356072,0.5653624479778259,0.7342377864312924,0.7142866936046025,0.497097524919327,0.4834631042213321,0.6010502409870332,0.5882237644237122,0.4093322919989318,0.399674418131999,0.611112541339902,0.5956646141834521,0.52270183464477,0.5098629074242232,0.7962933069434397,0.7788183451386066,0.7250474198306249,0.7134946481950383,0.5390228881354373,0.52484070501873
624,normal,0.1327039916223404,0.1128602318597914,0.004349438212875958,0.005103885195231089,0.6190049388649214,0.6147378056543088,0.022917816097434422,0.02424882394949724,0.6793625578630299,0.6735678253004256,0.5851717074734949,0.5776772713133768,0.7559009068337488,0.7514629324938932,0.6440980139038612,0.6342075499018065,0.6941152124586234,0.6851235001022925,0.4577038431565132,0.45260372223400047,0.7321942157402759,0.7293858489711667,0.5754572191502099,0.5761568116694488,0.7251361352385075,0.7246576037993692,0.4915096480654677,0.48943071774263247,0.5979959687120852,0.5924269092517302,0.406420404879906,0.40263849600669316,0.6073547008823628,0.603833482649362,0.5200245526135628,0.5193081449036655,0.7922503059333489,0.7892995469926912,0.7243090297011548,0.7183726401742042,0.5340795380975114,0.5303896926164924
625,normal,0.1366386287358364,0.1019955136632041,0.008941108072091041,0.010155288338750935,0.6384575964084667,0.6295164883363755,0.013740450883771209,0.007688054490817561,0.7696352451941708,0.7541354718856134,0.6369642623739559,0.6255905608985041,0.8049309578923742,0.7924400573336713,0.6591380015712619,0.6543595496948547,0.706232881197672,0.6989276813734727,0.4609631385740966,0.4562021422616936,0.734080422985324,0.7299772305294068,0.5766803470603235,0.5749728471391478,0.7274115480367038,0.7259971852236544,0.497097524919327,0.4918244327326644,0.6150998934517944,0.5994941640918997,0.418067953356009,0.40772815989619077,0.6205071424837504,0.6094316270134844,0.5291273115196673,0.5215572639352488,0.8035707087616031,0.7950856894972437,0.7464607335852593,0.7281710808793473,0.5478110659806389,0.5358851573322867
626,normal,0.0203131380785545,0.0573270649088378,0.01814573469239538,0.01884169210915608,0.6384575964084667,0.6203118617160711,0.013740450883771209,0.009057092086433459,0.7696352451941708,0.7461848358005415,0.6369642623739559,0.617997544957711,0.8049309578923742,0.7823794472465498,0.6591380015712619,0.6457162454464418,0.706232881197672,0.6886840541337323,0.4609631385740966,0.44919070457882393,0.734080422985324,0.7185758659343209,0.5766803470603235,0.5660034642823331,0.7274115480367038,0.7151533530764663,0.497097524919327,0.48495594691684024,0.6150998934517944,0.590846212839654,0.418067953356009,0.4015113201313027,0.6205071424837504,0.5990226920879695,0.5291273115196673,0.5125622863674073,0.8035707087616031,0.7826339534048642,0.7464607335852593,0.7172669887816785,0.5478110659806389,0.5266167331865735
633,normal,0.1139222331918955,0.080795964013715,0.006984813713566303,0.007703907973203329,0.6233612907340644,0.6163764770204981,0.013048553585031866,0.010352276922635368,0.7544888211453217,0.7445025144075623,0.6227213097763291,0.617003161043456,0.7864923062122074,0.7804735598453199,0.6494393179352745,0.6416240864835389,0.6933578581624329,0.6848750869615146,0.4498025209320686,0.44692346035344194,0.7151397585662989,0.7140363462253778,0.5626143760940179,0.5615410274282383,0.7137590712475262,0.7089238903204367,0.4854137824067121,0.4803588747489532,0.5961634053471162,0.5857616005632195,0.4060044210057595,0.3983621729894485,0.6042231671677467,0.5948268401471996,0.5146699885511484,0.5088254990436909,0.7873987047212401,0.77640757050016,0.7235706395716845,0.7109873395781224,0.531882493636211,0.5229670787087883
642,normal,0.079103647604471,0.0576315273662095,0.006896256763108046,0.009196541236152204,0.6190486144892614,0.6121523577261533,0.013786290969499081,0.019687569102121768,0.7045056217841195,0.6804276698636064,0.5933937755639431,0.5805733136904134,0.7658745411516571,0.7508896629802093,0.6398811949316928,0.6317494408797918,0.6901012346888137,0.683170778756353,0.4524198339189159,0.45094075337290157,0.7268499618793062,0.7257141898715974,0.5731332761209942,0.5723160426500682,0.7221022515075792,0.7186623497193054,0.4894776928458825,0.4854074416844074,0.5979959687120852,0.5883890121156466,0.4051724532574664,0.4000795634754987,0.602344246938977,0.600330088598175,0.5162763577698728,0.5158194442088407,0.7890159051252763,0.7815933103578601,0.7250474198306249,0.7134278501742068,0.5302347102902357,0.5270991689457237
653,normal,0.0277667221344928,0.0596094520350821,0.014344349010810746,0.015685291302970757,0.6068306987062609,0.6210391068407953,0.01924718247784085,0.010852804213556774,0.7522168575379943,0.751061360089645,0.6175420542862831,0.6209196364237832,0.7652878567800155,0.7858029473150255,0.6312367160387476,0.6461797882946516,0.669273991543574,0.689301824736069,0.4389382028734573,0.4496102028432253,0.7010717961969813,0.7182486141368888,0.5484260923367009,0.5656494813834918,0.6926735793175745,0.7150712638147324,0.4727140622843044,0.48534576365293297,0.5827246073373447,0.5916381571912235,0.3943568725296565,0.40171053411608854,0.5833045219541112,0.5985769030814195,0.4958754686920738,0.5120091394078276,0.7565910370243483,0.7823930485638229,0.70068054555811,0.7176909106878714,0.5132076157151578,0.5264552405548203
655,normal,0.0274578556193533,0.0924973472174447,0.012313623059848766,0.013494929969095713,0.6068306987062609,0.6186950140933496,0.01924718247784085,0.010664123247594155,0.7522168575379943,0.748397742319533,0.6175420542862831,0.6189526386664614,0.7652878567800155,0.7820367978940107,0.6312367160387476,0.6447262342472304,0.669273991543574,0.6869626738270025,0.4389382028734573,0.44847739506623496,0.7010717961969813,0.7162534262996703,0.5484260923367009,0.5636799421957321,0.6926735793175745,0.7121289045720298,0.4727140622843044,0.48292889940727673,0.5827246073373447,0.5885734294542796,0.3943568725296565,0.40002847660572555,0.5833045219541112,0.5966059914363719,0.4958754686920738,0.5102067588246412,0.7565910370243483,0.7791325089806176,0.70068054555811,0.7140335698257622,0.5132076157151578,0.5246898499643617
657,normal,0.1120394182640431,0.1198591386807349,0.0026199044715217758,0.00305166828579732,0.615055439613973,0.6146516802645271,0.013866427437440015,0.012670801975598747,0.6984470521645799,0.696834465057604,0.5917105175296782,0.5913766742040362,0.7543922898780987,0.761048336439282,0.6417084831529658,0.6376725180121458,0.6899497638295755,0.6865165902681319,0.4513334021130548,0.4514616927078852,0.724020651011734,0.7257273781697378,0.5686688592490798,0.5718678380589304,0.7167929549784546,0.7197934438218319,0.4843978047969195,0.48600294788274645,0.5924982786171785,0.5884768304303416,0.4018445822642941,0.3998569919055668,0.5998390199672842,0.5979813828766501,0.5109217937074584,0.5134633521920294,0.7833557037111492,0.7823425417420202,0.7169251284064533,0.7132010991169575,0.5291361880595856,0.5254544816110632
668,normal,0.09441287070241,0.0535074508154715,0.005455323984376285,0.006502169565283584,0.6141791162470165,0.6171509108123542,0.010570636307615705,0.004978365487797237,0.7416143607037999,0.7282187766091426,0.6123627987962369,0.6063463095282006,0.7684727147974988,0.771623600884628,0.6388269901886507,0.6394785059520356,0.6849512254747181,0.6864336408733359,0.4505926531545131,0.4488947264553785,0.7157684943146483,0.7191877393655232,0.5580276464310922,0.5672814531253861,0.7072362212260304,0.7160791689547286,0.4772859615283712,0.4849163154540011,0.5882222974322512,0.5895430069639308,0.3997646628935615,0.4006746078510328,0.5910707255663591,0.5976266844996175,0.5034254040200782,0.5121426805501099,0.7744611014889494,0.781545907169745,0.7080644468528114,0.7155230410981535,0.5208972713297091,0.5260493184750701
670,normal,0.0804414922155639,0.059966123493933,0.00510279161099477,0.007536800198221099,0.6136076498855224,0.6093159792098678,0.0063457940380749174,0.008238503580534674,0.7257106154525083,0.7016653630103243,0.6044644341739166,0.5909777350085313,0.7631925554527239,0.7568014792725324,0.6375619444970002,0.6317470354912633,0.6860115214893848,0.680901735147788,0.4522223008633048,0.4470160897911403,0.7176547015596964,0.7165510606100506,0.5628590016760405,0.5639767363194623,0.7081463863453089,0.7103976972478334,0.4793179167479564,0.4797708265536545,0.5863897340672825,0.5826996187482233,0.3997646628935615,0.39636528877732197,0.5960811795097448,0.5924496131216221,0.5044963168325611,0.5075688894313082,0.7744611014889494,0.7725925128207474,0.7088028369822816,0.7058987399324806,0.5241928380216597,0.5209912252834692
676,normal,0.1151511014681396,0.0430500771079383,0.008763456448425815,0.00952226844205009,0.6131767834748046,0.6207227714641435,0.013777125626970092,0.006570532516036344,0.7454009667160121,0.7418596470328814,0.6181894612225387,0.6156714185485026,0.7737528741422739,0.7794403211107452,0.6493690376190717,0.6450799180739989,0.6819975437195749,0.6902766672444788,0.4422468815549435,0.4510376208321076,0.7160828621888229,0.7213850522977417,0.557110300498507,0.5680578883716585,0.7029887840027307,0.7163809970607399,0.4757111962331927,0.48530054233991315,0.5778377716974278,0.5913405895710492,0.3922769531589238,0.4019309453814211,0.5916970323092823,0.6009994047914419,0.5050317732388026,0.5139467498995125,0.7696095002768405,0.7833572656101332,0.7021573258170503,0.7176420446222501,0.5225450546756844,0.5285800421018635
677,normal,0.0996829881545206,0.062387045463186,0.004913865465324335,0.005476466459195032,0.6186091523917097,0.6208204410095264,0.012259191065126468,0.0064140828122994775,0.7476729303233396,0.741102338022338,0.6207790889675618,0.615310286008348,0.781044522761249,0.7794103484914822,0.6542886597532682,0.644990326079435,0.6878291718002421,0.6902997413857883,0.4454074104447213,0.4512314822143203,0.7209555642385307,0.7215041766319109,0.5632870964445803,0.5683392380743874,0.7114078113560568,0.7167858805339471,0.4788099279430601,0.4856651341133525,0.5845571707023135,0.5917372881059161,0.3964367919003892,0.40212200684136196,0.5973337929955913,0.6009611369849256,0.509315424488734,0.5137590689178722,0.7768869020950039,0.7837835133608896,0.7117563975001623,0.7181995809048306,0.5285869269442605,0.5287459504908417
679,normal,0.0723343534726299,0.0453720191469897,0.0033910657837152337,0.004109350365355933,0.6113384863992741,0.6130810355333507,0.006803597829136348,0.005097943434672577,0.7188947246305262,0.7181215272736694,0.6032343609950307,0.5998153991146303,0.7641144880367321,0.7647809943511737,0.6448008170658893,0.6353414438385648,0.6804070996975748,0.6833291851042907,0.4428394807217768,0.44719780349164895,0.716554414000085,0.7161935549427372,0.5603515894603078,0.5644291184567506,0.7098150223973194,0.7119483178427181,0.4798259055528527,0.48171025824958985,0.5815028984273655,0.5863025892005237,0.3935249047813635,0.39855368927598034,0.5942022592809751,0.5945755927498181,0.5034254040200782,0.5093771861163787,0.7712267006808768,0.7763477572610136,0.7065876665938712,0.7108410632455308,0.5214465324450341,0.5235121235519405
680,normal,0.101473348146538,0.0549553832915482,0.0036774145718726013,0.004944522940444123,0.612770530290327,0.6123257914344727,0.0079659010167966,0.008965284007486711,0.7135934762134291,0.7029087069251617,0.6003210297818797,0.5932546086035908,0.7635278036650904,0.7604098189313764,0.6467686659195679,0.6352739647338267,0.6825276917269083,0.6842881667009202,0.4433333133608046,0.4493199056206319,0.7182834373080459,0.720827759226584,0.5642655987726711,0.5673574231474678,0.7122421293820621,0.7148634923093817,0.4828738383822306,0.48269662896789917,0.5857788796122928,0.5853727430044743,0.3956048241520961,0.3981895240043166,0.5954548727668216,0.5951736293977743,0.505567229645044,0.5101191827464818,0.7728439010849132,0.7769454181498698,0.7110180073706921,0.709208169012222,0.5230943157910095,0.523329312904056
681,normal,0.1278085474145052,0.0535860427362754,0.00303617312717727,0.003761256592999841,0.6103488791508266,0.6113648233349619,0.010197710016524869,0.010438307347443743,0.7009462121326399,0.6981159006549192,0.5940411825001989,0.5907914838230766,0.7579962081610404,0.7580194191350358,0.6423410059987911,0.6340134266655165,0.6788166556755747,0.683878943219444,0.4424937978744574,0.4492695827110916,0.7171045577798907,0.7208931701408747,0.5642044423771654,0.5671336634154104,0.7122421293820621,0.7141906339078061,0.4823658495773342,0.48210920116455486,0.5857788796122928,0.5848176035241531,0.3951888402779495,0.39782127598370265,0.5954548727668216,0.5950809939968952,0.5050317732388026,0.5099262257856652,0.772035300882895,0.7757367857732834,0.7095412271117517,0.7083686738548575,0.5203480102143839,0.5230350129380642
683,normal,0.1016484094747784,0.0616523472595308,0.0020226314094074493,0.0024024490594934875,0.614860745100739,0.6150583922558217,0.014251726523631563,0.014112733317798701,0.693524464348704,0.6940055137097435,0.5928758500149385,0.5902221497142672,0.7579962081610404,0.7597551318808962,0.6435357713742388,0.6377421152967796,0.6864659340670991,0.6874981150221013,0.4495556046125547,0.4525321757061631,0.7253567144769764,0.7269072027038506,0.569953143554699,0.572543093962397,0.7167929549784546,0.7198005934091996,0.4874457376262973,0.4861112070663509,0.5912765697071993,0.5893830051007275,0.400180646767708,0.4006155906825699,0.6004653267102074,0.599972044901231,0.5130636193324242,0.5147535402213207,0.7817385033071128,0.7828417276341695,0.7176635185359235,0.7143198857276878,0.5247420991369848,0.5269895756095125
691,normal,0.0777558119986026,0.1423977476779558,0.0038172552804217903,0.004766648165229564,0.6116377110517504,0.6107634359082874,0.010428422422526002,0.010367121182124026,0.7047328181448522,0.6975711428834477,0.5911925919806735,0.5901509511955102,0.7671317219480321,0.7578496468305373,0.630744753825328,0.6334646724362327,0.6918431495700518,0.6828912571412353,0.4471358246813186,0.44849272376913074,0.7125462236043577,0.720125860689823,0.5674457313389663,0.5667476485354599,0.711862893915696,0.7138607130744359,0.4808418831626453,0.48191259789060437,0.5888331518872408,0.5841752575253623,0.400180646767708,0.3972202823404144,0.5885654985946662,0.5939947124736155,0.5077090552700096,0.5093501255917733,0.772035300882895,0.7752553591754505,0.7124947876296324,0.7077942223132065,0.5225450546756844,0.5221212365746468
693,normal,0.0413671902441075,0.0864604034119723,0.003383421000239368,0.0042124065399547295,0.6102868077894982,0.6103249615178027,0.010590014141296272,0.011033155526749813,0.700340355170686,0.6954682517385203,0.589444593252783,0.5883568320947512,0.7662097893640238,0.7575759445764054,0.6290580262364607,0.631960133566929,0.6896468221110993,0.6833829823739437,0.4470370581535131,0.4491365656847995,0.7123890396672704,0.719851857638865,0.5669564801749208,0.5664020881445584,0.7092082456511338,0.7123957620357267,0.4803338943577491,0.4806274285186466,0.587000588522272,0.5841702587241858,0.3989326951452684,0.39756736403129345,0.5873128851088198,0.5945760745507939,0.5071735988637682,0.5101918760182971,0.7728439010849132,0.7744534916849547,0.7095412271117517,0.706714057357701,0.5214465324450341,0.5226933770622735
705,normal,0.0654325386937851,0.2753488046129501,0.004372123371072528,0.005022723964094852,0.6033167023950533,0.6076888257661259,0.01618465048855506,0.013360044448060202,0.7378277546915876,0.7401730998742775,0.6123627987962369,0.6131435104412919,0.7566552153115738,0.7659110467447744,0.6382647476590283,0.6393928452374702,0.6623820674482401,0.6720699493120446,0.4365184229422212,0.4403441275777782,0.7028008195049421,0.7070555841551377,0.5534409167681664,0.5565900716869759,0.6963142397946883,0.7005723956692099,0.4734252466111593,0.47481267721122616,0.5689803821000783,0.5732811700295587,0.3869939579572628,0.3899473203058277,0.576477778456248,0.5828425654238314,0.4930910953796183,0.49933044966465295,0.7647578990647317,0.7680932122142026,0.6893093375642697,0.6952338461562703,0.506781260665854,0.5119161663196099
718,normal,0.0254245640313089,0.0465164744795327,0.006609710237174686,0.008099187150121713,0.6093356587839056,0.6159280798572314,0.011407802420540106,0.009028904712845872,0.7046570860246081,0.7083155102939165,0.5950770335982081,0.596742271306157,0.7570742755770321,0.7672326562397099,0.6401623161965041,0.6400153583037888,0.6679864892400501,0.6856930988745303,0.4456543267642353,0.4502820332244208,0.7209555642385307,0.7250169832633582,0.5705647075097557,0.5726163190675532,0.7190683677766508,0.7220940114107575,0.4838898159920232,0.48692909394182343,0.5778377716974278,0.5874794737193345,0.3943568725296565,0.3989346380625309,0.5849329194857115,0.5952604171729687,0.5077090552700096,0.5129321388858028,0.7768869020950039,0.784886948305527,0.6984653751696995,0.7130257084682001,0.5134273201612878,0.5233206970325542
720,normal,0.0310919422533703,0.069490273167064,0.003696868179976743,0.004185979942637193,0.6201336668027895,0.6208487393102852,0.016789150839008372,0.01250107830620821,0.6985227842848242,0.7044218852519106,0.5950122929045826,0.5981460361523656,0.7695622714876905,0.7701688143797972,0.6479634312950155,0.646046239674019,0.683436516882337,0.6918771189274298,0.4544939310028326,0.45571159495451136,0.7370669177899837,0.733520205569451,0.5821844226558343,0.579005216320076,0.7349962573640245,0.7285479153789025,0.4960815473095344,0.49168979904386084,0.5906657152522097,0.5933711548196282,0.401012614516001,0.4029067740745252,0.5979600997385145,0.6013908643282676,0.5200245526135628,0.5178946921266274,0.7954847067414216,0.7917525044403507,0.7147099580180428,0.7196490534551555,0.5230943157910095,0.5283286993779684
721,normal,0.159660551562976,0.1599268894696965,0.006874033332925441,0.007576823863048242,0.6148058817887915,0.621679915121717,0.016278133985915624,0.014498982052349335,0.6904951795389341,0.7003909461643709,0.5888619270101528,0.5964701760207177,0.7652040447269238,0.7687799685557567,0.6440277335876584,0.6466109330540375,0.6809372477049082,0.6932703343442144,0.4503457368349992,0.45759018411615754,0.730229416526684,0.7358368856506682,0.5772919110153801,0.5807138583649748,0.7251361352385075,0.7292392204688692,0.4910016592605714,0.4923329391340251,0.5863897340672825,0.5946798431855941,0.3976847435228288,0.40392838470503745,0.5942022592809751,0.6043497815344268,0.5146699885511484,0.5196572953606574,0.7849729041151856,0.7930948358804027,0.7088028369822816,0.7210009856001139,0.5214465324450341,0.5306119849291638
731,normal,0.083820583151507,0.1425628783226265,0.005290012475053086,0.006884993416056827,0.6168501615788081,0.6134728044997495,0.014016817690466959,0.010880059389933427,0.7431290031086848,0.7422714282052961,0.6149524265412599,0.615053195457896,0.792359149928624,0.77510768560924,0.6386161492400423,0.6422298271637173,0.6912372661330994,0.6808797706119589,0.4457530932920408,0.44476957809374046,0.7039796990330973,0.7123781110524458,0.5669564801749208,0.5622730372352286,0.7160344840457226,0.7084272811054546,0.4828738383822306,0.4797082928683964,0.587000588522272,0.580377533205071,0.3968527757745357,0.39441068539256613,0.5853087035314655,0.588656727506055,0.5077090552700096,0.5053003357715248,0.7817385033071128,0.7751948963861803,0.7154483481475129,0.7046994203921595,0.5165031824071084,0.5172998704388124
733,normal,0.0617705985787948,0.0766342120277479,0.0045243222213476545,0.005908111268572087,0.6128565294175096,0.6157786715815078,0.011193603832673937,0.006958642111246365,0.731769185072048,0.7371814377075644,0.6076367281615699,0.6122275790815758,0.7844808169380074,0.7754000245759791,0.6316583979359646,0.6423518195016436,0.684875490045099,0.6841973099516759,0.4447654280139853,0.4476636353132889,0.704058291001641,0.717093563145934,0.5630424708625577,0.5657564292132932,0.7130006003147942,0.7127136147477308,0.4813498719675417,0.4821388365762259,0.5833354617923343,0.5839603398761528,0.394772856403803,0.39686567174041865,0.5848076581371269,0.5930217733036058,0.5066381424575268,0.5090221516316853,0.7768869020950039,0.7786312543718522,0.7124947876296324,0.7089222151646756,0.5129879112690278,0.5210897609823288
734,normal,0.0430574728472049,0.0837391562026708,0.0037846001485387407,0.004533165939610188,0.6114098467403998,0.6146146056744081,0.010179024108266176,0.009229246918476167,0.701552069094594,0.7068348236205698,0.592487405853185,0.5949207427758293,0.7706518281778822,0.7660935013882059,0.6302527916119084,0.6387213573681917,0.6838151940304322,0.684422948397877,0.4476296573203464,0.4490719705990704,0.7194623168362009,0.7232116890363925,0.5717878354198693,0.5714175118860362,0.7160344840457226,0.7206583682019002,0.4849057936018158,0.48615945566519525,0.5827246073373447,0.5863365376924389,0.3960208080262427,0.39793456663444865,0.5885654985946662,0.5935153255956609,0.5087799680824926,0.5117997940595336,0.7744611014889494,0.783687728135556,0.7095412271117517,0.7118311007466807,0.5152948079533931,0.5218308746613499
742,normal,0.0692937395109938,0.1442904315626834,0.012285896728360135,0.012805507022135587,0.6058499804863051,0.6181358772146651,0.026708373440998863,0.025788843411989622,0.6566429217897563,0.6739276185757065,0.5670443132583337,0.5788427088897841,0.746765393046757,0.7550113574088609,0.6221002749323827,0.6373522975268696,0.6788166556755747,0.6887515047818412,0.449506221348652,0.4560990869051611,0.7226845875464915,0.734828701891797,0.5741117784490849,0.5808040293916884,0.7183098968439188,0.7297612228757118,0.4833818271871268,0.49275218408843624,0.5802811895173862,0.5953250270398909,0.3931089209072169,0.4046999856374629,0.5891918053375894,0.6075020786468205,0.5146699885511484,0.523245981029662,0.7801213029030766,0.7943489910780742,0.7051108863349309,0.7218870433532519,0.5176017046377586,0.5331700935282883
746,normal,0.055047103659337,0.109570978306119,0.022443300417080515,0.022925300302898934,0.5923899616028772,0.6148332620199577,0.008945542972570775,0.005096815433666587,0.7009462121326399,0.7320227277613012,0.5836179308264812,0.6088916249687236,0.7425747903921737,0.77173783214503,0.6236464418888445,0.6402307571519594,0.6563989685083349,0.6831072968632901,0.4279257350231377,0.44751824546758373,0.6971421977697977,0.7172681363999766,0.5506888789704111,0.5655469744033729,0.6898672368664657,0.7122061904063847,0.4677865708768103,0.48184557663194916,0.5593899671567413,0.5838951596779054,0.3774679272393071,0.39697283322437044,0.5677721147296153,0.5935965187105722,0.4900925395046663,0.5092350615946476,0.7550546966405137,0.7776673899038772,0.6830330214637733,0.7088289610145799,0.4972241172591974,0.5215941680137558
751,normal,0.0431721099583448,0.1230458353642462,0.01247705814935676,0.012927227014062823,0.6153528868695725,0.6278299450189292,0.02372816463076676,0.0216601335842532,0.6742885058066654,0.6914936025524349,0.5808988216942069,0.5937336385523236,0.7566552153115738,0.7724117533995197,0.6429032485284135,0.6502391552367756,0.6857843152005276,0.6990915837868442,0.4514321686408603,0.4620931967263015,0.7357308543247412,0.7464273896333695,0.5840191145210044,0.5898101790205968,0.7266530771039716,0.7404017770867686,0.4910016592605714,0.4997290116123166,0.587000588522272,0.6021853550342615,0.3951888402779495,0.40889963405203433,0.5979600997385145,0.6130761101296955,0.5221663782385286,0.52921907022209,0.7922503059333489,0.8060836230571312,0.7139715678885726,0.7302333025844515,0.5230943157910095,0.5379806826348815
756,normal,0.0427325811334158,0.0675119468604899,0.007343368610079291,0.008291511006982024,0.6254739866045931,0.6181306179945137,0.014896238720906178,0.011867938204042056,0.7073077102331566,0.7024816914223201,0.6007094739436332,0.595948342667138,0.7756805513633823,0.7671420174076947,0.6556239857611215,0.64234506847987,0.6918431495700518,0.6892788007696047,0.4580495260038326,0.45376922432850636,0.741310884091342,0.7301273856750234,0.5864653703412316,0.5759216567609742,0.7380301410949529,0.724619722880266,0.4965895361144307,0.4889494025909615,0.5955525508921267,0.5906742798207596,0.4035085177608802,0.4012116919197898,0.6029705536819002,0.599322089989481,0.5216309218322871,0.5159435946165905,0.8019535083575667,0.7876404518250968,0.7250474198306249,0.7162874783076952,0.5307839714055609,0.5265576064449621
759,normal,0.0777077462311222,0.1048307196222264,0.005175678382895778,0.006465156890406267,0.610681564667728,0.6151505080513949,0.02855527346444373,0.02422455363697858,0.6602023314412359,0.6738749247386305,0.5719646059738774,0.578293501031447,0.7476035135776736,0.7524839802751409,0.6280038214934186,0.6340335043561446,0.6712431127136694,0.6850334287251747,0.4495556046125547,0.4530301797059651,0.732901543457169,0.7309400423293769,0.5797381668356072,0.5776099635465212,0.7266530771039716,0.7258044478487498,0.4874457376262973,0.48995954087992305,0.5851680251573032,0.5919803631622568,0.3981007273969753,0.4022881770110708,0.5967074862526681,0.6036077584192043,0.5200245526135628,0.5203122067939304,0.7914417057313308,0.7903727919099847,0.7095412271117517,0.7179806250608178,0.5252913602523099,0.5299532010793742
763,normal,0.0237388143605631,0.0822263286014546,0.010960359071232528,0.012371125561298008,0.6302836555597494,0.6193232964885169,0.016106114876839127,0.013110742901958204,0.7096554059607282,0.7011831958436282,0.6036875458504097,0.5957153621223875,0.792359149928624,0.767880248507475,0.6497907195162886,0.6438489563050462,0.707671854360434,0.6903870081919822,0.460864372046291,0.4546698095665615,0.7444545628330889,0.7318438700471429,0.5956388296670829,0.577551998861793,0.7448563794895416,0.7269651742681975,0.5011614353584974,0.4904752293670852,0.6010502409870332,0.5921670960285633,0.4060044210057595,0.4020120018269685,0.6042231671677467,0.6003691347906732,0.5253791166759773,0.5170936778147089,0.8051879091656394,0.7905027451918681,0.7309545408663862,0.7182265182544054,0.531882493636211,0.5276040133162999
764,normal,0.055365028313975,0.0569294200648454,0.004865713061386804,0.006406887352855748,0.6251691961297963,0.6212023879351573,0.017773764965455515,0.015349656360377387,0.6986742485253126,0.6979002503127979,0.5977314020368567,0.594937877057144,0.784313192831824,0.7685068031538844,0.6433952107418331,0.6449727773564918,0.6996438988208145,0.6926508738100781,0.4566667946145549,0.4566757266763087,0.7405249644059053,0.7353999462836603,0.5895231901165153,0.5806111280929881,0.7410640248258812,0.7295785961486599,0.4976055137242234,0.49243279371606374,0.5967742598021059,0.5946259750362889,0.4030925338867338,0.40366562972543024,0.5998390199672842,0.6036250286408851,0.52270183464477,0.519946852009237,0.8019535083575667,0.7933817104214191,0.7257858099600951,0.7212466113334295,0.5285869269442605,0.5302820151229065
765,normal,0.0281906751159303,0.0264507334042051,0.005967413406531093,0.0075038308759357054,0.6251691961297963,0.6206785151088023,0.017773764965455515,0.015219157308355635,0.6986742485253126,0.6970076415081966,0.5977314020368567,0.5943404732092891,0.784313192831824,0.7681184278307956,0.6433952107418331,0.6408088599975149,0.6996438988208145,0.6947275835343698,0.4566667946145549,0.4576694173137905,0.7405249644059053,0.7348890038668373,0.5895231901165153,0.5791115401073501,0.7410640248258812,0.7268416892333506,0.4976055137242234,0.48975843009987974,0.5967742598021059,0.5941237444829487,0.4030925338867338,0.40422124602414444,0.5998390199672842,0.6063790593965841,0.52270183464477,0.5212973123343022,0.8019535083575667,0.7902051063641254,0.7257858099600951,0.7195674435907808,0.5285869269442605,0.5324677779553799
776,normal,0.0842148756168602,0.0628472921429517,0.01649178844337918,0.01802533569638022,0.6288380561343317,0.6123462676909526,0.010312581774488442,0.012039344194209598,0.7514595363355518,0.743974278032362,0.6220739028400734,0.6162566032312043,0.7915210293977074,0.7773531661022823,0.6585757590416395,0.6401048365052011,0.6982806610876713,0.6809115756871855,0.4526667502384298,0.44450682494133315,0.7289719450299853,0.7115125062112431,0.5766803470603235,0.5592428547896577,0.7312039027003642,0.7035280444879516,0.4965895361144307,0.4759087859035326,0.5986068231670747,0.5782067217890939,0.4047564693833199,0.39335435974241173,0.6004653267102074,0.589558497208461,0.5200245526135628,0.5058616424749287,0.8019535083575667,0.7701772217856737,0.7294777606074458,0.7019999996610224,0.5269391435982852,0.5174286321926482
787,normal,0.154634570734232,0.2538439745235825,0.0042344879271653995,0.00497421984605266,0.6159265352163988,0.618805290396455,0.01574482972204332,0.012076512790193136,0.7461582879184546,0.7509919533005419,0.6149524265412599,0.6208486755661174,0.7877494870085824,0.7859742314432027,0.6529533337454149,0.6475432619085085,0.6885107906668135,0.6874784245662409,0.4460493928754575,0.44831179807251187,0.7144324308494058,0.7172310867365357,0.5561317981704161,0.5642010720660071,0.7160344840457226,0.7132712108560865,0.4803338943577491,0.4825430669740472,0.5833354617923343,0.5860499347227454,0.3918609692847773,0.39799241928268386,0.5841813513942037,0.5941217793603434,0.5028899476138368,0.5094586120082322,0.7801213029030766,0.7795785412451441,0.7095412271117517,0.711783103484642,0.5155145123995232,0.5223107651461465
794,t2 alarm only,2.028897605259215,0.4831176070057175,0.002347392927782469,0.002976102107253752,0.6183840873592829,0.6193133774459225,0.014237659826417434,0.011108838322977373,0.7009462121326399,0.7075823768315146,0.5948180708237059,0.5978920978710518,0.7723280692397156,0.7717199425968212,0.6469092265519736,0.643810062511684,0.6878291718002421,0.6895349004189497,0.4517778514881798,0.4528448715220033,0.7291291289670727,0.7303902586128337,0.5766803470603235,0.5770174024431908,0.7304454317676321,0.7281298167993507,0.4899856816507788,0.49079068231600254,0.5900548607972201,0.5906842566870794,0.3997646628935615,0.4009252647172845,0.5929496457951288,0.5973243510882165,0.5125281629261826,0.5159314545859196,0.7971019071454578,0.7910709386472091,0.7161867382769831,0.7172778470698818,0.5230943157910095,0.5254008918616879
798,normal,0.0542867349389694,0.0622340856954558,0.00975133584795278,0.010662403754290789,0.6053076306421774,0.6150589664901303,0.02771828726065893,0.024608004392278518,0.6572487787517103,0.6730191275109221,0.5656200179985709,0.5774713048596737,0.7449215278787403,0.7524736619640859,0.6216083127189631,0.6340281333345207,0.6682894309585263,0.6849581214507047,0.4446172782222768,0.45290764594378485,0.7220558517981421,0.7307198421584238,0.5731332761209942,0.5775711830275688,0.7213437805748472,0.7263100042121738,0.4818578607724379,0.49006983792452874,0.5815028984273655,0.5919196691236727,0.3943568725296565,0.4020662041350752,0.5866239476916042,0.6034445459010174,0.514134532144907,0.5204380521989924,0.7898245053272944,0.7907771209200001,0.7065876665938712,0.7181444972292387,0.5165031824071084,0.52968347843783
800,normal,0.0293823224607128,0.0255581870216803,0.011713430877119091,0.012780502028820286,0.6371854264557735,0.6254719955786545,0.00979541984425724,0.008174038201537056,0.7544888211453217,0.7481939291020245,0.6298427860751424,0.6203867881243813,0.813312163201541,0.7894763591333201,0.6599813653656955,0.6510431746260371,0.696463010776814,0.6934008055727953,0.4612594381575132,0.45192156536188427,0.7389531250350319,0.7245177554970518,0.5870769342962884,0.5721270297064811,0.7448563794895416,0.7240421444829118,0.5031933905780828,0.49078969449591986,0.6047153677169709,0.595611584525647,0.4114122113696644,0.40429002984134904,0.6123651548257486,0.6026064531675459,0.527520942300943,0.5175377220525117,0.808422309973712,0.7929645506669724,0.739815222420028,0.7242251885771932,0.5384736270201123,0.5298891499031007
802,normal,0.0818512714998957,0.1871763870948739,0.010880141861934638,0.012350162308278484,0.6220697694310876,0.611189627569153,0.009775203446756298,0.010521404670762487,0.740099718298915,0.7389559899261894,0.6162472404137715,0.6130040525015055,0.789844788335874,0.7753834806071663,0.6464172643385538,0.6379442467109775,0.6859357860597658,0.679665812111232,0.4511852523213465,0.4439012166574659,0.7205626043958123,0.7102492958436409,0.5711151150693068,0.5584318495884204,0.7243776643057754,0.7033070267068503,0.4915096480654677,0.4759321650406078,0.5912765697071993,0.5782900497519692,0.4018445822642941,0.3932602792459818,0.5942022592809751,0.5882226780323733,0.5135990757386656,0.5049880026835109,0.7890159051252763,0.7700325662077343,0.7243090297011548,0.7021707273153345,0.5236435769063346,0.51648422974464
803,normal,0.1002974680232767,0.1095774178036699,0.01200673402873155,0.01373395892816068,0.628507990690567,0.6165012566618353,0.009236037573099917,0.009514713408879433,0.7446436455135698,0.7438567074258425,0.6201316820313061,0.6163936198622753,0.8007403552377909,0.7802064204477192,0.6535858565912401,0.6431464380348231,0.6897982929703375,0.6860581610364331,0.4555803628086937,0.44750285487032093,0.7293649048727037,0.7157773947072313,0.5791266028805504,0.5632329738915896,0.7342377864312924,0.7092794997732201,0.497097524919327,0.48025791699734033,0.5955525508921267,0.5843734731803083,0.4043404855091733,0.3974002859891982,0.6035968604248234,0.5946547508153388,0.5200245526135628,0.5098847560598558,0.7971019071454578,0.7765803133713014,0.7294777606074458,0.709454801608315,0.5302347102902357,0.5224609951800878
805,normal,0.0555698338127161,0.0992844812772753,0.0030839188052567755,0.00418151169886374,0.6139687983448723,0.6115390089379863,0.013146960645420945,0.008947809788682388,0.7033696399804559,0.7046722140395039,0.5915162954488014,0.5924337335324718,0.7646173603552822,0.7606350068637385,0.6352426940623076,0.634633121379893,0.6781350368090032,0.6804641467456907,0.4471358246813186,0.44635773183143584,0.7196195007732882,0.7182751910857837,0.5689746412266082,0.5674655169479108,0.7228607224403112,0.7161301929050897,0.4889697040409862,0.4835821831365042,0.5900548607972201,0.5845497922669983,0.3981007273969753,0.3967063606508641,0.5916970323092823,0.5915924030034071,0.5114572501136998,0.509306626076054,0.7865901045192218,0.7795272796197686,0.7198786889243339,0.7095711860701731,0.5192494879837338,0.5202604657904789
807,normal,0.0591678964495263,0.138820356108924,0.009893845966470449,0.010301402841555066,0.6089805678968807,0.6188744138633512,0.019816612971392603,0.020822607493350177,0.6776964512176565,0.6845007641007547,0.5772733428511746,0.5857067627133413,0.7558170947806571,0.7615012231952589,0.6308853144577337,0.6400946922401549,0.6759387093500506,0.6890573815209987,0.4466913753061936,0.45467435972847087,0.7209555642385307,0.7347202656653753,0.5705647075097557,0.5808947841564093,0.7243776643057754,0.7301088361431011,0.486937748821401,0.4925631775223393,0.5833354617923343,0.5937937158853708,0.3943568725296565,0.4030082812995131,0.5898181120805126,0.6034216098834835,0.5109217937074584,0.5214637125819214,0.7833557037111492,0.7945630639550074,0.7080644468528114,0.7208298494341738,0.5156792907341207,0.5299625556512954
810,normal,0.4401839648366892,0.2547138740303779,0.012060376577730805,0.013319063057195832,0.6327473642121046,0.6206869876343738,0.011269665793936115,0.011298642527846611,0.7620620331697462,0.7517229847464888,0.6233687167125849,0.6221174177608136,0.8040928373614575,0.7874176171514857,0.6613869716897517,0.6487447414798098,0.6996438988208145,0.6896971294077446,0.4525679837106243,0.4496191324483494,0.7325871755829942,0.7196907351515767,0.580349730790664,0.5661435950152454,0.7357547282967567,0.7154931288069311,0.497097524919327,0.48415261885840866,0.6004393865320435,0.5882667627126743,0.4068363887540525,0.39948818885657467,0.6048494739106699,0.5966271362467936,0.5243082038634944,0.5114584370849391,0.8076137097716939,0.7821649712701534,0.730216150736916,0.7143382340706507,0.5335302769821864,0.5245359587157145
811,normal,0.0852186566924188,0.1009818349959447,0.010209291094700656,0.011457335021896938,0.6273395698214365,0.6171302787267358,0.010944358843324923,0.01058542213105283,0.7560034635502065,0.7461654371919155,0.6194842750950503,0.6182899258738377,0.7957116320522908,0.7821263426631208,0.6542886597532682,0.6445324068761423,0.6950240376140522,0.6851439347471243,0.4498025209320686,0.4474516761526372,0.7263784100680442,0.7161400091821988,0.5742340912400963,0.5635923352473047,0.7296869608349,0.7109451965758582,0.493541603285053,0.4813046376689099,0.5943308419821475,0.5849131889345355,0.4030925338867338,0.39753475816365974,0.5998390199672842,0.593859956555766,0.51895363980108,0.5092886593465411,0.8011449081555486,0.7778582387587234,0.7235706395716845,0.7101524784967359,0.5296854491749107,0.5219155559194972
812,normal,0.0682680754046149,0.2399676845607626,0.017493731290371156,0.01857640262663125,0.6373333564939411,0.61983962520357,0.009117510806169418,0.006560320257774667,0.763576675574631,0.740584142296747,0.6279005652663752,0.6144609238940222,0.8049309578923742,0.780305811939609,0.6610355701087377,0.6447274334586252,0.7049453788941481,0.689069361808161,0.4580495260038326,0.44968183652216814,0.741310884091342,0.719762377711456,0.5864653703412316,0.5674064518580405,0.7433394376240775,0.7153411713474801,0.5026854017731864,0.4846813157670557,0.6041045132619812,0.5898558655889756,0.4097482758730783,0.40107334414623935,0.611112541339902,0.5994022930499261,0.527520942300943,0.5140353267139488,0.8140825113878392,0.7835120190855999,0.735384881643207,0.7162312787136933,0.5384736270201123,0.5271426745589419
828,normal,0.1220804597084447,0.0973527734244321,0.012088943105330381,0.014127027238896871,0.6350882608876534,0.6231776973358178,0.01473102480997875,0.00713595877129176,0.7703925663966132,0.7459387033169534,0.6337272276926771,0.6187483124480038,0.8040928373614575,0.7853544812791851,0.6712262159581446,0.6491203736098166,0.7070659709234816,0.6925332568626579,0.46422243399168,0.4520101713518121,0.7405249644059053,0.7235978089995252,0.5827959866108909,0.5705596994844648,0.738788612027685,0.7198525736711592,0.5011614353584974,0.4874054942578275,0.5992176776220643,0.5925361627214468,0.4047564693833199,0.40272318008788577,0.6017179401960537,0.6016230079563288,0.5184181833948386,0.51588385556349,0.8043793089636212,0.7876924459470229,0.7265242000895652,0.7194366962330067,0.5274884047136102,0.5290046309183176
829,normal,0.4916207562630188,0.2301996732071991,0.03553857544226409,0.03736991585874537,0.6548763027991961,0.6193377273569319,0.01184233186859516,0.005322637222397271,0.7734218512063831,0.7306656159627077,0.6389064831827231,0.6078931855500845,0.8216933685107076,0.7741254878396187,0.6894990981708743,0.641933833165587,0.727590272350245,0.6877255063729449,0.4778028315649441,0.44969204191462997,0.7680321533961909,0.7214766875729612,0.6066469808581046,0.5693940270267697,0.7729198040006287,0.7197064401553752,0.5194490323347645,0.48716778820858575,0.6163216023617736,0.5913889531877655,0.4176519694818625,0.40161773667323264,0.6236386761983665,0.599520472694591,0.5398364396444961,0.5144376473091653,0.8407663180544384,0.7862922872058841,0.7531062447504907,0.7182633439990198,0.5456140215193385,0.5274403102289195
831,normal,0.0271753459077687,0.0695196992725372,0.006940457941634262,0.007804116653475874,0.6215731561104206,0.6212626342735266,0.01199575909535534,0.00611203208851172,0.7363131122867027,0.7311884793783318,0.6077014688551954,0.6088558420721073,0.7788654093808656,0.7750171206122264,0.6545697810180794,0.6423975933397033,0.6922218267181471,0.6893918558929505,0.4542963979472215,0.4508798017659914,0.728814761092898,0.7226832623648372,0.5748456551951531,0.5709144544320649,0.7334793154985604,0.7215258690218134,0.4930336144801566,0.48878376136393437,0.5851680251573032,0.5939508019078561,0.3956048241520961,0.40393180722576544,0.5916970323092823,0.6033570190989491,0.5114572501136998,0.516943175697169,0.7971019071454578,0.7891262544738981,0.7139715678885726,0.721645847330593,0.5176017046377586,0.5308718366717594
833,normal,0.2218508944918345,0.1704317989322392,0.008384852279488167,0.009908115378448405,0.6198217228288999,0.611856324220657,0.013325581457931003,0.010584245773546372,0.7085194241570645,0.6983982482362135,0.5968250323260986,0.5906814200702238,0.7771053562659407,0.7592326635090797,0.647471469081596,0.6345038513885017,0.6881321135187183,0.6837375558884401,0.4562717285033326,0.4491041015413598,0.7299150486525093,0.721978136339973,0.580349730790664,0.5686601419989546,0.7319623736330962,0.7157752971475143,0.4910016592605714,0.48304692412041,0.5918874241621889,0.5845720040442207,0.3993486790194149,0.39771084249134553,0.5929496457951288,0.5946055738919914,0.5119927065199412,0.5108010163533212,0.7946761065394033,0.7774093352880925,0.7176635185359235,0.7085337000030977,0.5208972713297091,0.5228066994384302
838,normal,0.2085939971850597,0.0968515232102514,0.015461542461455188,0.017934935677074503,0.645544618338751,0.630083075877296,0.01740538222808151,0.008294686717444384,0.7908402388625596,0.7560839471198842,0.6512072149715826,0.6270467336980791,0.8250458506343744,0.7945806443477739,0.6803626570645095,0.6561955624806791,0.7089593566639579,0.6991343219736079,0.4614075879492216,0.4565757381788244,0.7507419203165827,0.7307402298640691,0.5907463180266289,0.575712988840466,0.7501656760186662,0.7274272501131214,0.5057333346025642,0.49275578425959093,0.6102130578118775,0.599648537353706,0.4097482758730783,0.4076204640265028,0.6142440750545182,0.6082567419321294,0.5291273115196673,0.5206690220638537,0.8124653109838028,0.7957735220752401,0.7420303928084384,0.728152800022184,0.5412199325967377,0.5350380015643178
841,normal,0.1236212178290879,0.1057590329613623,0.019611665954965402,0.021166978058118274,0.6403570083245725,0.6207453423696071,0.011849934634423579,0.004884487512524335,0.7681206027892858,0.7355888697658413,0.6376116693102116,0.6115042057759019,0.8074453194851242,0.777481332850448,0.6705234127961165,0.6442903247442926,0.7042637600275766,0.6892951370387436,0.4593828741292077,0.4509749163117356,0.7460264022039623,0.7228691437223201,0.5895231901165153,0.5702006517314381,0.74789026322047,0.7199555556381223,0.5042093681878753,0.4871966151428061,0.6114347667218567,0.5916002899791163,0.4093322919989318,0.40199455641714066,0.6117388480828253,0.6007438834963789,0.5269854858947016,0.5152667741464451,0.813273911185821,0.7870529263393523,0.7420303928084384,0.7183719883538073,0.5362765825588118,0.5282836488294304
842,normal,0.1110222965081124,0.1837189903957067,0.010386801276651193,0.012290945934109553,0.6307546702802604,0.6203678690036093,0.01177519506319203,0.0050987722402215,0.7575181059550915,0.7356737173627789,0.6304901930113982,0.6113144393198894,0.7965497525832075,0.7770694520428222,0.6586460393578422,0.6441748016726415,0.6934335935920519,0.6890899312580688,0.4531111996135548,0.4506370359447812,0.7363595900730906,0.722163695554301,0.580349730790664,0.5695168444696799,0.7349962573640245,0.7194177508443892,0.4950655696997419,0.48707321672819587,0.602882804352002,0.5912873539578142,0.4039245016350268,0.40175884720070554,0.602344246938977,0.6002932662427023,0.5184181833948386,0.514616785686145,0.797910507347476,0.7861577013622443,0.7316929309958563,0.7180306813753731,0.5291361880595856,0.5279782520388269
843,normal,0.1235095582216699,0.0989342511543141,0.005571848844044397,0.006719182616933551,0.6226492231295929,0.6178005180152486,0.010198678403212418,0.006614961267257414,0.7287399002622781,0.7190836116011449,0.6110679849237254,0.6020944839204322,0.7784463491154073,0.7700469537931499,0.6490879163542606,0.6408641241998452,0.6856328443412896,0.6861969620593733,0.4501975870432909,0.4498945111600372,0.7293649048727037,0.7232893276226481,0.5772919110153801,0.5711676469787547,0.7342377864312924,0.721380355512833,0.4940495920899492,0.4877203986595612,0.5943308419821475,0.5900938379843381,0.3997646628935615,0.4006666792918045,0.5960811795097448,0.597495270798084,0.5157409013636313,0.5141099826360374,0.7971019071454578,0.7863038836166031,0.7213554691832742,0.7163892254511104,0.5225450546756844,0.52581155097347
856,normal,0.1290666903530624,0.130114441550314,0.0069402656157803,0.009559434423230853,0.6126976324847825,0.6074061313220045,0.017037714879911167,0.014623770385966212,0.6980683915633586,0.685045002042809,0.5913220733679247,0.5811540268337503,0.7562361550461154,0.7508045366348097,0.6364374594377553,0.6287068276025599,0.6786651848163366,0.678531863059737,0.4448148112778881,0.4466961673331008,0.7200910525845503,0.7184886973301905,0.5748456551951531,0.5666852148757279,0.7319623736330962,0.7120681848171052,0.4904936704556751,0.4805353204844562,0.5827246073373447,0.5816196878163629,0.3943568725296565,0.39524858600095886,0.5848702888114192,0.5920927472296907,0.5098508808949754,0.5093229172178481,0.7971019071454578,0.7737659895894512,0.7080644468528114,0.7051655724080022,0.5159539212917832,0.5199728911975169
859,normal,0.0363428394524467,0.1217968907185812,0.002618685274129477,0.0031644767451371567,0.6179058372492683,0.6155523097124558,0.011348730249434818,0.010350260892130536,0.7363131122867027,0.7378862794471928,0.6155998334775157,0.6140195267851938,0.7881685472740407,0.7817313501838836,0.6395297933506788,0.6402104669573827,0.680634305986432,0.6800917334140661,0.4450617275974019,0.44440322669248483,0.7166330059686287,0.7138735007735033,0.5662837598243584,0.5633746095928657,0.7183098968439188,0.7136164052566453,0.4879537264311936,0.4840753559441019,0.5924982786171785,0.5875182329866239,0.3993486790194149,0.39747202045189445,0.5910707255663591,0.5900312338959517,0.5071735988637682,0.5061384968802538,0.782547103509131,0.7785552121827136,0.7169251284064533,0.7122842517278499,0.5203480102143839,0.5191073619391398
877,normal,0.1286523920810753,0.1065205364968615,0.008453777721509636,0.0096214956802663,0.6083994489588926,0.6168532266804023,0.021159657611598052,0.020888553136076904,0.6791353615022973,0.6824379095101621,0.5739068267826447,0.5838253505815179,0.7559847188868405,0.7586162512658581,0.6332045648924262,0.6368150979529155,0.673515175602241,0.6864197728705183,0.4419999652354296,0.4533455285545125,0.7233919152633845,0.7326827320927596,0.5748456551951531,0.5792218985239085,0.7251361352385075,0.7278590554300748,0.4854137824067121,0.49084126459878985,0.5796703350623966,0.591520725011593,0.3922769531589238,0.4015941962178984,0.5839934593713267,0.6021576410924502,0.5119927065199412,0.5205907260501786,0.7890159051252763,0.792291298862654,0.7051108863349309,0.7178386910846821,0.5141962857227429,0.5284467138663653
879,normal,0.805432459510542,0.2997620058130594,0.009028549197905097,0.01009389357458316,0.6055826296470797,0.6146111788449846,0.012728640862316697,0.010539360578586945,0.7272252578573932,0.7431846354111614,0.6003857704755053,0.6159889477877164,0.7732500018237239,0.7785181820800962,0.6315178373035589,0.6420244329845938,0.6752570904834791,0.6821647197193724,0.4363702731505128,0.44608056047926414,0.6992641809204769,0.7135915768248328,0.5489153435007464,0.5616159664695484,0.6989688880592507,0.7076664501203621,0.4788099279430601,0.4793710415530436,0.5772269172424381,0.5823976438836218,0.3935249047813635,0.3961942808960235,0.5772919772220483,0.5916087238972529,0.4979637486764154,0.5071190984009969,0.7663750994687679,0.7742487324053283,0.7036341060759905,0.7069366484048082,0.508923379015622,0.5196783990467172
881,normal,0.1228628211125307,0.1058716109384814,0.004176889417172699,0.004973889670748507,0.6113775100326907,0.6103078672596021,0.012616069202372156,0.009839672470687792,0.7076106387141335,0.6994864255134141,0.5902214815762898,0.5900474452058819,0.7626058710810821,0.7582276070499964,0.6367888610187693,0.6326015865698598,0.6754085613427173,0.6803417385109974,0.4418024321798185,0.44680344394661614,0.7155327184090172,0.7187041970161662,0.5678126697120003,0.567099885644008,0.7190683677766508,0.714695065761984,0.4884617152360899,0.4823702395851692,0.583946316247324,0.5833438203249771,0.3956048241520961,0.39623067991043015,0.5849955501600038,0.5916655664399212,0.510386337301217,0.5090925590191767,0.7865901045192218,0.7768918476900271,0.7124947876296324,0.7075351448306946,0.514086433499678,0.5200964903939137
893,normal,0.4103953114573158,0.2257244682432644,0.005450861310265098,0.005924914549865394,0.6299374141568447,0.6244865528465796,0.025128268712797053,0.02364895010338033,0.6884504122923394,0.684490973766635,0.5906099257380434,0.5879298315089511,0.7717413848680739,0.766355096441527,0.6504935226783166,0.644744442616249,0.7044152308868147,0.6948997637536563,0.4616545042687354,0.4592906943606289,0.7460264022039623,0.7423050057979474,0.5956388296670829,0.5868679276468157,0.7440979085568096,0.7377117729195148,0.5031933905780828,0.49790449764550543,0.6089913489018982,0.5998678927178801,0.4114122113696644,0.4073101620740065,0.6142440750545182,0.6106488036774965,0.5307336807383917,0.5281659273879492,0.8124653109838028,0.8039034571315344,0.7346464915137368,0.727790324914881,0.5401214103660875,0.5360848240306754
907,normal,0.040866695088722,0.246351814558114,0.010369006530157801,0.011351577361454786,0.6005117334677056,0.6108807399978633,0.013525767260580359,0.011190774871791199,0.7257106154525083,0.7403595657919858,0.60090369602451,0.6130923089790566,0.7609296300192488,0.7740912814246683,0.6320097995169786,0.6376608527170872,0.6623820674482401,0.6779924355771618,0.4402715509988324,0.4436448803785014,0.7012289801340688,0.7091404198293899,0.5526458836265927,0.557666803761481,0.6949489921157707,0.7030675861071923,0.4715964869135326,0.4763127204461789,0.5700799201190596,0.5788716963462835,0.389365066039898,0.39384660711504443,0.5693378815869233,0.5876544726937286,0.4921272738483837,0.5038454364843828,0.7572379171859628,0.7690267347620497,0.6891616595383756,0.702483426247825,0.4987620483821077,0.5162153513016587
911,normal,0.1989524723730689,0.0602073065636373,0.01114940727676373,0.012262604327178695,0.605138086755945,0.6162874940327088,0.024474150908782383,0.018544367592398654,0.6630044198902729,0.6863747502540883,0.571122976956745,0.5857228579108474,0.746262520728207,0.760507653444988,0.6271604576989849,0.6380149083486366,0.6676078120919549,0.6864588349890506,0.4430863970412908,0.45246910045290073,0.717025965811347,0.7306495858026679,0.5735002144940282,0.5774895127911092,0.720585309642115,0.7261319659912461,0.4849057936018158,0.48966713784667,0.5778377716974278,0.5905387799734595,0.3926929370330704,0.40080293343498724,0.586373424994435,0.5999320321227977,0.5109217937074584,0.5184284796837576,0.7857815043172037,0.7901613181732539,0.7036341060759905,0.716666375836777,0.5158440690687182,0.5268711714988111
915,normal,0.122444658579898,0.1514326415954748,0.0033999891999659184,0.004399816923691981,0.6216526690624211,0.6204382540817461,0.00913194595579752,0.005974623023683828,0.7347984698818179,0.7384918651273247,0.6117153918599811,0.6131781674375983,0.7890066678049574,0.7801756931884459,0.6507043636269251,0.6444923719498443,0.6898740283999565,0.6898435681127727,0.449506221348652,0.4500755381555319,0.7181262533709585,0.7205057289913591,0.5701977691367217,0.5682345271056469,0.7236191933730433,0.7168606681243507,0.492017636870364,0.48579804489966655,0.5912765697071993,0.5913810834765268,0.401012614516001,0.40202661488016544,0.5973337929955913,0.6003698790457199,0.5130636193324242,0.5146092127457177,0.7930589061353671,0.7849391040718293,0.7191402987948637,0.7180524511541949,0.5236435769063346,0.528415800922989
926,normal,0.118116889856943,0.1705895363039829,0.0047148404587155435,0.006109873613289191,0.6232687408152487,0.619178455963582,0.015608920543675275,0.011549490978529501,0.7028395151387461,0.7046454109412249,0.6003857704755053,0.5971343260582976,0.7746748067262823,0.7690778662825422,0.6567484708203665,0.6436270296785638,0.6894953512518612,0.6904009184359273,0.4536050322525826,0.4542233708871938,0.7365167740101779,0.7308112444705332,0.580349730790664,0.5766947341140984,0.7357547282967567,0.726148898430798,0.4965895361144307,0.48990798085122134,0.5943308419821475,0.5914038478840077,0.3997646628935615,0.40174358393231935,0.602344246938977,0.5998705443622403,0.5184181833948386,0.5165378752025818,0.8019535083575667,0.7892526183192178,0.7243090297011548,0.7172540873153843,0.5274884047136102,0.5272994142147416
927,normal,0.332250682113696,0.1913350725321781,0.025062745583931383,0.026144144560111528,0.6400159029040775,0.6149531573201461,0.011027249991878447,0.006944899153943965,0.7620620331697462,0.7364521020678632,0.6324324138201656,0.6108206840156286,0.8099596810778742,0.7743484232654773,0.6691178064720603,0.6383659526343511,0.709262298382434,0.6841863045323419,0.4583952088511521,0.44619671357057766,0.7351021185763918,0.7142988045350513,0.5840191145210044,0.562270766326819,0.7403055538931491,0.7083584521026054,0.5016694241633938,0.47931992357353936,0.6120456211768462,0.5849093538943883,0.4159880339852763,0.39783661779862534,0.6161229952832878,0.5963206276608057,0.527520942300943,0.5104919879627398,0.8173169121959117,0.7761305408140579,0.7449839533263191,0.7097187676923041,0.5439662381733632,0.5241776519953095
931,normal,0.0313744208760631,0.1292934322711151,0.005984687844915815,0.007351885362745972,0.6155046997512892,0.6186995491316755,0.010960865737963588,0.006140284346080688,0.723438651845181,0.7393354274216077,0.6006447332500077,0.6137607456882197,0.7689755871160489,0.7784513077227108,0.6368591413349722,0.6424232065238819,0.6785137139570986,0.6875687588234347,0.4415061325964018,0.4488710110047683,0.7105814243907659,0.7195000960039173,0.5650606319142449,0.5674252122461473,0.7190683677766508,0.7157222158806728,0.486937748821401,0.4843458687703433,0.5906657152522097,0.5876158533884986,0.401012614516001,0.39954806657199315,0.5942022592809751,0.5980734164033086,0.5114572501136998,0.5130513345515049,0.7922503059333489,0.7827445281037432,0.7176635185359235,0.7139081111717829,0.5247420991369848,0.5255471749619475
937,normal,0.2806939343589052,0.3722390440416258,0.03000482604296604,0.03096687302006382,0.568950563293345,0.598955389336311,0.017479548581504245,0.010663939077376434,0.697235338240672,0.7233524508720114,0.5772086021575491,0.5990945075005951,0.7175149865177651,0.7595822553733369,0.6053032793599121,0.6254328252968382,0.6198187560023323,0.6634680902507896,0.4133082889079152,0.4340637345847,0.6610684842082518,0.6949797476505387,0.5234742829703852,0.5472103012939207,0.6556601978002488,0.6909198343393886,0.4455366612223522,0.46851129917045,0.5347114471751607,0.5686574292843667,0.3656539852135456,0.3864037700524763,0.5425945836641018,0.5753768387751151,0.4649260884113186,0.4935125830867482,0.7173739272264676,0.7557611469529483,0.65194679701308,0.6906607829498402,0.4788238698958066,0.5052540212832235
944,normal,0.290670705104061,0.5903613936712435,0.0048311478682674085,0.005843157541688786,0.6160463925027768,0.6128254257117046,0.012201298953930444,0.009849806621590185,0.7090495489987743,0.7019161557978415,0.6001915483946286,0.5925610767785068,0.7637792398243655,0.7614201772760608,0.6474011887653932,0.6357618081652238,0.6770747407943365,0.6833563950932678,0.4505432698906103,0.4486837021852127,0.7272429217220245,0.7221011172025725,0.5733167453075112,0.569611767300381,0.7266530771039716,0.7176382779997424,0.4899856816507788,0.48443034794636797,0.5863897340672825,0.585254798012135,0.3976847435228288,0.39769175219648967,0.5898181120805126,0.5942285503107421,0.5082445116762511,0.5112319496295885,0.7898245053272944,0.7799115613100411,0.7124947876296324,0.7099510930232669,0.5230943157910095,0.5222817068715375
949,normal,0.1651915060739402,0.5009959627357429,0.007423586166334082,0.008446058949716388,0.628448275698955,0.6210246895326208,0.025873568497691717,0.025151836518456917,0.6826947711537767,0.6780691188036909,0.5933937755639431,0.5828796124956634,0.7711547004964323,0.7596930158691927,0.6506340833107224,0.6402647264974268,0.6917674141404329,0.6910495271296111,0.4602717728794577,0.4568003520755609,0.7515278400020196,0.7382308135683932,0.5919694459367424,0.5835486864809565,0.7448563794895416,0.7336634857715603,0.5016694241633938,0.4953408387953994,0.6022719498970125,0.597488720173223,0.4085003242506387,0.40589825853998734,0.613617768311595,0.609078135058435,0.5328755063633575,0.525944413390794,0.8156997117918755,0.7997528094502055,0.7316929309958563,0.7249351379669664,0.5390228881354373,0.5347820699874893
964,normal,0.2479141347175985,0.3155545724419306,0.004030203942031218,0.004936836138913995,0.6182850118713032,0.6216108652878757,0.017600037543207273,0.015310409472840212,0.6911010365008879,0.6985559481958289,0.5885382235420249,0.5951484622915004,0.7702327679124239,0.7684650795729788,0.6472606281329876,0.6450263069609407,0.6924490330070043,0.69378700259212,0.4570618607257771,0.4571509552721696,0.7291291289670727,0.7357421909771048,0.5791266028805504,0.5807059000530947,0.7281700189694358,0.7297802535735795,0.4945575808948456,0.49257261093993665,0.5882222974322512,0.5949452522432672,0.4005966306418545,0.4040749827507476,0.5954548727668216,0.6045648354554601,0.5168118141761142,0.5204943250243917,0.7930589061353671,0.7936684035999318,0.7132331777591026,0.7216747614201728,0.525840621367635,0.5310274389706598
969,normal,0.1490982549371164,0.1713581909154959,0.005345146933964321,0.005915683909711317,0.6186928582040059,0.6222359476272981,0.011592031748289839,0.006159183052278854,0.7446436455135698,0.7417122283856461,0.6188368681587946,0.6156761373929606,0.7859056218405657,0.7814815488927228,0.6488770754056521,0.6465131172841516,0.686541669496718,0.6912605021068964,0.4452098773891103,0.4514693689419619,0.7252781225084327,0.7228408126308207,0.567873826107506,0.5698149429300265,0.7130006003147942,0.7192204075395937,0.4833818271871268,0.4872517756127313,0.587000588522272,0.5929550124157328,0.3956048241520961,0.403080634232962,0.5923233390522055,0.6021526552571693,0.5044963168325611,0.515988056330327,0.7817385033071128,0.7869831060671378,0.7139715678885726,0.7199748659542216,0.5230943157910095,0.5296359376890051
977,normal,0.0974122140488613,0.0508432343770772,0.022786671049208042,0.02384987378341854,0.6446681427793342,0.6218814717301261,0.010238429981094418,0.007053568722988242,0.7582754271575338,0.7452551090531341,0.6317850068839098,0.6183489135074369,0.8124740426706243,0.784498103201365,0.6677122001480043,0.6473273083999583,0.7121402447079581,0.691763623048411,0.4644693503111939,0.45159875989783793,0.7452404825185257,0.7227904156576178,0.5889116261614585,0.569522129782942,0.7448563794895416,0.7171469571826685,0.5077652898221495,0.4854657247477407,0.6205975835467009,0.5903453550064961,0.4222277920974743,0.40156213067975843,0.6223860627125201,0.6009092787890474,0.5339464191758403,0.5154369304104855,0.8221685134080207,0.7851634631394251,0.7538446348799608,0.7167526152090585,0.5505573715572644,0.5280982016987608
994,normal,0.0940458652685764,0.0676526704416574,0.009527288392168095,0.010527903151757074,0.606329035810131,0.6158563242022991,0.010001883724701309,0.0043839439428121066,0.7107156556441476,0.7270661860670038,0.5916457768360526,0.6051917511847071,0.7575771478955822,0.7710860383416219,0.6276524199124045,0.6377750720992429,0.6699556104101455,0.6846915420783952,0.4371110221090545,0.44762128574898224,0.7021720837565929,0.7176992143178288,0.5566822057299673,0.5661054694943692,0.708222233438582,0.712919666215889,0.4808418831626453,0.48278851481500196,0.5808920439723758,0.5875680392611982,0.3939408886555099,0.39943478824419143,0.5846197661142499,0.5973256191553148,0.5039608604263196,0.5128548644708093,0.7793127027010583,0.7805692018721437,0.7073260567233414,0.7132720246216456,0.514965251284198,0.5255882334507398
996,normal,0.0774081584561641,0.0582852935713282,0.02123262585083158,0.021511688656004814,0.587075741639944,0.6083083674907757,0.00942003022160008,0.009789402950151078,0.6770905942557026,0.697582605764616,0.5684038678244708,0.5879167107027521,0.7354507658793819,0.7564718433480799,0.6085361739052412,0.631078735336453,0.6523849907385251,0.6779439281808145,0.4286171007177766,0.44497431701658596,0.6925838635942647,0.7161941937735016,0.5476922155906329,0.5654283727894887,0.6879710595346354,0.7125247402752367,0.4651450290913496,0.4809829898812815,0.5584736854742569,0.5811421871294673,0.3785078869246736,0.39463979771814145,0.56439005831783,0.5890329609765397,0.4904138133484111,0.5073203198247248,0.7504456754890102,0.7750149848634752,0.6788241977257935,0.7051430038908564,0.4953566294670921,0.5178505558711702
999,normal,0.0935348699164496,0.0944704391733994,0.0030136645444634558,0.003724269499559606,0.6084767290260337,0.6085491614808614,0.010331499364169798,0.010594245061876005,0.7010976763731285,0.6952508597085729,0.5886029642356505,0.5870535203952607,0.7635278036650904,0.7566840646249847,0.6331342845762233,0.6315460258425274,0.6776806242312889,0.6792990891461196,0.4448641945417908,0.4459356087041697,0.7188335810878516,0.7177423826708461,0.5685465464580685,0.566382134595013,0.7137590712475262,0.7129869152594615,0.4818578607724379,0.4812409946512065,0.5778377716974278,0.5811470455322368,0.3913617886358014,0.3947049243699668,0.582302431165434,0.5894462491215606,0.5071735988637682,0.5080078432910389,0.7793127027010583,0.7747851206072582,0.7021573258170503,0.7050061837780189,0.512054167372975,0.5181167828763996
1001,normal,0.1458038948446758,0.1881256495084793,0.007669923619535109,0.008964891311274552,0.5891644086080177,0.5960107679379264,0.01716381543505583,0.010988512578675638,0.7158654398207563,0.7218614132618829,0.5870491875886366,0.5966962009534138,0.7609296300192488,0.7561236541860251,0.6121907503477871,0.6214391441900355,0.6648056011960499,0.662611280567451,0.425407188564096,0.43117278119181596,0.6751364465775692,0.6908978793497059,0.5322808039232025,0.5437897843109137,0.683420233938243,0.685892464124671,0.4587443701496561,0.4646869687087183,0.5608560178487164,0.5652683102041716,0.3787990756365761,0.3839079166745375,0.5543691504310584,0.5738565351098168,0.4842025190360104,0.4917021392559361,0.7489901951253776,0.7516756664883539,0.6805224950235749,0.6862764096292548,0.492225841109739,0.504324506738046
1010,normal,0.4793518295394616,0.3275278872635894,0.003699107892718372,0.004969545609695749,0.6174719279888529,0.6154993089266386,0.017039628966764458,0.014760410360658088,0.6926156789057729,0.6931150103946259,0.5874376317503901,0.5895355683058696,0.7729985656644489,0.760684867481508,0.6390378311372592,0.6379739004417945,0.6910857952738613,0.6876098735055156,0.4518272347520825,0.4526811269635972,0.7298364566839657,0.7281306048858486,0.5766803470603235,0.57420479837838,0.7281700189694358,0.7216809540095184,0.4904936704556751,0.48706647732719566,0.5918874241621889,0.5893013825854362,0.4005966306418545,0.4003788429441807,0.5923233390522055,0.599540217288256,0.5157409013636313,0.5157445672842873,0.7938675063373852,0.7847151711375089,0.7198786889243339,0.7145763834969191,0.5225450546756844,0.5265485053224165
1018,normal,0.07150322408147,0.0670898800091099,0.002463955129135599,0.00301801825212865,0.6175617158779333,0.6173878921435637,0.011384405140396807,0.01016845235436131,0.7109428520048804,0.706960776103545,0.5959834033089662,0.5967813980469976,0.7710708884433406,0.7691573041305085,0.6482445525598268,0.6420968093912197,0.6869203466448134,0.6883423083301952,0.4488148556540131,0.4517298410544679,0.7296792727468784,0.7275629501849078,0.5766803470603235,0.5744836405981901,0.7228607224403112,0.7242884484350128,0.4889697040409862,0.4886455140864507,0.5900548607972201,0.5890529999887054,0.3997646628935615,0.39994960468774926,0.5904444188234359,0.5960790230236971,0.5157409013636313,0.5143128503207812,0.7906331055293127,0.7873225194022961,0.7124947876296324,0.7146138362545216,0.5192494879837338,0.5242143424013359
1024,normal,0.0905362724977618,0.0617164904657207,0.005866421640162996,0.007131171995506947,0.6265874168747658,0.6207209952346029,0.025961016327603448,0.025230233912724147,0.6836035565967077,0.6776171147842276,0.5869844468950111,0.5823717528862588,0.7711547004964323,0.7593277466326043,0.6489473557218548,0.6400921732516132,0.6926762392958614,0.6906703725294508,0.4576050766287076,0.4566768519097671,0.7491700809457094,0.7380246704007227,0.5950272657120261,0.5836073977686163,0.7418224957586134,0.7334299407622634,0.5006534465536012,0.49511334159720405,0.5979959687120852,0.5969735481918221,0.4072523726281991,0.4055754327290783,0.6104862345969789,0.6087837528192876,0.5334109627695989,0.5257217062272109,0.8116567107817847,0.7993515502956368,0.7272625902190354,0.7244570203066836,0.5362765825588118,0.5344625458958004
1025,normal,0.1829541567473792,0.2109692111716705,0.013285612797215107,0.014346756075177157,0.6291159017958994,0.6158302889986844,0.00821321268756893,0.008135182059661007,0.7416143607037999,0.7390767840090687,0.6194842750950503,0.6130028421033396,0.7948735115213742,0.7778475481231897,0.655061743231499,0.6413956961965549,0.6969931587841476,0.6837053463231031,0.4548396138501521,0.4460480194012277,0.7288933530614418,0.7147853580639871,0.5739894656580736,0.5629764967624274,0.7296869608349,0.7104447001405706,0.4965895361144307,0.48119115868865625,0.5998285320770539,0.5851697119193914,0.406420404879906,0.397820488117193,0.6054757806535931,0.5942653152141204,0.5221663782385286,0.5097826854567626,0.8043793089636212,0.7782128800230318,0.7316929309958563,0.7110232055780118,0.5329810158668612,0.5223666768569967
1027,normal,0.0899755695652063,0.1066935959591556,0.013271290776625155,0.014018854119665507,0.6047554208405936,0.6180267116172188,0.008634933157426953,0.0075573582095434435,0.7173800822256412,0.7413857063343514,0.598314068279487,0.6155372605449082,0.7672155340011239,0.7803276494265083,0.6310961554063421,0.6433885982919617,0.6707129647063359,0.6888338654336207,0.4370616388451518,0.44928853761032966,0.7020148998195055,0.7180879282973982,0.553135134790638,0.5649710410145403,0.7010167595776273,0.7103823005926065,0.4758635928746616,0.4813330565844324,0.5753943538774693,0.5866262038412933,0.3897810499140446,0.39917782786374534,0.5785445907078947,0.5980503705477552,0.5005339394263745,0.512819571018166,0.7712267006808768,0.7786994635232524,0.7014189356875801,0.7120113562659202,0.5101317534693373,0.5255333603019293
1029,normal,0.1453662066182383,0.1420407481058375,0.014286677669008123,0.018097579957410178,0.6017309449631834,0.6144032753003476,0.02216361112102048,0.005150220386224924,0.7158654398207563,0.7183573096031316,0.5927463686276874,0.6001227160048579,0.7454244001972904,0.7663416408118512,0.6161967283713471,0.6359093044709504,0.6679107538104311,0.6833866957254474,0.4364690396783184,0.44750918764970465,0.6882613053243626,0.7185214549632232,0.5370510027726453,0.5667748654863273,0.6785660199687576,0.7140241273262468,0.4664657999840799,0.4830190532440037,0.587000588522272,0.5869130381642175,0.4026765500125872,0.3989099578703384,0.599212713224361,0.596188972381062,0.5004268481451262,0.5121942422943797,0.7520628758930464,0.7799992235998856,0.7117563975001623,0.712194726966466,0.5313332325208859,0.5244891635438145
1032,normal,0.0830040692425395,0.1973711661778461,0.005575450570350226,0.006750485003536863,0.6064142015443389,0.6017984648641574,0.012492170617125415,0.012555940141935592,0.6936759285891925,0.683586871662238,0.5848480040053671,0.5780468636172343,0.7590019527981405,0.745240785178168,0.630393352244314,0.6231086258218329,0.6738938527503363,0.6726330374153174,0.4424937978744574,0.44192436230867166,0.7151397585662989,0.7104116456419188,0.5666506981973926,0.5603938015406462,0.7145175421802583,0.7047091032150831,0.4818578607724379,0.4760005364165924,0.579059480607407,0.5761316056633388,0.3922769531589238,0.39144157328557955,0.5802356189137874,0.5851556731991365,0.5034254040200782,0.5035532378496033,0.7760783018929858,0.7654184542419997,0.7043724962054607,0.6985876222048324,0.5111204234769224,0.5142301034284826
1034,normal,0.0916873111965302,0.1849555669201778,0.0037735544219598912,0.00489122491647168,0.6190637586564512,0.6175875694271356,0.011052800088121473,0.011346122959015315,0.7272252578573932,0.7182458584887516,0.6045291748675422,0.5990000712959905,0.7786977852746824,0.7687986318326573,0.6368591413349722,0.634364175112481,0.7025975805759574,0.6916225399783404,0.4503457368349992,0.4478230048990551,0.7141966549437748,0.7151158282969794,0.5594953999232284,0.5625060194248581,0.7198268387093829,0.7178297918139025,0.4849057936018158,0.48455906055217696,0.5992176776220643,0.5973390316696106,0.4035085177608802,0.4048035245022306,0.602344246938977,0.6046403474116393,0.5114572501136998,0.5150403449232516,0.7793127027010583,0.7834888376037467,0.7198786889243339,0.721419226914138,0.5296854491749107,0.5323923855414939
1038,normal,0.0722233050762335,0.0950236135951643,0.0036877209542068006,0.004341199050929458,0.614502318748093,0.6170552118137902,0.012785812777794002,0.011759298465683644,0.7166227610231989,0.715765793206948,0.5963071067770941,0.5979568311943664,0.7698137076469657,0.7658337969993599,0.6312367160387476,0.6342337455500837,0.6942666833178616,0.6894575247293865,0.4445185116944713,0.4472808874810886,0.7064946420264949,0.7158006748193793,0.5561317981704161,0.5630688390683939,0.7160344840457226,0.7168931124151181,0.4818578607724379,0.4844569301782211,0.5967742598021059,0.596842205856888,0.4026765500125872,0.40477011446823563,0.599212713224361,0.6047588009708629,0.510386337301217,0.5150795178946649,0.7785041024990402,0.7836659708573244,0.7176635185359235,0.7214892789598731,0.5280376658289354,0.5325845761842387
1041,normal,0.0717531418024681,0.1499688991098928,0.005169882394831088,0.005690715292719509,0.6122489489865401,0.6174188313813713,0.012395284218414362,0.01155003915185567,0.7143507974158715,0.7183671630415348,0.5936527383384455,0.5988878596906919,0.7681374665851323,0.769201654386183,0.629620268766083,0.6338389429371286,0.6904799118369089,0.6915991611506522,0.4429876305134852,0.44732956874177565,0.704294066907272,0.7144258139687782,0.5544194190962572,0.5621368030819028,0.7130006003147942,0.7176790819480627,0.4803338943577491,0.48450887793910025,0.5943308419821475,0.5976609465250509,0.4005966306418545,0.40470624324836546,0.5979600997385145,0.6042677673710555,0.509315424488734,0.5146312168336311,0.7736525012869313,0.7830777506540991,0.7147099580180428,0.7217348782193451,0.5263898824829601,0.5320664037459547
1044,normal,0.0883212109144445,0.2368684134957387,0.0029512466137968847,0.003430183065492017,0.6169865085487496,0.619794866643469,0.012656887352569864,0.011274437332974938,0.7173800822256412,0.7201642955324822,0.5968897730197242,0.6005275238283104,0.7737528741422739,0.7725383217301159,0.6326423223628038,0.6362842293728201,0.6945696250363378,0.694695855129242,0.4468889083618047,0.44931483303692604,0.7112887521076589,0.7181980206874654,0.5592507743412056,0.5647890668901514,0.7198268387093829,0.7211591247700501,0.4843978047969195,0.48605711034621074,0.5986068231670747,0.5997322783106411,0.4039245016350268,0.4059335547724898,0.6035968604248234,0.6062591856969118,0.5130636193324242,0.5170234870653859,0.7809299031050947,0.7862411437328066,0.7198786889243339,0.7238359352350794,0.531882493636211,0.5337587668018833
1047,normal,0.2018402279358292,0.3657181038144139,0.012527846675993451,0.013072229992145122,0.6318946686982746,0.6193668220222812,0.012069221689459616,0.01143387191744273,0.7310118638696055,0.7190724278083671,0.6086725792595791,0.6000065541969865,0.792359149928624,0.7707488375035446,0.645644180860323,0.6358907342643481,0.709035092093577,0.6930522854712573,0.4578026096843188,0.44901462059267466,0.7329801354257127,0.7180839811242714,0.5760687831052667,0.5648753499157716,0.7372716701622208,0.7205541820064513,0.4945575808948456,0.48602811963877685,0.6114347667218567,0.599122989607843,0.4122441791179575,0.4058489547296945,0.6192545289979039,0.6062973976216934,0.5296627679259087,0.5169375246579556,0.8035707087616031,0.7861770654955664,0.7361232717726771,0.723800023178549,0.5445154992886883,0.5337249265650285
1049,normal,0.0671297510113117,0.1650293182106187,0.0016757493868578604,0.002393918457322574,0.6211152008100105,0.6199835000959767,0.011256782601888273,0.011192269707075571,0.7226813306427384,0.7203287447804145,0.5997383635392496,0.6007512774771182,0.777272980372124,0.7725317622987827,0.6360157775405385,0.6364869126043764,0.7016130199909099,0.6946301600364284,0.4512346355852493,0.44946395471461176,0.7192265409305698,0.718704133710935,0.565427570287279,0.5651897478834419,0.7236191933730433,0.72131676591907,0.4854137824067121,0.48617349421316686,0.6010502409870332,0.5997668145948881,0.4055884371316129,0.40603805877766436,0.6067283941394396,0.6065138653008668,0.5184181833948386,0.5172678313506345,0.7882073049232582,0.7865778018989897,0.7220938593127443,0.7240248905775356,0.5346287992128366,0.5339532854926766
1052,normal,0.07347413436469,0.1423373455390012,0.004438368494848512,0.005139247117395869,0.6246000524434507,0.6202041833674733,0.013330884855247738,0.011439063152061788,0.7211666882378536,0.7201639525490742,0.600450511169131,0.6008117562295353,0.7801225901772407,0.7721871457542562,0.6383350279752312,0.6365867719818206,0.7029005222944336,0.6939822200858211,0.4525186004467215,0.44956783608236833,0.7231561393577535,0.7189080140292363,0.5689746412266082,0.5655669335673016,0.7274115480367038,0.7214467256711746,0.4889697040409862,0.48665759697310196,0.6053262221719605,0.5998790751931536,0.4089163081247852,0.4064356465004442,0.611112541339902,0.6071299810693623,0.5232372910510115,0.5176725857387467,0.7971019071454578,0.7872246737234869,0.7294777606074458,0.7247690912340015,0.5390228881354373,0.534481110864162
1055,normal,0.0978500207757829,0.154533906958922,0.004236488619379612,0.005356492978473958,0.615329338276546,0.6156839179768459,0.012984654037636382,0.016466798866162584,0.7101097986821937,0.7020047803011259,0.5904157036571667,0.5891967564450836,0.7660421652578405,0.7553964445058523,0.6310258750901392,0.6313345002698673,0.6954027147621473,0.6836775135227041,0.4492099217652353,0.4482640565639718,0.7133321432897943,0.7185899160797156,0.5605350586468248,0.5668033905446377,0.7183098968439188,0.7179544238175857,0.4823658495773342,0.4861324949152177,0.5943308419821475,0.5957354636849637,0.4035085177608802,0.4055655101642147,0.6035968604248234,0.6067139785930168,0.514134532144907,0.5176296394465196,0.7809299031050947,0.7854066936563462,0.7176635185359235,0.7220841195191466,0.5296854491749107,0.5341369235764082
1056,normal,0.1208492242144904,0.1379405575414103,0.004710249283431758,0.005935061465336121,0.6147043116336333,0.6099940623502016,0.017866647270970978,0.01831517051306648,0.6916311613425977,0.6846236715693556,0.5810283030814581,0.5800484316087231,0.7591695769043237,0.7462047847303686,0.6304636325605169,0.6280602780485621,0.6938122707401472,0.6806311185657277,0.4526173669745271,0.44843290398212077,0.7215057080183364,0.7194228857418407,0.5695862051816649,0.5670237746722997,0.7221022515075792,0.7141574862399986,0.4854137824067121,0.48238896434321105,0.5931091330721682,0.5878750243589188,0.4035085177608802,0.4001485284378169,0.602344246938977,0.6005939412874597,0.5157409013636313,0.5131085054262663,0.7833557037111492,0.7770707816831836,0.7154483481475129,0.7121439622148885,0.5291361880595856,0.5279640170426863
1057,normal,0.1162129010057457,0.0936286168068832,0.002316058258977441,0.003207560283960159,0.6268837521758295,0.6270807771423991,0.027119517187658374,0.02461103964928278,0.683376360235975,0.6869102507878346,0.5864665213460065,0.5895079988531587,0.7649526085676488,0.7644241567711796,0.6355238153271189,0.6456010606664274,0.7042637600275766,0.70125555589524,0.4622471034355688,0.4632181889209899,0.7428827234622155,0.7441637523336954,0.5846306784760612,0.586379826625419,0.7403055538931491,0.7368360898908073,0.4981135025291197,0.49774037563900386,0.6071587855369294,0.605158034264538,0.4130761468662505,0.41217648238624055,0.6198808357408272,0.618978523540468,0.5291273115196673,0.5298346430322382,0.8043793089636212,0.801153464108078,0.7361232717726771,0.7334733713671234,0.5445154992886883,0.5435614363383426
1061,normal,0.098555750209646,0.1277724126925715,0.006919017690421172,0.008063000777364417,0.6215802729506036,0.6148558824530626,0.0323378845266074,0.02789560303903936,0.6676998113454161,0.6678107510296974,0.5745542337189005,0.5736539323008856,0.7532189211348154,0.7462014547158061,0.6310961554063421,0.6326395468615412,0.6960085981990998,0.6860985066499715,0.4585433586428604,0.45378261170000705,0.7341590149538677,0.7296810040799102,0.5809612947457207,0.5760876583810421,0.7380301410949529,0.7244125253261955,0.497097524919327,0.48965387055066467,0.602882804352002,0.594913599780672,0.4101642597472248,0.4047490277602043,0.616749302026211,0.6079320166338537,0.5291273115196673,0.5208725954507879,0.8043793089636212,0.7889938619273696,0.7331697112547966,0.7210604720506573,0.5390228881354373,0.5340065665027974
1073,normal,0.3072202220725689,0.1849292845198459,0.005282055810305908,0.005577381847086933,0.6307184932079029,0.6254364373975969,0.026302324323811434,0.025784657017386095,0.6877688232101412,0.6831373045732365,0.5882145200738971,0.5863255429626272,0.7712385125495239,0.7610873249079626,0.6510557652079391,0.6437081477608659,0.706081410338434,0.6987817219693789,0.466444680867305,0.4618490058001254,0.7468123218893992,0.7422695577455104,0.5895231901165153,0.5850799730512225,0.7425809666913454,0.735783701579272,0.5026854017731864,0.4969393208008563,0.6102130578118775,0.6040466610029961,0.4155720501111298,0.4113172424180208,0.6223860627125201,0.6176814046806091,0.5328755063633575,0.5288962850642105,0.8051879091656394,0.800464192554483,0.7368616619021474,0.7324571239063852,0.5467125437499887,0.5425949249813842
1075,normal,0.0986174527515865,0.1897069696236083,0.012464410660401144,0.01391799017982592,0.637608961796743,0.6253044898025673,0.034833796861816445,0.026544056812224305,0.6804985396666936,0.6818580183296096,0.5867254841205087,0.5848434468388826,0.7693108353284156,0.7603041995255292,0.6517585683699672,0.6434494921419057,0.7103983298267199,0.6990666099886033,0.4703953419795273,0.4619826232160464,0.7523137596874562,0.7416711427919406,0.5956388296670829,0.5851218638675966,0.7501656760186662,0.7362130876951335,0.5087812674319421,0.49737775999689404,0.6199867290917113,0.6044585482724283,0.4238917275940605,0.4116247601404167,0.639296344771447,0.6178992835038948,0.5446555473006691,0.5288736004123895,0.823785713812057,0.800233678318278,0.7567981953978414,0.732668008458836,0.5549514604798651,0.5425302031452591
1084,normal,0.0388798400136298,0.0783209749616071,0.00449144138037375,0.005672714961144631,0.612914816276903,0.6136125772795831,0.006169496260711291,0.010182909555426358,0.7241959730476234,0.7156527875120877,0.6010979181053867,0.5977330627578356,0.7666288496294821,0.7611918523344857,0.6334856861572374,0.6317533874052838,0.6852541671931942,0.6823914272129957,0.4486667058623047,0.4450414539824256,0.7156113103775609,0.7126009863157542,0.5563764237524389,0.5609302168241874,0.7145175421802583,0.7108469118217827,0.4772859615283712,0.48147922467593135,0.5808920439723758,0.5913046725802622,0.3972687596486822,0.40215163376994106,0.599212713224361,0.6010378977593412,0.5114572501136998,0.5122200138127181,0.7785041024990402,0.7792558436084569,0.7021573258170503,0.7164939356824038,0.5269391435982852,0.5293285056970195
1090,normal,0.1683924071758696,0.1445361028229927,0.004045546924738182,0.004972668495745183,0.6170881233546539,0.6136882846755988,0.019519238000213327,0.018755090388559416,0.6892834656150261,0.6874102341662732,0.5836179308264812,0.5828858568086683,0.7597562612759655,0.7507656310064269,0.6324314814141954,0.6317059812663518,0.6919188849996709,0.6852832493038046,0.4547408473223465,0.45156466367232145,0.7301508245581404,0.7245030411395726,0.572215930188409,0.5707268406373355,0.7296869608349,0.719065246380872,0.4874457376262973,0.4853482508265389,0.5888331518872408,0.5909774415102776,0.4051724532574664,0.40269159741803184,0.6061020873965164,0.6043463248917753,0.5210954654260457,0.5164397025795759,0.7898245053272944,0.781907399744129,0.7124947876296324,0.7158390180949018,0.5357273214434868,0.5312403600383216
1094,normal,0.0666465687092913,0.0731737743713926,0.00397254433856239,0.004633868184248612,0.6240839833607253,0.6210038751246721,0.025345667061485052,0.021540661306397063,0.6839064850776847,0.6876414655749223,0.5838121529073578,0.5870225482468452,0.7609296300192488,0.7580467828588143,0.6399514752478956,0.6396750872369733,0.7013858137020526,0.6947012452171442,0.462000187116055,0.45858958474650185,0.7397390447204685,0.7358576415805083,0.5846306784760612,0.5798743382492781,0.738788612027685,0.7290620109409947,0.4955735585046382,0.4918788118521395,0.5986068231670747,0.5979743268112682,0.4105802436213713,0.40729440103540754,0.6161229952832878,0.6118229804572095,0.5269854858947016,0.5233952549402142,0.8003363079535305,0.7923586600527937,0.7243090297011548,0.7249493607357563,0.5417691937120628,0.5369213765826523
1095,normal,0.1112782407059518,0.0907366968774677,0.005314493969637529,0.005866090149302531,0.6256002004934851,0.6214328502267472,0.02727090304524276,0.021949343488405507,0.6819374499513343,0.6872715283295654,0.5826468204220975,0.5870634635185112,0.7599238853821488,0.758224838597154,0.642762687896008,0.6400606685621125,0.701915961709386,0.6950732175746519,0.4626915528106938,0.4588079806082931,0.7428827234622155,0.736346155066115,0.5870769342962884,0.5803555484425795,0.7403055538931491,0.7294130831904989,0.4965895361144307,0.49250327247219966,0.6004393865320435,0.5988948079518687,0.411828195243811,0.4076537024955289,0.6198808357408272,0.6123838737130987,0.5296627679259087,0.5238489041327539,0.8019535083575667,0.7928465465477229,0.7287393704779757,0.726138328845929,0.5439662381733632,0.5374725338061166
1101,normal,0.0828771296387395,0.1155360373532658,0.0037064004121280655,0.004852111629074792,0.6202460655338333,0.6238894181579657,0.03079313130476175,0.026595964035373554,0.6689872573895683,0.6807814384981005,0.574489493025275,0.5836834857912034,0.751291243913707,0.7575536433150821,0.6347507318488881,0.6412476261575155,0.6958571273398617,0.6978037710779864,0.4598273235043327,0.46100046854135446,0.7351021185763918,0.7401521021389326,0.5815728587007775,0.5839198187513137,0.7334793154985604,0.7342651675451602,0.493541603285053,0.4959022911865288,0.5992176776220643,0.6031065848753019,0.4105802436213713,0.4108692844807081,0.6161229952832878,0.6169308255739611,0.5259145730822187,0.5279041452715416,0.7938675063373852,0.7978879355857641,0.7272625902190354,0.7313289712655378,0.5423184548273879,0.5417825486294248
1103,normal,0.1164112188607207,0.102195415795797,0.003885863541445946,0.004316501619240241,0.6229356055615524,0.6222108478606013,0.034232305618037896,0.028042864033693153,0.6670182222632179,0.6757393137415895,0.5727414942973843,0.580145005668084,0.7497826269580571,0.7550306049967794,0.6364374594377553,0.639921494024206,0.696311539917576,0.6947930599134149,0.4623952532272772,0.45965389259203304,0.7363595900730906,0.7383723742430532,0.5846306784760612,0.5828603011381088,0.7372716701622208,0.7336167893557679,0.4976055137242234,0.4955390552464399,0.6065479310819397,0.6018304525716854,0.4134921307403971,0.4100666889692596,0.6192545289979039,0.6153186336524791,0.5301982243321502,0.5269551736415492,0.8003363079535305,0.7974942283428516,0.7339081013842668,0.729759655048477,0.5456140215193385,0.5404876904844448
1108,normal,0.0543879437813801,0.067442178811021,0.010915119078641648,0.011532749069999406,0.6263625279939548,0.6168416463253186,0.036060626226394756,0.026265651656860425,0.6672454186239506,0.6758546749361194,0.5737773453953935,0.5770191070682709,0.7537217934533653,0.7490630286619001,0.6382647476590283,0.6326784283314305,0.6991137508134809,0.6895238694970002,0.4644693503111939,0.45528060603277815,0.7428827234622155,0.7296865269074807,0.5876884982513451,0.5762692287581472,0.7418224957586134,0.7248461596281126,0.5006534465536012,0.4900799085914002,0.6096022033568879,0.5974320513433947,0.418067953356009,0.4073105589286215,0.6242649829412897,0.6110282787811314,0.5344818755820818,0.5217631969767458,0.8035707087616031,0.7874748793752403,0.7390768322905578,0.7239775562534811,0.5494588493266142,0.5370199274591606
1115,normal,0.0465917814852167,0.0863937505850333,0.011124713145223028,0.01216427864341592,0.597921445962381,0.6090461591076038,0.007860816717677445,0.006792878208047221,0.7072319781129124,0.7174568990725153,0.5893798525591574,0.5982835940475815,0.7327687801804486,0.7586585883311991,0.6222408355647884,0.629646336466987,0.6604129462781447,0.6771401752887566,0.4372591719007628,0.442950576757057,0.7000501006059137,0.7084016387568652,0.5498938458288373,0.5567754772047397,0.6927494264108476,0.703652909217887,0.4649418335693911,0.4762175135591,0.5682473567540908,0.5832723228166821,0.3884914999041903,0.39732523726100927,0.5846823967885422,0.5947308246437043,0.5028899476138368,0.5078063442209982,0.7599062978526228,0.771186770549092,0.690859956836157,0.707152169858135,0.5126583545998327,0.5231273267769583
1116,normal,0.141296650593487,0.1457052326498364,0.015000899570839735,0.0164202362440136,0.6024161133448871,0.6174170129157268,0.008264432986373072,0.010915329893388065,0.7103369950429264,0.7167608643066153,0.5917752582233037,0.5993192166518105,0.7369593828350319,0.7650191231027634,0.6277929805448101,0.6353438701399822,0.6647298657664308,0.6876021841154132,0.4413579828046935,0.4480736138395823,0.7063374580894075,0.7179207269877145,0.5561317981704161,0.5647786465348329,0.7001065944583488,0.7166503349806805,0.4680913641597481,0.4845247589542881,0.574294815858488,0.5955653990533113,0.390571419274923,0.4048132885393774,0.5885654985946662,0.6054078220677706,0.5082445116762511,0.5159797042669036,0.7647578990647317,0.7843709978225505,0.6969885949107592,0.7211813208995737,0.5140315073881454,0.5327773473041869
1117,normal,0.0460894568194969,0.149732061422068,0.00838144753685364,0.009982432720448924,0.6124953226579805,0.6201977002248195,0.00907888972811025,0.011777007965512449,0.7196520458329686,0.7180894151912391,0.6035580644631585,0.6007044642707152,0.749279754639507,0.7680116400524578,0.6348912924812935,0.6377042887440478,0.6759387093500506,0.6907235369298804,0.4510864857935409,0.4497306218825872,0.7195409088047445,0.7210849715773694,0.563531722026603,0.5672055031746477,0.7076913037856696,0.7208203708721037,0.4750508107868276,0.4871701845582941,0.5857788796122928,0.5989622628594206,0.3989326951452684,0.40675583253714803,0.599212713224361,0.6084012037454924,0.5146699885511484,0.5186442584153959,0.7752697016909676,0.7886406738865404,0.7124947876296324,0.725220993728083,0.525840621367635,0.5354906813965057
1126,normal,0.0820062441068239,0.083819210763693,0.0053152440568128775,0.006123327338748597,0.6226054573180158,0.6176213316483414,0.026283622031268473,0.022481836590171257,0.6848152705206156,0.682614441267431,0.5845243005372392,0.5826571948164527,0.7499502510642403,0.752764757354917,0.6374916641807974,0.6358747340838276,0.6975990422210999,0.6907916433519432,0.462642169546791,0.45590809035742524,0.7357308543247412,0.7314140069630682,0.5815728587007775,0.576572083323305,0.7289284899021679,0.7248761528635767,0.4925256256752603,0.48960595090505743,0.6053262221719605,0.5959184405556044,0.4085003242506387,0.4054862410316152,0.6211334492266736,0.6091698929990661,0.5259145730822187,0.5207856744799699,0.7930589061353671,0.787847280303658,0.7339081013842668,0.7225736548400251,0.5406706714814126,0.5347023985248599
1128,normal,0.0886522794807643,0.080762727737579,0.003830982502281121,0.004577084389844407,0.6272968494957292,0.6244335700766054,0.027533850763485287,0.023544577955443503,0.6867085735267218,0.6867096729906352,0.5880850386866459,0.5884735237523159,0.7548951621966487,0.7608935676393436,0.6411462406233434,0.6429837268579028,0.7018402262797669,0.6984962604956635,0.4659508482282772,0.46121501881008387,0.7428827234622155,0.7410070971857846,0.5870769342962884,0.583823088920906,0.7349962573640245,0.7329658765036546,0.4960815473095344,0.4951554307373664,0.6096022033568879,0.6024101057123021,0.4139081146145436,0.4099955441647863,0.6255175964271361,0.6161807602217868,0.5318045935508745,0.5272203308810134,0.8003363079535305,0.7965408058024129,0.7376000520316175,0.7303516989762987,0.5456140215193385,0.5409481816500351
1129,normal,0.1856307641714628,0.1593590148321876,0.002134307549187743,0.003213689385925198,0.622726537376697,0.6245747715919648,0.026391429484226566,0.025408116296081362,0.6820889141918228,0.6836548100754409,0.5853011888607461,0.5857264931125384,0.7502016872235154,0.7597775942565057,0.6379836263942171,0.6423305127083815,0.6990380153838619,0.6986601140680405,0.4623952532272772,0.46134905904978646,0.7397390447204685,0.7407760341111531,0.5846306784760612,0.5842802408228972,0.7304454317676321,0.7346278637684955,0.493541603285053,0.4961844676079313,0.6034936588069917,0.6032196115136961,0.4097482758730783,0.4109598054922343,0.6173756087691342,0.616992565870587,0.527520942300943,0.5279135946968182,0.7930589061353671,0.7983256912884459,0.730216150736916,0.7312197817822099,0.5395721492507625,0.5417728768382399
1135,normal,0.0237290296702288,0.0672977369691226,0.008327607331734599,0.009644973585137863,0.6064964211450514,0.5981688138133168,0.009740395323294666,0.011387436352737791,0.7067018532712026,0.697955554575553,0.5940411825001989,0.583830609245264,0.748776882320957,0.7408695686342217,0.6329234436276151,0.6150102910088324,0.6685923726770026,0.6625675680170209,0.4362715066227073,0.43314720689885255,0.7102670565165912,0.6927330073793265,0.5558871725883935,0.5470899561316788,0.7036714078421896,0.6915798482418577,0.4769811682454334,0.4697741386237636,0.5796703350623966,0.5770417260174466,0.3943568725296565,0.3926915560611122,0.5904444188234359,0.5869070156860168,0.5071735988637682,0.49984027497060624,0.7760783018929858,0.7606615458365529,0.7088028369822816,0.7009373742930884,0.5197987490990589,0.5162325932051921
1144,normal,0.0583155059903209,0.0879402218771335,0.00760865549081533,0.008144853990918462,0.6030141303426086,0.610622785833424,0.020409997441404083,0.018794527608085115,0.6714864173576284,0.6844199358053166,0.573259419846389,0.5801029739288619,0.7321820958088069,0.7462714792892493,0.6250520482129007,0.6287595331467186,0.6695769332620503,0.6812315753635734,0.4421481150271379,0.448967464239538,0.7162400461259103,0.7204338772437293,0.5610243098108703,0.5678279860319805,0.7100425636771391,0.7153485189550571,0.4777939503332675,0.4831053098296537,0.5802811895173862,0.5886727445722219,0.3935249047813635,0.40049588852453727,0.5948285660238984,0.6013381532144816,0.5087799680824926,0.5136621640195017,0.7712267006808768,0.7780923627195648,0.7028957159465203,0.7132109808737387,0.5208972713297091,0.5286464114104835
1158,normal,0.1155186069027926,0.3003105953694893,0.010909422869731497,0.011891742791405174,0.612313643403937,0.601716762319982,0.01702170090138447,0.011030813031966756,0.699431569727755,0.7020809299829721,0.5869844468950111,0.5869916918188932,0.7560685309399321,0.7449360955646589,0.6254034497939147,0.6193521715333908,0.6741967944688125,0.6664962963586607,0.4434320798886102,0.43621015129155,0.712703407541445,0.6977887741089731,0.5645713807501995,0.5505197159178068,0.7113319642627836,0.6951178158063369,0.4828738383822306,0.4720521276838803,0.5931091330721682,0.5797939603862629,0.4043404855091733,0.3948515837976025,0.6048494739106699,0.5909542983565191,0.5162763577698728,0.5033126939161832,0.782547103509131,0.76506070103561,0.7198786889243339,0.7037104527742506,0.5313332325208859,0.5199554991061414
1162,normal,0.5416861250730445,0.1773883029918707,0.008286496550210002,0.009350265517253945,0.6295190288923302,0.6215589601767842,0.017431532116475815,0.011661835231622036,0.7173800822256412,0.7194925259133143,0.6012921401862634,0.601954333093234,0.7725795053989906,0.7691699306780156,0.6419896044177771,0.6394290450110397,0.6945696250363378,0.6912481115617716,0.4580989092677354,0.45089897889936137,0.7370669177899837,0.7233316889115974,0.5827959866108909,0.5690618642198036,0.7327208445658284,0.7223449465144356,0.4965895361144307,0.4882345676776909,0.6089913489018982,0.5995697343283708,0.4147400823628367,0.40766800428090927,0.6211334492266736,0.6101181921783168,0.5328755063633575,0.5202473984505236,0.8035707087616031,0.790466694238362,0.739815222420028,0.7266521319416631,0.5456140215193385,0.5366141751069222
1164,normal,0.0789595926565889,0.0979716649031492,0.004777673627208343,0.005517868107039038,0.6179234973030998,0.6139882452518348,0.020981623183932145,0.01666681761994665,0.6987499806455568,0.7004495599219545,0.5840063749882346,0.5880811768017241,0.755314222462107,0.7519551068976074,0.6295499884498803,0.6295642196343842,0.6790438619644319,0.680415833085561,0.4485679393344991,0.44649248731155333,0.7240992429802776,0.7173367656236735,0.5742340912400963,0.5653712154290054,0.7236191933730433,0.7153941024444818,0.4894776928458825,0.4848061107991253,0.5979959687120852,0.594082899950712,0.4072523726281991,0.40442589241697147,0.6117388480828253,0.6054953557639134,0.5253791166759773,0.5166548280725285,0.7930589061353671,0.7838728132485255,0.7257858099600951,0.720263671357076,0.536825843674137,0.5331381305223966
1168,normal,0.040870024874262,0.0770899794846049,0.009790057346814573,0.011044375748612254,0.6238476023916022,0.614665608161535,0.026444625713611503,0.018563241569758433,0.6953420352345658,0.6974866310136698,0.5832942273583532,0.5863181680716019,0.7537217934533653,0.7506748377900792,0.6328531633114122,0.6292948369734753,0.6857085797709086,0.6807969091829289,0.454642080794541,0.44767300474859534,0.7340018310167804,0.7184706593199515,0.5827959866108909,0.5671066568942864,0.7342377864312924,0.7171402828758625,0.4965895361144307,0.48622786632009624,0.6053262221719605,0.5955243183063906,0.412660162992104,0.40568014087941334,0.6205071424837504,0.6071721302137715,0.5318045935508745,0.5177339481148202,0.802762108559585,0.7855207649508125,0.7346464915137368,0.7220078217788056,0.5445154992886883,0.5344863613115368
1170,normal,0.0386398433839645,0.0677221380831336,0.009243420670056998,0.010431868400898638,0.6209919681163709,0.6130007844332808,0.028280707009873805,0.018965908375060174,0.6880717516911181,0.6931378897825334,0.5794097857408187,0.5833037426737138,0.7465977689405737,0.7481915909014926,0.6276524199124045,0.6277425173163929,0.6839666648896703,0.6796369479718058,0.4545926975306382,0.4474420438084175,0.7325871755829942,0.7184004028503095,0.580349730790664,0.5668686107255151,0.7319623736330962,0.7163278320002413,0.4955735585046382,0.48497911156612417,0.6034936588069917,0.593322843300303,0.4109962274955179,0.40418153690897857,0.6180019155120575,0.6053950126888288,0.5285918551134259,0.5167231486948605,0.7995277077515123,0.7834656439802383,0.7331697112547966,0.7190215588960144,0.5423184548273879,0.5328729013000025
1173,normal,0.0479861290815434,0.0856802040290871,0.010613924168014828,0.012133837661950945,0.6176452577994641,0.6077512342414828,0.02826655585784538,0.017963333475131012,0.6811801287488919,0.6842902045650602,0.5759785289786632,0.5782780617720198,0.7427424144983569,0.7434519610741172,0.6255440104263204,0.6247306802500197,0.6828306334453845,0.6770055395835223,0.4544445477389298,0.4458646172132386,0.7316440719604702,0.7155453466798679,0.5791266028805504,0.5646533805269561,0.7281700189694358,0.7113195994123158,0.492017636870364,0.480820993312399,0.5992176776220643,0.5861929567064863,0.4076683565023456,0.39891582575179135,0.6148703817974414,0.5983405540771225,0.5253791166759773,0.5114466582375966,0.7930589061353671,0.7746978686985654,0.7265242000895652,0.7101402260910581,0.5395721492507625,0.5260765081530718
1174,normal,0.0737042290764733,0.1565456948462836,0.011317297331683903,0.013049512588008386,0.6190169018933134,0.6079254089579371,0.028324459385400916,0.018460545121847596,0.6829219675145095,0.6838293266858696,0.5769496393830468,0.5779616175803016,0.7445862796663736,0.7429843288426979,0.6265279348531596,0.624506926646039,0.6839666648896703,0.6770768702012521,0.4552840632252771,0.44608317876234743,0.7330587273942564,0.7160185533834958,0.580349730790664,0.5649219130625778,0.7304454317676321,0.7113315550012866,0.493541603285053,0.48089897769075163,0.6004393865320435,0.5865649922366973,0.4085003242506387,0.3992820194336487,0.6161229952832878,0.5991746260842018,0.5269854858947016,0.5120895655954546,0.7954847067414216,0.7747657894960565,0.7280009803485055,0.7105546633618558,0.5401214103660875,0.5266870482203978
1175,normal,0.0401461174019518,0.0925085750259016,0.009294018287211263,0.0104964473907531,0.6150300227423157,0.6066386248639872,0.027279464070748233,0.01837222190826797,0.6767876657747256,0.681929156431234,0.5742305302507726,0.5767613130697697,0.7443348435070987,0.7419659549380456,0.6247006466318866,0.6237331949534416,0.6804828351271939,0.6762084298459318,0.4537531820442909,0.4453220439849266,0.7316440719604702,0.7144463489081413,0.5791266028805504,0.5634898533217199,0.7243776643057754,0.7101193941605284,0.4879537264311936,0.4799261480034213,0.594941696437137,0.5852868735207019,0.4051724532574664,0.398411602307916,0.6123651548257486,0.5975055507624368,0.5237727474572529,0.5104760574201728,0.7849729041151856,0.7729744317385165,0.720617079053804,0.7088196409314567,0.5362765825588118,0.525480628389423
1181,normal,0.046739117602332,0.0925427670361326,0.006872596690827531,0.0075365634381286935,0.6086987381569537,0.6155713348477814,0.025035601686434938,0.026773586402398998,0.6680784719466373,0.6742688881950137,0.5696339410033567,0.5752500037760407,0.7410661734365236,0.7462959175347457,0.6262468135883484,0.6313693075688074,0.6839666648896703,0.6875400916982548,0.4517778514881798,0.4535678150062777,0.7256710823511511,0.727726503255696,0.5696473615771707,0.574887869258283,0.7145175421802583,0.7230108257897915,0.4813498719675417,0.48924344370164535,0.5876114429772616,0.5970148838223931,0.3993486790194149,0.40642107515770276,0.6010916334531305,0.610557932462566,0.514134532144907,0.5206253068274822,0.7728439010849132,0.7864036674930466,0.7117563975001623,0.7241427764855968,0.5291361880595856,0.5363863843789379
1183,normal,0.0713210370379974,0.0975924259613374,0.004355276365790267,0.004967095316409595,0.6103193848797526,0.6145130696904728,0.026407967058753458,0.02850893961450351,0.6682299361871259,0.666856407969032,0.568662830598973,0.5728249400886533,0.7406471131710652,0.74444475923536,0.6270198970665792,0.6312772960700254,0.6853299026228133,0.6853684194908026,0.4527161335023326,0.45362647817354107,0.7277930655018302,0.7295718738116592,0.5712985842558239,0.5759962466789803,0.7183098968439188,0.7240725727881344,0.4833818271871268,0.48933771481303606,0.5894440063422305,0.5947379755903458,0.400180646767708,0.40479097603327635,0.602344246938977,0.6084226439605195,0.5168118141761142,0.5212527189714748,0.7785041024990402,0.7887230480941535,0.7139715678885726,0.7209913450883894,0.5307839714055609,0.5344267678806556
1187,normal,0.0982298196478707,0.345905808390359,0.0033937415101985427,0.004128302420082963,0.6179340825938578,0.6211615882117205,0.009607176808308476,0.01098812275912035,0.7196520458329686,0.7209722083803233,0.6025222133651493,0.6030243656031726,0.7643659241960072,0.7689654666797304,0.6347507318488881,0.639067024384095,0.6881321135187183,0.6905869457576647,0.4522223008633048,0.4508092957784504,0.72158429998688,0.722713775671205,0.5662837598243584,0.5687064627771725,0.7122421293820621,0.7207141028007501,0.4833818271871268,0.48767912734030555,0.5931091330721682,0.5985547815926618,0.4039245016350268,0.4073674418198871,0.6086073143682093,0.609640660447844,0.51895363980108,0.5196333981259933,0.7817385033071128,0.7894798568342205,0.7198786889243339,0.7255214854896046,0.5335302769821864,0.5363106001161665
1192,normal,0.0404643600374021,0.0970340036500315,0.006852280731824305,0.008242968406393995,0.6100369372249989,0.6167840161621366,0.01658769823206102,0.012111416424481453,0.7002646230504418,0.714719592617366,0.585624892328874,0.5978031904198967,0.750285499276607,0.7630069230983959,0.6298311097146916,0.6340085211028484,0.6738181173207172,0.6869606577605987,0.4402715509988324,0.4474660336167373,0.7063374580894075,0.7164070027942084,0.5588226795726658,0.5637672183511885,0.7145175421802583,0.7155528448958776,0.4843978047969195,0.484434525286992,0.5912765697071993,0.5958391733193903,0.4014285983901476,0.40508635427587114,0.5948285660238984,0.6055194994538127,0.5087799680824926,0.5157107625988216,0.7849729041151856,0.7840786888603498,0.7198786889243339,0.7214740434520469,0.5252913602523099,0.5334932428519223
1197,normal,0.0376490618370627,0.0782593319605642,0.022484645535487298,0.022928135628455432,0.598605833714343,0.6210904792498302,0.0190117085795166,0.022984516800366946,0.6717136137183611,0.6877337049527514,0.5684686085180963,0.5847605362081008,0.7315115993840735,0.7564219059121432,0.6161967283713471,0.6381024213637648,0.6662445743588118,0.6940352921486781,0.4384937534983323,0.4569802176622298,0.7036653311589226,0.7342458372273903,0.5570491441030013,0.5791983939066789,0.703140478189277,0.7272339352015629,0.4745936208624208,0.49241706024929527,0.579059480607407,0.6005948084666815,0.3931089209072169,0.4086382790440802,0.5858097489258041,0.6143438631162996,0.5034254040200782,0.5247712513383198,0.7671836996707861,0.7908413836172572,0.70068054555811,0.7288691633840403,0.5159539212917832,0.5393500934478394
1200,normal,0.1454232101017905,0.0708415835650513,0.006416459532446598,0.00742237360420826,0.6019969917963273,0.6084134513287739,0.027199693118630897,0.0227380220078509,0.6603537956817244,0.6725786498110581,0.5612823915256574,0.5734005653163474,0.7299191703753318,0.741301408964428,0.6185862591222425,0.6260158955357268,0.6677592829511929,0.6799757229130499,0.4426913309300685,0.4488373752973871,0.7102670565165912,0.7203551328641964,0.5634705656310973,0.5680559806495634,0.708904857278041,0.7136877892302295,0.4818578607724379,0.48244296270950676,0.5851680251573032,0.5874121988676206,0.3981007273969753,0.399770534170775,0.5967074862526681,0.6001647732918255,0.5087799680824926,0.5135479118427074,0.7704181004788587,0.7760095427698279,0.7065876665938712,0.71210605542586,0.5230943157910095,0.5273661729290459
1209,normal,0.0566877354769999,0.1107385345863685,0.002443865543273099,0.003405652353403937,0.6018244884011109,0.6036436650606626,0.02291671639468971,0.019543162915602715,0.6683814004276143,0.6747983073967034,0.5667206097902058,0.5723736950479659,0.7306734788531569,0.7378368442676059,0.6150019629958994,0.6213231281530375,0.6717732607210027,0.674530126523887,0.4444197451666658,0.4441204071699931,0.7125462236043577,0.7120870762548125,0.5620639685344668,0.5619359772811408,0.70746376250585,0.7073880642379086,0.4770827660064127,0.4783204043771343,0.5802811895173862,0.5825991948151515,0.3939408886555099,0.39607483712804964,0.5954548727668216,0.594228753342826,0.5109217937074584,0.5078002324873077,0.7671836996707861,0.7684173862062479,0.7051108863349309,0.7058531350488318,0.5219957935603593,0.5222547362926603
1210,normal,0.1827568175435623,0.130255435442411,0.010919355984627692,0.011659750417876629,0.6031343092823084,0.614053665266936,0.03022290200293191,0.027526982768047416,0.6552040115051155,0.6676887172809289,0.560117059040397,0.5733307242905128,0.7298353583222401,0.7456401365568086,0.6090984164348636,0.6316951535075447,0.6700313458397645,0.6849877037246945,0.4470864414174158,0.4530847221541007,0.7199338686474629,0.7287228861507068,0.5692192668086308,0.5754233457290672,0.7152760131129905,0.723392136637913,0.4813498719675417,0.48889734282368436,0.5815028984273655,0.593993402312598,0.3943568725296565,0.40408758122221544,0.5979600997385145,0.606892842976081,0.5109217937074584,0.5202146971557852,0.7752697016909676,0.7880282208885873,0.7102796172412219,0.7198072570988783,0.525840621367635,0.5330254390278059
1212,normal,0.0604397268080147,0.0602815721229016,0.0043038056789694076,0.005360603310144569,0.6126226693223503,0.6163023975525787,0.0162275932052641,0.018864166710773806,0.6985227842848242,0.6995766039456197,0.5842005970691113,0.5876815498077473,0.7494473787456903,0.7530016579592165,0.6304636325605169,0.6302953799777888,0.6761659156389078,0.6824146613344763,0.4447160447500825,0.4484988178443827,0.7218200758925111,0.719306327176509,0.5709316458827898,0.5683373562467036,0.7190683677766508,0.7190400003971671,0.4849057936018158,0.48783112454735533,0.5888331518872408,0.5975608863539343,0.3981007273969753,0.40701298798928626,0.6004653267102074,0.6090927103090397,0.5184181833948386,0.5192472592242153,0.7833557037111492,0.7875175773369125,0.7198786889243339,0.7246047982499785,0.5252913602523099,0.5361210596935024
1215,normal,0.1730924719227435,0.1140311379145905,0.0061833039456068795,0.006784143057746991,0.6003590691864177,0.6065423731320245,0.019593317484459357,0.01918303110103247,0.6745157021673982,0.6791140977979605,0.5699576444714846,0.5755594742163828,0.7341097730299152,0.7415629384772373,0.6183051378574312,0.6241944777557231,0.6645026594775737,0.6771776048474808,0.4382468371788184,0.44593064350959527,0.7086952171457177,0.715079731060547,0.5606573714378362,0.5642584372478694,0.7006375241112612,0.7107151658349345,0.4739840342965453,0.48043543102516356,0.5808920439723758,0.5853489508554933,0.3960208080262427,0.39801377483190253,0.5923233390522055,0.5971893074940713,0.5061026860512854,0.5101884033071923,0.761523498256659,0.7725042460462316,0.7036341060759905,0.7091491132713175,0.5219957935603593,0.5247985456653141
1220,normal,0.0651829446290277,0.0523182858224092,0.004387905274359734,0.0056878371885051085,0.6207437943460238,0.6189415288804395,0.015009981240974517,0.018078100816742743,0.7060202641890044,0.701582137447143,0.5946885894364548,0.5902837268517568,0.7571580876301238,0.7566293762748658,0.6389675508210564,0.6347146422567925,0.694721095895576,0.6866137952752518,0.4559260456560132,0.4516742874922889,0.7389531250350319,0.7240181617170982,0.5821844226558343,0.5717533560144936,0.7236191933730433,0.7228955392805922,0.4884617152360899,0.48977358488976686,0.5961634053471162,0.5992538944909391,0.4047564693833199,0.40804002102473114,0.6073547008823628,0.6105642684134233,0.5210954654260457,0.5205523662183767,0.7865901045192218,0.7899264830887994,0.7213554691832742,0.7263547103867422,0.5346287992128366,0.537375639844411
1222,normal,0.0313780751838393,0.0649598518090094,0.020846953815135277,0.0212757503327088,0.6331239632476334,0.6122770094324981,0.024315956977026064,0.02272678301602134,0.6993558376075109,0.6788895468281558,0.594623848742829,0.5767690079351525,0.7665450375763906,0.745335160340966,0.6504232423621138,0.6291278456278807,0.7111556841229104,0.6841346991279676,0.4649631829502216,0.4504232295559649,0.7515278400020196,0.7230933955816965,0.5925810098917992,0.5706570029850543,0.7410640248258812,0.7177253492691141,0.5037013793829791,0.4856488493414138,0.6114347667218567,0.5923588526460676,0.4143240984886902,0.40304984628298474,0.6267702099129826,0.6048391008451891,0.5366237012070475,0.5166203099697665,0.8035707087616031,0.7801718887925155,0.7449839533263191,0.7182425712186586,0.5494588493266142,0.5316225040039204
1231,normal,0.0341107896479931,0.057592961381333,0.014287000058049514,0.014765479703735488,0.5960505338309785,0.610337533889028,0.02648611753026882,0.025131883314865638,0.6548253509038943,0.6720303968382217,0.5577216533762507,0.5722933373917914,0.7206160324821567,0.7407309479770557,0.613315235407032,0.6263887001349742,0.6696526686916693,0.6823899687031908,0.4380986873871101,0.4495753834088982,0.7047656187185339,0.7215642971240415,0.5568656749164843,0.5695175330377262,0.6976794874736061,0.7163254832665057,0.4750000119063378,0.48489702823036823,0.579059480607407,0.5914154297933265,0.3926929370330704,0.40254738690433095,0.5904444188234359,0.6041614783597831,0.5044963168325611,0.5157370779848298,0.7540035163778901,0.7779553079043272,0.7043724962054607,0.7171071667340874,0.5192494879837338,0.5311011523200173
1235,normal,0.056598537673235,0.1260076847376604,0.004416582195170278,0.006584792920378747,0.6016200645042885,0.6051508594972923,0.027962103287366535,0.020052795522555355,0.6584604926756182,0.6746454621858365,0.5603112811212737,0.5732290373981989,0.7261476279862068,0.7393883909916376,0.6187971000708509,0.6233815398489604,0.6773019470831936,0.6770426023886534,0.4416048991242074,0.4457773464325965,0.7092453609255234,0.7150655726742314,0.561268935392893,0.5638837973988168,0.7073879154125767,0.70929798367155,0.4798259055528527,0.47948662919990065,0.5851680251573032,0.5836966484951653,0.3972687596486822,0.39707362364886883,0.5954548727668216,0.5956158785258165,0.5087799680824926,0.5092374949526116,0.7647578990647317,0.7702465546424199,0.7110180073706921,0.707047375048963,0.5247420991369848,0.5234486739497425
1242,normal,0.0315396251583661,0.0593825955076584,0.0022187661392496015,0.0027238708928296897,0.5980630652599995,0.5995522763675531,0.011335808776804084,0.011862606959892434,0.6975382667216489,0.6984921863343381,0.5849127446989927,0.5847445558185044,0.7481901979493153,0.7439133029929104,0.6142288795176685,0.6159387784985401,0.6661688389291928,0.6645979878150423,0.43454309238611,0.4343578095677385,0.6881041213872753,0.6932648369596308,0.5445120830243377,0.5478597758962834,0.6901706252395584,0.6926698517130371,0.4703773137817815,0.4713104357419989,0.5760052083324589,0.5788263230871017,0.3907794112119963,0.39354249381118644,0.5864986863430196,0.5886618633400835,0.4995165722545157,0.5009295280755354,0.756267596943541,0.7616826016201615,0.7036341060759905,0.7037556367827812,0.5156243646225881,0.5178407301935303
1244,normal,0.0579868617759518,0.1321535669832822,0.0018801694830660937,0.002569925924792135,0.5980630652599995,0.5981130807431495,0.011335808776804084,0.010389252789137784,0.6975382667216489,0.6997116073110476,0.5849127446989927,0.5847761723711217,0.7481901979493153,0.7422388439766916,0.6142288795176685,0.615401920450801,0.6661688389291928,0.6629444471224922,0.43454309238611,0.43341484057588,0.6881041213872753,0.6928467080417787,0.5445120830243377,0.5469889200549575,0.6901706252395584,0.6910793022066103,0.4703773137817815,0.46936452694448916,0.5760052083324589,0.5761682463092858,0.3907794112119963,0.3920219748413757,0.5864986863430196,0.5865268405404369,0.4995165722545157,0.4993202352377107,0.756267596943541,0.7596903068643699,0.7036341060759905,0.6997274908482255,0.5156243646225881,0.5156999889362652
1255,normal,0.019534022526392,0.088811183736284,0.0027722864121812628,0.003493006071853494,0.6009663005087977,0.6032589372644676,0.011407205750661295,0.01016809860966139,0.6998102303289763,0.7071647575931381,0.5820641541794673,0.5900843753734114,0.7458434604627486,0.7488625452994846,0.6206243882921239,0.6214013317035568,0.6691225206843359,0.6683289866918194,0.436123356830999,0.43696942089903235,0.6957275423360116,0.6985407277162207,0.5472641208220932,0.5514684531936801,0.694721450835951,0.6969433640524157,0.4722568723598979,0.47338335652564106,0.5772269172424381,0.5810753308022046,0.3922769531589238,0.39533962544549384,0.5929496457951288,0.5908556177653685,0.5039608604263196,0.503406641269981,0.7639492988627135,0.7664527959185324,0.7021573258170503,0.705411833933316,0.5203480102143839,0.519712769312651
1258,normal,0.059589263435452,0.0921928142007258,0.007938465925526716,0.008312598421180378,0.6182328489595503,0.6102943830340236,0.020540921232242777,0.018818832948903942,0.6952663031143216,0.6871151934315464,0.5895093339464086,0.5799426187681668,0.7516264921260737,0.7458205582095274,0.6327828829952094,0.6265088687634899,0.6862387277782419,0.6788930822235307,0.453506265724777,0.4470059794123979,0.7251995305398891,0.7171128348019304,0.5711151150693068,0.5659466777406785,0.7243776643057754,0.7140261026781022,0.4925256256752603,0.4829843120809569,0.6010502409870332,0.5897892481842929,0.4097482758730783,0.4016225104151601,0.6067283941394396,0.601831640871437,0.5184181833948386,0.5138875110162844,0.7873987047212401,0.7785013504361963,0.7287393704779757,0.7145440833629195,0.5357273214434868,0.5294719391817844
1260,normal,0.0611009195445713,0.1421497194897822,0.002292684440954563,0.003174213110383112,0.6110297637353805,0.6116459439415387,0.026489299296171106,0.022988892840146172,0.6705018997944533,0.6752264930314351,0.5738420860890191,0.5763265379880335,0.7362888864102987,0.74528199382229,0.6268793364341737,0.6294032558185,0.6782865076682413,0.6835909929336222,0.4522716841272075,0.45137780643404474,0.7248851626657143,0.7243813926388661,0.5720936173973976,0.5713918971508434,0.7175514259111866,0.7176194650166707,0.4843978047969195,0.4850245579941991,0.5924982786171785,0.5906119803778459,0.4030925338867338,0.40183717813153597,0.6035968604248234,0.6033656880886323,0.5184181833948386,0.5163257393754411,0.7833557037111492,0.7803107458023918,0.7176635185359235,0.7158344785409516,0.531882493636211,0.5300708438608552
1261,normal,0.064992361858114,0.1813812634702573,0.003844685703732567,0.004315296787406528,0.615551098943846,0.6122268777520979,0.02682447295263676,0.0235027668193085,0.6748186306483752,0.674908157260795,0.5774028242384258,0.5763647607263275,0.7422395421798069,0.7451630280839104,0.6308853144577337,0.6298532304195082,0.6827548980157654,0.6841658338511112,0.4554322130169854,0.4519112714168356,0.7310939281806645,0.7255695888346718,0.5772919110153801,0.572223844464635,0.7236191933730433,0.7185008758073204,0.4884617152360899,0.485575823939112,0.5967742598021059,0.5911566191440258,0.4055884371316129,0.4022469084085695,0.6086073143682093,0.604216091755039,0.52270183464477,0.5171997162114834,0.7873987047212401,0.7813844083603535,0.7235706395716845,0.716701914391928,0.5357273214434868,0.5307148487100378
1268,normal,0.0298662784627999,0.0586971436035652,0.016585505482856165,0.017215478410796976,0.6200645590640332,0.6034790535811771,0.01329863634338004,0.009801649552441656,0.723438651845181,0.7077123645137536,0.6054355445783002,0.5911215594156108,0.7701489558593322,0.749295661720441,0.6365077397539582,0.6202195010583166,0.6815431311418606,0.6687343916763223,0.4466419920422908,0.43758315958934463,0.7152969425033862,0.6995358870642364,0.5665895418018868,0.5523319438425371,0.7228607224403112,0.6965979589498146,0.4879537264311936,0.4728137710062656,0.5986068231670747,0.5807738895179813,0.406420404879906,0.3953316788781436,0.6104862345969789,0.5919758077969893,0.5152054449573898,0.5043269522226204,0.7882073049232582,0.7658758061125741,0.7294777606074458,0.7049001569466998,0.5362765825588118,0.5200134205683601
1281,normal,0.0436798415845096,0.0742969580739314,0.0004060801754644451,0.0005355945971375814,0.6204660095227403,0.6207521012100731,0.011179830064132174,0.011242304586172498,0.7241959730476234,0.7238569839530183,0.6054355445783002,0.6051695361728064,0.7689755871160489,0.7692648085035296,0.6387567098724479,0.6388548646467077,0.6844210774673846,0.6858470048426359,0.4481234899593742,0.4486216895464358,0.7196195007732882,0.7200560727439209,0.5676292005254833,0.5677155024708723,0.7221022515075792,0.7217592466372331,0.4884617152360899,0.4884249027717059,0.5967742598021059,0.5975809049181828,0.4060044210057595,0.40652819634816756,0.607981007625286,0.6084758221796029,0.5173472705823556,0.5177598795187032,0.7898245053272944,0.7897939849569815,0.7287393704779757,0.7287348035339997,0.5335302769821864,0.5343415168267392
1293,normal,0.0785616574318437,0.0676503762810665,0.003155754473105993,0.004212816509424929,0.6207885321938695,0.6234415044595005,0.012842402854614753,0.011507402392297127,0.7249532942500658,0.7227594715578365,0.5995441414583729,0.6044241504854917,0.7675507822134905,0.7721781674457515,0.6418490437853714,0.6409652262851807,0.685026960904337,0.693330471331906,0.4511852523213465,0.4520874335519657,0.720876972269987,0.7247388180247111,0.5687911720400911,0.5706427616200987,0.7130006003147942,0.7241843751093188,0.4874457376262973,0.48975570976904775,0.6010502409870332,0.6013298246587108,0.4076683565023456,0.4089906409726809,0.611112541339902,0.6120278124188401,0.5194890962073214,0.521419611439204,0.7890159051252763,0.7924514990784202,0.730216150736916,0.7290201421657969,0.5346287992128366,0.5381994598965472
1295,normal,0.1189976127655609,0.080718191940837,0.011199108573504894,0.011908528711436264,0.614303460172721,0.603104351599216,0.022495318864518728,0.020169324120088143,0.6841336814384174,0.6723530214305995,0.579668748515321,0.5712506253768784,0.7512074318606153,0.7368003843760349,0.6330640042600206,0.6210366518339918,0.6829821043046227,0.6747455054387043,0.4510864857935409,0.44417262515423306,0.716790189905716,0.7121992484150284,0.5697085179726763,0.5616027443422313,0.720585309642115,0.7068625060529737,0.4884617152360899,0.4780244869439598,0.5979959687120852,0.5820245993818352,0.406420404879906,0.3959150732198914,0.6067283941394396,0.5939628068286883,0.5119927065199412,0.507324211554982,0.7857815043172037,0.7676214911007293,0.7235706395716845,0.7049241015022524,0.5329810158668612,0.5219538942336596
1305,normal,0.0995136846553986,0.2636159514411999,0.005725725756483032,0.0072478150588172596,0.6122194333941504,0.6068678656281703,0.010048104660587613,0.00917384949264781,0.7302545426671629,0.7122465748471999,0.6061476922081815,0.5939208883478363,0.7631087433996322,0.7537193845938851,0.626387374220754,0.6246786217602077,0.6794982745421462,0.6735279744517332,0.441012299957374,0.4401336789213512,0.7086952171457177,0.7040654228813636,0.5642655987726711,0.5554118127930666,0.7097391753040463,0.7004208532464858,0.4783019391381638,0.47516616653141974,0.5882222974322512,0.5832613233324356,0.4026765500125872,0.3971746128954941,0.5985864064814377,0.5951261038021852,0.5071735988637682,0.5070002632253584,0.7728439010849132,0.7704251645076577,0.7110180073706921,0.7074957775228815,0.5197987490990589,0.5229790920183329
1321,normal,0.0333273037988701,0.04904679730874,0.007841921669981308,0.008480526529700457,0.62494413501062,0.6171022133406387,0.014055850973047951,0.011421016956059078,0.7188947246305262,0.718464764736204,0.6012273994926378,0.6005589666027664,0.7715737607618905,0.764620851023389,0.6443791351686725,0.6347410804442253,0.6969174233545284,0.6850707500618441,0.4528149000301381,0.44666430915721084,0.7251209385713454,0.7157402898389613,0.572032461001892,0.5637576156267957,0.7281700189694358,0.7160441146271292,0.4940495920899492,0.4849122123406918,0.6022719498970125,0.5954757614442766,0.412660162992104,0.4048464308054912,0.6129914615686717,0.6050293629009625,0.5259145730822187,0.5148430800808335,0.7946761065394033,0.7844292179916186,0.7324313211253265,0.7230728253265863,0.5379243659047872,0.5324659937818711
1322,normal,0.0282215325284817,0.0517021208296682,0.007544424695675994,0.0082079710862366,0.62494413501062,0.6174520468986295,0.014055850973047951,0.011344778389212199,0.7188947246305262,0.7193395855918524,0.6012273994926378,0.6011937831446099,0.7715737607618905,0.7652148780109417,0.6443791351686725,0.635081027118361,0.6969174233545284,0.6850325609713038,0.4528149000301381,0.4468752303218103,0.7251209385713454,0.7160192208029436,0.572032461001892,0.5640548264190732,0.7281700189694358,0.716439225883634,0.4940495920899492,0.4852781626114366,0.6022719498970125,0.5955616538339563,0.412660162992104,0.40501437926553197,0.6129914615686717,0.6053504652200946,0.5259145730822187,0.5151010888794476,0.7946761065394033,0.7848267970914894,0.7324313211253265,0.7236600693399662,0.5379243659047872,0.5326418427702478
1323,normal,0.0487271233155418,0.0982072867581487,0.00898172497453648,0.009372804710923624,0.62494413501062,0.6159624100360835,0.014055850973047951,0.012117975272921886,0.7188947246305262,0.7143270023534546,0.6012273994926378,0.5974641910480956,0.7715737607618905,0.7619231251036035,0.6443791351686725,0.6331843080349823,0.6969174233545284,0.6849833291302073,0.4528149000301381,0.4463454430258728,0.7251209385713454,0.7153904820373247,0.572032461001892,0.563234429597566,0.7281700189694358,0.7147322707058693,0.4940495920899492,0.48397995094880514,0.6022719498970125,0.595231434831487,0.412660162992104,0.4045145973859348,0.6129914615686717,0.6044398363858006,0.5259145730822187,0.5146882751802989,0.7946761065394033,0.7833113074495821,0.7324313211253265,0.7211271161564732,0.5379243659047872,0.532483871238062
1335,normal,0.0646930537455642,0.1294284298759024,0.004864886581766951,0.006258311296628932,0.6168275146274422,0.6215866001372586,0.029202299677771142,0.02641237883481117,0.6727738634017806,0.6785683532367789,0.5709934955694939,0.5817209960532431,0.751291243913707,0.755052986241905,0.6354535350109161,0.6393734652188812,0.6856328443412896,0.6946950358115291,0.4537531820442909,0.4588676987952609,0.7219772598295984,0.7371986768086388,0.5772919110153801,0.5815726851668683,0.7258946061712396,0.7313173574574293,0.493541603285053,0.49411074473131084,0.5998285320770539,0.6010740992006381,0.4085003242506387,0.40926107119881733,0.6142440750545182,0.6143214515132688,0.5194890962073214,0.5257050275811792,0.7882073049232582,0.7954389050417973,0.7265242000895652,0.7289222859060168,0.5406706714814126,0.5397713623698328
1340,normal,0.0726061398557833,0.1308720129314816,0.021061937674736447,0.02147944372727261,0.6380725984588919,0.6170106607841555,0.022443333003710084,0.01846695289373658,0.7211666882378536,0.7024136044892894,0.6064066549826839,0.589366246009579,0.7753453031510157,0.7545644502413527,0.6493690376190717,0.6307991847889468,0.7044152308868147,0.6834237309395123,0.4632841519775272,0.4486440839538386,0.741310884091342,0.71872248478648,0.5870769342962884,0.5678219117217791,0.7456148504222737,0.7191792736558015,0.5062413234074605,0.48811068997242596,0.6205975835467009,0.5986454582128835,0.4230597598457674,0.40774500346057607,0.633659584085138,0.6095691557619679,0.5382300704257719,0.5192960172128016,0.8197427128019662,0.7882298453175441,0.7523678546210205,0.7257127698595237,0.5593455494024658,0.5369373229463403
1344,normal,0.018207002362361,0.0363184174247684,0.003838264006659901,0.00473034716922577,0.6145391184498186,0.6183083879332331,0.022275756842276947,0.018705309409425133,0.6954934994750543,0.7034134182195226,0.5842653377627369,0.5899496135948051,0.7474358894714903,0.7573956983104131,0.6254034497939147,0.6318919286227346,0.677907830520146,0.6844989272043192,0.4463456924588741,0.4492632768239854,0.7147467987235806,0.7194258959986654,0.5646936935412109,0.5690250740199846,0.7160344840457226,0.7212725123965259,0.486937748821401,0.48956031270357053,0.5992176776220643,0.5998218645941763,0.4072523726281991,0.40862428186663846,0.6104862345969789,0.611058067969617,0.5200245526135628,0.5204280000852812,0.7873987047212401,0.7898000375276178,0.7250474198306249,0.7279265113545772,0.5384736270201123,0.5378871735725267
1345,normal,0.2150811137540788,0.313484032139969,0.007356985204471197,0.008646520540667984,0.6087306725416453,0.6160876577461165,0.024797976637739503,0.019169306533367708,0.6808014681476706,0.6968867145956448,0.5722883094420053,0.5864147089835073,0.7347802694546485,0.7519201584630961,0.620905509556935,0.6308566658217226,0.6754085613427173,0.6832416886441889,0.4444691284305685,0.44960122617104653,0.7107386083278532,0.7205874031690643,0.5621251249299725,0.5692454559018877,0.7145175421802583,0.7196574235289196,0.4854137824067121,0.48777248300697595,0.5912765697071993,0.5972610458372568,0.4026765500125872,0.4066733740093974,0.6042231671677467,0.6084382984164287,0.5152054449573898,0.5186855881384712,0.7849729041151856,0.7869228519979555,0.7161867382769831,0.7237430481986606,0.5324317547515361,0.5355820467997554
1370,normal,0.1078158496351735,0.09298928000723,0.004665383667694256,0.006489522951601005,0.6109285073912019,0.6137303581054887,0.026509938925821274,0.01819934305419767,0.6816345214703573,0.6967395619439607,0.5740363081698958,0.5857836234161301,0.7365403225695736,0.7498175622456044,0.6208352292407322,0.6286499112966386,0.6751056196242411,0.6803213115193837,0.443925912527638,0.44723045867114714,0.7120746717930956,0.7176784547142968,0.5648160063322222,0.566053038161594,0.7183098968439188,0.7157616239637522,0.4884617152360899,0.48513411826278835,0.5961634053471162,0.594581185466915,0.4047564693833199,0.4049226313891594,0.6067283941394396,0.6058346088197137,0.5173472705823556,0.5166375220947348,0.7873987047212401,0.7840854055595775,0.7235706395716845,0.7206168833423887,0.5340795380975114,0.5335681869255227
1371,normal,0.0787734791712652,0.1117608421284823,0.005507159719358445,0.006827336444840035,0.6009009913767622,0.6064081510961206,0.024097224547423735,0.01851865868053896,0.6683814004276143,0.6823277248216154,0.5645841669005617,0.5764722318491415,0.7297515462691485,0.7411081833121572,0.6150722433121022,0.6225373246787926,0.666547516077288,0.6755411779000461,0.4385925200261379,0.44487414071431736,0.705001394624165,0.713835107326228,0.5583334284086205,0.5631813810466452,0.7067052915731179,0.7095774473497881,0.4793179167479564,0.4797732529245181,0.5833354617923343,0.5852342131896681,0.3964367919003892,0.39848724302066113,0.5948285660238984,0.5977486594416791,0.5077090552700096,0.5107680455156282,0.7712267006808768,0.773076108113543,0.7058492764644011,0.7087545750987461,0.5236435769063346,0.525641752330875
1374,normal,0.2750200215817002,0.2959279263461897,0.011998039220951473,0.012256298287451414,0.5897598297550345,0.6017578689759862,0.019657030134279694,0.018830890554883035,0.6587634211565951,0.6739984602029377,0.5586927637806344,0.5713105204295567,0.7218732132785317,0.7362641923293874,0.6086767345376467,0.6195530714206691,0.6604129462781447,0.6727863053002472,0.4340492597470822,0.44271041083172236,0.69612050217873,0.7098461919116306,0.5483649359411954,0.5600174566468364,0.6898672368664657,0.704824813255958,0.466872191027997,0.4767014238390873,0.5699577492280617,0.5804228345850039,0.3879923192552145,0.3948364752786784,0.5796719428451564,0.5917523738886873,0.4950187384420875,0.5058160370780325,0.7489093351051758,0.7657751661177805,0.6900477276937398,0.7030416450049768,0.5106260884731298,0.5202263944705714
1378,normal,0.0607373449025835,0.0858325871332789,0.01115779478897562,0.011427072651441616,0.5980456117665752,0.6092034065555509,0.028992008249698657,0.027523244135961585,0.6543709581824289,0.666809154729603,0.5564268395037392,0.5685594388206768,0.7210350927476151,0.7372622399155397,0.6107148637075281,0.6236590452261155,0.6656386909218595,0.679691599140033,0.4391357359290684,0.44860931719633274,0.7063374580894075,0.7199582559033539,0.5577218644535638,0.5691053550351642,0.7045815729614681,0.7164355109536406,0.4777939503332675,0.4850279920084994,0.5827246073373447,0.591659516519911,0.3968527757745357,0.40297043053740317,0.5923233390522055,0.6039603710697159,0.5066381424575268,0.515568119742552,0.7671836996707861,0.7792648282575942,0.7058492764644011,0.7168179609071559,0.5214465324450341,0.5310987754810744
1397,normal,0.0401789945252702,0.0418529853920368,0.006107906514250991,0.006929404973764408,0.6147492004028554,0.6086412938886043,0.014689492131037995,0.011756028088546243,0.7135934762134291,0.7101091893734989,0.5994146600711218,0.5932455594807349,0.7570742755770321,0.7533871800485267,0.6329937239438178,0.6253820706016358,0.6878291718002421,0.6747062791555762,0.4454074104447213,0.44108968222459094,0.712939183447076,0.7050193100613841,0.5566210493344617,0.55643932300151,0.7070086799462107,0.7025720065457469,0.4788099279430601,0.47740564910667405,0.5967742598021059,0.5874952613130168,0.4060044210057595,0.39988539368383075,0.6048494739106699,0.5983045547066351,0.5114572501136998,0.5089474113828215,0.7841643039131674,0.7739432301835184,0.720617079053804,0.7127495245114941,0.5351780603281616,0.5262203707250788
1406,normal,0.0424571884772963,0.0704603049512264,0.01221448265454057,0.013143513111278895,0.6003711658593013,0.6125856485138418,0.02746851883320126,0.023363691557348385,0.6563399933087792,0.6766412680092552,0.5656847586921966,0.576628441461603,0.7217055891723485,0.7460122710271629,0.6179537362764173,0.6293031843693042,0.6740453236095744,0.6852844681904793,0.4411110664851796,0.4518895146718675,0.7089309930513487,0.7245392588889205,0.5552756086333368,0.571599263397256,0.7032163252825503,0.7183199033087335,0.4788099279430601,0.4857401873455216,0.5857788796122928,0.5919266914753885,0.3989326951452684,0.40332531039641767,0.5960811795097448,0.605643173071421,0.5039608604263196,0.5173564254313662,0.7688009000748224,0.7802072465522509,0.7065876665938712,0.7173243251467353,0.5230943157910095,0.5322150919916266
1407,normal,0.1496433572369009,0.1043581617905861,0.00501496844797145,0.007264603955729112,0.605473953193845,0.6099560162114895,0.029922419157673907,0.02246894732367711,0.6581575641946411,0.6747097486426835,0.5646489075941873,0.5753719269617903,0.7251418833491068,0.7435684489392197,0.6196404638652846,0.6272477177898862,0.6787409202459557,0.6819200155484957,0.4466419920422908,0.45023557497840055,0.7173403336855216,0.7222744485608087,0.5638375040041314,0.5694434463050398,0.7130006003147942,0.7149558381558623,0.4838898159920232,0.4832624972035156,0.5900548607972201,0.5888160836848804,0.4005966306418545,0.4008290321517778,0.6010916334531305,0.6019905274161356,0.5114572501136998,0.5149059034782839,0.7801213029030766,0.7774577026461454,0.7117563975001623,0.7133969140871103,0.5269391435982852,0.5288664490452877
1412,normal,0.1260837039254356,0.1344024206143491,0.01317714947693484,0.013471819448936962,0.6262348642064266,0.6130577147294919,0.01976323031515661,0.016979010067866375,0.7143507974158715,0.6993673208420395,0.5978608834241079,0.5872714318996952,0.7647011724083738,0.7498289495011696,0.6386864295562452,0.6286019753625719,0.6903284409776708,0.6792890486410573,0.4547408473223465,0.4459843547532132,0.7281074333760049,0.7161986120987365,0.5754572191502099,0.5644663851392597,0.7289284899021679,0.7137282108016403,0.4955735585046382,0.483835601203364,0.6096022033568879,0.593854661260793,0.4151560662369832,0.4042201683534385,0.6198808357408272,0.6045921100342315,0.527520942300943,0.5156125368141955,0.8011449081555486,0.7828179665492998,0.7383384421610877,0.7196684548551778,0.5456140215193385,0.5326433622914769
1417,normal,0.0212029402668197,0.0519249225341639,0.005328007698531263,0.005916287970812925,0.6035085314858755,0.6088365391844067,0.024283180520263833,0.02123655598342081,0.679059629382053,0.6858699595277478,0.5695044596161055,0.5771261882488927,0.7330202163397236,0.7418749670006918,0.6142991598338713,0.6220941129161073,0.6657901617810975,0.674440240918067,0.4391851191929712,0.4439619357931136,0.7029580034420295,0.7118271626299592,0.5564987365434503,0.5626512963370248,0.7034438665623699,0.7107977774594906,0.4788099279430601,0.48251541886107074,0.5900548607972201,0.5918886291176126,0.4018445822642941,0.4029897676278674,0.5998390199672842,0.6025662046438243,0.509315424488734,0.5133196186840157,0.7736525012869313,0.7787287766680229,0.7132331777591026,0.7168334586030698,0.5291361880595856,0.5307356510983372
1419,normal,0.0920454767594039,0.118105002156139,0.0045079277921129405,0.005440440883258871,0.599704079024014,0.604212006816127,0.022234892670376583,0.018558215482997593,0.6725466670410478,0.6798966925029354,0.5649078703686897,0.5742532550910288,0.7299191703753318,0.7385551789044328,0.6157047661579275,0.6204479650213582,0.6660931034995736,0.6732279082262019,0.4384443702344295,0.4431312562078807,0.7024078596622239,0.7108383695958981,0.5554590778198537,0.5609238954525915,0.6993481235256167,0.7068131446774975,0.476219185038089,0.47814653469862983,0.5833354617923343,0.5834460431975961,0.3968527757745357,0.3971959580848722,0.5923233390522055,0.5953872596401111,0.5066381424575268,0.5086720785849177,0.7663750994687679,0.7703647748563275,0.7058492764644011,0.7065933703381411,0.5225450546756844,0.5237104307937387
1420,normal,0.1203554454984885,0.1575321050938441,0.015546538442835586,0.01595983294067248,0.5849555225427864,0.6005020609856219,0.018650387843506106,0.018957917645260745,0.6574002429921987,0.6729072618190701,0.5559736546483601,0.5699555650409941,0.7169283021461234,0.7344321259163525,0.6025623470280025,0.6178526649751348,0.6543541119086205,0.6713611264664207,0.4304442814821794,0.4416231181212199,0.6893615928839741,0.7078609003713384,0.5423716091816391,0.5585841016063415,0.6804621973005879,0.7030086148461954,0.4623002917839302,0.4756900867698727,0.5668423915076147,0.5795258953199947,0.3859539982718965,0.39425326194285915,0.57491201159894,0.5908711285985131,0.4902531764265386,0.5048965802929616,0.7410659131455997,0.7641786190591846,0.6856173869169189,0.7019314391003675,0.5074403740042442,0.5196025465087527
1421,normal,0.6481841597064647,0.7570584251363973,0.007693962903239596,0.007968846171265056,0.6129208542808395,0.6052268913775999,0.018409544178682416,0.01886270693687295,0.6883746801720952,0.6774574076056242,0.5810283030814581,0.5747876547143703,0.7513750559667987,0.7404104042534657,0.63404792868686,0.623205614351208,0.6859357860597658,0.676814350882688,0.4502469703071937,0.4456080313687868,0.7215057080183364,0.7143034948620314,0.5687300156445855,0.5633319888953662,0.7145175421802583,0.7087350383081401,0.4849057936018158,0.47922374689491687,0.5924982786171785,0.5836432986789023,0.4030925338867338,0.39690489311470684,0.6017179401960537,0.5954866279831857,0.5152054449573898,0.5087769486338328,0.7793127027010583,0.7699728862301052,0.7169251284064533,0.7069959653015871,0.5302347102902357,0.5231988013402799
1426,normal,0.1636410358015214,0.1857375708869061,0.008970095345149405,0.009540020331086257,0.6225203799493174,0.613550284604168,0.02915639186110467,0.027441445388939514,0.6814830572298688,0.6676195975568704,0.577985490481056,0.5730724866399837,0.7496988149049654,0.7447527136286942,0.6369997019673778,0.630660905727081,0.6927519747254806,0.6846308754957593,0.4576050766287076,0.4529418524164018,0.7349449346393044,0.7280194387544588,0.580349730790664,0.5747441481768912,0.7327208445658284,0.7222914174112545,0.4976055137242234,0.4882538867216402,0.6071587855369294,0.5935314683549209,0.4122441791179575,0.403921112965827,0.616749302026211,0.6068838632319817,0.5280563987071845,0.5199032885743119,0.7995277077515123,0.7868319869728304,0.7346464915137368,0.7192561460537754,0.5423184548273879,0.5330396495881734
1427,normal,0.2418638118411057,0.3526198517747534,0.00863234107952044,0.009775279707013423,0.6062617000826729,0.5978943645822848,0.019516493220351813,0.011558733032380059,0.6949633746333446,0.6961821610642543,0.5814814879368371,0.5825152489285528,0.7466815809936653,0.7398722917317293,0.6216785930351659,0.6147790097098055,0.6732879693133837,0.6622472801733428,0.440123401207124,0.43327570686226985,0.6996571407631953,0.6935871314166565,0.5530739783951324,0.5475063297165914,0.6960866985148687,0.6908553163684621,0.4757619951136823,0.4693978544027638,0.5924982786171785,0.5766320404862095,0.4026765500125872,0.3926865609115426,0.6010916334531305,0.5875316622166195,0.5087799680824926,0.5000596005952648,0.7696095002768405,0.7603073312471703,0.7176635185359235,0.6998005081301247,0.5313332325208859,0.5169681639374818
1432,normal,0.1401327914652831,0.181343339515072,0.00568890239193979,0.006465982580374954,0.6273419987236674,0.6219122484900793,0.017846598403269763,0.013178150237912651,0.7226813306427384,0.7169059573017015,0.6053708038846748,0.6004707238200108,0.7677184063196739,0.7673914087592714,0.6370699822835806,0.6392727756295722,0.6935093290216711,0.6905920524054995,0.4563704950311382,0.4511843473891225,0.7287361691243543,0.7242236397886438,0.5748456551951531,0.5701997035365162,0.7236191933730433,0.7229383191521763,0.493541603285053,0.48943597128533395,0.6089913489018982,0.6006719653935431,0.4164040178594228,0.40855055603073265,0.6217597559695969,0.6114213496475214,0.527520942300943,0.521197299058695,0.8003363079535305,0.7918239107273257,0.7390768322905578,0.7282099450458275,0.5472618048653137,0.538018299359857
1434,normal,0.0343489337467699,0.0415452416880791,0.009102675646667864,0.010787285632396518,0.6046616501338784,0.6136591021995692,0.016883943307050536,0.020556012825280166,0.6789081651415646,0.6936795033654711,0.5755253441232842,0.5830155705176793,0.7501178751704237,0.7492234747321205,0.6237167222050474,0.6263221650711454,0.6781350368090032,0.6790526528564625,0.4448641945417908,0.4465401734265712,0.711996079824552,0.7158473645501859,0.561085466206376,0.5663490088789387,0.7062502090134786,0.716403697835538,0.4793179167479564,0.4865837000168915,0.583946316247324,0.5962972886384668,0.3968527757745357,0.4060007890134602,0.5904444188234359,0.607285736094659,0.505567229645044,0.5174909811535441,0.7655664992667498,0.7846804781537078,0.7088028369822816,0.7229444945228206,0.5181509657530836,0.5344876585650161
1436,normal,0.0231074780557084,0.0358436902153235,0.009269134777861895,0.010943095219600706,0.6046616501338784,0.6138554550286698,0.016883943307050536,0.020587318468358002,0.6789081651415646,0.6937563918975663,0.5755253441232842,0.583145348412732,0.7501178751704237,0.7494775711643242,0.6237167222050474,0.6265484450504599,0.6781350368090032,0.6792980670612436,0.4448641945417908,0.44668874169927886,0.711996079824552,0.7161251877100361,0.561085466206376,0.566574932385147,0.7062502090134786,0.7166136147185004,0.4793179167479564,0.486752543036033,0.583946316247324,0.5965154908831738,0.3968527757745357,0.40611643805214453,0.5904444188234359,0.6075015797851828,0.505567229645044,0.5176989767111261,0.7655664992667498,0.7848686917731452,0.7088028369822816,0.72321908155658,0.5181509657530836,0.5346416335907108
1437,normal,0.02694388251173,0.0352003069999385,0.00967245235817823,0.011382391748315544,0.6046616501338784,0.614313906705966,0.016883943307050536,0.020629603063607,0.6789081651415646,0.6944549048749483,0.5755253441232842,0.5835675919529733,0.7501178751704237,0.7499462109886532,0.6237167222050474,0.6268559616966572,0.6781350368090032,0.6796019568893489,0.4448641945417908,0.44692505572096586,0.711996079824552,0.716542177196492,0.561085466206376,0.5670128112239318,0.7062502090134786,0.7172154808820594,0.4793179167479564,0.48711659378098593,0.583946316247324,0.596929829621105,0.3968527757745357,0.4064420784310146,0.5904444188234359,0.6080526241768965,0.505567229645044,0.5181822598855901,0.7655664992667498,0.7855980007935189,0.7088028369822816,0.7237840164272401,0.5181509657530836,0.5351088594590392
1438,normal,0.020267784316348,0.0491109645269198,0.010344942371551428,0.012055319464802905,0.6046616501338784,0.6150065925054298,0.016883943307050536,0.020612170326956145,0.6789081651415646,0.695651999389494,0.5755253441232842,0.5843718791299909,0.7501178751704237,0.7504066808130457,0.6237167222050474,0.6273507913304999,0.6781350368090032,0.6800285973103856,0.4448641945417908,0.4473189504185165,0.711996079824552,0.7173677836568984,0.561085466206376,0.5677382297388834,0.7062502090134786,0.7181750912670628,0.4793179167479564,0.4876235433215323,0.583946316247324,0.5974383477327295,0.3968527757745357,0.40689252743364585,0.5904444188234359,0.6088171341183535,0.505567229645044,0.5188970601487722,0.7655664992667498,0.7868232824107014,0.7088028369822816,0.7244597639977871,0.5181509657530836,0.5357504103740067
1444,normal,0.0394029715264269,0.0833293481259383,0.019765360879552583,0.020435868733268518,0.5915507620125452,0.6113161228920978,0.02026064937208851,0.025665265992827042,0.6598994029602588,0.6719253673621842,0.5612823915256574,0.5725925742608798,0.7227951458625401,0.7417142781590691,0.6070602872649823,0.6272993500223862,0.6623820674482401,0.6833074203760716,0.4376542380119851,0.4504592107528697,0.69997150863737,0.7225171129996406,0.5500773150153543,0.570624297560626,0.6910049432655637,0.7177230857836608,0.4669737887889763,0.4856700573977367,0.5698966637825628,0.5925427394511287,0.3894898612021421,0.4033823018533839,0.5851834421828809,0.6055713033324049,0.4980708399576637,0.5166159561658529,0.750526535509212,0.7798021830647618,0.6896785326290047,0.7183608704752913,0.514415990168873,0.5322659801477128
1448,normal,0.7573173315063304,0.9444919084481298,0.013150919784730845,0.0137367294024788,0.5968663123196213,0.610017232104352,0.023103003107757973,0.02119571323247628,0.6625500271688075,0.6764991699123765,0.5624477240109178,0.5767118537362825,0.7246390110305568,0.7452364799113249,0.6112068259209478,0.6282452269317275,0.6673048703734786,0.6815556020066537,0.4408147669017629,0.44972235630166596,0.7052371705297961,0.7227979076074947,0.555030983051314,0.5697648021887912,0.6985896525928846,0.7155972702084598,0.4717488835550016,0.48349915774808705,0.5766160627874485,0.5876757276775052,0.3939408886555099,0.39985745448709,0.5916970323092823,0.6002243593800746,0.5044963168325611,0.5146455426590113,0.7623320984586772,0.7784210191747241,0.6977269850402293,0.7125649759330293,0.5203480102143839,0.5272740399096864
1451,normal,0.1268683396572149,0.1275811896193033,0.00182352207550372,0.002183117079145074,0.6026036889046784,0.6016408249314741,0.027823117087929117,0.025446417702478893,0.6614140453651437,0.661020464729114,0.56270668678542,0.5649862643062104,0.7276562449418568,0.7295075568216702,0.6140180385690601,0.6157964990566218,0.6712431127136694,0.672314281917205,0.4446172782222768,0.44471239318135514,0.7135679191954254,0.7138078790141906,0.5624920633030065,0.562462695725544,0.7076913037856696,0.7050807257846278,0.4777939503332675,0.4768035090126173,0.5851680251573032,0.5819537495597673,0.400180646767708,0.39681860861813156,0.599212713224361,0.5964313025067342,0.5114572501136998,0.510195202216084,0.7704181004788587,0.7678057685286719,0.7065876665938712,0.7042736355210946,0.5280376658289354,0.5239234873354193
1456,normal,0.143526168821222,0.1859791559719076,0.011249971456137294,0.011681095383202033,0.6039560465115438,0.6152060179676809,0.015297159727013305,0.016497957647316625,0.694508981911879,0.7039271748906296,0.582258376260344,0.590121201107015,0.744502467613282,0.7544633039806432,0.6179537362764173,0.629814905054651,0.669273991543574,0.6817290096931984,0.4385925200261379,0.4470410034515606,0.7044512508443593,0.7167798637054663,0.5555813906108652,0.5657822210017871,0.6970727107274204,0.7157872093476274,0.4735776432526282,0.4856817821809264,0.5851680251573032,0.5960115750643588,0.3993486790194149,0.40571463036719735,0.5960811795097448,0.6068261550500961,0.5071735988637682,0.5172747611529438,0.7679922998728043,0.7848474951056749,0.7073260567233414,0.7224276570073705,0.5263898824829601,0.5342723572894318
1469,normal,0.1085252260175393,0.2035388584763022,0.0063631185627086384,0.007362589049650501,0.6090956581348608,0.6138348181515426,0.029935769456900796,0.021774584435396774,0.7696352451941708,0.7626842141723317,0.6363168554377001,0.6294642388183119,0.7878332990616741,0.7887332780727265,0.6375619444970002,0.6438494164671421,0.6857085797709086,0.6888449380928395,0.4467901418339992,0.44819562784174555,0.7117603039189209,0.7150732669455757,0.5538078551412005,0.5589908155194917,0.6854681054566196,0.69730593630728,0.4609795208911999,0.46954178569097016,0.5642768027966583,0.572922529763625,0.3854548176229207,0.3907749690956698,0.5861229022972657,0.590646059722942,0.5023544912075952,0.5062708027793046,0.7463218144587176,0.7612963090814585,0.6816300802177802,0.6934064825850391,0.5126034284883001,0.5171912376197699
1477,normal,0.105674360162909,0.2736880766532455,0.002056303597844298,0.00233307036727423,0.6130792810769494,0.6144694391542609,0.009355117132017367,0.008315162736482997,0.7363131122867027,0.7390130508436975,0.6136576126687485,0.6146396407724676,0.7729985656644489,0.7748903246586788,0.636226618489147,0.6379450807908313,0.6864659340670991,0.6855023931549582,0.4487160891262075,0.44821334251099143,0.7150611665977552,0.717081835953707,0.5599846510872738,0.5623311308874499,0.7014718421372664,0.7040273732142709,0.4733744477306696,0.47580450262038443,0.5778377716974278,0.5808497976601497,0.394772856403803,0.3960905707130592,0.6004653267102074,0.5978032390258732,0.5130636193324242,0.5123349247780374,0.7679922998728043,0.7714987497327467,0.6992037652991697,0.7040175763265989,0.5247420991369848,0.5239369319785345
1482,normal,0.0741187873817207,0.200894783365168,0.003134180932135535,0.003738787383685178,0.6137264521371085,0.6160535193268545,0.010012099254621194,0.0080487709592029,0.7363131122867027,0.7399744076408145,0.6143050196050043,0.6160275381245407,0.7711547004964323,0.776668251547467,0.634399330267874,0.6388824823639122,0.6875262300817658,0.6872080902920448,0.4513827853769576,0.4497410658899692,0.7211913401441616,0.7197191365598058,0.5631036272580633,0.5642366431949185,0.6991205822457971,0.7058044478105342,0.4714440902720637,0.4767378022836934,0.5784486261524174,0.5819543032691762,0.3951888402779495,0.39702708369068884,0.6010916334531305,0.5999231635692359,0.5168118141761142,0.5145518801107629,0.7671836996707861,0.7734846138736322,0.6999421554286398,0.7053459484717178,0.5247420991369848,0.5256229698636123
1483,normal,0.209420505146827,0.2565096254220226,0.0051603704240775405,0.006049319910885351,0.6202356301196414,0.6162036440378956,0.012293570139961464,0.007623031932848807,0.7476729303233396,0.7398078023264273,0.6240161236488406,0.6153379083179125,0.784816065150374,0.7765867628937659,0.6410056799909377,0.6391003634411038,0.6931306518735757,0.6870840526331814,0.4563704950311382,0.44950711322201525,0.7294434968412473,0.7188682342426743,0.5695862051816649,0.5642046662808589,0.707084527039484,0.7064567013445844,0.475660397352703,0.477575014544394,0.5808920439723758,0.5831357602869484,0.3981007273969753,0.3975738980883157,0.6086073143682093,0.5994601976522403,0.5210954654260457,0.513900282800572,0.7728439010849132,0.7742183068082183,0.7028957159465203,0.7069542436267701,0.5307839714055609,0.5256906401342417
1485,normal,0.0988262126361132,0.2348730247220467,0.002747349789281376,0.00316463986171069,0.6201207938777953,0.6192818446315259,0.010404417773318136,0.007365822996692177,0.7454009667160121,0.7424126910513329,0.6194842750950503,0.6179633594540693,0.7824693276638074,0.7808533026580577,0.6438168926390501,0.6421428436462084,0.6931306518735757,0.6910711639377438,0.4545433142667354,0.45229291481864153,0.7265355940051316,0.7233621825451293,0.5694027359951479,0.5674466554601014,0.7084497747184016,0.7097868312936172,0.476625576082006,0.479447777246183,0.5815028984273655,0.5854168534063581,0.3972687596486822,0.39924504185161075,0.6086073143682093,0.6029726903040604,0.52270183464477,0.5174056599320811,0.7776955022970221,0.7778473878602596,0.7036341060759905,0.709654130207042,0.5307839714055609,0.528469873063444
1487,normal,0.0912551607821584,0.2040522703871043,0.0061140134410447525,0.006811617381690799,0.6228477040935899,0.6167336906525452,0.009971576234915226,0.007685941510684112,0.7454009667160121,0.7396200289018157,0.6214264959038176,0.6159097621552905,0.787330426743124,0.777211241924507,0.6440277335876584,0.6388110830270496,0.6921460912885281,0.6881624005846626,0.4551852966974715,0.4506292951246989,0.7313297040862955,0.7208131015132268,0.5730721197254885,0.5651762872782663,0.7105734933300515,0.7064693223750144,0.4783019391381638,0.47703937436795046,0.5851680251573032,0.5826375286402765,0.401012614516001,0.3975497546520027,0.6123651548257486,0.601323759911182,0.5264500294884602,0.5158334022191469,0.7817385033071128,0.7744679535344189,0.7088028369822816,0.7060917270945436,0.5340795380975114,0.5267267177892164
1488,normal,0.0675113783184745,0.1155382746603045,0.002394410344179169,0.0030372169178102025,0.6198937210545766,0.6179889956105044,0.007922466332513301,0.006310814017326171,0.73858507589403,0.739237414129689,0.6162472404137715,0.6150263568293035,0.7757643634164739,0.7772430968490339,0.6387567098724479,0.6395174228389314,0.6923732975773853,0.6890053568230662,0.4549877636418604,0.45160731727758957,0.7266927779422189,0.7237191914652196,0.5703200819277331,0.5677888969353106,0.7100425636771391,0.7096808523632034,0.4777939503332675,0.4786396310469628,0.5845571707023135,0.5836165692717423,0.400180646767708,0.39803801346813605,0.6098599278540556,0.6024250468493217,0.52270183464477,0.5175596783160382,0.7801213029030766,0.7773293707656567,0.7073260567233414,0.7077509130258521,0.531882493636211,0.5276277971235178
1489,normal,0.0705031086581654,0.1028723552399988,0.011044286810116688,0.011570757513557598,0.6297958465497748,0.618751559739658,0.007722493886937439,0.005887467298249636,0.7461582879184546,0.7397650581473578,0.6246635305850964,0.6154596118049849,0.7881685472740407,0.7784172552034676,0.6465578249709595,0.6406765291109855,0.6996438988208145,0.6896528315369442,0.4616545042687354,0.45188391241908515,0.7389531250350319,0.7239238906398757,0.5797381668356072,0.5682010011381925,0.720585309642115,0.7112798504795208,0.4859217712116084,0.4798754372941026,0.5961634053471162,0.5848920934669088,0.4068363887540525,0.39873506428068384,0.6198808357408272,0.6025037048956565,0.5328755063633575,0.5175105802609616,0.7946761065394033,0.778807886757132,0.7228322494422145,0.7092303669007259,0.5412199325967377,0.5279614412376031
1491,normal,0.0556697640289314,0.1067105303722276,0.0039009508580152515,0.004849017226312607,0.6156986660182483,0.6174939094436573,0.008675505955804168,0.003478531354836615,0.7226813306427384,0.7321404380439518,0.6049176190292956,0.6099115399780909,0.7640306759836405,0.7731953574148513,0.6287066246554467,0.6376073919546552,0.683587987741575,0.6869823937920854,0.4517778514881798,0.4508579344374324,0.7250423466028016,0.7233879791938532,0.5694027359951479,0.5688317866584764,0.7087531630914945,0.7122731067703938,0.4770827660064127,0.48054437066184486,0.5845571707023135,0.5853631413756887,0.3997646628935615,0.39901153035785136,0.607981007625286,0.6021404691173317,0.5221663782385286,0.5174052085303757,0.7785041024990402,0.7799642398251027,0.7065876665938712,0.7098447785382707,0.5313332325208859,0.5279347938919181
1497,normal,0.1415378685376475,0.295955057935049,0.002733741680710036,0.0035405146013604643,0.6031903812382717,0.6020793467935752,0.009326867438497597,0.007652980730699949,0.7196520458329686,0.7232440371093265,0.6008389553308844,0.6002604168740886,0.7586667045857737,0.7585112725257421,0.6206243882921239,0.622831769000942,0.6710159064248121,0.6703745592099356,0.4389382028734573,0.4380161062737675,0.7050799865927087,0.7008684714105597,0.5528905092086154,0.5511368205187055,0.6891087659337336,0.6904687985245298,0.4645354425254741,0.4667412825685789,0.5681251858630928,0.5706627024096971,0.3893234676524834,0.38876756051848876,0.5942022592809751,0.5860377490067573,0.509315424488734,0.5028420577811594,0.761523498256659,0.7584522440643233,0.6900477276937398,0.6919379780341732,0.5203480102143839,0.5141950696600032
1501,normal,0.1021373442760511,0.0793725910706952,0.014487933951820294,0.015411664250447236,0.6284583079313562,0.6139703739795359,0.01192341363623624,0.008774563587811571,0.7279825790598357,0.7065699613416758,0.6130102057324927,0.5953620838321433,0.7786977852746824,0.7604070170565234,0.6396000736668817,0.6327570339426573,0.6988865445246238,0.6849912872551924,0.4628890858663049,0.45100910030676855,0.7452404825185257,0.7244811335798965,0.585242242431118,0.57010137959539,0.7243776643057754,0.7142489081355408,0.4864297600165047,0.48173510838243305,0.5955525508921267,0.5857926684345343,0.4089163081247852,0.3991597859264914,0.6242649829412897,0.6003594348974891,0.5334109627695989,0.51533072963775,0.7930589061353671,0.7785040498073235,0.720617079053804,0.7097409206798336,0.5456140215193385,0.5269457548404671
1504,normal,0.0719359892076068,0.0769202984175298,0.019302804657032754,0.020100808548710825,0.6315464658550504,0.6122436611980177,0.012340263925593587,0.008887733138426498,0.7287399002622781,0.703392083733677,0.6155998334775157,0.5930743473942742,0.7807092745488823,0.7589710694711298,0.6426221272636023,0.63222092235457,0.7032791994425289,0.6833055971596727,0.4669385135063328,0.4497556510675205,0.7499560006311461,0.7227612917626566,0.5883000622064019,0.5689670107430238,0.7281700189694358,0.7136133890226908,0.4894776928458825,0.4812180301169611,0.5992176776220643,0.5839919459398991,0.4109962274955179,0.39769613715767227,0.6267702099129826,0.5971679030208111,0.5355527883945647,0.5131187535176883,0.7971019071454578,0.7768962681244739,0.7250474198306249,0.7076832555903403,0.5478110659806389,0.5243085841892392
1507,normal,0.1251970310553002,0.1431070334030262,0.014487724677944343,0.015250212156596962,0.6279808050703996,0.6134930803924552,0.022065964324017834,0.016540820516771044,0.6989771770062896,0.6884831672354541,0.5979256241177335,0.5869061408040837,0.7667126616825739,0.7541399477294857,0.6374916641807974,0.6320629506083388,0.7022189034278622,0.6876469358171101,0.4644693503111939,0.45423865031251864,0.7475982415748359,0.7278185983669753,0.5864653703412316,0.5718572359072366,0.7296869608349,0.7149022110257912,0.4904936704556751,0.4822986686185347,0.6016610954420228,0.5877884891689652,0.4134921307403971,0.40064530517338376,0.6267702099129826,0.6036715104662562,0.5344818755820818,0.5174953315067932,0.8003363079535305,0.778314750476547,0.7257858099600951,0.7112538115944508,0.5511066326725895,0.5298586618598139
1510,normal,0.2859007600176855,0.6340173558912023,0.004555232413205356,0.005900886531421041,0.6075695712559697,0.606287291266267,0.015308205451169626,0.008300809906022045,0.7431290031086848,0.7305925396448403,0.6168946473500273,0.6050319553320324,0.7667126616825739,0.7648232760899383,0.6331342845762233,0.6272207965080455,0.676468857357384,0.6764245421022433,0.4424444146105546,0.44107362227382746,0.7145110228179495,0.7054132750195424,0.5576607080580581,0.555092153368595,0.6919151083848423,0.6954532040300354,0.4647894369279222,0.46983247858694505,0.5709351163560451,0.5742328606128702,0.3880755160300438,0.3908173591285364,0.5929496457951288,0.589170589953471,0.5061026860512854,0.5055463256906145,0.7583699574687882,0.7630512741976364,0.6875372012535412,0.6959883322479047,0.5170524435224334,0.5171193667394596
1513,normal,0.1275250630053488,0.452154395923693,0.010713644463150008,0.01245539649772512,0.6243204957270874,0.6136068512639374,0.00959643633856581,0.006980754838903992,0.740099718298915,0.7374374174320599,0.6220739028400734,0.6109574888162553,0.7755967393102906,0.7740656482957256,0.6470497871843791,0.6373469791638471,0.6956299210510044,0.6839721540283713,0.4609137553101938,0.44652017308726055,0.7428827234622155,0.7158963272672381,0.5809612947457207,0.5635747869312561,0.7137590712475262,0.7069294468334866,0.4813498719675417,0.4768968190627223,0.5857788796122928,0.5795302403455674,0.4005966306418545,0.394618383611506,0.613617768311595,0.5948431138919562,0.5248436602697358,0.5107470240065133,0.7817385033071128,0.7733394476336222,0.7102796172412219,0.7034084860079266,0.5362765825588118,0.5212325350716205
1514,normal,0.1291501794289959,0.2080614125941706,0.004813016121889933,0.005906487453629472,0.6179593241201201,0.6153489063305566,0.009835455259923421,0.003072155461796212,0.7211666882378536,0.7242263961258036,0.6091257641149581,0.6051434160022564,0.7635278036650904,0.7681087532982843,0.6388972705048536,0.6349355820531429,0.6885865260964326,0.6851863440542316,0.4565186448228465,0.45015146929301686,0.7373026936956147,0.7224654236071317,0.5766803470603235,0.5679142010770069,0.7104976462367784,0.7112688248405905,0.4777939503332675,0.4798073885177853,0.5815028984273655,0.5843065713140915,0.3993486790194149,0.398109062794529,0.6098599278540556,0.6006203637040225,0.5221663782385286,0.5159047820862166,0.7760783018929858,0.7776143259575263,0.7043724962054607,0.7083296107694954,0.531882493636211,0.5268388921243309
1519,normal,0.0971586466509914,0.1191056700398804,0.0035705991603278663,0.00465496802322051,0.6205448538397138,0.6185061839957099,0.019400706399043705,0.01565088454724411,0.6925399467855287,0.6950791881746623,0.5942354045810756,0.5929126415000577,0.7608458179661571,0.7617592414242794,0.6396000736668817,0.6379839037664491,0.694948302184433,0.6929068962226507,0.4620989536438605,0.457746559877716,0.7444545628330889,0.7339341722948856,0.5834075505659477,0.5767813749680438,0.7221022515075792,0.7210772856586674,0.4854137824067121,0.48619266183073384,0.5882222974322512,0.5916201297308191,0.4030925338867338,0.40340923839626036,0.6154966885403647,0.6078418918408847,0.5301982243321502,0.521154787268637,0.782547103509131,0.7846473662099857,0.7132331777591026,0.7162082331676287,0.536825843674137,0.5333495555947059
1522,normal,0.0779665821751391,0.0983992991386972,0.002565663241195605,0.0032749291888085163,0.6249761663205523,0.6226287448642475,0.021411269875638062,0.020619147128600523,0.6911010365008879,0.6895260961339196,0.5942354045810756,0.5918178168848836,0.7622706228687155,0.762472587775801,0.6436763320066444,0.6400884173510569,0.6990380153838619,0.6970981365995476,0.4641730507277772,0.4614791464159785,0.7475982415748359,0.7408418314988153,0.5864653703412316,0.5824075287278138,0.7319623736330962,0.7273085220297533,0.4889697040409862,0.49040191311354164,0.5973851142570955,0.5976059954490258,0.4076683565023456,0.40748886413077945,0.6180019155120575,0.6148327005859742,0.5318045935508745,0.5269451782252006,0.7971019071454578,0.7915889789849744,0.7235706395716845,0.7232360920688572,0.5395721492507625,0.5395488567162849
1526,normal,0.1699902254520678,0.1471101663059215,0.00838073721064605,0.009075087197696194,0.6082314846423494,0.6166122218529955,0.027636677691865553,0.026770458931853286,0.6619441702068535,0.6714835261163792,0.5712524583439961,0.5776451456176247,0.7327687801804486,0.7487649799013869,0.6252628891615091,0.6335626959561704,0.6787409202459557,0.6880294169860726,0.4540494816277076,0.4557781303032447,0.7268499618793062,0.7330399284445362,0.5724605557704318,0.5779278789522635,0.7130006003147942,0.7253744211362132,0.4808418831626453,0.48995037148574216,0.5857788796122928,0.5952584159918888,0.400180646767708,0.4052876814357542,0.602344246938977,0.6097419074547749,0.5200245526135628,0.5230644022335434,0.7785041024990402,0.7903986057661418,0.7095412271117517,0.7216155408645384,0.5263898824829601,0.5354847228546483
1533,normal,0.044290565405732,0.0722621857651111,0.0061595439155064345,0.006890710841199384,0.6212522967114216,0.6150927527959151,0.00567247437526182,0.0031190137257856706,0.7294972214647206,0.7271071106503577,0.6130102057324927,0.6060532551953592,0.7783625370623156,0.7685020866232736,0.6414976422043575,0.6351694414238898,0.6982806610876713,0.6847287146240146,0.4597285569765271,0.4495250817174905,0.7288933530614418,0.7215711185836469,0.5700142999502047,0.5670838379197595,0.7167929549784546,0.7101586653219845,0.4823658495773342,0.4789472836204843,0.5888331518872408,0.5836691421978101,0.4018445822642941,0.3975774888633192,0.6086073143682093,0.6000976626128168,0.5194890962073214,0.5152905886004063,0.7817385033071128,0.7767597692818595,0.7088028369822816,0.7078414493800936,0.5335302769821864,0.526494100913991
1534,normal,0.0473753134588435,0.1227030130140934,0.0033198041352493555,0.004167181924187402,0.6139907328200962,0.6161565332389236,0.005376878703528502,0.0031643619902672372,0.720409367035411,0.7271018360396965,0.6037522865440353,0.6064894147284718,0.7689755871160489,0.7691891452262783,0.6367185807025665,0.6360073429389019,0.6897982929703375,0.685354623566878,0.4534568824608743,0.45008732215617403,0.7195409088047445,0.7221940477995439,0.5634705656310973,0.5679014681407925,0.7098150223973194,0.7121124421709162,0.4783019391381638,0.4806087296976628,0.5808920439723758,0.585381058885472,0.3964367919003892,0.3987194979168027,0.602344246938977,0.6010596828212144,0.514134532144907,0.5160501129639196,0.7736525012869313,0.7791304613230884,0.6992037652991697,0.7098372362215867,0.5269391435982852,0.5274366424642994
1536,normal,0.0673196534508573,0.1025622255706722,0.00437239244869189,0.005191961844049364,0.6138897885689534,0.6098246703225072,0.009295739236492693,0.008323622930557124,0.7057930678282717,0.7025401892772037,0.6005152518627566,0.5924354073783293,0.7641144880367321,0.7554583841613766,0.632572042046601,0.6291407445951682,0.6875262300817658,0.6814003078871431,0.4555803628086937,0.4489553188200034,0.7306223763694024,0.7203268487431664,0.5704423947187444,0.5659252377416931,0.7105734933300515,0.7081539082052921,0.4766763749624956,0.4774168686788094,0.5821137528823551,0.5814152067649198,0.3972687596486822,0.3962845046228117,0.6010916334531305,0.5968417553727262,0.5157409013636313,0.5116166275730418,0.7736525012869313,0.7714387134179034,0.7021573258170503,0.7040286628198265,0.5296854491749107,0.5236407094232092
1538,normal,0.1190300522502167,0.121532126064223,0.00535481757508122,0.006259526941465153,0.6208598396942101,0.6155164277011397,0.011556523953692409,0.010820046393566606,0.7079135671951106,0.7022966173583186,0.6032343609950307,0.5953223966887705,0.7712385125495239,0.7614830222406809,0.6390378311372592,0.6358064497257576,0.6939637415993853,0.6886579597384138,0.4609631385740966,0.4539498155208126,0.7397390447204685,0.7283522775953416,0.5785150389254936,0.5722296242114541,0.720585309642115,0.7164199115888624,0.4833818271871268,0.4831070906959867,0.5876114429772616,0.5874294944227593,0.4026765500125872,0.40058459437696425,0.6086073143682093,0.6026172934975447,0.5221663782385286,0.5166178221019347,0.7865901045192218,0.7789993011836998,0.7110180073706921,0.7111149548177836,0.537375104789462,0.5287906451542901
1539,normal,0.0165628272563564,0.041760884147065,0.004636267010923865,0.0053979050825622415,0.6208598396942101,0.6164206015328365,0.011556523953692409,0.011166817743982815,0.7079135671951106,0.7028353750788264,0.6032343609950307,0.5958845347102139,0.7712385125495239,0.763179015716345,0.6390378311372592,0.635540298778346,0.6939637415993853,0.6896867456540515,0.4609631385740966,0.45486058494241,0.7397390447204685,0.7294862021337569,0.5785150389254936,0.5730851519191095,0.720585309642115,0.7167789142084108,0.4833818271871268,0.48349305337691456,0.5876114429772616,0.5883195841063419,0.4026765500125872,0.401495424824062,0.6086073143682093,0.6043601474493531,0.5221663782385286,0.5183068038910832,0.7865901045192218,0.7798489521015123,0.7110180073706921,0.711873385273,0.537375104789462,0.5301160518944821
1541,normal,0.1295502427832301,0.1431669138657482,0.00781747342616016,0.008628718991871159,0.6259609723560781,0.6181434989299178,0.0169990003191714,0.014931830864628513,0.6999616945694648,0.6961148330739584,0.6033638423822819,0.5931635110851115,0.7728309415582657,0.7615869355609791,0.6404434374613153,0.6383077133830093,0.7010071365539573,0.6919370195099775,0.466444680867305,0.4569138640201352,0.7483841612602725,0.7331051115981402,0.5846306784760612,0.576176591820095,0.7319623736330962,0.7211108166603447,0.4894776928458825,0.4863386559291241,0.594941696437137,0.5912547877552822,0.4076683565023456,0.4029074603615017,0.6173756087691342,0.6066303814905956,0.5264500294884602,0.520095781162848,0.7954847067414216,0.7845965579597315,0.7191402987948637,0.7158547322129849,0.5417691937120628,0.5323447282247861
1545,normal,0.0837363428146568,0.1263526986041347,0.007162953407432948,0.007503876910303405,0.6263081325765122,0.6191451791690791,0.024762938257833524,0.023319114825086903,0.6854211274825696,0.680532992324265,0.5926168872404362,0.5849000248444114,0.7652878567800155,0.7551346467569687,0.6401623161965041,0.6364126095634397,0.6998711051096715,0.692250405503578,0.4674323461453606,0.4584890796727122,0.7468123218893992,0.7363442212205222,0.5846306784760612,0.5795881544940197,0.7312039027003642,0.7252190127622669,0.493541603285053,0.4896136415274304,0.6016610954420228,0.5959010097590536,0.411828195243811,0.40607575824577197,0.6198808357408272,0.6118489040530479,0.5328755063633575,0.5245039229479589,0.7971019071454578,0.7896499865115142,0.7280009803485055,0.7218412799285396,0.5489095882112891,0.5371623957588454
1551,normal,0.0809195741455956,0.1381390628796859,0.006814299225884586,0.007627010449509155,0.6258408558101359,0.6190265565842513,0.0086162407698218,0.0051045903286524065,0.7522168575379943,0.7383432623890935,0.6214264959038176,0.6142424448518358,0.7906829088667908,0.7773519554418847,0.6451522186469034,0.6402593897294953,0.6998711051096715,0.6904389379007418,0.4616051210048327,0.45258759011622696,0.7314868880233828,0.7250067704033821,0.5748456551951531,0.569086662884486,0.720585309642115,0.7120826762293558,0.4813498719675417,0.4803031902095225,0.5876114429772616,0.5853023070507872,0.4014285983901476,0.39889625422834835,0.611112541339902,0.6033686809532582,0.5253791166759773,0.5182771605438573,0.7873987047212401,0.7793732848497519,0.7147099580180428,0.7098086427727018,0.5324317547515361,0.5287222513775431
1553,normal,0.0801175184372487,0.1231386067655583,0.0028190285888642884,0.003502814095063612,0.6164894878678769,0.6164210960459898,0.006728554722632337,0.0044641178132272166,0.731769185072048,0.7266557496293732,0.608543097872328,0.6064656528507042,0.7766024839473907,0.7689611498502154,0.6329234436276151,0.6340804569104385,0.6885107906668135,0.6859133567084941,0.4558272791282076,0.45119224106954886,0.7252781225084327,0.7238757843295498,0.5697085179726763,0.5687968869645348,0.7108768817031444,0.7112182571105239,0.4748984141453586,0.4794614323608865,0.5796703350623966,0.5850810078220402,0.3960208080262427,0.398786158462528,0.6035968604248234,0.6034324426989123,0.5173472705823556,0.5184292789726802,0.7768869020950039,0.7787884012884501,0.7043724962054607,0.7091437161588509,0.5274884047136102,0.5288766595940949
1554,normal,0.0329095200380121,0.1065390818375544,0.002939125386992461,0.004059087271480851,0.6155609920737902,0.6154544145029464,0.006761294973758863,0.004983890083808362,0.7294972214647206,0.7232168014876228,0.6056945073528026,0.6040385850855914,0.7760996116288407,0.766379668483963,0.632220640465587,0.6326960217074622,0.6871475529336706,0.6845445348964309,0.454642080794541,0.4504888440948029,0.7235490992004718,0.7231563367447043,0.5690357976221139,0.5683901286373299,0.7111802700762373,0.7107620574456143,0.4742380286989934,0.4791679872789171,0.579059480607407,0.5848026353934098,0.394772856403803,0.398556004757647,0.6029705536819002,0.6029512627376298,0.5173472705823556,0.5179752168534253,0.7768869020950039,0.7782413150043087,0.7021573258170503,0.7088170936093309,0.5280376658289354,0.5285405523318968
1556,normal,0.1991589191347543,0.4574287657007446,0.0038253261576732126,0.004625036846019063,0.6115968776672869,0.6101763814739866,0.0107148601693212,0.00944727673004951,0.707762102954622,0.700548440112232,0.5932642941766919,0.5919011132382732,0.7651202326738322,0.755194520692295,0.6273010183313905,0.6290282295524234,0.6872232883632896,0.6826141781205588,0.4561235787116243,0.45007599391830705,0.7227631795150352,0.7221398830667802,0.5691581104131253,0.5671192607864745,0.707084527039484,0.7086298716891803,0.4728664589257734,0.47747232112014576,0.5784486261524174,0.5815527070742152,0.3968527757745357,0.3966411056428394,0.6035968604248234,0.5979325450527702,0.5152054449573898,0.5126417098128109,0.7688009000748224,0.7712411507446778,0.6969885949107592,0.7040068999511743,0.5285869269442605,0.5242585544826142
1557,normal,0.0506505670785829,0.058485493095968,0.007654038080601964,0.009294862580732033,0.6115968776672869,0.6187564933541108,0.0107148601693212,0.011869150146587648,0.707762102954622,0.7039964218566411,0.5932642941766919,0.5973127056785219,0.7651202326738322,0.7646833234246999,0.6273010183313905,0.6385690941087876,0.6872232883632896,0.691386429630508,0.4561235787116243,0.45617189089335997,0.7227631795150352,0.7323919333008536,0.5691581104131253,0.5757478869643133,0.707084527039484,0.7203899209196122,0.4728664589257734,0.48619292507869677,0.5784486261524174,0.5908250359749226,0.3968527757745357,0.4031249151537022,0.6035968604248234,0.6067259840614448,0.5152054449573898,0.520076212284675,0.7688009000748224,0.7836764314163498,0.6969885949107592,0.7155207654445038,0.5285869269442605,0.532068510828291
1558,normal,0.0802065064575295,0.1259994169921935,0.00399742981161421,0.00465489516956969,0.6247827008514835,0.6249701086344013,0.02021298234030305,0.01933882758887832,0.6979926594431144,0.6942886846025809,0.5961128846962173,0.5951647104640817,0.7649526085676488,0.7667232707844774,0.641286801255749,0.6437013458034346,0.7067630292050053,0.6996088923490953,0.468913844062444,0.46257382116564894,0.741310884091342,0.7432099045983677,0.5779034749704369,0.5844063635977076,0.7236191933730433,0.7303918210867772,0.4854137824067121,0.4927422318297111,0.5973851142570955,0.5994770804732625,0.4080843403764922,0.40853481636759137,0.6198808357408272,0.6155855268471214,0.5328755063633575,0.527706912285918,0.7938675063373852,0.7942734689311193,0.7198786889243339,0.7258132106413121,0.5450647604040134,0.5402897849566132
1564,normal,0.1226157099170247,0.0915229156181227,0.006231575649853947,0.007528283011256929,0.6071324852480999,0.6128100976908437,0.027559573374316283,0.024169936595407344,0.6633073483712499,0.672619596282015,0.5701518665523613,0.5776964960158502,0.7349478935608319,0.7460572206816141,0.6216785930351659,0.6291865333564965,0.6861629923486229,0.6847139658481661,0.4550865301696659,0.45354216228482114,0.7222916277037731,0.7287141537900208,0.5650606319142449,0.5738111565198907,0.7042781845883752,0.7184680010996559,0.4735268443721386,0.48501807652384876,0.5851680251573032,0.5903469192425195,0.400180646767708,0.4023335701492586,0.6067283941394396,0.6059571469154682,0.5205600090198043,0.5196159633686407,0.7736525012869313,0.7825616786877819,0.7065876665938712,0.7150729380273381,0.531882493636211,0.5320560819509562
1566,normal,0.056414241045753,0.1051862461886161,0.01378886405532345,0.014977670801861676,0.5981180717014657,0.6119069357567891,0.029780597273232744,0.025570420052798342,0.6480094600819122,0.6690125769968014,0.5587575044742599,0.5748551236125119,0.7227113338094485,0.7436961382224424,0.6122610306639898,0.6283873657193227,0.6750298841946221,0.6834234460862322,0.4470370581535131,0.4525056326982165,0.712703407541445,0.7272661859127336,0.5590673051546887,0.5730337412207608,0.6955557688619562,0.7184708854689483,0.4683453585621963,0.4853540449436895,0.5778377716974278,0.5903804949367096,0.3956048241520961,0.4021686734200246,0.5979600997385145,0.6052662928286408,0.5130636193324242,0.5188752205809991,0.7623320984586772,0.782845315051432,0.6969885949107592,0.7153292488873805,0.5247420991369848,0.5315475212785683
1583,normal,0.1124207475566829,0.0719830178946828,0.0031716326349773873,0.004177120165743042,0.6090983786412411,0.6114825797162083,0.01614089849336331,0.012008315770395678,0.6847395384003714,0.6954168520058651,0.5863370399587553,0.5898212716928429,0.7472682653653071,0.7554276873449344,0.6265279348531596,0.6312387545218594,0.6843453420377655,0.684864863553234,0.4509383360018326,0.45149442544829527,0.725906858256782,0.724514565881103,0.5714208970468352,0.5694031233841981,0.7086014689049481,0.7119688022306628,0.4741872298185038,0.4799494508584292,0.5808920439723758,0.5837689944011164,0.394772856403803,0.3978188968522921,0.6010916334531305,0.5991148799029913,0.5152054449573898,0.5138990962857606,0.772035300882895,0.77412116218362,0.7051108863349309,0.7068417985731306,0.5252913602523099,0.5255392300552068
1586,normal,0.1229660674789339,0.2184532644854856,0.0039516617788315795,0.004970766477302563,0.608152622951848,0.6100732887318028,0.025857588122406735,0.01999762599547832,0.6650491871368674,0.6785393458173226,0.5753958627360329,0.57949396442251,0.7391384962154152,0.7465020558397389,0.6195701835490818,0.6264018531400144,0.6796497454013843,0.682859894240531,0.4519753845437909,0.4513828668537283,0.7268499618793062,0.7243722355335818,0.5730721197254885,0.5700926267663565,0.7097391753040463,0.71292050346665,0.4759651906356409,0.48089923330616197,0.583946316247324,0.5862390234649201,0.3989326951452684,0.3996063771328718,0.6067283941394396,0.6018642661610374,0.5205600090198043,0.5161190686376852,0.7744611014889494,0.7761272665395107,0.7073260567233414,0.709499277462804,0.5302347102902357,0.5283260496552225
1589,q alarm only,0.4846430873767598,1.0612399497730856,0.010803001194455245,0.01339322295290042,0.6026781932810478,0.6134334646663686,0.02782758717134965,0.017814705371408644,0.6555826721063368,0.6866994718410722,0.5689217933734754,0.5847464924226288,0.7301706065346069,0.7537176557564609,0.6125421519288011,0.6303451195933186,0.6738938527503363,0.6878216376033406,0.4487160891262075,0.4529465522417765,0.7218200758925111,0.7257788511777252,0.5664672290108754,0.5717552306493626,0.7033680194690967,0.715483637705868,0.472510866762346,0.4836064304554242,0.5796703350623966,0.5899304494740755,0.3964367919003892,0.4022217712814024,0.6035968604248234,0.6031911570471815,0.5157409013636313,0.5171486085851288,0.7671836996707861,0.7784649407820412,0.7014189356875801,0.7139137409384287,0.5274884047136102,0.5305971517730298
1598,normal,0.0268265626372641,0.0703040891927803,0.004193526067048503,0.004953067105819404,0.6161690454919321,0.612771395125425,0.007976095833482797,0.007313212453542341,0.731769185072048,0.73451175016152,0.6089315420340814,0.6094880745873535,0.7696460835407821,0.7707293303177793,0.6338370877382514,0.6304478032803581,0.6802556288383367,0.6826382278731971,0.4479259569037631,0.44649437815578846,0.7222130357352295,0.7139794785432999,0.5659168214513243,0.5623807535812793,0.7098150223973194,0.7028921762637488,0.4793179167479564,0.47474395682460246,0.5808920439723758,0.5795027211693157,0.3972687596486822,0.394900452446256,0.6067283941394396,0.5981439666162223,0.5237727474572529,0.5151944723352695,0.7801213029030766,0.7732690760576201,0.7073260567233414,0.7034320949587314,0.5291361880595856,0.5243650039598835
1600,normal,0.0236182315957733,0.0215392617032663,0.016844205714491366,0.017756744485524997,0.632192639031271,0.6153484333167796,0.008780898350648882,0.0059691049622574805,0.7446436455135698,0.7343894342765852,0.6188368681587946,0.6111263836334838,0.7816312071328907,0.7719148931745449,0.6469795068681764,0.634407945889113,0.6994924279615763,0.6863981058028983,0.4608149887823882,0.4503507942107862,0.7428827234622155,0.7220103682469882,0.5821844226558343,0.5665338157970848,0.7304454317676321,0.7077738722442148,0.4930336144801566,0.476851466999285,0.5992176776220643,0.5801513475475815,0.4097482758730783,0.3955687512609197,0.6236386761983665,0.6010894510242886,0.5371591576132889,0.5173159732287147,0.802762108559585,0.77545674288125,0.7287393704779757,0.703839340393301,0.5450647604040134,0.5257446797742137
1606,normal,0.0941118854174518,0.1374645334270818,0.005542552400977775,0.007736891285886728,0.612944832321217,0.6165183876085111,0.017174718959859715,0.006926600279543063,0.7023093902970363,0.7184089131479419,0.5882792607675226,0.601953700245031,0.7494473787456903,0.7649255784465466,0.6211866308217463,0.6328509137293811,0.6750298841946221,0.685607410212467,0.4488642389179159,0.4516334071097895,0.7222130357352295,0.725418648130761,0.5691581104131253,0.5704604219862026,0.7122421293820621,0.7134963801755864,0.4798259055528527,0.4812875069944072,0.5876114429772616,0.5871043781289949,0.4018445822642941,0.40032403734354227,0.6104862345969789,0.6050579685421202,0.52270183464477,0.5197056906788922,0.7817385033071128,0.7807416762939419,0.7124947876296324,0.7113637766397513,0.5346287992128366,0.5304721815393327
1609,normal,0.0750042088980949,0.1188751283776297,0.0025306155356512724,0.0030886259463540275,0.6051534470391937,0.6052037888176476,0.014485244630664787,0.010126121292775594,0.6892834656150261,0.6939639032753555,0.583035264583851,0.5861663061721085,0.7431614747638152,0.7485751527750069,0.6178131756440116,0.6232813169118196,0.6753328259130982,0.6775288316981269,0.4482222564871797,0.4468363148648427,0.720169644553094,0.716639022394211,0.5645102243546938,0.5627393673540463,0.7034438665623699,0.7025187955649573,0.4731204533282215,0.47339227970271885,0.5772269172424381,0.5770190341362511,0.394772856403803,0.3936037540987338,0.5985864064814377,0.5934610872309147,0.5119927065199412,0.5090061504528105,0.7655664992667498,0.7647707046042513,0.6977269850402293,0.6985039915230087,0.5236435769063346,0.5204583971408434
1612,normal,0.0767246521559226,0.1129950071212636,0.020790196442929426,0.02174980978942242,0.5942760407181462,0.6150662371610758,0.022014317522551022,0.018154149796391503,0.660883920523434,0.6872628529684671,0.565296314530443,0.5860901232678486,0.72178940122544,0.7558822987078678,0.6056546809409261,0.6316977966543441,0.6690467852547168,0.6891674958399272,0.443925912527638,0.4544195953158076,0.7112101601391152,0.7289771416372901,0.5580888028265979,0.574020411653951,0.6913841787319298,0.7180415585593146,0.4667705932670177,0.484828002590331,0.5697744928915648,0.5907324932461729,0.3904050257252644,0.4028426375324553,0.5898181120805126,0.6051986353570811,0.5039608604263196,0.5191685668760078,0.7511734156708266,0.7809526317287544,0.6876110402664882,0.7149576186224206,0.5158989951802507,0.5318861711802446
1616,normal,0.0857672098054132,0.1629180438033886,0.011919471235691799,0.012625563578478481,0.6230819973177715,0.6111625260820798,0.010295322718667137,0.010092867484101717,0.7188947246305262,0.7006220942506284,0.6089962827277069,0.591952344023527,0.7748424308324656,0.7557171881267922,0.639108111453462,0.6296209768854663,0.6985078673765286,0.6831871087299834,0.4623952532272772,0.4505231269319747,0.738167205349595,0.7232133397567492,0.5772919110153801,0.5681840169781149,0.7190683677766508,0.7102533812623115,0.4843978047969195,0.4786238984523025,0.5900548607972201,0.582772963448357,0.4051724532574664,0.3975238781997213,0.6161229952832878,0.5993972678596892,0.5253791166759773,0.5139256281938098,0.7817385033071128,0.7731684983791309,0.7132331777591026,0.7054946056989666,0.5390228881354373,0.5255826262178307
1620,normal,0.0743864854874262,0.0456291047225554,0.020732409748880232,0.021466049593953263,0.6313533125807345,0.6106209028318543,0.016087255970046965,0.016346903205661237,0.7143507974158715,0.6856310070676237,0.6097731710512139,0.5837825280734394,0.7819664553452573,0.7511007797469175,0.6442385745362669,0.6293715781033853,0.7094895046712912,0.6844383740264424,0.4699015093404995,0.4514653674869609,0.7507419203165827,0.7239115148681239,0.5870769342962884,0.5693034072326624,0.7274115480367038,0.7123537402238151,0.4925256256752603,0.48089631446369036,0.602882804352002,0.5852952803748694,0.4139081146145436,0.3988422559645956,0.6267702099129826,0.6000262235397169,0.5339464191758403,0.5143772678308203,0.7898245053272944,0.7744987987098121,0.7287393704779757,0.7084994277155109,0.5494588493266142,0.5267614827131382
1627,normal,0.1518480545152729,0.1044818993225072,0.0089264534700689,0.01009131590423889,0.6131533266749922,0.6045253869120524,0.011481089046476376,0.007071775278851757,0.7332838274769329,0.7230676496053801,0.6110679849237254,0.6014894130108662,0.7753453031510157,0.7588431965598733,0.6353832546947132,0.624868458497108,0.6818460728603368,0.6727452398790796,0.4500000539876798,0.43972131503059697,0.7176547015596964,0.7043261636218182,0.5624309069075009,0.5529269172604792,0.7003341357381684,0.6931718471836928,0.4683961574426859,0.4685653441500845,0.5733174487305046,0.5738416283057842,0.394772856403803,0.3912158859948954,0.6048494739106699,0.5901165958430511,0.5194890962073214,0.5061468712595875,0.7744611014889494,0.7623230352091812,0.6940350343928786,0.6958790346207965,0.5269391435982852,0.5176829814726135
1629,normal,0.0669756863836207,0.0939988138758514,0.009565403047850056,0.010742861580650475,0.6329924199298192,0.6234270168819692,0.011599584066853299,0.006262304827843515,0.7537314999428791,0.7453085816734076,0.6298427860751424,0.6201288155859803,0.8007403552377909,0.784597768572272,0.6537966975398486,0.6445134162584241,0.7035064057313861,0.6952843793213193,0.466444680867305,0.4556387730991794,0.7452404825185257,0.72913564322464,0.5840191145210044,0.572584882355741,0.7236191933730433,0.7158223631698655,0.4833818271871268,0.4830068192801131,0.5906657152522097,0.5887741941135394,0.4068363887540525,0.401554919401938,0.6248912896842129,0.6080312901723497,0.5371591576132889,0.5226239152373465,0.7962933069434397,0.7846093138709063,0.7161867382769831,0.7142637340856562,0.5445154992886883,0.5323804775707981
1632,normal,0.0462655623542829,0.0790742041786296,0.015934799647168332,0.016627135287345683,0.6337046603143744,0.6177698606672061,0.00980512389857571,0.00479564091047332,0.7476729303233396,0.7346851338166902,0.6253109375213521,0.6118733732842253,0.7965497525832075,0.7744255952506911,0.6538669778560513,0.6373815341437232,0.7042637600275766,0.6884594527105925,0.466444680867305,0.4519177165885035,0.7483841612602725,0.7241672807359056,0.585242242431118,0.5684071349111958,0.7258946061712396,0.7110279488758726,0.4854137824067121,0.4793034513383907,0.594941696437137,0.5845281737559369,0.4085003242506387,0.39843273282917174,0.6255175964271361,0.6033552779946015,0.5398364396444961,0.5185022287528472,0.7987191075494942,0.7785168382486763,0.7213554691832742,0.7084767949350634,0.5450647604040134,0.5286269631704147
1634,normal,0.0209826147121392,0.0215974584649219,0.00513556010793214,0.0060195837245988655,0.6143975415007433,0.6096778295434768,0.010015752294853702,0.005283439593958687,0.7249532942500658,0.7231908607137276,0.6063419142890584,0.6021875664515987,0.7711547004964323,0.7625843296633555,0.6329937239438178,0.6278514443841109,0.6829821043046227,0.6799262503476117,0.4528642832940409,0.44626073659054005,0.7253567144769764,0.7161572081557102,0.5684242336670571,0.5615942223071018,0.7048091142412878,0.7014778510763978,0.4707329059452089,0.4720121218515888,0.5760052083324589,0.5778088314828507,0.3960208080262427,0.39393573831494083,0.6073547008823628,0.5969020088061906,0.52270183464477,0.512433322892705,0.7744611014889494,0.767823760132423,0.6984653751696995,0.6989172453935856,0.5291361880595856,0.5234596036746673
1650,normal,0.0216371796134228,0.0632975059763941,0.0018590984878523078,0.0022064520790500202,0.6205005889107191,0.6187167958135561,0.006727148609696057,0.005180052770787831,0.7279825790598357,0.7257436472173915,0.6091257641149581,0.6071615885115407,0.7734176259299073,0.7706219509889803,0.6359454972243357,0.6356786578653114,0.6904041764072899,0.6890866900963223,0.4522223008633048,0.4528623966841629,0.7284218012501796,0.726771277814736,0.5754572191502099,0.5721521203979599,0.7175514259111866,0.7148662994595607,0.4828738383822306,0.4820517448177907,0.5894440063422305,0.5874054885828822,0.4014285983901476,0.40050118571718774,0.6086073143682093,0.6062944865209996,0.5269854858947016,0.5219506065952951,0.7833557037111492,0.782267931669867,0.7117563975001623,0.711560827721112,0.5335302769821864,0.5312086281693518
1657,normal,0.094854163137819,0.137386115904857,0.005730853578748255,0.006694820591712932,0.6102645427911946,0.6145724889489759,0.01841357216584486,0.022983026191211987,0.6854211274825696,0.676763302105879,0.58348844943923,0.5800515617377017,0.7477711376838571,0.7498236176437487,0.6221705552485857,0.6318975242971173,0.6837394586008132,0.6873699727764737,0.4535556489886798,0.45493608003924474,0.7233133232948409,0.7304062495972716,0.5727051813524544,0.5753445614641695,0.7109527287964176,0.7204015442051321,0.4772859615283712,0.4864990716067424,0.583946316247324,0.5914454744425754,0.3997646628935615,0.40302388493141006,0.6067283941394396,0.6068635197954398,0.5152054449573898,0.5201341289864316,0.7736525012869313,0.7838092389297674,0.7051108863349309,0.7163868321544612,0.5296854491749107,0.5325757474190234
1662,normal,0.0849879456446405,0.1646301025272897,0.004505437297312509,0.004962818892564755,0.6173892165623612,0.6205788160284793,0.008534092921969645,0.008369301341227755,0.740099718298915,0.746099683610168,0.6207790889675618,0.6199399622293565,0.7761834236819323,0.7831451723035572,0.639108111453462,0.6443332463354963,0.6854056380524323,0.6902792029204483,0.4533087326691659,0.45103462370391223,0.7227631795150352,0.7206173025229483,0.5691581104131253,0.5666891338301592,0.7071603741327571,0.7126238541953149,0.4788099279430601,0.4826363614722076,0.5796703350623966,0.5893442330770643,0.3968527757745357,0.40126908764528796,0.5979600997385145,0.6015793942589173,0.51895363980108,0.5154971075144394,0.7776955022970221,0.7812634030730715,0.7080644468528114,0.7149203775115227,0.5236435769063346,0.5285677262802778
1665,normal,0.0600675340021651,0.0691512679661505,0.009289044531158126,0.009753599797625629,0.6168788145566478,0.6075897700254896,0.010274995445026254,0.009110611848933872,0.7097311380809724,0.6979120539713415,0.5998031042328752,0.5891625680630455,0.7645335483021904,0.7525370671154209,0.6327828829952094,0.6270444286669489,0.6879806426594802,0.6799226096562825,0.4571606272535826,0.44778070477720716,0.7307009683379462,0.7180524217227874,0.5740506220535794,0.5640989729130382,0.7152760131129905,0.7061756646288655,0.4808418831626453,0.4760240964718432,0.5851680251573032,0.5796854780929425,0.3993486790194149,0.3951216694426128,0.6073547008823628,0.5944747149045888,0.5232372910510115,0.5094969760853627,0.7801213029030766,0.7681331077351918,0.7080644468528114,0.7017439142270283,0.5307839714055609,0.5216596419588171
1666,normal,0.0585494065863658,0.0692073336877904,0.004509996567935568,0.005032569569916404,0.6100656096832564,0.6055556131153209,0.010801272938370843,0.009818273702525422,0.700037426689709,0.6944275720285069,0.5926816279340618,0.5867976949172269,0.7559847188868405,0.749746005793484,0.6258251316911315,0.6241597079905808,0.6818460728603368,0.6783790945107349,0.453506265724777,0.4471023142229844,0.7236276911690155,0.7166203126833863,0.5672622621524492,0.5626378842045655,0.7075396095991231,0.7030743142812641,0.4759651906356409,0.4738752584201198,0.5784486261524174,0.5774731662146201,0.3951888402779495,0.39390637204683837,0.6004653267102074,0.5933827250545853,0.5162763577698728,0.508651913513019,0.7712267006808768,0.764913303148932,0.6999421554286398,0.6987875767836008,0.5252913602523099,0.520510207146005
1684,normal,0.0219626859243519,0.0159866572952544,0.0002139928234962641,0.00024725291793437087,0.6168864556790009,0.6170072184710624,0.008160553891982286,0.007890379446362068,0.7408570395013574,0.7404510992178174,0.6155998334775157,0.6154015049012945,0.775261491097924,0.7752697136892236,0.6346804515326852,0.634955386785929,0.6901769701184327,0.6900344948814756,0.4528642832940409,0.4528185721235632,0.7233133232948409,0.7235016953432417,0.5685465464580685,0.5685954454087121,0.7080705392520357,0.7083727266216154,0.4783019391381638,0.4783682712363109,0.579059480607407,0.5793952937525788,0.3939408886555099,0.3942953437225505,0.6017179401960537,0.6019802817292453,0.5184181833948386,0.5186062314221783,0.7776955022970221,0.7778445416174201,0.7043724962054607,0.7046152878746078,0.5241928380216597,0.5246168236802966
1691,normal,0.331207176336182,0.8459285471094684,4.140338209490995e-05,4.892944596537876e-05,0.6168864556790009,0.6169144865831786,0.008160553891982286,0.008119195309134542,0.7408570395013574,0.7407958036709539,0.6155998334775157,0.6155659514868899,0.775261491097924,0.7752826197174015,0.6346804515326852,0.6347028056002991,0.6901769701184327,0.690159549867652,0.4528642832940409,0.4528652567191747,0.7233133232948409,0.7233459357390977,0.5685465464580685,0.5685720630742496,0.7080705392520357,0.7081074036481955,0.4783019391381638,0.4783008111476778,0.579059480607407,0.5791286176963918,0.3939408886555099,0.39401699477611013,0.6017179401960537,0.6017918806777479,0.5184181833948386,0.5184714067700325,0.7776955022970221,0.7777315707860917,0.7043724962054607,0.7044193036934036,0.5241928380216597,0.5242882968426686
1694,normal,0.2038613531573456,0.4893511439733914,1.1799636413449963e-05,1.5764100866477287e-05,0.6168864556790009,0.6168753313179354,0.008160553891982286,0.008149337378663909,0.7408570395013574,0.7408234018179475,0.6155998334775157,0.6155762354946909,0.775261491097924,0.7752292793321839,0.6346804515326852,0.6346736401987088,0.6901769701184327,0.6901495034026267,0.4528642832940409,0.4528483324998037,0.7233133232948409,0.7233038136666448,0.5685465464580685,0.5685340603606507,0.7080705392520357,0.7080663739825012,0.4783019391381638,0.47829608033394655,0.579059480607407,0.5790558969279408,0.3939408886555099,0.3939444314515029,0.6017179401960537,0.6017134307875084,0.5184181833948386,0.5184157292196429,0.7776955022970221,0.7776870389482468,0.7043724962054607,0.7043683489142308,0.5241928380216597,0.5241950350661229
1703,normal,0.0236287162205867,0.0086496101767289,2.484940358058071e-15,2.7797014776562263e-15,0.6168864556790009,0.6168864556790019,0.008160553891982286,0.008160553891982315,0.7408570395013574,0.7408570395013561,0.6155998334775157,0.6155998334775173,0.775261491097924,0.7752614910979221,0.6346804515326852,0.6346804515326876,0.6901769701184327,0.6901769701184352,0.4528642832940409,0.4528642832940444,0.7233133232948409,0.7233133232948387,0.5685465464580685,0.5685465464580665,0.7080705392520357,0.70807053925204,0.4783019391381638,0.478301939138163,0.579059480607407,0.5790594806074101,0.3939408886555099,0.39394088865550797,0.6017179401960537,0.6017179401960575,0.5184181833948386,0.518418183394838,0.7776955022970221,0.7776955022970278,0.7043724962054607,0.704372496205458,0.5241928380216597,0.5241928380216616
1718,normal,0.0308683818883542,0.0340960979403,1.533901357310326e-05,1.6037797998503244e-05,0.6168864556790009,0.6169017946925741,0.008160553891982286,0.008161052000595349,0.7408570395013574,0.7408693008922528,0.6155998334775157,0.615613398194277,0.775261491097924,0.7752857566828172,0.6346804515326852,0.6346986574812657,0.6901769701184327,0.6901896648190189,0.4528642832940409,0.45287721700601885,0.7233133232948409,0.7233342063036231,0.5685465464580685,0.568561282237174,0.7080705392520357,0.70808534749406,0.4783019391381638,0.47830677712678105,0.579059480607407,0.5790705341642146,0.3939408886555099,0.39395317008417324,0.6017179401960537,0.6017400100527128,0.5184181833948386,0.5184360319417128,0.7776955022970221,0.7777132144919291,0.7043724962054607,0.7043837478645739,0.5241928380216597,0.524212192937154
1720,normal,0.0316184979351202,0.0379699790173681,2.6076323073642064e-05,2.7264256596798742e-05,0.6168864556790009,0.6169125320020745,0.008160553891982286,0.00816140480240554,0.7408570395013574,0.7408778838658805,0.6155998334775157,0.6156228934960087,0.775261491097924,0.7753027425922437,0.6346804515326852,0.6347114016452705,0.6901769701184327,0.6901985511094275,0.4528642832940409,0.452886270604401,0.7233133232948409,0.7233488244097722,0.5685465464580685,0.5685715972825494,0.7080705392520357,0.708095713263474,0.4783019391381638,0.4783101637188137,0.579059480607407,0.5790782716539777,0.3939408886555099,0.39396176708423897,0.6017179401960537,0.6017554589523716,0.5184181833948386,0.5184485259245252,0.7776955022970221,0.77772561302836,0.7043724962054607,0.7043916240259549,0.5241928380216597,0.5242257413779987
1728,normal,0.0335644292599939,0.0568198474395115,1.3539993892651507e-05,1.6222613362343922e-05,0.6168864556790009,0.616890197838904,0.008160553891982286,0.00815444399084314,0.7408570395013574,0.7408509707601455,0.6155998334775157,0.6155915033501739,0.775261491097924,0.775286722516953,0.6346804515326852,0.634707630278217,0.6901769701184327,0.6901558170927274,0.4528642832940409,0.4528584988797918,0.7233133232948409,0.7233306839632111,0.5685465464580685,0.5685499194684955,0.7080705392520357,0.7080725734173681,0.4783019391381638,0.47827992387095664,0.579059480607407,0.5790669048384783,0.3939408886555099,0.3939602941254661,0.6017179401960537,0.6017321938363276,0.5184181833948386,0.518419234693863,0.7776955022970221,0.7776856924660053,0.7043724962054607,0.7043623760232808,0.5241928380216597,0.5242224236799065
1729,normal,0.0340220673918856,0.0600599319788886,5.79052032674799e-05,6.30342003424555e-05,0.6168864556790009,0.6169443608822684,0.008160553891982286,0.008139539950828716,0.7408570395013574,0.7408995256215124,0.6155998334775157,0.6156378934694153,0.775261491097924,0.7753744737365399,0.6346804515326852,0.6347808809889807,0.6901769701184327,0.6902182230867335,0.4528642832940409,0.4528899053693964,0.7233133232948409,0.7233739975420459,0.5685465464580685,0.5685839334011856,0.7080705392520357,0.7081383084292259,0.4783019391381638,0.478324069979542,0.579059480607407,0.5791359052870009,0.3939408886555099,0.39401493378510616,0.6017179401960537,0.6017739797374836,0.5184181833948386,0.5184468968904851,0.7776955022970221,0.7777513941120496,0.7043724962054607,0.7044387247211977,0.5241928380216597,0.5242710888406629
1730,normal,0.0344982596120472,0.0629902059553104,6.885357439786532e-05,7.327754303667544e-05,0.6168864556790009,0.6169553092533988,0.008160553891982286,0.008146263091102803,0.7408570395013574,0.7409214037895829,0.6155998334775157,0.6156561647318386,0.775261491097924,0.7753940298822612,0.6346804515326852,0.6347964988370257,0.6901769701184327,0.6902352214831592,0.4528642832940409,0.4529018122230263,0.7233133232948409,0.7233916370727634,0.5685465464580685,0.5685963685349384,0.7080705392520357,0.7081525508278516,0.4783019391381638,0.4783323671300221,0.579059480607407,0.5791338691054843,0.3939408886555099,0.3940116983549739,0.6017179401960537,0.6017802428049127,0.5184181833948386,0.5184576060186099,0.7776955022970221,0.7777648707820832,0.7043724962054607,0.7044428268885837,0.5241928380216597,0.5242710888406629
1738,normal,0.0344641218487057,0.1041889107397428,2.4914710817323366e-15,2.7845228273637034e-15,0.6168864556790009,0.6168864556790019,0.008160553891982286,0.008160553891982317,0.7408570395013574,0.7408570395013561,0.6155998334775157,0.6155998334775173,0.775261491097924,0.7752614910979221,0.6346804515326852,0.6346804515326876,0.6901769701184327,0.6901769701184352,0.4528642832940409,0.4528642832940444,0.7233133232948409,0.7233133232948387,0.5685465464580685,0.5685465464580663,0.7080705392520357,0.70807053925204,0.4783019391381638,0.478301939138163,0.579059480607407,0.5790594806074101,0.3939408886555099,0.39394088865550797,0.6017179401960537,0.6017179401960575,0.5184181833948386,0.518418183394838,0.7776955022970221,0.7776955022970278,0.7043724962054607,0.704372496205458,0.5241928380216597,0.5241928380216616
1739,normal,0.5129369623679528,0.4423340477660482,2.4914710817323366e-15,2.7845228273637034e-15,0.6168864556790009,0.6168864556790019,0.008160553891982286,0.008160553891982317,0.7408570395013574,0.7408570395013561,0.6155998334775157,0.6155998334775173,0.775261491097924,0.7752614910979221,0.6346804515326852,0.6346804515326876,0.6901769701184327,0.6901769701184352,0.4528642832940409,0.4528642832940444,0.7233133232948409,0.7233133232948387,0.5685465464580685,0.5685465464580663,0.7080705392520357,0.70807053925204,0.4783019391381638,0.478301939138163,0.579059480607407,0.5790594806074101,0.3939408886555099,0.39394088865550797,0.6017179401960537,0.6017179401960575,0.5184181833948386,0.518418183394838,0.7776955022970221,0.7776955022970278,0.7043724962054607,0.704372496205458,0.5241928380216597,0.5241928380216616
1743,normal,0.3042727695000048,0.1442181751846647,2.4914710817323366e-15,2.7845228273637034e-15,0.6168864556790009,0.6168864556790019,0.008160553891982286,0.008160553891982317,0.7408570395013574,0.7408570395013561,0.6155998334775157,0.6155998334775173,0.775261491097924,0.7752614910979221,0.6346804515326852,0.6346804515326876,0.6901769701184327,0.6901769701184352,0.4528642832940409,0.4528642832940444,0.7233133232948409,0.7233133232948387,0.5685465464580685,0.5685465464580663,0.7080705392520357,0.70807053925204,0.4783019391381638,0.478301939138163,0.579059480607407,0.5790594806074101,0.3939408886555099,0.39394088865550797,0.6017179401960537,0.6017179401960575,0.5184181833948386,0.518418183394838,0.7776955022970221,0.7776955022970278,0.7043724962054607,0.704372496205458,0.5241928380216597,0.5241928380216616
1744,normal,0.2614606999657506,0.0969597220851833,2.4914710817323366e-15,2.7845228273637034e-15,0.6168864556790009,0.6168864556790019,0.008160553891982286,0.008160553891982317,0.7408570395013574,0.7408570395013561,0.6155998334775157,0.6155998334775173,0.775261491097924,0.7752614910979221,0.6346804515326852,0.6346804515326876,0.6901769701184327,0.6901769701184352,0.4528642832940409,0.4528642832940444,0.7233133232948409,0.7233133232948387,0.5685465464580685,0.5685465464580663,0.7080705392520357,0.70807053925204,0.4783019391381638,0.478301939138163,0.579059480607407,0.5790594806074101,0.3939408886555099,0.39394088865550797,0.6017179401960537,0.6017179401960575,0.5184181833948386,0.518418183394838,0.7776955022970221,0.7776955022970278,0.7043724962054607,0.704372496205458,0.5241928380216597,0.5241928380216616
1746,normal,0.1870702296129918,0.035144430778286,9.68209835719697e-05,0.00010748889561673258,0.6168864556790009,0.6169792824390798,0.008160553891982286,0.008101721541781359,0.7408570395013574,0.7408384028975232,0.6155998334775157,0.6155845191816594,0.775261491097924,0.7754324588172289,0.6346804515326852,0.6347425044206279,0.6901769701184327,0.6902558930205998,0.4528642832940409,0.4529028154823942,0.7233133232948409,0.7234120534629987,0.5685465464580685,0.5686447757561002,0.7080705392520357,0.7082086724872397,0.4783019391381638,0.4783419204104912,0.579059480607407,0.579214368131402,0.3939408886555099,0.39406479817627876,0.6017179401960537,0.6018317919318451,0.5184181833948386,0.5185356357833025,0.7776955022970221,0.7777940103375116,0.7043724962054607,0.7044946937340635,0.5241928380216597,0.5243484874330923
1747,normal,0.155485717035564,0.020604763629414,2.1955092980598683e-05,2.6991528211812614e-05,0.6168864556790009,0.6168851847094777,0.008160553891982286,0.008128430442342632,0.7408570395013574,0.7407932081428645,0.6155998334775157,0.6155551966532509,0.775261491097924,0.7752272855809103,0.6346804515326852,0.6346832237007156,0.6901769701184327,0.6901435844183361,0.4528642832940409,0.4528490999000475,0.7233133232948409,0.7233165023191747,0.5685465464580685,0.5685403677206474,0.7080705392520357,0.7080888589335633,0.4783019391381638,0.478307811918791,0.579059480607407,0.579083103545037,0.3939408886555099,0.39396739497189076,0.6017179401960537,0.601737024325859,0.5184181833948386,0.518431130674079,0.7776955022970221,0.7777072077475711,0.7043724962054607,0.7043911278590426,0.5241928380216597,0.5242260116493411
1752,normal,0.0536852322221938,0.1115688391459191,2.550253044728818e-06,3.424386364764137e-06,0.6168864556790009,0.6168850610361438,0.008160553891982286,0.00815704251389694,0.7408570395013574,0.7408498269184758,0.6155998334775157,0.6155979837434138,0.775261491097924,0.7752561430907248,0.6346804515326852,0.6346822587408184,0.6901769701184327,0.6901689638015897,0.4528642832940409,0.45286160248828966,0.7233133232948409,0.7233098802181215,0.5685465464580685,0.568546138748763,0.7080705392520357,0.7080703947813862,0.4783019391381638,0.4783033905347484,0.579059480607407,0.5790600623735576,0.3939408886555099,0.3939440580564539,0.6017179401960537,0.6017155542656082,0.5184181833948386,0.5184166535193917,0.7776955022970221,0.7776955022970278,0.7043724962054607,0.704375309120237,0.5241928380216597,0.5241923149158374
1756,normal,0.049291453769915,0.1723487881144572,5.757089953134182e-05,6.262259152546073e-05,0.6168864556790009,0.6169440265785323,0.008160553891982286,0.008147582041921904,0.7408570395013574,0.7408672222659365,0.6155998334775157,0.6156268490153719,0.775261491097924,0.77533970958337,0.6346804515326852,0.6347491598381138,0.6901769701184327,0.6902129379358601,0.4528642832940409,0.4529061019694864,0.7233133232948409,0.7234011311073127,0.5685465464580685,0.5686084167493266,0.7080705392520357,0.7081365658522906,0.4783019391381638,0.47831852470386577,0.579059480607407,0.579111632710509,0.3939408886555099,0.3939976170807368,0.6017179401960537,0.6018123004315322,0.5184181833948386,0.5184979564835087,0.7776955022970221,0.7777619978982968,0.7043724962054607,0.7044171854123019,0.5241928380216597,0.5242831427972294
1765,normal,0.0535707441626201,0.2288415395938674,2.484940358058071e-15,2.7843926303828797e-15,0.6168864556790009,0.6168864556790019,0.008160553891982286,0.008160553891982319,0.7408570395013574,0.7408570395013561,0.6155998334775157,0.6155998334775173,0.775261491097924,0.7752614910979221,0.6346804515326852,0.6346804515326875,0.6901769701184327,0.6901769701184352,0.4528642832940409,0.4528642832940444,0.7233133232948409,0.7233133232948387,0.5685465464580685,0.5685465464580665,0.7080705392520357,0.7080705392520401,0.4783019391381638,0.478301939138163,0.579059480607407,0.5790594806074101,0.3939408886555099,0.39394088865550797,0.6017179401960537,0.6017179401960575,0.5184181833948386,0.518418183394838,0.7776955022970221,0.7776955022970278,0.7043724962054607,0.704372496205458,0.5241928380216597,0.5241928380216616
1767,normal,0.05524366796606,0.2414894414229367,2.484940358058071e-15,2.7843926303828797e-15,0.6168864556790009,0.6168864556790019,0.008160553891982286,0.008160553891982319,0.7408570395013574,0.7408570395013561,0.6155998334775157,0.6155998334775173,0.775261491097924,0.7752614910979221,0.6346804515326852,0.6346804515326875,0.6901769701184327,0.6901769701184352,0.4528642832940409,0.4528642832940444,0.7233133232948409,0.7233133232948387,0.5685465464580685,0.5685465464580665,0.7080705392520357,0.7080705392520401,0.4783019391381638,0.478301939138163,0.579059480607407,0.5790594806074101,0.3939408886555099,0.39394088865550797,0.6017179401960537,0.6017179401960575,0.5184181833948386,0.518418183394838,0.7776955022970221,0.7776955022970278,0.7043724962054607,0.704372496205458,0.5241928380216597,0.5241928380216616
1769,normal,0.0569521134419401,0.2545237093156351,2.376025153745112e-06,2.976954376074653e-06,0.6168864556790009,0.61688573132803,0.008160553891982286,0.008157675171630414,0.7408570395013574,0.7408504129408346,0.6155998334775157,0.6155944384197153,0.775261491097924,0.7752560782361598,0.6346804515326852,0.6346788702255729,0.6901769701184327,0.690172836226235,0.4528642832940409,0.45286245199800795,0.7233133232948409,0.7233129958283031,0.5685465464580685,0.5685455017029766,0.7080705392520357,0.7080718349732168,0.4783019391381638,0.4783025741241691,0.579059480607407,0.5790607532208579,0.3939408886555099,0.3939424485950361,0.6017179401960537,0.6017200278852005,0.5184181833948386,0.5184199682495256,0.7776955022970221,0.7776968499640311,0.7043724962054607,0.7043740345182279,0.5241928380216597,0.5241953554684401
1770,normal,0.0578321911612921,0.2611282388645604,2.4914710817323366e-15,2.7876457306492655e-15,0.6168864556790009,0.6168864556790019,0.008160553891982286,0.008160553891982286,0.7408570395013574,0.740857039501356,0.6155998334775157,0.6155998334775173,0.775261491097924,0.7752614910979221,0.6346804515326852,0.6346804515326875,0.6901769701184327,0.6901769701184352,0.4528642832940409,0.4528642832940444,0.7233133232948409,0.7233133232948387,0.5685465464580685,0.5685465464580665,0.7080705392520357,0.7080705392520401,0.4783019391381638,0.478301939138163,0.579059480607407,0.5790594806074101,0.3939408886555099,0.39394088865550797,0.6017179401960537,0.6017179401960575,0.5184181833948386,0.518418183394838,0.7776955022970221,0.7776955022970278,0.7043724962054607,0.704372496205458,0.5241928380216597,0.5241928380216616
1773,normal,0.0605165353625344,0.2815062285583701,2.484940358058071e-15,2.7843926303828797e-15,0.6168864556790009,0.6168864556790019,0.008160553891982286,0.008160553891982319,0.7408570395013574,0.7408570395013561,0.6155998334775157,0.6155998334775173,0.775261491097924,0.7752614910979221,0.6346804515326852,0.6346804515326875,0.6901769701184327,0.6901769701184352,0.4528642832940409,0.4528642832940444,0.7233133232948409,0.7233133232948387,0.5685465464580685,0.5685465464580665,0.7080705392520357,0.7080705392520401,0.4783019391381638,0.478301939138163,0.579059480607407,0.5790594806074101,0.3939408886555099,0.39394088865550797,0.6017179401960537,0.6017179401960575,0.5184181833948386,0.518418183394838,0.7776955022970221,0.7776955022970278,0.7043724962054607,0.704372496205458,0.5241928380216597,0.5241928380216616
1779,normal,0.0661946398945833,0.3247619436579831,2.4784096343838054e-15,2.7740877595679055e-15,0.6168864556790009,0.6168864556790019,0.008160553891982286,0.008160553891982326,0.7408570395013574,0.7408570395013561,0.6155998334775157,0.6155998334775173,0.775261491097924,0.7752614910979221,0.6346804515326852,0.6346804515326875,0.6901769701184327,0.6901769701184352,0.4528642832940409,0.4528642832940444,0.7233133232948409,0.7233133232948387,0.5685465464580685,0.5685465464580665,0.7080705392520357,0.70807053925204,0.4783019391381638,0.478301939138163,0.579059480607407,0.5790594806074101,0.3939408886555099,0.39394088865550797,0.6017179401960537,0.6017179401960575,0.5184181833948386,0.518418183394838,0.7776955022970221,0.7776955022970278,0.7043724962054607,0.704372496205458,0.5241928380216597,0.5241928380216616
1786,normal,0.0784821402315035,0.3684782001599259,2.4784096343838054e-15,2.7740877595679055e-15,0.6168864556790009,0.6168864556790019,0.008160553891982286,0.008160553891982326,0.7408570395013574,0.7408570395013561,0.6155998334775157,0.6155998334775173,0.775261491097924,0.7752614910979221,0.6346804515326852,0.6346804515326875,0.6901769701184327,0.6901769701184352,0.4528642832940409,0.4528642832940444,0.7233133232948409,0.7233133232948387,0.5685465464580685,0.5685465464580665,0.7080705392520357,0.70807053925204,0.4783019391381638,0.478301939138163,0.579059480607407,0.5790594806074101,0.3939408886555099,0.39394088865550797,0.6017179401960537,0.6017179401960575,0.5184181833948386,0.518418183394838,0.7776955022970221,0.7776955022970278,0.7043724962054607,0.704372496205458,0.5241928380216597,0.5241928380216616
1788,normal,0.0808516544678207,0.3832559671002535,2.4784096343838054e-15,2.7740877595679055e-15,0.6168864556790009,0.6168864556790019,0.008160553891982286,0.008160553891982326,0.7408570395013574,0.7408570395013561,0.6155998334775157,0.6155998334775173,0.775261491097924,0.7752614910979221,0.6346804515326852,0.6346804515326875,0.6901769701184327,0.6901769701184352,0.4528642832940409,0.4528642832940444,0.7233133232948409,0.7233133232948387,0.5685465464580685,0.5685465464580665,0.7080705392520357,0.70807053925204,0.4783019391381638,0.478301939138163,0.579059480607407,0.5790594806074101,0.3939408886555099,0.39394088865550797,0.6017179401960537,0.6017179401960575,0.5184181833948386,0.518418183394838,0.7776955022970221,0.7776955022970278,0.7043724962054607,0.704372496205458,0.5241928380216597,0.5241928380216616
1789,normal,0.0820042207564247,0.3912378356537927,2.4784096343838054e-15,2.7740877595679055e-15,0.6168864556790009,0.6168864556790019,0.008160553891982286,0.008160553891982326,0.7408570395013574,0.7408570395013561,0.6155998334775157,0.6155998334775173,0.775261491097924,0.7752614910979221,0.6346804515326852,0.6346804515326875,0.6901769701184327,0.6901769701184352,0.4528642832940409,0.4528642832940444,0.7233133232948409,0.7233133232948387,0.5685465464580685,0.5685465464580665,0.7080705392520357,0.70807053925204,0.4783019391381638,0.478301939138163,0.579059480607407,0.5790594806074101,0.3939408886555099,0.39394088865550797,0.6017179401960537,0.6017179401960575,0.5184181833948386,0.518418183394838,0.7776955022970221,0.7776955022970278,0.7043724962054607,0.704372496205458,0.5241928380216597,0.5241928380216616
1793,normal,0.0866579256757522,0.4249431666949364,2.3773680723609643e-05,2.5069583315478548e-05,0.6168864556790009,0.6168626819982773,0.008160553891982286,0.008155369295258548,0.7408570395013574,0.7408293431830953,0.6155998334775157,0.6155761568809914,0.775261491097924,0.7752440901192802,0.6346804515326852,0.6346672321398779,0.6901769701184327,0.6901448005930922,0.4528642832940409,0.45283740468897726,0.7233133232948409,0.7232744764075298,0.5685465464580685,0.568517569975434,0.7080705392520357,0.7080457625349041,0.4783019391381638,0.47828616729526807,0.579059480607407,0.5790463908690888,0.3939408886555099,0.3939319350978359,0.6017179401960537,0.6016859687280378,0.5184181833948386,0.5183903651596377,0.7776955022970221,0.7776635048318907,0.7043724962054607,0.7043530870934834,0.5241928380216597,0.5241713383722902
1803,normal,0.5393277975169812,0.0402714490787919,2.484940358058071e-15,2.778918848942845e-15,0.6168864556790009,0.6168864556790019,0.008160553891982286,0.00816055389198233,0.7408570395013574,0.7408570395013561,0.6155998334775157,0.6155998334775173,0.775261491097924,0.7752614910979221,0.6346804515326852,0.6346804515326875,0.6901769701184327,0.6901769701184352,0.4528642832940409,0.4528642832940444,0.7233133232948409,0.7233133232948387,0.5685465464580685,0.5685465464580663,0.7080705392520357,0.70807053925204,0.4783019391381638,0.478301939138163,0.579059480607407,0.5790594806074101,0.3939408886555099,0.39394088865550797,0.6017179401960537,0.6017179401960575,0.5184181833948386,0.518418183394838,0.7776955022970221,0.7776955022970278,0.7043724962054607,0.704372496205458,0.5241928380216597,0.5241928380216616
1812,normal,0.189049740456296,0.4469326034069202,1.0820564380666004e-05,1.3029338158892252e-05,0.6168864556790009,0.6168942693482211,0.008160553891982286,0.008158121547381209,0.7408570395013574,0.7408624970224023,0.6155998334775157,0.6156180636347383,0.775261491097924,0.7752707902447652,0.6346804515326852,0.6347030148608703,0.6901769701184327,0.6901853418887822,0.4528642832940409,0.45286611752956074,0.7233133232948409,0.723318577729307,0.5685465464580685,0.5685408637669667,0.7080705392520357,0.7080685744511476,0.4783019391381638,0.47829864608057693,0.579059480607407,0.5790793964018632,0.3939408886555099,0.3939603672654879,0.6017179401960537,0.6017318382409242,0.5184181833948386,0.5184161435609096,0.7776955022970221,0.777682924071663,0.7043724962054607,0.7043837244236173,0.5241928380216597,0.5242156977461755
1813,normal,0.1671596307833811,0.5503784739653229,9.552824310173315e-06,1.1566290913905018e-05,0.6168864556790009,0.6168850077418186,0.008160553891982286,0.008154448924422776,0.7408570395013574,0.7408394528200994,0.6155998334775157,0.6155976394873445,0.775261491097924,0.7752511542780408,0.6346804515326852,0.6346903610572721,0.6901769701184327,0.6901717401662676,0.4528642832940409,0.4528632462455024,0.7233133232948409,0.7233130482229487,0.5685465464580685,0.5685325960047362,0.7080705392520357,0.7080617536304025,0.4783019391381638,0.4782904698798124,0.579059480607407,0.579070815351186,0.3939408886555099,0.3939563262792819,0.6017179401960537,0.6017297356397159,0.5184181833948386,0.5184156845982757,0.7776955022970221,0.7776756466698448,0.7043724962054607,0.7043722090537411,0.5241928380216597,0.5242132522264478
1833,normal,0.0184318688594196,0.0402277475416071,2.484940358058071e-15,2.7797014776562263e-15,0.6168864556790009,0.6168864556790019,0.008160553891982286,0.008160553891982315,0.7408570395013574,0.7408570395013561,0.6155998334775157,0.6155998334775173,0.775261491097924,0.7752614910979221,0.6346804515326852,0.6346804515326876,0.6901769701184327,0.6901769701184352,0.4528642832940409,0.4528642832940444,0.7233133232948409,0.7233133232948387,0.5685465464580685,0.5685465464580665,0.7080705392520357,0.70807053925204,0.4783019391381638,0.478301939138163,0.579059480607407,0.5790594806074101,0.3939408886555099,0.39394088865550797,0.6017179401960537,0.6017179401960575,0.5184181833948386,0.518418183394838,0.7776955022970221,0.7776955022970278,0.7043724962054607,0.704372496205458,0.5241928380216597,0.5241928380216616
1837,normal,0.0184126330256526,0.0394878002875281,1.4836337860277434e-05,1.5418631421627824e-05,0.6168864556790009,0.6169012920168612,0.008160553891982286,0.008159797455382265,0.7408570395013574,0.7408783166208532,0.6155998334775157,0.6156164810844497,0.775261491097924,0.7752828033057082,0.6346804515326852,0.6346981889458244,0.6901769701184327,0.690192982752126,0.4528642832940409,0.45287122046683065,0.7233133232948409,0.7233263845315157,0.5685465464580685,0.568557117777861,0.7080705392520357,0.7080873339655506,0.4783019391381638,0.4783128246125536,0.579059480607407,0.5790772244749122,0.3939408886555099,0.39395297199661417,0.6017179401960537,0.6017301680896098,0.5184181833948386,0.5184268526890343,0.7776955022970221,0.7777116743010682,0.7043724962054607,0.7043932414519528,0.5241928380216597,0.5242061772201766
1842,normal,0.0186112521802788,0.0405239377196514,2.1460418498705567e-05,2.4537974532891395e-05,0.6168864556790009,0.6168676976652749,0.008160553891982286,0.008141991864180412,0.7408570395013574,0.7408096368038699,0.6155998334775157,0.615560227758741,0.775261491097924,0.7752459043841597,0.6346804515326852,0.634663536752511,0.6901769701184327,0.6901519255338664,0.4528642832940409,0.4528321805144879,0.7233133232948409,0.7232891198793409,0.5685465464580685,0.5685245301556845,0.7080705392520357,0.7080623611094365,0.4783019391381638,0.47828009985279246,0.579059480607407,0.5790676355143841,0.3939408886555099,0.3939527137674712,0.6017179401960537,0.6016905410157954,0.5184181833948386,0.5184024469260102,0.7776955022970221,0.777659259039084,0.7043724962054607,0.70436291285875,0.5241928380216597,0.5241958284432894
1844,normal,0.0187732172201396,0.0415684932381492,2.484940358058071e-15,2.7797014776562263e-15,0.6168864556790009,0.6168864556790019,0.008160553891982286,0.008160553891982315,0.7408570395013574,0.7408570395013561,0.6155998334775157,0.6155998334775173,0.775261491097924,0.7752614910979221,0.6346804515326852,0.6346804515326876,0.6901769701184327,0.6901769701184352,0.4528642832940409,0.4528642832940444,0.7233133232948409,0.7233133232948387,0.5685465464580685,0.5685465464580665,0.7080705392520357,0.70807053925204,0.4783019391381638,0.478301939138163,0.579059480607407,0.5790594806074101,0.3939408886555099,0.39394088865550797,0.6017179401960537,0.6017179401960575,0.5184181833948386,0.518418183394838,0.7776955022970221,0.7776955022970278,0.7043724962054607,0.704372496205458,0.5241928380216597,0.5241928380216616
1846,normal,0.0189792145053882,0.0429745577959508,2.484940358058071e-15,2.7797014776562263e-15,0.6168864556790009,0.6168864556790019,0.008160553891982286,0.008160553891982315,0.7408570395013574,0.7408570395013561,0.6155998334775157,0.6155998334775173,0.775261491097924,0.7752614910979221,0.6346804515326852,0.6346804515326876,0.6901769701184327,0.6901769701184352,0.4528642832940409,0.4528642832940444,0.7233133232948409,0.7233133232948387,0.5685465464580685,0.5685465464580665,0.7080705392520357,0.70807053925204,0.4783019391381638,0.478301939138163,0.579059480607407,0.5790594806074101,0.3939408886555099,0.39394088865550797,0.6017179401960537,0.6017179401960575,0.5184181833948386,0.518418183394838,0.7776955022970221,0.7776955022970278,0.7043724962054607,0.704372496205458,0.5241928380216597,0.5241928380216616
1859,normal,0.0213717226068617,0.060874972988315,2.6395492238337646e-05,2.919215568954214e-05,0.6168864556790009,0.616900021047337,0.008160553891982286,0.008127672835248418,0.7408570395013574,0.7408144852623617,0.6155998334775157,0.6155718442601832,0.775261491097924,0.7752485977886965,0.6346804515326852,0.6347009611138524,0.6901769701184327,0.690159597052027,0.4528642832940409,0.4528560370728339,0.7233133232948409,0.7233295635558518,0.5685465464580685,0.5685509390404421,0.7080705392520357,0.7081056536470739,0.4783019391381638,0.47831869739318167,0.579059480607407,0.5791008474125391,0.3939408886555099,0.39397947831299696,0.6017179401960537,0.6017492522194112,0.5184181833948386,0.5184397999682753,0.7776955022970221,0.7777233797516115,0.7043724962054607,0.7044118731055371,0.5241928380216597,0.5242393508478561
1862,normal,0.0221748638043052,0.0673081835182503,2.484940358058071e-15,2.7797014776562263e-15,0.6168864556790009,0.6168864556790019,0.008160553891982286,0.008160553891982315,0.7408570395013574,0.7408570395013561,0.6155998334775157,0.6155998334775173,0.775261491097924,0.7752614910979221,0.6346804515326852,0.6346804515326876,0.6901769701184327,0.6901769701184352,0.4528642832940409,0.4528642832940444,0.7233133232948409,0.7233133232948387,0.5685465464580685,0.5685465464580665,0.7080705392520357,0.70807053925204,0.4783019391381638,0.478301939138163,0.579059480607407,0.5790594806074101,0.3939408886555099,0.39394088865550797,0.6017179401960537,0.6017179401960575,0.5184181833948386,0.518418183394838,0.7776955022970221,0.7776955022970278,0.7043724962054607,0.704372496205458,0.5241928380216597,0.5241928380216616
1864,normal,0.0227756376966358,0.0718004667325101,2.4784096343838054e-15,2.7740877595679055e-15,0.6168864556790009,0.6168864556790019,0.008160553891982286,0.008160553891982326,0.7408570395013574,0.7408570395013561,0.6155998334775157,0.6155998334775173,0.775261491097924,0.7752614910979221,0.6346804515326852,0.6346804515326875,0.6901769701184327,0.6901769701184352,0.4528642832940409,0.4528642832940444,0.7233133232948409,0.7233133232948387,0.5685465464580685,0.5685465464580665,0.7080705392520357,0.70807053925204,0.4783019391381638,0.478301939138163,0.579059480607407,0.5790594806074101,0.3939408886555099,0.39394088865550797,0.6017179401960537,0.6017179401960575,0.5184181833948386,0.518418183394838,0.7776955022970221,0.7776955022970278,0.7043724962054607,0.704372496205458,0.5241928380216597,0.5241928380216616
1870,normal,0.0355810015248978,0.0420858778461773,0.00010912163153754736,0.00012197391652832419,0.6168864556790009,0.6169946214526522,0.008160553891982286,0.008102269494732584,0.7408570395013574,0.74085066428842,0.6155998334775157,0.6155980838984189,0.775261491097924,0.775456724402124,0.6346804515326852,0.634760710369206,0.6901769701184327,0.6902685877211835,0.4528642832940409,0.45291574919436867,0.7233133232948409,0.7234329364717832,0.5685465464580685,0.5686595115352078,0.7080705392520357,0.7082234807292597,0.4783019391381638,0.47834675839910923,0.579059480607407,0.5792254216882067,0.3939408886555099,0.39407707960494404,0.6017179401960537,0.6018538617885005,0.5184181833948386,0.5185534843301773,0.7776955022970221,0.7778117225324128,0.7043724962054607,0.7045059453931792,0.5241928380216597,0.5243678423485847
1871,normal,0.0284272014027688,0.0670844942249487,8.992852638585703e-06,1.0201741771149632e-05,0.6168864556790009,0.6168937477775549,0.008160553891982286,0.008154267738805555,0.7408570395013574,0.7408490455553304,0.6155998334775157,0.61559541466827,0.775261491097924,0.7752632737669879,0.6346804515326852,0.6346874572530964,0.6901769701184327,0.690174926463985,0.4528642832940409,0.45286764213985103,0.7233133232948409,0.7233247565550245,0.5685465464580685,0.5685527543175785,0.7080705392520357,0.7080821390416222,0.4783019391381638,0.47830621269477563,0.579059480607407,0.579068837346284,0.3939408886555099,0.39395161839829357,0.6017179401960537,0.6017355861400049,0.5184181833948386,0.5184326747150387,0.7776955022970221,0.7777089147924421,0.7043724962054607,0.7043825758167493,0.5241928380216597,0.5242098825530974
1877,normal,0.07161421976412,0.1085804430624744,0.0015146369186827644,0.0018014504088532354,0.618260672338485,0.6183434564967466,0.0067863227399825796,0.004898250477797934,0.73858507589403,0.7366713524971444,0.6155998334775157,0.6131503416457037,0.774507182620099,0.7756466158896425,0.6341182090030628,0.6387064761225041,0.6904799118369089,0.6891168857118554,0.4534074991969715,0.45182647128934394,0.724020651011734,0.724271248628078,0.5695862051816649,0.5685942471880683,0.7099667165838659,0.7116014153733216,0.4798259055528527,0.4800425602424612,0.5833354617923343,0.5849245760648571,0.3964367919003892,0.3986841947801125,0.6048494739106699,0.6031731507211074,0.5194890962073214,0.5183837929070274,0.7801213029030766,0.7790314081843297,0.7080644468528114,0.7094726582294434,0.5280376658289354,0.5285413649696927
1881,normal,0.2138600155675566,0.2485614872086841,0.006606529396924469,0.008262244953427157,0.6010934677060457,0.6072284717057334,0.019878166765423724,0.023191284413419628,0.6721680064398267,0.6690384393680824,0.5741010488635214,0.5732226500587537,0.7353669538262902,0.7398836243271829,0.6161264480551443,0.6232674568279342,0.6768475345054794,0.6792800925474346,0.4490123887096242,0.44978242146144587,0.7197766847103756,0.7218460598585271,0.5607185278333419,0.5683617171046018,0.698362111313065,0.7111576259863662,0.4695645316939474,0.48009573386979953,0.574294815858488,0.5844786242722111,0.3918609692847773,0.398481641542127,0.5985864064814377,0.6008313510850072,0.509315424488734,0.514499285054612,0.7556207167819264,0.7739205198491808,0.6932228052504614,0.7076663406185012,0.5236435769063346,0.5270704351657
1886,normal,0.024852994333251,0.0460889984065175,0.0035405746183902694,0.004265914722288656,0.6230682075316728,0.6199265231554604,0.009684665658035682,0.00728395280818087,0.7454009667160121,0.7440689085910419,0.6259583444576079,0.6185450525896338,0.7870789905838491,0.7814211641751867,0.6442385745362669,0.6415537198948899,0.6982806610876713,0.6914391594407687,0.4576050766287076,0.45278271633317324,0.7313297040862955,0.7244878769759534,0.573377901703017,0.5690655531767869,0.7130006003147942,0.7117779428853854,0.4818578607724379,0.4802007950953261,0.583946316247324,0.5847955530009479,0.3976847435228288,0.39869411921895626,0.6067283941394396,0.6034585269360697,0.5259145730822187,0.518647931847447,0.7785041024990402,0.7800360571077994,0.7110180073706921,0.7094786790768552,0.5302347102902357,0.5282971372966035
1891,normal,0.1112803975356594,0.1894404304854027,0.0043278096061333884,0.005511519648355092,0.610329916794917,0.6078431073162021,0.009713189192508546,0.012283221708927858,0.699128641246778,0.6916773681258375,0.5950770335982081,0.5855174363608843,0.7643659241960072,0.7501330306947387,0.6317989585683701,0.6268236599502413,0.6808615122752891,0.6802897096136317,0.4520247678076937,0.44815500577915723,0.7244136108544523,0.7187029743532973,0.5640209731906484,0.5650846603200227,0.7077671508789428,0.708279685702662,0.4747968163843793,0.4777636116453696,0.5802811895173862,0.581634283518984,0.3943568725296565,0.39621661352653753,0.6004653267102074,0.595620087403061,0.5130636193324242,0.5104154337415708,0.7655664992667498,0.7700851006129457,0.70068054555811,0.7040545930824083,0.5269391435982852,0.5228795699440847
1896,normal,0.0637388607845415,0.2405008421235915,0.006563222279951862,0.008802949677836569,0.6163232095153012,0.6097599872353493,0.013939953830244638,0.007685497559798045,0.7529741787404367,0.7331559521600527,0.6253109375213521,0.6069750380592399,0.7703165799655156,0.7682081025082842,0.6432546501094276,0.6286300339801462,0.6826034271565273,0.6804994839334704,0.4499012874598742,0.4439533332964463,0.7220558517981421,0.7093586416783466,0.5646325371457052,0.5587558433950752,0.7044298787749217,0.6996189260716795,0.4759143917551511,0.4724213360258103,0.5796703350623966,0.5774412674278222,0.3935249047813635,0.3929209305168727,0.5954548727668216,0.5936233920639071,0.5173472705823556,0.510396321982873,0.7728439010849132,0.7686070999572185,0.7014189356875801,0.7003064199473601,0.525840621367635,0.5210476599963326
1897,normal,0.0224939955014896,0.0426291919454135,0.005598992280723175,0.007932680463531806,0.6163232095153012,0.6107242172345779,0.013939953830244638,0.00800475249449234,0.7529741787404367,0.7350047089955111,0.6253109375213521,0.6084705097356768,0.7703165799655156,0.7701005817501511,0.6432546501094276,0.6295094024423392,0.6826034271565273,0.6815894240786917,0.4499012874598742,0.4446374909980658,0.7220558517981421,0.7107050885844939,0.5646325371457052,0.5597905269508484,0.7044298787749217,0.7003848228561431,0.4759143917551511,0.4729703146221074,0.5796703350623966,0.578086945577719,0.3935249047813635,0.3933000251349977,0.5954548727668216,0.594368983423791,0.5173472705823556,0.5113396350159031,0.7728439010849132,0.7694501463017486,0.7014189356875801,0.7008296100733932,0.525840621367635,0.5217734764462443
1902,normal,0.1036489281571611,0.14682873757405,0.003934706380358856,0.004440817807395449,0.6185610612466901,0.6157889044279657,0.021173617716017612,0.01811180265462519,0.6847395384003714,0.6875257012076683,0.5935232569511942,0.5877266310816257,0.7493635666925987,0.7562313673186556,0.6399514752478956,0.6333384005187289,0.6966902170656714,0.6909449141076688,0.4608149887823882,0.4562594140558367,0.736280998104547,0.7308414249625582,0.5766803470603235,0.5744812334662306,0.7175514259111866,0.7177791337517244,0.4864297600165047,0.48420429289419964,0.5931091330721682,0.5906641973926158,0.4060044210057595,0.4026129012301259,0.6142440750545182,0.6067881616217095,0.5232372910510115,0.5202381649272354,0.7833557037111492,0.7813918788705122,0.7161867382769831,0.7146455847127068,0.537375104789462,0.5327379731556131
1905,normal,0.1648372744513102,0.1671190438721963,0.007771317172048264,0.009404975663556303,0.6172733391105213,0.6250446562825697,0.02441165682387525,0.022428276358549274,0.6764847372937486,0.6878734168819134,0.5884734828483994,0.5906105875131128,0.743748159135457,0.7648708201712766,0.6365780200701611,0.6443690955591399,0.6951755084732902,0.6981481094655151,0.4598273235043327,0.4616061888011897,0.7350235266078482,0.7424079430494757,0.5760687831052667,0.585193960460214,0.720585309642115,0.7336753450946276,0.4864297600165047,0.4955266429595479,0.5937199875271578,0.6014231662178724,0.4043404855091733,0.4093358096804091,0.6148703817974414,0.6151082924487333,0.5232372910510115,0.5280603350660503,0.7849729041151856,0.7985182235349625,0.7161867382769831,0.7289515608944249,0.5379243659047872,0.5400796590052186
1907,normal,0.0488998579181376,0.0733856041285699,0.007349203180296582,0.008505279858511112,0.6172733391105213,0.6136429810795513,0.02441165682387525,0.01441214926514876,0.6764847372937486,0.6932340518489087,0.5884734828483994,0.5890808404149339,0.743748159135457,0.7580016707830378,0.6365780200701611,0.6318805562990769,0.6951755084732902,0.6905902825644024,0.4598273235043327,0.4530518239345329,0.7350235266078482,0.7240936680070714,0.5760687831052667,0.5706496835347952,0.720585309642115,0.7134050435903803,0.4864297600165047,0.4820894870895226,0.5937199875271578,0.5893220758383028,0.4043404855091733,0.40157493594426563,0.6148703817974414,0.6010486578790836,0.5232372910510115,0.5155575585758829,0.7849729041151856,0.7762493683630801,0.7161867382769831,0.7126570430811685,0.5379243659047872,0.5294439306039268
1918,normal,0.02693953311869,0.0484772893488831,0.005097397442236192,0.006121951071978561,0.6051247054370519,0.6100003504140913,0.01358084757034679,0.012212290667904736,0.6826947711537767,0.692716442805625,0.5893798525591574,0.5882193568356165,0.7460948966220237,0.7547586909174859,0.6294094278174747,0.6298320140790491,0.6801798934087177,0.6844085305237838,0.451284018849152,0.4505596186185207,0.720169644553094,0.7213299583829429,0.563531722026603,0.5668886906254503,0.7028370898161843,0.7096723599795267,0.4741364309380141,0.4790238532164013,0.5760052083324589,0.5836923611983158,0.3931089209072169,0.3977594965704992,0.5948285660238984,0.5969973314151295,0.5082445116762511,0.5120412996595303,0.7623320984586772,0.7718696238080117,0.6941827124187726,0.7057840444906694,0.5187002268684087,0.524452283912994
1935,normal,0.0171649323417744,0.0540395617242335,0.004481623047565739,0.005355598339837006,0.619244556006011,0.6193120829551646,0.010133228531275875,0.007366755536837845,0.7302545426671629,0.741689693707682,0.6136576126687485,0.6171464844719956,0.7738366861953655,0.779410737082845,0.6314475569873561,0.6403159416796006,0.6844968128970037,0.6881813468331931,0.4517284682242771,0.45042302986868793,0.721112748175618,0.7192032833283281,0.5679961388985174,0.5661406209532159,0.7077671508789428,0.7112422638502667,0.4798259055528527,0.4816369994771683,0.5937199875271578,0.589130763892241,0.4043404855091733,0.40128110694277763,0.6104862345969789,0.6020694744989061,0.5221663782385286,0.516074967842025,0.7809299031050947,0.7812604788218898,0.7176635185359235,0.7142166943986045,0.5357273214434868,0.5288815225883718
1936,normal,0.131303675884442,0.1307748380940199,0.009030349187380611,0.010233340030690754,0.6255748151790347,0.6165444659916541,0.00813054728341497,0.007993211936403075,0.7408570395013574,0.7404726968154584,0.6194842750950503,0.6155585872622265,0.7792844696463239,0.7781504054756465,0.6413570815719518,0.6396392592422525,0.694796831325195,0.6855057802767869,0.456864327670166,0.4483546790622564,0.7266927779422189,0.7162503415048738,0.5740506220535794,0.5634646321688139,0.7167929549784546,0.7079690986380013,0.4854137824067121,0.4794883525953144,0.5973851142570955,0.5854525794501535,0.4072523726281991,0.39873497246228723,0.6142440750545182,0.5980127957472332,0.5264500294884602,0.5124988308008895,0.7914417057313308,0.7764894712452349,0.7228322494422145,0.7100685052122079,0.5395721492507625,0.5251449338984829
1945,normal,0.0273511081224544,0.0599669910530716,0.010731400666498317,0.011807134500314486,0.603294705952708,0.6140261066192063,0.012253735745126336,0.011669841494252419,0.6912525007413766,0.6980596472302971,0.5875671131376413,0.5926106357544159,0.7425747903921737,0.7605363487882845,0.6170400921657807,0.6340779926865847,0.6782107722386223,0.6875031976406308,0.4489136221818187,0.45311674334171037,0.7185192132136768,0.7267068492714942,0.5618804993479497,0.5711047477781157,0.69730025200724,0.7148812009874881,0.4707837048256986,0.48240857626910205,0.5753943538774693,0.5865504349061734,0.3918609692847773,0.3998138394755713,0.593575952538052,0.6007508551783589,0.509315424488734,0.515624007188826,0.7565101770041464,0.7776326495149736,0.6955118146518189,0.7097881288937798,0.5197987490990589,0.5272779576207
1946,normal,0.1173585116072184,0.0936888033666611,0.004728047340828679,0.005878014353638374,0.6021059346118791,0.6068118162153107,0.012389123145263825,0.010621710848868421,0.6887533407733165,0.6938382518087473,0.5853659295543716,0.5873762443920119,0.7439157832416403,0.7502924195807572,0.6188673803870537,0.6258093395027509,0.6775291533720508,0.6799655729931289,0.4479753401676659,0.44824338467492986,0.7187549891193078,0.718566580351433,0.5623697505119952,0.5641393988123011,0.6955557688619562,0.7048718900767187,0.4682945596817066,0.47535093888884794,0.5722179107115232,0.5790106609122171,0.3899890418511179,0.3948194916858726,0.5916970323092823,0.5947370953201033,0.509315424488734,0.509768988555124,0.7537609363172847,0.7666515714220317,0.6921890590692032,0.7006610065780372,0.5192494879837338,0.5216980401052691
1952,normal,0.1435382046131999,0.1796422202999783,0.022940344145902694,0.023847661945312532,0.5691088541412769,0.5920491982871795,0.013868642139196835,0.007235908605594248,0.6944332497916349,0.70941216519278,0.5682096457435939,0.5895748038365886,0.7288296136851402,0.7432981733101295,0.5774722741436006,0.6129688149072339,0.6404187928587147,0.6578518739583241,0.4150367031445125,0.43043391207203985,0.6602039725542713,0.6891343701299881,0.5229238754108341,0.5413002550519593,0.6499716658047581,0.6799692656816356,0.4377644325074388,0.46017642206852777,0.537582463113612,0.5630607818510143,0.3637820577798862,0.3835818023059958,0.5509244633449807,0.5764909487324021,0.4765990380673819,0.4931160051918008,0.7136543662971842,0.7460433049663941,0.6511345678706628,0.6824592010054435,0.4859093382835004,0.5059642706197955
1954,normal,0.0277597471858134,0.0298954526870055,0.002415005112235044,0.0035744658379749483,0.6141201515247505,0.613582429419258,0.014077004452357307,0.009778619455347172,0.7514595363355518,0.7423709120177826,0.6123627987962369,0.61132907305349,0.7854027495220157,0.7776487855281866,0.6265279348531596,0.6298380613148313,0.6939637415993853,0.6877866472502359,0.4475308907925409,0.4470896090042432,0.7101098725795038,0.7125502520225011,0.5635928784221087,0.5629893872632168,0.7028370898161843,0.7031411761897145,0.4731712522087112,0.4742325025372593,0.5784486261524174,0.579330631059119,0.3912785918609721,0.3934768287666305,0.5929496457951288,0.595829409234159,0.5135990757386656,0.5141194732086398,0.7728439010849132,0.7730613101391784,0.7014189356875801,0.7026413420879756,0.5225450546756844,0.5234658994502234
1964,normal,0.0492562097977371,0.048257750829545,0.007394164108286772,0.00942019804463972,0.624497942177535,0.6171407240747964,0.010385630791584038,0.005837515550270736,0.7529741787404367,0.7386226438915028,0.6168946473500273,0.6136761867251229,0.7999022347068742,0.776612076480997,0.6376322248132031,0.6379462658603628,0.7034306703017671,0.6876914202888911,0.4562717285033326,0.45049244868790994,0.7293649048727037,0.7220783331678521,0.5766803470603235,0.5674196499122892,0.7213437805748472,0.7104155579337336,0.4823658495773342,0.4792081760368118,0.5882222974322512,0.5826543340705468,0.3981007273969753,0.3967963944313787,0.6017179401960537,0.6004073070026392,0.5237727474572529,0.5164610718165923,0.7857815043172037,0.7780591713785131,0.7139715678885726,0.7070579542958609,0.5280376658289354,0.5257933172905344
1971,normal,0.0969227386510307,0.1101064714522167,0.011462921729561227,0.012202953510246486,0.6263183695903131,0.6148554478607519,0.0206928905518634,0.01842319579112613,0.6924642146652844,0.686290881631514,0.5938469604193222,0.5863429918835332,0.7758481754695656,0.7542757262203711,0.6390378311372592,0.6324139738695957,0.7078233252196721,0.6894064624819622,0.4649631829502216,0.45553372363314737,0.7452404825185257,0.7298999319796342,0.5846306784760612,0.5735325641234886,0.7319623736330962,0.7168228548850216,0.492017636870364,0.4836971908833684,0.6004393865320435,0.5900128029641108,0.4080843403764922,0.40218558580631075,0.6180019155120575,0.6062143104268392,0.5312691371446331,0.519484104325969,0.7938675063373852,0.7802981601368892,0.7250474198306249,0.7139668807280596,0.542867715942713,0.5321644676529658
1972,normal,0.042944705526966,0.0908624191768674,0.009285278615373116,0.010138721975796131,0.6263183695903131,0.6171816024306602,0.0206928905518634,0.015952642809644424,0.6924642146652844,0.6937265620389071,0.5938469604193222,0.5913160202040451,0.7758481754695656,0.7609054019692497,0.6390378311372592,0.634532509819242,0.7078233252196721,0.6929858502234908,0.4649631829502216,0.45679540255495227,0.7452404825185257,0.7314191563875239,0.5846306784760612,0.5748885883546287,0.7319623736330962,0.7179410153104584,0.492017636870364,0.4847513776001932,0.6004393865320435,0.5915126222132651,0.4080843403764922,0.40346897318347547,0.6180019155120575,0.6070460315754228,0.5312691371446331,0.5204720781805312,0.7938675063373852,0.7813401455366067,0.7250474198306249,0.7154973721748635,0.542867715942713,0.5334881339943682
1973,normal,0.0707501189591998,0.1095432250963253,0.0046185976819843695,0.0056528887493304154,0.6226241205531703,0.6183221301419144,0.023016544692044397,0.02253644918787657,0.6828462353942653,0.6814136474472292,0.5893151118655318,0.5846365682525687,0.7685565268505906,0.7547990486343963,0.6334154058410347,0.6361065676422257,0.7025218451463383,0.6914831211858823,0.461308821421416,0.45750560265622503,0.741310884091342,0.7344843998242533,0.5834075505659477,0.5783140353455273,0.7274115480367038,0.7240470505737308,0.4899856816507788,0.4889516911729048,0.6004393865320435,0.5953570365178068,0.4076683565023456,0.4055377757420848,0.6142440750545182,0.6104808079220894,0.5285918551134259,0.523018490956009,0.7906331055293127,0.7882084758102827,0.7228322494422145,0.7211693103383203,0.5401214103660875,0.5359625823910081
1978,normal,0.0964657913092861,0.1370685864805696,0.0023546122800381015,0.0030980126874983055,0.6149688077926925,0.6168539014447098,0.008769088401001492,0.00848010681994292,0.7363131122867027,0.7417071536309431,0.6162472404137715,0.6163542419336678,0.7732500018237239,0.779256696685254,0.6334856861572374,0.640194489852608,0.684875490045099,0.6861239082405862,0.4471358246813186,0.44843245442918717,0.7145896147864932,0.7162538763365909,0.5609019970198589,0.5632950877466179,0.7030646310960039,0.7080549138857538,0.4772859615283712,0.47953732175239167,0.5845571707023135,0.5856943097299435,0.3989326951452684,0.39889495033015965,0.5998390199672842,0.5981417189838131,0.5135990757386656,0.5124363833383395,0.7744611014889494,0.7763823232103996,0.7095412271117517,0.7104597821301213,0.5263898824829601,0.5252967123436881
1983,normal,0.0898509701778078,0.1514737088266468,0.004558505764433311,0.005234747262402174,0.6159606449782382,0.6114021392138048,0.01134828203215659,0.008513909097956764,0.7108671198846361,0.7049553880716664,0.5963718474707196,0.5939768672043608,0.7592533889574155,0.7570365029233204,0.6299013900308944,0.6293788371956588,0.6853299026228133,0.6827735250334094,0.4518766180159853,0.4499627854266248,0.7266927779422189,0.7220035744338352,0.5717878354198693,0.5673940923628572,0.7122421293820621,0.7094938856167816,0.4818578607724379,0.4784944429257569,0.5876114429772616,0.5829631191676233,0.4005966306418545,0.397498362809273,0.607981007625286,0.5990890486445307,0.5237727474572529,0.5137658738070787,0.7817385033071128,0.7737151310196089,0.7110180073706921,0.7058106283355213,0.5324317547515361,0.5255243016567748
1988,normal,0.0509878349589655,0.0406141828747361,0.0058900113733975305,0.006528213176671476,0.6074169409502365,0.613306952323634,0.012173788824586031,0.01436697614226192,0.6924642146652844,0.6926351941291065,0.5880850386866459,0.5896446706295715,0.7507045595420653,0.7567294734998942,0.6244898056832782,0.6312565568442393,0.6827548980157654,0.6890631580561233,0.450839569474027,0.4539536624369106,0.7226059955779479,0.7267578549257476,0.565794508660313,0.5709528510854063,0.7048091142412878,0.7129977946713782,0.4742380286989934,0.4811846626450667,0.5778377716974278,0.5869606908073092,0.3939408886555099,0.40022841703132794,0.5973337929955913,0.6024109448247518,0.5130636193324242,0.5166697608530896,0.7655664992667498,0.775757358879229,0.6984653751696995,0.709796726421481,0.5230943157910095,0.5292184117611456
1995,normal,0.1435804594443721,0.1419623783444235,0.005495389895084896,0.007364752833174168,0.608735363339615,0.6033387494840285,0.018089842899463558,0.023475400179775938,0.6840579493181732,0.6655874305296398,0.5849127446989927,0.5697773498471741,0.7442510314540071,0.7337154116776046,0.620905509556935,0.6176393813509446,0.6829821043046227,0.6751937522078897,0.4519753845437909,0.4470283222290552,0.7251995305398891,0.7173723764046769,0.5661002906378414,0.5642453725696529,0.7057951264538395,0.7053540123876765,0.4772859615283712,0.4763564711015651,0.5857788796122928,0.5814099425825544,0.3993486790194149,0.39673164996865834,0.602344246938977,0.5981038382856183,0.5152054449573898,0.5119312016995882,0.7671836996707861,0.7680232960065242,0.7065876665938712,0.7034773189800777,0.5285869269442605,0.5248116133995875
2002,normal,0.0297591171625588,0.0372439967691923,0.003228438409661315,0.0037960642910738838,0.6020882388673536,0.6030611626752481,0.009880705893614125,0.007306611844096867,0.7127604228907423,0.7216662732274721,0.5970192544069753,0.6004008640156822,0.752799860869357,0.7565117319952696,0.6199215851300958,0.6229787355675578,0.6712431127136694,0.6710892479997322,0.4398271016237074,0.4389791741299887,0.7006002443857193,0.7030595837751884,0.5486707179187238,0.5519247246434155,0.6847854816171607,0.691005014729868,0.4653990234937978,0.467013305585651,0.5747834994224797,0.5722436312650752,0.3926929370330704,0.39033808114716434,0.5942022592809751,0.5889254297244422,0.5071735988637682,0.5055358571790595,0.7568336170849538,0.7599415531066442,0.6969885949107592,0.6937143355227795,0.5197987490990589,0.5167122218642274
2004,normal,0.1689726280643757,0.1691960746143369,0.0034076729630008054,0.004562597877378324,0.6198332569241732,0.6208835645409175,0.0099305447796837,0.004566920322506474,0.723438651845181,0.7339259911390994,0.6038170272376608,0.6113039809137307,0.7670479098949404,0.7751006888609374,0.6335559664734403,0.6388047675885592,0.6860872569190039,0.6900753952242381,0.4519260012798881,0.45299051151139547,0.7267713699107625,0.7264347371729092,0.5726440249569488,0.5715905894235054,0.7152760131129905,0.7162798512726508,0.4838898159920232,0.48382492974940694,0.5906657152522097,0.5904308269008274,0.4039245016350268,0.40230300616173537,0.6117388480828253,0.6070097742534797,0.5264500294884602,0.521115032220157,0.7882073049232582,0.7851655792096727,0.7154483481475129,0.716008823327841,0.5362765825588118,0.5326561122654535
2011,normal,0.1520047567923627,0.1755927936995391,0.0018183583337606697,0.0021416363687081306,0.6073298247365729,0.6063814331838241,0.010857747224382782,0.00978959352639226,0.6978411952026259,0.6956818775092655,0.5887324456229016,0.5880789145796371,0.7496988149049654,0.7503599952122736,0.6250520482129007,0.6248457142249415,0.6837394586008132,0.6791883750565982,0.4505926531545131,0.4478278603850849,0.7207197883328996,0.7178433680800393,0.5651217883097506,0.5633869640201596,0.7019269246969058,0.7036149525923345,0.4731712522087112,0.47443591122869566,0.5766160627874485,0.578014532178476,0.3943568725296565,0.3943393247415591,0.5967074862526681,0.5945468454906465,0.5130636193324242,0.509687383534538,0.7671836996707861,0.7658556424542493,0.6969885949107592,0.6993709759356109,0.5230943157910095,0.5214057269008994
2016,normal,0.0814432607635317,0.1383200373471297,0.011653433787597912,0.0129886917609276,0.6009033192707686,0.6125567530583664,0.023139838214666444,0.018027981815445644,0.668608596788347,0.685209447977768,0.5695044596161055,0.583714118082897,0.7271533726233069,0.7522496651396623,0.612612432245004,0.6295526093912492,0.6734394401726219,0.6866052073267417,0.4477778071120547,0.4524444790487887,0.7163186380944541,0.725245520484059,0.5610243098108703,0.5711937724332863,0.6988171938727042,0.7146768028569299,0.4718504813159807,0.48293196974747293,0.5766160627874485,0.5888720707887725,0.394772856403803,0.4015569459582833,0.599212713224361,0.6025863321558994,0.514134532144907,0.5166540500594656,0.7623320984586772,0.7775255370947011,0.6969885949107592,0.7126339268697243,0.5241928380216597,0.5298123465765283
2019,normal,0.1466724036244332,0.1860554003342143,0.003982969425456902,0.005331261011553287,0.6180549425698881,0.6205797462809484,0.008023814314735762,0.0050417104982669264,0.7257106154525083,0.7395108098938357,0.6075072467743187,0.6151044653633198,0.770735640230974,0.7786510280968575,0.6323612010979925,0.6407941241025702,0.6857843152005276,0.6913221630629227,0.4509383360018326,0.45310223518575393,0.7226059955779479,0.7260730413004666,0.5678126697120003,0.570260731379757,0.7114836584493299,0.7138711566227773,0.4813498719675417,0.4817649991112401,0.5888331518872408,0.5876185644917039,0.4026765500125872,0.4004744265686851,0.6092336211111324,0.6054132751661887,0.5205600090198043,0.5202633506835754,0.7809299031050947,0.7820807711109645,0.7132331777591026,0.7127862371195032,0.5351780603281616,0.5307643075160023
2021,normal,0.1478038774469692,0.3542000401075177,0.004029136184597163,0.004433163804599809,0.6117943658002868,0.6077652296156897,0.010364577119367197,0.009174946462269793,0.7032939078602116,0.6983865711546574,0.59417066388745,0.5893182882746723,0.7579962081610404,0.752726026160715,0.6273010183313905,0.6261669308756288,0.6854056380524323,0.6797930150431799,0.4525679837106243,0.44787217217332986,0.7237848751061029,0.718439117803939,0.5667118545928982,0.5645034143749597,0.7065535973865714,0.7059871798122758,0.4798259055528527,0.47588417169685443,0.5827246073373447,0.579590917134137,0.3989326951452684,0.3951913372451263,0.602344246938977,0.5950342747091977,0.5152054449573898,0.5103928443194572,0.7696095002768405,0.7690025561385122,0.7065876665938712,0.701674944474135,0.5274884047136102,0.5220451420759469
2025,normal,0.0399294277432922,0.0826385020825518,0.0027581989164270383,0.0033599203712910727,0.6108640183300079,0.6135200185466205,0.01554565478898328,0.015579562954771146,0.693221535867727,0.6923528469193041,0.5874376317503901,0.5893948291889859,0.7510398077544321,0.7548568257735179,0.6281443821258241,0.6309580394856475,0.6872232883632896,0.6897882203280677,0.4526173669745271,0.45473255775965765,0.7219772598295984,0.7266822365670779,0.5649994755187392,0.5699356975818166,0.7032163252825503,0.71040926609704,0.4777939503332675,0.48070839399925364,0.5876114429772616,0.588461059650765,0.4014285983901476,0.4017525221135805,0.602344246938977,0.6046434958882837,0.5146699885511484,0.5174358002570283,0.7688009000748224,0.7744747415588028,0.7102796172412219,0.7113268506356444,0.531882493636211,0.5319269314880757
2034,normal,0.1911120166949919,0.1355129004747784,0.002966355118919158,0.003471326385205813,0.6106670329928803,0.6097291563417115,0.019865829918551146,0.017931788850363048,0.6848152705206156,0.6820410695581944,0.5819994134858417,0.5812958862698806,0.745256776091107,0.7482710591198896,0.6251926088453063,0.6267782286926818,0.6849512254747181,0.6827136804364387,0.4526173669745271,0.4508913033332861,0.7233919152633845,0.7233189583195034,0.5667118545928982,0.5689896779374465,0.7052641968009269,0.7119209565401567,0.4793179167479564,0.48029029505691817,0.5894440063422305,0.5851926620940034,0.4030925338867338,0.39884035984784816,0.6042231671677467,0.6001835901927801,0.5168118141761142,0.5148466534606352,0.772035300882895,0.7747705035898745,0.7132331777591026,0.7081492863761931,0.5329810158668612,0.5269014869833648
2036,normal,0.1574916192413074,0.1576943657443781,0.01075839703865461,0.011536220116467872,0.6116578403625367,0.6008994433238819,0.010836590353098991,0.005862130747148317,0.7340411486793753,0.7147318672940738,0.6117153918599811,0.5954383426965286,0.7694784594345989,0.7524411871542874,0.6275821395962017,0.6200783595206939,0.6799526871198605,0.6678005143590909,0.4464444589866797,0.4371562315799595,0.7127819995099887,0.7006352462834605,0.559556556318734,0.5510048910620184,0.694721450835951,0.6903893119632284,0.4691073417695408,0.4669075302623803,0.5815028984273655,0.5714224520262317,0.3976847435228288,0.3898341646791513,0.599212713224361,0.5869055794736314,0.5135990757386656,0.5034211420243903,0.7704181004788587,0.7590479910210468,0.7028957159465203,0.6930503646089489,0.5274884047136102,0.5150253604968714
2045,normal,0.3119675636908034,0.1677658129348599,0.015718240163146057,0.021450741958842858,0.6102272512194129,0.6024889181116625,0.017644993589858826,0.02335256649948684,0.7279825790598357,0.6651518991127684,0.6007094739436332,0.5692103061803242,0.7634439916119988,0.7325769777201219,0.636226618489147,0.6166475046804818,0.6906313826961471,0.6745475883957553,0.4445678949583741,0.4465751611948092,0.6983996692664964,0.7162854491564282,0.5452459597704059,0.5631128818267442,0.6960866985148687,0.7039018023583328,0.4763207827990683,0.4754816127421542,0.5906657152522097,0.5806535337283713,0.4043404855091733,0.3962991969601702,0.599212713224361,0.5973839157562478,0.4991952984107708,0.5112264066571038,0.756267596943541,0.7664906266419016,0.7132331777591026,0.7024990498061953,0.5313332325208859,0.5242676949803521
2053,normal,0.1206444967513604,0.0727438272295062,0.014628537489851153,0.015078236482469238,0.6326969207255126,0.6180683832356615,0.009384001898977324,0.004137259330155956,0.7514595363355518,0.7335739167433928,0.6259583444576079,0.6104964823002326,0.789844788335874,0.7733670160137401,0.6444494154848753,0.6380189645784452,0.702067432568624,0.6879559633882883,0.461111288365805,0.45119481585360527,0.7397390447204685,0.723920584447692,0.5821844226558343,0.5688160820284891,0.7228607224403112,0.7119613739584632,0.4899856816507788,0.48051875852450765,0.6059370766269502,0.5862872155305192,0.4143240984886902,0.3995005423813507,0.6205071424837504,0.6032895204365513,0.5312691371446331,0.5180900267194621,0.7962933069434397,0.7797968981064054,0.7316929309958563,0.7109795593585779,0.5461632826346635,0.5293947946365217
2057,normal,0.022284663597537,0.0448565716309449,0.005282666858837561,0.0060900520734640225,0.6070329216616507,0.6121580147073415,0.008593316856482755,0.004982979407526675,0.7211666882378536,0.7263104235857953,0.5991556972966194,0.6047250639692725,0.7576609599486738,0.7658302556561172,0.6206243882921239,0.6301707979027844,0.6748784133353839,0.6822773081359755,0.4421481150271379,0.4477123874637466,0.7074377456490188,0.7179837276444316,0.5573549260805297,0.5636411030946124,0.6952523804888634,0.7045021084535541,0.4708345037061881,0.47460673477655924,0.5808920439723758,0.5806185220991578,0.3968527757745357,0.3957869202360082,0.5960811795097448,0.5988781596872681,0.5087799680824926,0.5141314039077959,0.7655664992667498,0.7715826940597765,0.70068054555811,0.7026564207313826,0.5241928380216597,0.5252722186205705
2063,normal,0.2121878860660501,0.1666654507093748,0.010559601848827848,0.01109930455359365,0.5942676377016958,0.6048272395505236,0.011290395228644775,0.012318470013779365,0.6808772002679149,0.6880929400836759,0.5756548255105352,0.5829598025914516,0.7351155176670153,0.7467788011719461,0.6129638338260179,0.6235795801631976,0.6700313458397645,0.6786296572380672,0.4409629166934712,0.44694349318535853,0.7068090099006695,0.716235171767414,0.5529516656041211,0.5625238672200988,0.6866058118557178,0.7030155127006121,0.46235109066442,0.47450108069258645,0.5660482807161281,0.5780678802818561,0.3862035885963844,0.3941729241223636,0.5823650618397264,0.5931590416157685,0.5018190348013538,0.5083793501574112,0.7464026744789194,0.764713514325417,0.6839929286320846,0.6995920660489802,0.511395054034585,0.5207183889926975
2073,normal,0.0526013410520724,0.0784725728478786,0.0017678560575188971,0.0024033905550717317,0.6116377110517504,0.6116873614251471,0.010428422422526002,0.011336928321770594,0.7047328181448522,0.6994157273833707,0.5911925919806735,0.5893821100701094,0.7671317219480321,0.7626214013987106,0.630744753825328,0.6303977865097395,0.6918431495700518,0.6902251161224189,0.4471358246813186,0.44874356575061863,0.7125462236043577,0.7161387508080121,0.5674457313389663,0.5680077682437444,0.711862893915696,0.7117925671831077,0.4808418831626453,0.4809539301296847,0.5888331518872408,0.5884419696824709,0.400180646767708,0.40031315232920656,0.5885654985946662,0.5926139812023219,0.5077090552700096,0.5101395954283948,0.772035300882895,0.7729727336883773,0.7124947876296324,0.7119544422365401,0.5225450546756844,0.5245705460606728
2078,normal,0.0376822858958202,0.0639213747027596,0.007436352600510441,0.008679833835442881,0.5932010663318051,0.6006374189323156,0.011863449330892605,0.006639458453839594,0.7057173357080274,0.7161500667500574,0.5865960027332576,0.596943276294924,0.7454244001972904,0.751464560619975,0.6065683250515626,0.6198864996154538,0.6570805873749064,0.6675762391253253,0.4308887308573044,0.43753557909673335,0.6921909037515462,0.7009094788461078,0.5427385475546731,0.5505494519063632,0.6720431699472618,0.6888754855202922,0.456560018288602,0.46569455518438235,0.5670256478441115,0.5703589257953743,0.3880755160300438,0.3892989779514144,0.584243982068496,0.5872443764999457,0.5028899476138368,0.5039878559541665,0.7459175143577086,0.7577398456690285,0.685986581981654,0.6914452663210519,0.5144709162804054,0.5151756806987697
2080,normal,0.1782753915762235,0.2894947715765896,0.011947277654445927,0.013156655708800364,0.599184884203353,0.611132161857799,0.00942346394490251,0.00910551555364058,0.7173800822256412,0.7357084211639204,0.5965013288579708,0.6111122138146631,0.7545599139842821,0.772433511870076,0.6164778496361583,0.6350257444478494,0.6661688389291928,0.6791717871317982,0.4359258237753878,0.4439772508318722,0.6993427728890206,0.708797803601382,0.54787568477715,0.5575692268726534,0.6825100688189645,0.7019154557399485,0.4618431018595237,0.47565048456588793,0.5685527839815856,0.5807827299469157,0.3889074837783369,0.395397568013264,0.5873128851088198,0.5915093289711018,0.505567229645044,0.5062801866791301,0.7532757761960738,0.7695573914906031,0.6888663034865875,0.7046409370882313,0.515075103507263,0.519716709353286
2088,normal,0.1339475784465329,0.0931559029557911,0.005769864279248671,0.0064750807687639095,0.606349040954542,0.6121029318297598,0.009891241396950124,0.005974582486888918,0.707762102954622,0.714600749358747,0.5884734828483994,0.5975092372116761,0.7510398077544321,0.7607572109318312,0.6189376607032565,0.6294334191865866,0.6730607630245267,0.6810461107541617,0.4430863970412908,0.44776318530803344,0.7134893272268817,0.7191031195323629,0.5605350586468248,0.5658429229638742,0.6998790531785293,0.7084546836859869,0.4724092690013667,0.47832072265949693,0.5778377716974278,0.5834561510760458,0.3951888402779495,0.39757477013352976,0.5979600997385145,0.5991373231808753,0.5146699885511484,0.5145342146168852,0.7679922998728043,0.7751429343685995,0.7014189356875801,0.7071878943452505,0.5241928380216597,0.5258851917919724
2093,normal,0.0719137645487655,0.1424488505551716,0.006423647087307429,0.007409447396491063,0.5925758876439886,0.5989995347312961,0.010811785769723557,0.010715915408310961,0.6811043966286476,0.6847941262712999,0.5744247523316492,0.5784018683262009,0.7361212623041152,0.7415755921685423,0.6085361739052412,0.6175436142322334,0.6672291349438595,0.6719622692113583,0.4396295685680962,0.442051909046848,0.7036653311589226,0.7080473919623529,0.55240125804457,0.5563748510729102,0.6855439525498928,0.6963669583265414,0.4616907052180546,0.4699120175917658,0.5613447014127081,0.5723625743858686,0.384331661162725,0.39017248350293376,0.5827408458854803,0.5860031302036081,0.500748121988871,0.5024751158532507,0.7455132142566995,0.7575102933698599,0.6778642905574823,0.6925669068868678,0.5109007190307923,0.5148709880195919
2095,normal,0.0821586017574088,0.1497272371709166,0.002360768004813437,0.002952263937246618,0.5954597729293625,0.5967656016429116,0.013958780414118055,0.01354686948820698,0.6775449869771681,0.676889792542412,0.5743600116380237,0.5732727621634424,0.7335230886582734,0.7355187928259954,0.6093795376996748,0.6150273987799235,0.6697284041212883,0.6696962531107683,0.441901198707624,0.4407618337306502,0.7072805617119315,0.7062953000727381,0.5541747935142346,0.5551581138025251,0.6898672368664657,0.6946086672982097,0.4656022190157562,0.46919531697943645,0.5676365022991011,0.5714021967455981,0.3888242870035076,0.38948467158187927,0.5873128851088198,0.5852250059422295,0.5028899476138368,0.501669789550493,0.7508499755900193,0.7551573663559527,0.685986581981654,0.691457770365248,0.5159539212917832,0.5141941960819952
2098,normal,0.1389284914029829,0.2913378192870579,0.009907349851774563,0.011091984236680983,0.6257533634737159,0.6158460136219412,0.020141273631764836,0.015682986936727022,0.7719072088014981,0.7547903616686059,0.6363168554377001,0.6229640275752305,0.8057690784232908,0.7864366622599801,0.6613869716897517,0.6465505435390965,0.6980534547988142,0.6867920260531464,0.453061816349652,0.44817287034197106,0.7260640421938694,0.7186644643683412,0.5714820534423409,0.5638345572830159,0.7221022515075792,0.7065943876679537,0.4864297600165047,0.475774638290198,0.583946316247324,0.5772239645929748,0.3964367919003892,0.39278248175439645,0.5948285660238984,0.5907888172965792,0.5130636193324242,0.5088302139011629,0.7857815043172037,0.7718856844443077,0.7102796172412219,0.699719817011291,0.5208972713297091,0.5175767135247529
2099,normal,0.0558797545554161,0.1435778227473602,0.0041304011351748805,0.005137385323535813,0.6215538625666233,0.6174234614314484,0.015461129883195044,0.012582606576660863,0.7590327483599764,0.7506116496349478,0.6253109375213521,0.6209955949371407,0.7948735115213742,0.7863080194359977,0.6549211825990935,0.6460822261611177,0.6917674141404329,0.6869427295484316,0.4496543711403603,0.4486562165759724,0.7217414839239674,0.7206949945227972,0.5689746412266082,0.5666166663494705,0.7198268387093829,0.7114664323918664,0.4854137824067121,0.47946955753135995,0.5821137528823551,0.5803194898863376,0.3951888402779495,0.3943960826358775,0.593575952538052,0.5920304816416218,0.5119927065199412,0.5110756731642021,0.7841643039131674,0.7770382809392862,0.7080644468528114,0.7044508775398128,0.5197987490990589,0.5190438714383827
2104,normal,0.0437647183444567,0.1044050267587402,0.00861665227795599,0.009370605813916823,0.6195298095659052,0.6109131572879493,0.0103993286460508,0.006168174766625225,0.7416143607037999,0.726061752272466,0.6162472404137715,0.6054456989806276,0.7850675013096491,0.7731567208147432,0.6491581966704634,0.6378989263177244,0.6888137323852896,0.6813121176123199,0.4502963535710964,0.44559142286575026,0.7279502494389175,0.7175003225009747,0.5742340912400963,0.5651884970880673,0.7228607224403112,0.7093567325544158,0.4864297600165047,0.4775212895249892,0.583946316247324,0.575970018006635,0.3951888402779495,0.3914840014750853,0.5898181120805126,0.5867730285703309,0.5125281629261826,0.5070643464857798,0.782547103509131,0.7713983206659909,0.7088028369822816,0.6993463182710592,0.5165031824071084,0.514454159888178
2107,normal,0.1240305982212172,0.1966898894013147,0.003998629898418714,0.005305988539447575,0.6111599018607786,0.6072651699393875,0.007474581534223936,0.007546033945103642,0.7092010132392628,0.6990208640095654,0.5969545137133498,0.5912050794144594,0.7713223246026155,0.7595184550825609,0.6367185807025665,0.6299012194936059,0.6789681265348128,0.67969231280738,0.4477778071120547,0.4473136420490816,0.7233133232948409,0.7201562628238091,0.569769674368182,0.5667711458759204,0.7167929549784546,0.7084666672971152,0.4813498719675417,0.4762774285894929,0.574294815858488,0.5744537623906548,0.3910290015364842,0.3909539573928676,0.5923233390522055,0.5898105226300793,0.5109217937074584,0.5086698994194757,0.7736525012869313,0.7684767420168147,0.6977269850402293,0.6964272316354001,0.5176017046377586,0.5163926960413037
2110,normal,0.0547242073897682,0.0647801118596993,0.003277866565196382,0.0041892771497615165,0.6164326113217085,0.6167411546592004,0.020018491633834252,0.014409864875274297,0.7613047119673038,0.7535745482745637,0.6298427860751424,0.6228471305155958,0.7870789905838491,0.7865580927830518,0.6481039919274213,0.6456683930292282,0.6863144632078609,0.6862017608901066,0.4460493928754575,0.4477465529900063,0.7114459360447463,0.718577972839972,0.5627366888850293,0.5649564896350566,0.7130006003147942,0.7096757433591647,0.4808418831626453,0.4783611180336308,0.5796703350623966,0.5792428389013214,0.3918609692847773,0.39353537236459113,0.5879391918517429,0.5909818960029986,0.5028899476138368,0.5097203791050535,0.7768869020950039,0.775675791174266,0.7021573258170503,0.7032656896873362,0.5112302756999874,0.5180098596204633
2115,normal,0.0498288852786882,0.0662944343778671,0.00443498757755383,0.005144570800084702,0.6026165095200678,0.6067271783862886,0.007698246241893846,0.00533142019701532,0.7107156556441476,0.7102613920856344,0.5943001452747012,0.5963839202609025,0.7657069170454739,0.7653224451498543,0.6348912924812935,0.6329733188890951,0.6731364984541457,0.678408024685701,0.4408147669017629,0.44437773184065604,0.708616625177174,0.7163594836501884,0.5585780539906433,0.5642569027269961,0.7013201479507201,0.707224074242291,0.4728664589257734,0.4754882991740372,0.5684306130905876,0.5721071159963934,0.3859539982718965,0.3888418676769891,0.5793587894736949,0.5840381435331626,0.4984992050826569,0.5049079458263191,0.7561058769031374,0.7669837143928016,0.6883494303959584,0.6946022512167604,0.5068361867773866,0.5118254012191243
2117,normal,0.0635442518037793,0.121990577721931,0.0023611789749341918,0.002849732929312856,0.6103485727349245,0.610602927935113,0.009732642281624081,0.007484493035753829,0.7005675515314187,0.7044589761641641,0.5906099257380434,0.5954847000747389,0.7692270232753239,0.7656687484484836,0.6400217555640985,0.6345334384641822,0.6783622430978604,0.6824378015737742,0.4460000096115547,0.44900308238455316,0.7207197883328996,0.7241356620556643,0.5715432098378466,0.5706678127477525,0.7145175421802583,0.7137460094972761,0.4818578607724379,0.47922708951122234,0.5772269172424381,0.576272780852475,0.3935249047813635,0.39191746718404247,0.5910707255663591,0.5910807494122702,0.5114572501136998,0.5107842048079192,0.772035300882895,0.7740797207554603,0.70068054555811,0.6993314557268849,0.5165031824071084,0.5174200752360573
2118,normal,0.0681610635462245,0.150619276979619,0.003976570485749437,0.004907164145388224,0.6045490596517981,0.6084922281125861,0.01003100733766416,0.008186376949178762,0.6915554292223535,0.6992516694858136,0.5831000052774764,0.5916991302341773,0.7582476443203154,0.7607238338372622,0.6310258750901392,0.6307419578779665,0.6720004670098599,0.6804908103640693,0.4419999652354296,0.44813770597092134,0.7130177754156196,0.7222510591074589,0.5654887266827847,0.5685504284501323,0.7078429979722161,0.7105224959730574,0.4770319671259231,0.47742967863114655,0.5729509360575108,0.5755136590155363,0.3910705999238988,0.39160077269015847,0.5879391918517429,0.5909921968435092,0.5061026860512854,0.5102177280779079,0.7671836996707861,0.7708973399104401,0.6962502047812891,0.6978616620171113,0.514525842391938,0.5174857494272951
2119,normal,0.1176033063816563,0.4474291925009057,0.007556082098810264,0.007992521374219236,0.5980063061297735,0.6055623882285837,0.01954303455389584,0.01580005976527397,0.7378277546915876,0.7430034480396952,0.6097731710512139,0.6128538093979887,0.7656231049923823,0.7731888123476159,0.6277227002286073,0.6339827920552833,0.6666232515069072,0.6746277118804681,0.4316788630797489,0.4386071989743139,0.6904618804435855,0.7014766350951227,0.5451236469793944,0.5520789420092375,0.6891087659337336,0.6950301876364806,0.4658562134182044,0.46964449088916327,0.5611614450762112,0.5695771291418232,0.3806710030702355,0.38692142145657094,0.5670205466381075,0.5806122458175464,0.4910028153952767,0.49940746802697816,0.7541652364182938,0.7617721967161065,0.6849528358003958,0.692573199555441,0.4973339694822625,0.5092029108460869
2127,normal,0.046049642597623,0.0378925251572086,0.005510873018759214,0.005848431514680048,0.6028173436235278,0.6083282166422871,0.008009307673207969,0.006125790963091395,0.7158654398207563,0.7207552668983394,0.5978608834241079,0.6022674359229233,0.7635278036650904,0.7697127039404454,0.6313772766711532,0.6350272537267996,0.6758629739204317,0.6789836542407464,0.438790053081749,0.44434467491709884,0.709795504705329,0.7159252133357864,0.5575995516625524,0.5639791885347956,0.7001065944583488,0.7072471533680209,0.4733236488501801,0.47562119162929567,0.5673921605171053,0.5727048094672327,0.3848724401991155,0.38927560753559326,0.5754130569932786,0.5842736970834181,0.5018190348013538,0.5053289101652927,0.7580465173879809,0.7683739851016158,0.6899000496678457,0.6957461767904772,0.506341851773594,0.5120127602609981
2138,normal,0.0972988448714227,0.1529503038235691,0.004828140472621197,0.005244960269960615,0.6066429133374454,0.6088933603472992,0.005501484381137544,0.008346172540380429,0.7078378350748663,0.698710650728317,0.5956596998408383,0.5906893277049445,0.7672993460542155,0.7594865081031356,0.6293391475012718,0.6328019914992137,0.6792710682532891,0.6815734025570753,0.4448641945417908,0.447832552337077,0.7161614541573667,0.7204476909970428,0.5645102243546938,0.567565709160711,0.7083739276251284,0.7113434741255905,0.4751524085478067,0.47884617883552333,0.571057287247043,0.5778966069883683,0.3888242870035076,0.3930984777661268,0.5854339648800502,0.5911162091746041,0.5066381424575268,0.5088687744510523,0.7663750994687679,0.7716510524930643,0.6924844151209912,0.700785088213497,0.5136470246074177,0.5184734307687426
2145,normal,0.3816972624654736,0.2428679864173589,0.0036330401928004576,0.0048349607640346464,0.6103754000073286,0.6089648908960155,0.007218587867628152,0.01043964064947583,0.7057930678282717,0.6944094591442365,0.5950122929045826,0.5877722833639665,0.7683050906913155,0.7568329189715112,0.6341182090030628,0.632214330706226,0.6838909294600513,0.6818051096612774,0.4484691728066937,0.4476445598597051,0.7219772598295984,0.7199851806610098,0.5698919871591933,0.5672228647967161,0.7145175421802583,0.7119143592075329,0.4803338943577491,0.4796382107636295,0.5772269172424381,0.5804971204694195,0.3926929370330704,0.3948192243151756,0.5885654985946662,0.5925958512533287,0.5082445116762511,0.5091296465722063,0.7696095002768405,0.772433332697982,0.70068054555811,0.7035250293649583,0.5170524435224334,0.5199636634233815
2146,normal,0.1041909939205585,0.2129943219074621,0.0029926655024305436,0.00384866392868637,0.6064955143230653,0.6061939082959157,0.008670827743617066,0.010737937560503594,0.6968566776394507,0.6914828138006206,0.5875671131376413,0.5845356126526879,0.7618515626032573,0.752399951379791,0.6297608293984888,0.629678282384683,0.6790438619644319,0.679426986200953,0.4450617275974019,0.44542621729272064,0.7163186380944541,0.7151358531830436,0.566161447033347,0.5633449645167804,0.7114836584493299,0.7082057355495986,0.4777939503332675,0.47793230510734636,0.5739283031854943,0.5795131045537426,0.3903634273378497,0.3941055685818588,0.5859350102743887,0.589740849946952,0.5071735988637682,0.5057166015691006,0.7696095002768405,0.7682819024588419,0.6969885949107592,0.7022077978444259,0.514525842391938,0.518161894007421
2153,normal,0.048293688257823,0.073979394285528,0.0066072001377207625,0.00792428688788369,0.6208596668769895,0.6142524667392687,0.008885088497220568,0.0042660511916672375,0.7416143607037999,0.7301582318141379,0.6130102057324927,0.608261259886591,0.7906829088667908,0.7740834721387367,0.6510557652079391,0.638646517433041,0.694796831325195,0.6833901766802936,0.4497531376681659,0.44750773296883856,0.7245707947915397,0.7201748087231897,0.5742340912400963,0.567242882258529,0.7228607224403112,0.7121704593216016,0.4854137824067121,0.47986439358885824,0.5851680251573032,0.580216268759375,0.3976847435228288,0.3946884914451856,0.593575952538052,0.5927379332422239,0.5130636193324242,0.5113667542970908,0.7857815043172037,0.7770678691671955,0.7088028369822816,0.7048786074272474,0.5225450546756844,0.519836075415432
2167,normal,0.1171283979759354,0.2032126959838363,0.007086124821303941,0.007942856221473503,0.6242646683421309,0.6191242601647897,0.007432018180518649,0.00885327841287702,0.7393423970964725,0.7466043146626079,0.6136576126687485,0.6185355750673741,0.7890066678049574,0.7839190445862779,0.6466281052871623,0.6450659687946171,0.6861629923486229,0.6885316839266845,0.4479259569037631,0.44995597683462485,0.7314082960548393,0.7230345236329547,0.5766803470603235,0.5695191543858994,0.7266530771039716,0.7148167895133397,0.4894776928458825,0.4818799056151256,0.5918874241621889,0.5829993737409005,0.4018445822642941,0.3965722300306953,0.6017179401960537,0.5963093212113554,0.52270183464477,0.5146016804577458,0.7971019071454578,0.7815827580666628,0.720617079053804,0.7084657483237272,0.5296854491749107,0.5227183739508318
2170,normal,0.1310247130384157,0.1720092914983994,0.00511798612541634,0.00599724263611004,0.6199242416339942,0.6166303266644655,0.00649629124150379,0.0052575198446990525,0.7294972214647206,0.7360437191179211,0.6060182108209304,0.6119124378859043,0.7787815973277739,0.7778496342140037,0.6431843697932248,0.6413402036355137,0.6851784317635752,0.6860824392518209,0.4466913753061936,0.44885124792481795,0.7277930655018302,0.7218498612127188,0.5748456551951531,0.5684470133967738,0.7213437805748472,0.7134839912120062,0.4879537264311936,0.48098375988222963,0.5876114429772616,0.5823518582532354,0.3985167112711218,0.3962097522452657,0.5979600997385145,0.5953161591771515,0.5194890962073214,0.5132936204357027,0.7914417057313308,0.779262647062019,0.7176635185359235,0.7075264136784214,0.5247420991369848,0.5219107947104061
2178,normal,0.1192914961447676,0.2277131439772282,0.002763377472751464,0.003476955828397538,0.5997383228446221,0.597977710046175,0.015785766003995543,0.015700785074414626,0.7340411486793753,0.7334719739361444,0.6045291748675422,0.6047146632070232,0.7641983000898238,0.7633745877404969,0.6291985868688663,0.6260254857203019,0.6620033903001449,0.6660742611399887,0.4290615500929016,0.4321808201730058,0.6946272547764002,0.6922260810881945,0.5473864336131046,0.5453149203875008,0.6941905211830386,0.6870150309231932,0.4676341742353415,0.46432676631462255,0.5636048628961697,0.5622632185978912,0.3805878062954062,0.38173567676756276,0.5756635796904479,0.5732345812013635,0.494429736395222,0.49329547704165017,0.761523498256659,0.7532380002866209,0.6874633622405942,0.6842862390425968,0.5054081078775414,0.5028432872168184
2181,normal,0.151975027787876,0.1389923365026738,0.003116266086952078,0.0038676109966780964,0.602264450184288,0.6039566339801941,0.01624063652096896,0.014648840670888317,0.7378277546915876,0.7386869507904673,0.6078309502424466,0.6101860624076649,0.7677184063196739,0.7698895876346936,0.6316583979359646,0.6317612172802786,0.664957072055288,0.673780159255724,0.4309381141212072,0.43800119648967345,0.697535157612516,0.6999344794195648,0.5500773150153543,0.5504704383728553,0.6979070287534258,0.692750731721379,0.4698693249768852,0.46828219893738854,0.5657428534886334,0.5688552112871849,0.3819605530800898,0.3864961170622959,0.5767283011534173,0.5798104021723944,0.4962502881764428,0.49853309972713494,0.7647578990647317,0.7593966226623841,0.6899000496678457,0.6916993185847159,0.5068361867773866,0.5087289838575001
2186,normal,0.0310810381921464,0.0477977816793116,0.002385857750006143,0.0026659526969721203,0.6088993709339733,0.6112852286839794,0.007024852344891433,0.005835939111081691,0.7113972447263459,0.7128348928602489,0.5988967345221171,0.5994043906637471,0.7657907290985655,0.7699131444400192,0.6365780200701611,0.6374530680550919,0.6808615122752891,0.6834019613533323,0.4473827410008325,0.4483986527216815,0.7199338686474629,0.7232207107728951,0.5676292005254833,0.5699786766075826,0.7117870468224228,0.7129128972629798,0.4770827660064127,0.4789800669357505,0.5722789961570223,0.5761774907584185,0.3882419095797024,0.39163790465641135,0.5872502544345274,0.5894982507585679,0.5066381424575268,0.5094559320284576,0.7704181004788587,0.7731529444533825,0.6977269850402293,0.6993023903946058,0.511395054034585,0.5161255129044765
2195,normal,0.039582435100408,0.0557174244348789,0.005006583027069735,0.005496678856205202,0.613900430861354,0.6189070138884238,0.00837722535959246,0.007526538269302756,0.740099718298915,0.741804694206331,0.6091257641149581,0.6156306303001227,0.7724118812928074,0.7825005399708586,0.640935399674735,0.6438877084242239,0.6849512254747181,0.6863905715965049,0.4447654280139853,0.4487496281656833,0.7194623168362009,0.7229397958428695,0.565611039473796,0.5704718887984199,0.7122421293820621,0.7179574203634065,0.4770827660064127,0.48398142396255084,0.5772269172424381,0.5837773528189619,0.3918609692847773,0.3964155999130854,0.5910707255663591,0.5951824031180954,0.5114572501136998,0.5147429677525134,0.7776955022970221,0.7847720085311155,0.7021573258170503,0.7105268494554366,0.5181509657530836,0.5216877528830269
2201,normal,0.0254323983210062,0.043013491927314,0.0028398218438413438,0.003276009589409022,0.6083839456683604,0.6103557576550127,0.00854259641899777,0.0062706192833000725,0.7085951562773088,0.7075361572762239,0.5948180708237059,0.596195637564574,0.7657907290985655,0.7664417679819254,0.6354535350109161,0.6350773621247641,0.6780593013793842,0.6823522051844133,0.444370361902763,0.4483364396375336,0.720169644553094,0.7229452300721179,0.5679961388985174,0.5696037478791699,0.7152760131129905,0.7122350529737685,0.4788099279430601,0.47863733239293754,0.571118372692542,0.5763203155453657,0.3879091224803852,0.39186861379388305,0.5858097489258041,0.5903375949584738,0.5066381424575268,0.5097188536382717,0.7752697016909676,0.7725403454814426,0.6947734245223488,0.6991619484065189,0.5116696845922475,0.5167392752238332
2210,normal,0.0769479439270598,0.5887134721145407,0.006197689897576245,0.00721302032813594,0.6112672474367574,0.6051674337101668,0.012035536058221856,0.016669730402669645,0.7454009667160121,0.7443682189989524,0.6130102057324927,0.6138421531858697,0.7744233705670073,0.772824248261575,0.6355940956433216,0.6337699518242893,0.677907830520146,0.6748156111934219,0.441012299957374,0.43878002839641844,0.70767352155465,0.7007655001065501,0.5598623382962624,0.5508914646499325,0.7055675851740199,0.6928922500842499,0.4762699839185786,0.46864902290104643,0.5760052083324589,0.5694843315384187,0.3926929370330704,0.38712060535467946,0.5891918053375894,0.5808534115732165,0.5087799680824926,0.4984352269566006,0.7704181004788587,0.7589571906265362,0.70068054555811,0.6920413776983942,0.5170524435224334,0.5093557797226843
2211,normal,0.0315829228625028,0.0297997058906072,0.003619619146307021,0.004338847117938034,0.6112672474367574,0.6079790765518062,0.012035536058221856,0.014755412475018369,0.7454009667160121,0.7442559296215654,0.6130102057324927,0.6145207820105507,0.7744233705670073,0.7751704837625114,0.6355940956433216,0.6360781409323127,0.677907830520146,0.6769309033078534,0.441012299957374,0.44108787541634314,0.70767352155465,0.7050887765979232,0.5598623382962624,0.5549798328909579,0.7055675851740199,0.6971413442510732,0.4762699839185786,0.4712461577805007,0.5760052083324589,0.5717287275181168,0.3926929370330704,0.38895925088665717,0.5891918053375894,0.5842944904691758,0.5087799680824926,0.5025550075284133,0.7704181004788587,0.7638800375340496,0.70068054555811,0.6953977348023834,0.5170524435224334,0.5123288260703156
2213,normal,0.0785003255225447,0.2699650075337814,0.006356358263451332,0.007317971695826172,0.6132865482802488,0.6069784327146721,0.012683904335859784,0.016920441853770483,0.7491875727282244,0.7468265900910234,0.6155998334775157,0.6160098964094517,0.7776920406375823,0.7764316593216782,0.6382647476590283,0.6355290087167909,0.6802556288383367,0.676937617746142,0.4421974982910407,0.4401912182061008,0.7096383207682417,0.7039540832436239,0.5613912481839044,0.552906640587108,0.7075396095991231,0.6948076206225261,0.4777939503332675,0.4695376452782985,0.5778377716974278,0.570101774040744,0.3939408886555099,0.3876264935527817,0.5904444188234359,0.5823497292659874,0.510386337301217,0.5008640311246509,0.7728439010849132,0.7610855028190378,0.7021573258170503,0.6928717057064782,0.5187002268684087,0.5106021394170035
2218,normal,0.0404958907679614,0.0402029412471176,0.013759014602394523,0.014123571481213888,0.624774660289869,0.6110156456874745,0.005379449350151552,0.004899555775115772,0.740099718298915,0.7240753420304854,0.6175420542862831,0.6042153950409543,0.7875818629023991,0.7717496374033869,0.6462064233899455,0.6366696028751226,0.6935093290216711,0.6803508849724044,0.4550371469057632,0.44511474317171007,0.7355736703876539,0.7171667616183529,0.580349730790664,0.5655138941570792,0.7281700189694358,0.7099309346202475,0.4894776928458825,0.4782378742069638,0.5882222974322512,0.5769006063189732,0.400180646767708,0.3919501297660697,0.602344246938977,0.5881943843840309,0.5221663782385286,0.507674441770681,0.7930589061353671,0.7731055253573358,0.7147099580180428,0.7008845149145709,0.5269391435982852,0.5155313040786974
2221,normal,0.0473549133332395,0.0488767114779309,0.008816070842500072,0.009250852977285662,0.6180706362045166,0.6092545653620165,0.0073621396875440965,0.005067234434201627,0.7257106154525083,0.7137254525391552,0.6088668013404558,0.5992656470129597,0.7824693276638074,0.7687674497732219,0.6438871729552529,0.6352248518659261,0.6897225575407184,0.6807452628245623,0.4537037987803882,0.44630294765677236,0.7318798478661012,0.7192894183398599,0.5779034749704369,0.5667418958919275,0.720585309642115,0.7095826665594154,0.4828738383822306,0.47708248479265164,0.5802811895173862,0.5745652028827609,0.394772856403803,0.39044856506572945,0.5954548727668216,0.587019358167304,0.5152054449573898,0.5069878284878484,0.7817385033071128,0.770046690189133,0.7028957159465203,0.6973813843379987,0.5192494879837338,0.5141505047670546
2227,normal,0.0414959887538869,0.0838119535319049,0.006481817515761235,0.006887760378519555,0.6181277647954069,0.6116459472796456,0.007243774630778798,0.007415940795298965,0.7151081186183139,0.7052015976176615,0.6049176190292956,0.596106806355054,0.7779434767968573,0.7661690689173157,0.6424815666311967,0.6348398209725227,0.6917674141404329,0.6835413794391999,0.4560741954477215,0.4500083534492568,0.7342376069224115,0.725470438798833,0.5785150389254936,0.5717146629480044,0.7198268387093829,0.7141949007397004,0.4833818271871268,0.47975226995239895,0.5827246073373447,0.5779152426151782,0.3964367919003892,0.3931502631519979,0.599212713224361,0.5931334403645293,0.5157409013636313,0.5119386730432642,0.7801213029030766,0.775081064278202,0.7065876665938712,0.7008238481912127,0.5230943157910095,0.5189392729196433
2231,normal,0.0469363441484927,0.0877333151500158,0.008196886206394161,0.008651919939577713,0.629542513772587,0.6213456275661927,0.007967433328782577,0.007600803966411075,0.7529741787404367,0.7454278839219786,0.6240161236488406,0.6183283139752432,0.7973878731141242,0.7857568042494311,0.6546400613342822,0.6464421913412951,0.6953269793325283,0.6892883119939648,0.4560741954477215,0.45065649277076053,0.7368311418843526,0.7251613300886924,0.5834075505659477,0.572201932493137,0.7319623736330962,0.7201008377389917,0.4925256256752603,0.485828886018087,0.5918874241621889,0.5862184205884242,0.4022605661384407,0.39834710751031,0.6061020873965164,0.5978939596641762,0.5253791166759773,0.5164228667285456,0.8011449081555486,0.7874735709110134,0.720617079053804,0.7132569563917038,0.5296854491749107,0.5240698022395214
2240,normal,0.0688708560248957,0.0672286330917095,0.0053954693447108406,0.00707790731429394,0.6071332103262614,0.6119249550802704,0.018029928063908168,0.010833249936081623,0.678756700901076,0.6970941776683239,0.5804456368388279,0.5916215659456162,0.752799860869357,0.7620852990732484,0.624208684418467,0.6329018285466319,0.6726820858764313,0.682786437486928,0.446148159403263,0.4504391619365348,0.7251209385713454,0.7272658346243792,0.5729498069344771,0.572763788509331,0.7167929549784546,0.715654288223293,0.4798259055528527,0.480875702244462,0.5753943538774693,0.5802961754498989,0.3906130176623377,0.3947571219382014,0.5923233390522055,0.5959249980260117,0.5162763577698728,0.5147593095287037,0.7801213029030766,0.7778313773035898,0.6992037652991697,0.7039197986694568,0.5176017046377586,0.5217473711899885
2254,normal,0.0240383049239474,0.0364011962116426,0.006030259264667959,0.006399409528099908,0.6040165370706315,0.6100467963352995,0.005047249158651854,0.005598404773639517,0.7166227610231989,0.7233138814257307,0.5974076985687289,0.6037108919077128,0.7599238853821488,0.7711879168702502,0.6277929805448101,0.6359141822615904,0.6704100229878598,0.6790666045638685,0.4407653836378602,0.44428061492724463,0.7080664813973684,0.7163261366187772,0.5574160824760354,0.5650197631396345,0.703140478189277,0.7093169474489239,0.4731712522087112,0.47767739080590893,0.5703242619010555,0.5755745594625944,0.3869939579572628,0.3909302607270328,0.5839308286970344,0.5864166659714087,0.5018190348013538,0.5068032245481523,0.7671836996707861,0.7720626573716953,0.6947734245223488,0.6992872141594724,0.5085388962348945,0.5139066254900923
2266,normal,0.0563193497556106,0.0865939387098806,0.00549429843814817,0.006136858411857207,0.6022358009772697,0.6077300994154179,0.010645728291366258,0.010570391791725671,0.6896621262162473,0.6930569025902914,0.5845243005372392,0.5872714631811465,0.7529674849755403,0.7564133105515984,0.6262468135883484,0.6286742735798557,0.6716975252913837,0.6789626261328684,0.4416542823881101,0.44755094832715864,0.716790189905716,0.7217210998093772,0.5665895418018868,0.5684532537834711,0.7065535973865714,0.7105731392001029,0.4726632634038149,0.4777222378523525,0.5698355783370638,0.576874905963984,0.3877843273181413,0.39246677122174883,0.5789203747536487,0.5917612418301986,0.505567229645044,0.5105721765159988,0.7663750994687679,0.7716116704121664,0.6919675420303623,0.6994202266794441,0.5082093395656994,0.5183054424303407
2267,normal,0.0587729135900312,0.0507882526436714,0.01125253599498106,0.011616802162021145,0.6007089974512949,0.611961533446276,0.014287964622650513,0.011457760522433039,0.6779236475783893,0.696099228863357,0.5792803043535675,0.591442450647074,0.7497826269580571,0.7630073656764029,0.6234356009402361,0.6339716361848835,0.6701828166990026,0.6837031910057279,0.4416542823881101,0.45113164593635946,0.7185978051822205,0.7287013245777185,0.5673845749434606,0.5740077817773898,0.705643432267293,0.7163883963916804,0.4716980846745119,0.48095584589677337,0.5687971257635814,0.5790075367032776,0.3871187531195068,0.3939525291763748,0.5794840508222795,0.5956277906416861,0.5061026860512854,0.5147889698242922,0.7655664992667498,0.7772253681109685,0.691081473874998,0.7023888991247149,0.5083191917887644,0.5209461080480109
2280,normal,0.0177957248042269,0.0199763483950533,0.0019498888979798776,0.00237269472407201,0.616913667818922,0.6171221226997529,0.005769576816601657,0.00605269597629698,0.7347984698818179,0.7377396573646149,0.6087373199532047,0.6130314799710878,0.7776082285844905,0.7790030457373569,0.6460658627575399,0.6418556791523655,0.6890409386741468,0.6863309178703847,0.4501482037793881,0.44897176744633127,0.7222916277037731,0.7224725492343397,0.5684853900625628,0.5686184436461074,0.7122421293820621,0.714840945558156,0.4838898159920232,0.48186865283582514,0.583946316247324,0.5826584442366469,0.3976847435228288,0.39575440055312094,0.593575952538052,0.5945232492389493,0.5135990757386656,0.5135711979254775,0.7760783018929858,0.7803898468768409,0.7095412271117517,0.7081029346577479,0.5197987490990589,0.5213428735904446
2284,normal,0.1041230498094212,0.1811237478279591,0.01994575118430421,0.02048490163747699,0.621466086867536,0.6015203356832317,0.01519973092205505,0.014828958224421696,0.7575181059550915,0.7365069035593357,0.6253109375213521,0.6072359915735789,0.7851513133627407,0.7669318959897522,0.6547806219666878,0.6292299631297298,0.6941152124586234,0.6695496512787359,0.4477778071120547,0.43501633030087483,0.7134893272268817,0.6967037587010679,0.5634094092355916,0.5492437778854365,0.7091323985578606,0.6910636720711275,0.4823658495773342,0.4671327812425029,0.5906657152522097,0.5656684260275823,0.4047564693833199,0.3843289480700261,0.5985864064814377,0.5771369325235248,0.5119927065199412,0.49717692976732714,0.7785041024990402,0.7586500647306232,0.7198786889243339,0.688435129518669,0.5274884047136102,0.505834550245045
2290,normal,0.0252142055522744,0.029242684917878,0.00378293179254352,0.004659049206712255,0.6125312374867571,0.6092448770587529,0.007051044675093195,0.005263998506845301,0.7196520458329686,0.7145778534384787,0.5977961427304823,0.5997240832441427,0.7714061366557072,0.7690398652326538,0.6459253021251342,0.6353732443456246,0.6860115214893848,0.6807008598465153,0.4467407585700964,0.44622260432402705,0.7224488116408605,0.7193178865916812,0.5708093330917784,0.5667433447491824,0.7093599398376802,0.70952255242082,0.4803338943577491,0.47690813184631947,0.5796703350623966,0.5741120753830438,0.3926929370330704,0.39009841306754556,0.5904444188234359,0.5867710764562545,0.509315424488734,0.5070366468789901,0.7679922998728043,0.7701226033745874,0.7065876665938712,0.6970361435132064,0.5158440690687182,0.5138555252857262
2295,normal,0.0316562106929635,0.0296038179361274,0.0011089413999782471,0.001431083544797911,0.6023591670024311,0.6024716560503849,0.017137706102336326,0.015971356543778126,0.7416143607037999,0.7396904231718783,0.6110679849237254,0.6099928570893941,0.7683889027444072,0.7680944015475253,0.6273010183313905,0.6294857054721179,0.6645783949071926,0.6678372891041673,0.4325183785660961,0.4340459239626326,0.6962776861158173,0.6973156053803913,0.5512392865299621,0.5511588158649445,0.6930528147839404,0.6924234861858602,0.4689549451280719,0.4685102049407317,0.5677586731900991,0.5667519069768803,0.3847892434242862,0.3847653467592417,0.5751625342961093,0.576462423359828,0.4982314768795361,0.49828326689545804,0.7647578990647317,0.7622030090979247,0.6900477276937398,0.6896115415601741,0.5043645117584237,0.5053859454873919
2299,normal,0.0274575031904926,0.0197958193239143,0.0010133914866509326,0.0013766616147436936,0.6023591670024311,0.6028103741186255,0.017137706102336326,0.01595945369203435,0.7416143607037999,0.7400349446372073,0.6110679849237254,0.6103967804018942,0.7683889027444072,0.7681403853531276,0.6273010183313905,0.6296090945844018,0.6645783949071926,0.668096927803471,0.4325183785660961,0.43415085493960515,0.6962776861158173,0.6976985268550755,0.5512392865299621,0.5515840123488616,0.6930528147839404,0.6930532848494161,0.4689549451280719,0.46902633864738513,0.5677586731900991,0.5672172465514247,0.3847892434242862,0.3849502256805257,0.5751625342961093,0.576599078486912,0.4982314768795361,0.49849888201217224,0.7647578990647317,0.7630198965342279,0.6900477276937398,0.6902484649609553,0.5043645117584237,0.5054514153699687
2307,normal,0.0301118274525619,0.0476356118284906,0.00405603350627533,0.004935942554968727,0.6139946220587982,0.609938588552523,0.008509353870145703,0.005523018293403191,0.7332838274769329,0.7226901162411996,0.6069245805316885,0.6031674539740759,0.7756805513633823,0.7708164119226528,0.6400217555640985,0.6359889635052194,0.6826791625861465,0.6787867639236739,0.4448148112778881,0.4441899400816855,0.7185192132136768,0.7161208316791962,0.5679349825030117,0.5651298484417653,0.7160344840457226,0.7094666034475939,0.4838898159920232,0.4777355300714853,0.5796703350623966,0.5756000590855013,0.3922769531589238,0.3908157586275259,0.5865613170173118,0.5865368606298147,0.5071735988637682,0.5065118564748746,0.7801213029030766,0.7722771191070761,0.7065876665938712,0.6992721981668463,0.5157342168456532,0.5138496900127053
2309,normal,0.0295797860181014,0.0532169856341924,0.005358142330824234,0.005994999313405716,0.6143161092597031,0.6089579669288789,0.007557258566037821,0.006208125480134113,0.7166227610231989,0.7075259568976534,0.601356880879889,0.596001571904236,0.7774406044783073,0.7658516432036703,0.6420598847339799,0.6340752210850632,0.6829063688750036,0.6803734690195777,0.4475802740564436,0.4468133106805599,0.7259854502253258,0.7208605688323283,0.5748456551951531,0.5681870322157843,0.7183098968439188,0.71113100621645,0.4838898159920232,0.4778558707820613,0.5784486261524174,0.5746231442654602,0.3931089209072169,0.39037112728681855,0.5910707255663591,0.5877924257232784,0.510386337301217,0.5080293593591275,0.7785041024990402,0.7710416904302851,0.7021573258170503,0.6971776131440469,0.5187002268684087,0.5145744267445396
2311,normal,0.0449969100463023,0.0843102575235878,0.0037176295672152193,0.004781401897463967,0.6170238636354753,0.613382987830243,0.010752400627241008,0.00993656669172809,0.7083679599165761,0.701550039663531,0.5980551055049846,0.5947174108354314,0.7743395585139156,0.7666601452815378,0.6438168926390501,0.6364634592233761,0.6882078489483373,0.6843814790787974,0.4507408029462215,0.4511185640725523,0.7314868880233828,0.7292054994193746,0.5779034749704369,0.5748151003117175,0.7258946061712396,0.7181891866101192,0.4874457376262973,0.48215516754485654,0.5802811895173862,0.5797592253347124,0.3939408886555099,0.39417619421989114,0.5954548727668216,0.5954942130529625,0.5173472705823556,0.5149385893570001,0.7890159051252763,0.7794616496713997,0.7051108863349309,0.7035713942197322,0.5219957935603593,0.5208534752171367
2323,normal,0.1219610343169412,0.1105035777989782,0.0024257228931753696,0.0031741154640250483,0.6109393736274963,0.6130937736966058,0.0119884652599629,0.011220467036341476,0.6982198558038472,0.6980286375506589,0.589444593252783,0.5927902677813218,0.764449736249099,0.7649155100249135,0.6362968988053497,0.6358614393815385,0.6791953328236701,0.6844397795611125,0.4446666614861796,0.451287501660484,0.7266927779422189,0.7295680680953924,0.5760687831052667,0.5752026341316335,0.7190683677766508,0.7182549504227231,0.4823658495773342,0.48238716671295945,0.5784486261524174,0.5801141861063166,0.3926929370330704,0.3944903813684379,0.5898181120805126,0.5958447285246947,0.5130636193324242,0.515202686089227,0.7760783018929858,0.7791082032240362,0.7028957159465203,0.7039706934513914,0.5165031824071084,0.5211273187554573
2331,normal,0.0288918724522568,0.0259287697333879,0.0055733706442646505,0.006123917719428118,0.5951791291610893,0.5959271955042643,0.015721112202916873,0.014865179121974978,0.7219240094402961,0.7292221310637879,0.5942354045810756,0.6025927385828157,0.7552304104090155,0.7596869104081964,0.6300419506632999,0.6232624930338074,0.6605644171373829,0.6637191973023768,0.4293084664124155,0.43138217541307455,0.6935269672167889,0.6903650589564605,0.5490988126872635,0.5439735699234337,0.6928252735041208,0.6845675177536324,0.4646370402864533,0.4630529553654494,0.5526705681518556,0.5597882672443727,0.3735576788223297,0.3801264154750031,0.5700268190041389,0.5723801391761765,0.4974818379107981,0.49272997138395314,0.7623320984586772,0.7509773277514039,0.6755014421431779,0.6813257103339563,0.4950819989094295,0.5016097444045952
2333,normal,0.028788153232988,0.0341717249799539,0.0061707127264034175,0.006760370265813346,0.5951791291610893,0.5966824677155813,0.015721112202916873,0.014781660299977439,0.7219240094402961,0.730210773162017,0.5942354045810756,0.6038239115694598,0.7552304104090155,0.7605544462875603,0.6300419506632999,0.6231323449454461,0.6605644171373829,0.6649298890855808,0.4293084664124155,0.4322743654293257,0.6935269672167889,0.691429712982789,0.5490988126872635,0.5443707573255889,0.6928252735041208,0.6842731802756554,0.4646370402864533,0.46297119285517246,0.5526705681518556,0.5612252965265361,0.3735576788223297,0.3812168196451176,0.5700268190041389,0.5737189954679278,0.4974818379107981,0.4935427358317266,0.7623320984586772,0.7505513760497755,0.6755014421431779,0.6823810577994806,0.4950819989094295,0.5029950959257219
2337,normal,0.0822727247790649,0.0453897536478817,0.004646337370321711,0.005610403888917263,0.6094544571788708,0.6138778495760415,0.015249435617854303,0.01316815474412637,0.740099718298915,0.7479300441777674,0.6149524265412599,0.6181479535661475,0.778027288849949,0.7808938712766867,0.6412165209395462,0.6420417408288712,0.6747269424761458,0.683000474534392,0.439678951831999,0.44439546389040885,0.7094025448626107,0.7124003440163557,0.5606573714378362,0.5610503211084839,0.7051125026143805,0.7067504025404424,0.474847615264869,0.47783203818665737,0.5700799201190596,0.5789853583986015,0.385662809559994,0.39320479372849293,0.5813629710510492,0.5889905336177095,0.5061026860512854,0.506502718013954,0.7752697016909676,0.7733746694191845,0.6962502047812891,0.7036079220396952,0.5072755956696468,0.5168147934488551
2342,normal,0.0300128199667749,0.0272305989023344,0.0036391624594950037,0.0044512744999091625,0.5984775737674933,0.5956812944455762,0.018654292330530325,0.016219534507125943,0.7363131122867027,0.7314794690087305,0.6123627987962369,0.603393113104143,0.7625220590279905,0.7607263532401574,0.6211866308217463,0.6232325348275162,0.6701828166990026,0.6635281355440962,0.4315307132880405,0.43056742151519284,0.6917193519402843,0.6880588785359882,0.545796367329957,0.5424501603875532,0.6906257077991977,0.6836246988577594,0.4670245876694658,0.46289987856863823,0.5600619070572299,0.5608290075175013,0.3781750998253563,0.3805309780407451,0.5709036484442314,0.5713833185959051,0.4923414564108803,0.4907350288053447,0.75756135726677,0.7495040869673615,0.686060420994601,0.6823722698321605,0.4997507183896928,0.5012666722260005
2346,normal,0.0665819818852865,0.0353917049392961,0.0036816950867715292,0.004158874000268915,0.6162663104151628,0.6183860638177268,0.01587823877105021,0.011507250565711103,0.7529741787404367,0.7503278212212725,0.6246635305850964,0.6201729753048977,0.7822178915045324,0.7856487487980126,0.639108111453462,0.6456067107212831,0.6880563780890993,0.6872704356433815,0.4446666614861796,0.447820150855147,0.7130177754156196,0.718580568996556,0.5624309069075009,0.566901397921492,0.7160344840457226,0.7135924591136275,0.4833818271871268,0.482077642841996,0.5784486261524174,0.5830105266819888,0.3914449854106308,0.3959396945252569,0.586373424994435,0.5935550713170085,0.5071735988637682,0.5115017422280466,0.782547103509131,0.780939663715673,0.7088028369822816,0.7089761060635452,0.5151849557303282,0.5206413689521706
2348,normal,0.0421271741617232,0.0441323785370814,0.0019478132792305448,0.0024771080369205252,0.6146354464284671,0.6146619235295826,0.008420947427524807,0.005858201871878479,0.731769185072048,0.7329655549165282,0.6117153918599811,0.6094420486103868,0.779787341964874,0.775779417091322,0.6370699822835806,0.6397763629529034,0.6794225391125271,0.6829580039785487,0.4458024765559435,0.44662522006276056,0.7185192132136768,0.7191650949125931,0.5671399493614379,0.5672910885518143,0.7190683677766508,0.7133583599208545,0.4823658495773342,0.4809751190771455,0.5815028984273655,0.5805305622918046,0.3939408886555099,0.3944484051437519,0.5879391918517429,0.5915796760548976,0.510386337301217,0.5109742160445682,0.7793127027010583,0.7788187448528316,0.7073260567233414,0.705842999672282,0.5157342168456532,0.5187218258679122
2354,normal,0.0371897963497932,0.0383999198701292,0.002331869601315781,0.0028648927771914674,0.6112840360604128,0.6101464523069788,0.010672936154462673,0.009943640131038841,0.7008704800123957,0.6974277256952071,0.59417066388745,0.5908806307591951,0.7635278036650904,0.7614291886078357,0.6336262467896431,0.632253891341513,0.6799526871198605,0.6805125533755239,0.4466913753061936,0.4483949356538655,0.7251995305398891,0.7243252463463334,0.5727663377479602,0.5712613518612967,0.720585309642115,0.7144247604909626,0.4828738383822306,0.48003189967940507,0.5796703350623966,0.5781540616912011,0.3926929370330704,0.39298380875818767,0.5885654985946662,0.592599710300576,0.5125281629261826,0.5119957765824631,0.7809299031050947,0.7758215321999379,0.7021573258170503,0.7014095188067742,0.5150201773957306,0.5185830970683631
2357,normal,0.0595243629070079,0.080182289366021,0.004532418698550804,0.005310647391669353,0.6103592473868555,0.6145712668614202,0.01280103249594086,0.009342618955091043,0.6948876425131003,0.7029331998119545,0.5908688885125457,0.5956640494524464,0.7604267577006988,0.7672264267906945,0.6313772766711532,0.6379596656921738,0.6807857768456701,0.6875013708586308,0.4470864414174158,0.45193799935724255,0.7266141859736751,0.7281957256620037,0.5742340912400963,0.5743784529469662,0.720585309642115,0.7187104904085031,0.4823658495773342,0.4837101380713378,0.5772269172424381,0.582841178419491,0.3922769531589238,0.39611739969509724,0.5891918053375894,0.5963363588070533,0.5135990757386656,0.5145764797085495,0.7809299031050947,0.7800813289348243,0.6984653751696995,0.706875438750302,0.5151849557303282,0.5226658332768722
2370,normal,0.0611606955276902,0.1093385795813423,0.002422661155878414,0.0027403464168744823,0.6109148555096297,0.609299395920078,0.009926414034599308,0.010044350693745844,0.7011734084933727,0.6961430085695048,0.5906746664316689,0.5894484444991552,0.7626896831341738,0.7598232211951836,0.6327126026790066,0.6310756707542253,0.6841181357489085,0.680314149119885,0.4478271903759575,0.44797634096737254,0.720405420458725,0.7229156475825766,0.5722770865839146,0.5701759671567168,0.7175514259111866,0.7132563365196246,0.4833818271871268,0.47950430981803954,0.5802811895173862,0.5778872465809908,0.394772856403803,0.39294839359278955,0.5891918053375894,0.591768839173988,0.5109217937074584,0.5113047485972073,0.7768869020950039,0.7742676396663317,0.7036341060759905,0.7009854764529388,0.5170524435224334,0.5182942903947959
2384,normal,0.0277516315896345,0.1118369415221326,3.201457964984624e-05,3.827907669971387e-05,0.6109148555096297,0.6109048935519911,0.009926414034599308,0.009894089974380875,0.7011734084933727,0.7011574610810283,0.5906746664316689,0.5906977218725378,0.7626896831341738,0.762680458638107,0.6327126026790066,0.6327320731831018,0.6841181357489085,0.6841038067622703,0.4478271903759575,0.447848278811149,0.720405420458725,0.7204452651597172,0.5722770865839146,0.572242881266234,0.7175514259111866,0.7174630602624624,0.4833818271871268,0.48333023892648685,0.5802811895173862,0.5802583591259565,0.394772856403803,0.39475583385445784,0.5891918053375894,0.589239290135932,0.5109217937074584,0.510912361922309,0.7768869020950039,0.7768188716507624,0.7036341060759905,0.7036082808012976,0.5170524435224334,0.5170889469300376
2387,normal,0.0274444827049054,0.1145081643318296,9.170049781102944e-05,0.00010740689129109144,0.6109148555096297,0.6108267109347486,0.009926414034599308,0.00988696639756827,0.7011734084933727,0.7010294680787474,0.5906746664316689,0.5906434691245691,0.7626896831341738,0.7625620096616867,0.6327126026790066,0.6326448227059012,0.6841181357489085,0.684002104662852,0.4478271903759575,0.4478034866052514,0.720405420458725,0.720394038033816,0.5722770865839146,0.572157422932636,0.7175514259111866,0.7173627699111175,0.4833818271871268,0.4832426571361797,0.5802811895173862,0.5801732627665123,0.394772856403803,0.3946914489098768,0.5891918053375894,0.5892155830399448,0.5109217937074584,0.51085472651768,0.7768869020950039,0.7767155389624062,0.7036341060759905,0.7035023856765669,0.5170524435224334,0.5170588911649817
2388,normal,0.0273677062521202,0.1155795826856744,8.850330698445541e-05,0.0001056178168686772,0.6109148555096297,0.6108300291179807,0.009926414034599308,0.009879736092143371,0.7011734084933727,0.7010469369544838,0.5906746664316689,0.5906589637305768,0.7626896831341738,0.7625739668479278,0.6327126026790066,0.6326531626367572,0.6841181357489085,0.684001599759988,0.4478271903759575,0.4478069105115486,0.720405420458725,0.7204049885147664,0.5722770865839146,0.5721596653338046,0.7175514259111866,0.7173612529692519,0.4833818271871268,0.48323811910285597,0.5802811895173862,0.5801683759308723,0.394772856403803,0.39468651256790355,0.5891918053375894,0.5892165016231677,0.5109217937074584,0.510858296227055,0.7768869020950039,0.7767176952296116,0.7036341060759905,0.7034985460478935,0.5170524435224334,0.5170590010172049
2398,normal,0.0271585560832307,0.1310896265900427,8.449222747187278e-05,0.00010609232306712163,0.6109148555096297,0.610922801682106,0.009926414034599308,0.009897049939502894,0.7011734084933727,0.701006952799189,0.5906746664316689,0.5906982833400178,0.7626896831341738,0.7626292938892186,0.6327126026790066,0.6326944801185773,0.6841181357489085,0.6840849209544239,0.4478271903759575,0.44790687484479114,0.720405420458725,0.7205445687865185,0.5722770865839146,0.5722411717625989,0.7175514259111866,0.7173895633984504,0.4833818271871268,0.48327027392067995,0.5802811895173862,0.580324051865523,0.394772856403803,0.39478793097710163,0.5891918053375894,0.5894251087415667,0.5109217937074584,0.5109764421332998,0.7768869020950039,0.7768237735220926,0.7036341060759905,0.7036642136405051,0.5170524435224334,0.5172197239012474
2404,normal,0.0275276555840458,0.1455624228009564,7.546243576903849e-05,8.970639040337629e-05,0.6109148555096297,0.6108677205671603,0.009926414034599308,0.009892450596164904,0.7011734084933727,0.701016248215726,0.5906746664316689,0.5906843048308883,0.7626896831341738,0.7626198481821455,0.6327126026790066,0.6327031718228683,0.6841181357489085,0.6839986767330494,0.4478271903759575,0.44783540347902856,0.720405420458725,0.7204700803375178,0.5722770865839146,0.5722113566445801,0.7175514259111866,0.7173794833598851,0.4833818271871268,0.4832597775684016,0.5802811895173862,0.5802314842257469,0.394772856403803,0.3947200208393066,0.5891918053375894,0.5893064128439579,0.5109217937074584,0.5108872009571328,0.7768869020950039,0.7767795702582977,0.7036341060759905,0.7035521010151647,0.5170524435224334,0.5170961083280282
2407,normal,0.0278036106182574,0.1539945189380582,1.8017981275372306e-05,2.164550916638683e-05,0.6109148555096297,0.6109229812659285,0.009926414034599308,0.009919564971806703,0.7011734084933727,0.7011676420333561,0.5906746664316689,0.5907078182911428,0.7626896831341738,0.7627121457621624,0.6327126026790066,0.632744689826701,0.6841181357489085,0.6840969099931478,0.4478271903759575,0.44783478422857664,0.720405420458725,0.7204565510835886,0.5722770865839146,0.5722920320420897,0.7175514259111866,0.7175438953783517,0.4833818271871268,0.48336905247818074,0.5802811895173862,0.5802725866504825,0.394772856403803,0.39475781264412696,0.5891918053375894,0.5892183801291722,0.5109217937074584,0.510932770563786,0.7768869020950039,0.7769075406525446,0.7036341060759905,0.7036209662478267,0.5170524435224334,0.5170551035155472
2416,normal,0.0248151798802639,0.0227276338131736,0.003185834329034713,0.0038067616484144524,0.600768384814157,0.5993270717880874,0.01577557323123374,0.013897244816629366,0.7325265062744903,0.7315477378324409,0.6064713956763095,0.6046050862174607,0.7593372010105071,0.7624336750513582,0.6308853144577337,0.6262696182131778,0.6701828166990026,0.6674008336497452,0.4325183785660961,0.43337405383110944,0.6934483752482451,0.6936793303892677,0.5479979975681613,0.5466228747064663,0.6932045089704868,0.6883536255263004,0.4710376992281467,0.46615107477355877,0.567941929526596,0.5652573832344188,0.384331661162725,0.3836295900478618,0.571780477884324,0.5754955986794024,0.4925556389733769,0.49529374826211314,0.7631406986606953,0.7561671798890529,0.6955118146518189,0.6878965862672975,0.5001901272819529,0.5043822238264565
2417,normal,0.0247002698159381,0.02050471801731,0.003239337301657182,0.0038910518772963636,0.600768384814157,0.5991023897905704,0.01577557323123374,0.013915891017534647,0.7325265062744903,0.7312220852181988,0.6064713956763095,0.6045093923458728,0.7593372010105071,0.762093687914063,0.6308853144577337,0.626030677531281,0.6701828166990026,0.6671779538503281,0.4325183785660961,0.43324297203692197,0.6934483752482451,0.6934231500519072,0.5479979975681613,0.5463645034344077,0.6932045089704868,0.6880002846882531,0.4710376992281467,0.4659931822187154,0.567941929526596,0.5651477349081088,0.384331661162725,0.38352937634114675,0.571780477884324,0.5752341502290823,0.4925556389733769,0.4949898149188284,0.7631406986606953,0.7558197523712185,0.6955118146518189,0.687767300400402,0.5001901272819529,0.5041946079809624
2420,normal,0.0237494954277911,0.015939053353062,0.003416045117411288,0.004175094300721471,0.600768384814157,0.5984639082345451,0.01577557323123374,0.0147383629897651,0.7325265062744903,0.731939544318013,0.6064713956763095,0.604461595628928,0.7593372010105071,0.7622158392182099,0.6308853144577337,0.6258853838792192,0.6701828166990026,0.6663298657503445,0.4325183785660961,0.43235817649905744,0.6934483752482451,0.6921010418391633,0.5479979975681613,0.5457743920739333,0.6932045089704868,0.6876462236066886,0.4710376992281467,0.46568498053693236,0.567941929526596,0.5640259936326236,0.384331661162725,0.3826720454969578,0.571780477884324,0.5739767402832399,0.4925556389733769,0.4940772530425346,0.7631406986606953,0.7550837104370289,0.6955118146518189,0.6866117085669216,0.5001901272819529,0.5030419451774728
2432,normal,0.2642623696217766,0.1310100489163466,0.009238737925668842,0.00993734453602347,0.608708173808821,0.6179469117344899,0.01708439470755577,0.011065446075301818,0.7476729303233396,0.7490202032700686,0.6168946473500273,0.6192116576160929,0.7798711540179657,0.7846714981612092,0.6351021334299021,0.6450681384838887,0.6754842967723363,0.6871279078169222,0.438345603706624,0.44777431711128285,0.704294066907272,0.7183339795920178,0.553318603977155,0.5664962732823203,0.6988171938727042,0.7129825015653186,0.4731712522087112,0.481690128767744,0.5760052083324589,0.5828871005541384,0.3886162950664343,0.3959013163786889,0.5806740336338336,0.5934444649898345,0.4998378460982605,0.511168860103408,0.7696095002768405,0.7802212004918286,0.6992037652991697,0.7085685776350743,0.5111204234769224,0.52052937366649
2437,normal,0.0300180883823779,0.0335018420770068,0.004468276784856872,0.005067500015499809,0.6073833630902973,0.6116113773856853,0.006268405682578838,0.006943433329533873,0.7070047817521796,0.705857994835554,0.5965660695515964,0.5960931688935498,0.7665450375763906,0.7661224939905777,0.6333451255248319,0.6349425864238373,0.6776048888016698,0.6840291110567484,0.4429876305134852,0.44968028078622685,0.7156113103775609,0.7242009486012615,0.566161447033347,0.571143185470087,0.7093599398376802,0.7138783608610411,0.4772859615283712,0.4801500860452062,0.5736228759579994,0.5784704849468885,0.3877843273181413,0.39342292604246265,0.5873128851088198,0.5927649836476085,0.5039608604263196,0.5114001785482188,0.7704181004788587,0.774820238179134,0.6977269850402293,0.7014712148447152,0.5122189457075725,0.5189451723835328
2445,normal,0.0275109760374519,0.0243846419731469,0.002498593339813096,0.0028193774912983163,0.5966906749431515,0.5964725961681869,0.01819936540598992,0.015213425236454583,0.7340411486793753,0.7307477689439711,0.6061476922081815,0.603069727498593,0.7639468639305489,0.7605180377625897,0.6237167222050474,0.6240106385891389,0.6613217714335734,0.6644520101512211,0.4274319023841099,0.43132696943889215,0.6870824257962076,0.6902164512224173,0.5417600452265823,0.5438622563583918,0.6853922583633464,0.6851040048665757,0.4659070122986941,0.4636601849220727,0.5657428534886334,0.5610492678588094,0.381086986944382,0.3808148575852825,0.5699015576555543,0.5726158913366178,0.4898248113015456,0.49243360902911887,0.7529523361152665,0.7513442090292882,0.6870203281629121,0.6828377087485482,0.5004647578396154,0.501970541517651
2451,normal,0.0403583720800763,0.046331996550492,0.003709488496500709,0.004359419985573161,0.6076160175206308,0.6110257363245344,0.006365057152833556,0.0051932395213420655,0.7188947246305262,0.7230015645425002,0.5961128846962173,0.6040979845798735,0.7664612255232989,0.7724418366917506,0.6335559664734403,0.6367590468437139,0.6759387093500506,0.6805877638786265,0.4429382472495824,0.4456629062689571,0.7107386083278532,0.7183850647378042,0.5613300917883987,0.5665187394417237,0.7095874811174998,0.7103812037625952,0.4777939503332675,0.4782057927288389,0.5760052083324589,0.576217598965764,0.3903634273378497,0.3914145413322852,0.5833045219541112,0.5880282014907796,0.5023544912075952,0.5080352333319494,0.7752697016909676,0.7727216593038924,0.6969885949107592,0.6999568283840955,0.511834462926845,0.5150215512319333
2457,normal,0.0392204623606617,0.1043089856618861,0.0034018611765866597,0.003812602827941745,0.6035285774541884,0.606186137395714,0.00800481135797758,0.005093983127419663,0.7048085502650965,0.7080455179019405,0.5881497793802715,0.5950396804856328,0.7606781938599739,0.7636832652942571,0.6321503601493841,0.6316681847326793,0.6725306150171932,0.6773243889592169,0.4424444146105546,0.4442060076655415,0.7092453609255234,0.7156903976552361,0.5602904330648022,0.5640908442669909,0.7085256218116749,0.7068277910643328,0.4759651906356409,0.4752458370742792,0.5697744928915648,0.5721947244734579,0.3865363756957016,0.38885519926874373,0.5794840508222795,0.5842557884061236,0.500373302504502,0.5046520743327253,0.7704181004788587,0.7669908997062479,0.69078611782321,0.6944642748012286,0.5078248567849718,0.5119294596385038
2460,normal,0.0309574307012121,0.0408042291836015,0.003949165597664767,0.004464453927282826,0.6047808230079902,0.6075123233013019,0.008504160660716242,0.004556379557362287,0.7055658714675389,0.7073846518030222,0.5896388153336597,0.5953505372235608,0.7610972541254322,0.7631032900713602,0.6339073680544542,0.6321239973296833,0.673515175602241,0.6801681903689827,0.4432839300969018,0.4461103424200968,0.7103456484851348,0.7170216444626358,0.5604127458558135,0.5646533725310255,0.7108010346098712,0.7077821905530123,0.4772859615283712,0.4760967331255177,0.5717903125930305,0.5739900023936916,0.3871603515069214,0.39038991987853944,0.5797972041937411,0.5874384843760025,0.5018190348013538,0.5064091331115098,0.7728439010849132,0.7684851891823948,0.6944042294576136,0.6963180824919563,0.5076051523388417,0.5148837347991395
2462,normal,0.1491682204496978,0.1765194641459843,0.0028853749117899404,0.003543555342000432,0.6083726277782163,0.6096012644480164,0.012065192711523473,0.010898366039936724,0.6922370183045518,0.6941148314262475,0.5872434096695135,0.5883498333596121,0.7583314563734072,0.7578224467008152,0.6318692388845729,0.6316304782439729,0.6757115030611935,0.6812401206982935,0.4462963091949714,0.44836417131182266,0.7168687818742597,0.7226878896827019,0.5648160063322222,0.5693859023146511,0.7175514259111866,0.7131692101100326,0.4823658495773342,0.4799403990946191,0.5796703350623966,0.5798831601800141,0.3926929370330704,0.39434160246137745,0.5891918053375894,0.5934872565482667,0.5077090552700096,0.511223328974835,0.7809299031050947,0.7744030646452427,0.7028957159465203,0.7030356805802591,0.5159539212917832,0.5201421192835164
2470,normal,0.0316858774960791,0.0552737876911844,0.004824645053033437,0.005579809224901385,0.6131526184961253,0.6179772635491586,0.012437903171525202,0.008153669159937106,0.7416143607037999,0.7422095111544988,0.6117153918599811,0.6157588533012236,0.7794520937525073,0.781999348517582,0.6367185807025665,0.642670680785685,0.6816188665714796,0.6854549093980311,0.4414073660685962,0.4479152218878093,0.7145896147864932,0.7211675881107331,0.5632870964445803,0.5690698476999441,0.7152760131129905,0.7164297209401222,0.4828738383822306,0.48311127926998115,0.5766160627874485,0.582851555351003,0.3914449854106308,0.39581877442619395,0.5819266471196801,0.5940388972465585,0.5066381424575268,0.5135848175351364,0.7801213029030766,0.7834365650132012,0.7043724962054607,0.7093007411239537,0.5139216551650804,0.5207951685740404
2471,normal,0.0396927630925859,0.0941647645941523,0.004256174368825942,0.004942345585063573,0.6130137368346702,0.6089158202518031,0.008120506576107616,0.005219888610942977,0.7279825790598357,0.7204537261649503,0.6029106575269028,0.6018520145567815,0.7757643634164739,0.7692691870551986,0.6393189524020704,0.6345181610809375,0.6810129831345273,0.6778285576631433,0.4422962648188463,0.4436414559994975,0.7181262533709585,0.7153412105362754,0.5668953237794152,0.5644111383438637,0.7167929549784546,0.7083372630609883,0.4843978047969195,0.4770066640101512,0.5778377716974278,0.5748415506056289,0.3926929370330704,0.39037644591973736,0.5866865783658965,0.5855278990340812,0.510386337301217,0.505879976998034,0.7793127027010583,0.7708471858557824,0.7036341060759905,0.6983147568483716,0.5151849557303282,0.5131217505472314
2473,normal,0.063529344284993,0.3308394492524116,0.002067404830357771,0.0026891338399153536,0.610530899572735,0.6092144765130026,0.006975583380871367,0.004832790296773916,0.7211666882378536,0.7195808063729267,0.5992851786838705,0.6013235197775763,0.7740043103015489,0.7693557913085105,0.6346804515326852,0.6349915314724124,0.676393121927765,0.6786777778915197,0.4423456480827491,0.4440949161358777,0.7161614541573667,0.7158812713118214,0.5653664138917733,0.5647396086534086,0.7145175421802583,0.7087710325745826,0.4833818271871268,0.4774103959399126,0.5760052083324589,0.5754121779926143,0.3918609692847773,0.3907485726642311,0.5873128851088198,0.5861620744412406,0.5077090552700096,0.5061108441793075,0.7736525012869313,0.7707764325603198,0.6999421554286398,0.6988544345028316,0.5152398818418606,0.513754912941952
2476,normal,0.0564202377225657,0.1571146589109913,0.002524665748232624,0.00294750503207261,0.6055170987894659,0.6070329153548396,0.008137724683371374,0.0058108603625555005,0.7060202641890044,0.7053457573730144,0.5919694803041805,0.594044780648035,0.7673831581073073,0.7634485420984886,0.6336262467896431,0.6319640288146291,0.6717732607210027,0.6784584032352434,0.4414073660685962,0.44521888399989334,0.7148253906921241,0.71771093794829,0.5679961388985174,0.5657735335625556,0.70746376250585,0.7087059339207122,0.4764731794405372,0.47639190752202043,0.571057287247043,0.5733705089110417,0.3879091224803852,0.38964135148600065,0.5819892777939724,0.585941155314089,0.5039608604263196,0.5061764266719793,0.7671836996707861,0.7685515215533324,0.6934443222893025,0.6956047571583189,0.5093078617963496,0.5132111308146293
2480,normal,0.041772568982256,0.0573260543190244,0.0038942110142662946,0.004469563514795995,0.6084164714767306,0.612080533461023,0.007138202925311506,0.008228464317941426,0.7041269611828983,0.7029603365100167,0.5931995534830664,0.594718843486058,0.7654554808861989,0.7646658388043029,0.6329937239438178,0.6343858190518495,0.6751813550538601,0.6842625158157952,0.4441728288471518,0.4503447383238471,0.7193837248676572,0.7251228637490531,0.5684853900625628,0.5722711324833579,0.7108010346098712,0.7146932199697461,0.4793179167479564,0.48102968850586486,0.5760052083324589,0.5801158570909134,0.3918609692847773,0.3945545756809387,0.5885654985946662,0.5944945141035901,0.5082445116762511,0.5124027954268621,0.7728439010849132,0.7760041737818472,0.6984653751696995,0.7030559770239542,0.5139765812766128,0.5202861790293949
2487,normal,0.0218909033423678,0.0210488792213882,0.0033025601818872635,0.00419432267829499,0.6126788291191505,0.6147920228757194,0.013827936026501472,0.011047522354234769,0.7423716819062424,0.7458287170747442,0.6162472404137715,0.6162980401584602,0.7767701080535739,0.7803299160746029,0.6410759603071405,0.6406109980640529,0.6755600322019554,0.6842323953599868,0.4396295685680962,0.44540943996670523,0.7126248155729014,0.7139120926181987,0.56145240457941,0.5625396916822129,0.7111802700762373,0.7085341111206649,0.4808418831626453,0.4789226343339994,0.5802811895173862,0.5803685688419534,0.3914449854106308,0.3944411507624467,0.5841187207199113,0.591683594354622,0.5044963168325611,0.5084658059394165,0.7785041024990402,0.7753970438603942,0.7073260567233414,0.7053538707740865,0.511614758480715,0.5191363179006824
2503,normal,0.0951400404623553,0.2603809185996538,0.002370160256063664,0.0027444323403449365,0.617432029716489,0.6178021569369814,0.010597940750437889,0.0078816840154985,0.7446436455135698,0.7422847164705539,0.6123627987962369,0.6153423128103042,0.7849836892565574,0.781403698168326,0.6428329682122107,0.6429556395092043,0.6810129831345273,0.6862378140869061,0.4431357803051935,0.44809064018977496,0.7160042702202792,0.7200286271980567,0.5659779778468301,0.5680424624787903,0.7167929549784546,0.71505464116254,0.4849057936018158,0.4827567350818086,0.5863897340672825,0.5836536024777776,0.3956048241520961,0.3965561724723417,0.5960811795097448,0.5944357974146398,0.5119927065199412,0.5126379679144171,0.7833557037111492,0.7819317015741221,0.7110180073706921,0.7096495348571413,0.5192494879837338,0.5215746040619792
2505,normal,0.0229865031328592,0.0168724579343183,0.0020300474168757584,0.0025854916288180936,0.617432029716489,0.6187313138871532,0.010597940750437889,0.009021924399660833,0.7446436455135698,0.7458722104449471,0.6123627987962369,0.6169460031777694,0.7849836892565574,0.7837580405183129,0.6428329682122107,0.6442036576507744,0.6810129831345273,0.6867805089567902,0.4431357803051935,0.4477098473405888,0.7160042702202792,0.7192915752252531,0.5659779778468301,0.567218406669824,0.7167929549784546,0.715582891717069,0.4849057936018158,0.48354885446801094,0.5863897340672825,0.5850841171285649,0.3956048241520961,0.3973485306796707,0.5960811795097448,0.5958535210281753,0.5119927065199412,0.5127968698206147,0.7833557037111492,0.7824701426720728,0.7110180073706921,0.7113128061428854,0.5192494879837338,0.5226543524402826
2510,normal,0.0433535903058108,0.0508348026801251,0.0020263298007002217,0.0023070821680719607,0.6066527023563912,0.6078531502205897,0.005129605015129183,0.005148440140232042,0.7117759053275672,0.7083766693813829,0.5937822197256966,0.5960732562515532,0.7651202326738322,0.7650932123205673,0.6346101712164823,0.632850306197492,0.6766203282166222,0.6791908421139169,0.443481463152513,0.4457675572414909,0.7141180629752311,0.7183850539949665,0.5637763476086257,0.5660165421738017,0.7063260561067518,0.7087146425036948,0.4760667883966202,0.476491559546176,0.5720957398205253,0.5738872253351037,0.3879091224803852,0.39002481017872187,0.5885654985946662,0.5867316234528409,0.5028899476138368,0.5066264093881587,0.7671836996707861,0.7690896656946051,0.6955118146518189,0.6962453452198203,0.5132625418266903,0.5139388327557324
2518,normal,0.029704179565756,0.0266599120794912,0.0031368717720249165,0.003959240012265941,0.5976078825855538,0.5956580371095131,0.018621648733772218,0.015605304827303804,0.7355557910842602,0.7303145846343996,0.6041407307057888,0.6027885807790445,0.7698975197000573,0.7602910196630255,0.628566064023041,0.6234658708204248,0.6674563412327168,0.6633376155718412,0.4304442814821794,0.43097717048527945,0.6861393221736835,0.6887671955222611,0.5440839882557981,0.5425408923571063,0.6889570717471871,0.6832800502080362,0.4655514201352666,0.46257251060588106,0.5596343089387372,0.5605763136144072,0.3801718224212597,0.38062647531054905,0.5698389269812619,0.5720781251826456,0.4929304584577459,0.49141684503951877,0.7556207167819264,0.7495150358359536,0.6803748169976808,0.6817460710188553,0.4999704228358229,0.5018922742124946
2521,normal,0.0926321104592352,0.0480855785211594,0.002027151602366694,0.00249363673290888,0.6162371491467997,0.6177246047104504,0.012232166211715032,0.00996778331684363,0.7461582879184546,0.7462049429575723,0.6162472404137715,0.6173088799279548,0.783558884353999,0.7830085214461749,0.6458550218089314,0.6436565849410534,0.6822247500084321,0.6861243726249892,0.4435308464164158,0.4471958097735232,0.7132535513212507,0.7179586437212709,0.5658556650558186,0.5667798862638083,0.7145175421802583,0.7143826306217388,0.4818578607724379,0.4827950943395322,0.5802811895173862,0.5834577786424505,0.3943568725296565,0.39624279437005505,0.5885654985946662,0.5931021864715404,0.510386337301217,0.5111678079435962,0.7833557037111492,0.7816519987162851,0.7073260567233414,0.7097041250489382,0.5187002268684087,0.520576222267174
2527,normal,0.0174834894261427,0.0221216034170371,0.003966201275165504,0.0049524347657861215,0.6103524517538015,0.6141559654639996,0.007814450944071627,0.0034397719714689577,0.7264679366549508,0.727553020890915,0.6064066549826839,0.6074621236039003,0.7713223246026155,0.7742375978386385,0.6366483003863638,0.6390733181854231,0.6758629739204317,0.6847030292331565,0.4415555158603046,0.44844733589500296,0.7134893272268817,0.7210237140628076,0.56371519121312,0.5673026836551135,0.708904857278041,0.7116455022225517,0.4793179167479564,0.479596226746365,0.5772269172424381,0.5800256256572482,0.3914449854106308,0.39459851044492583,0.5822398004911417,0.5935691450931457,0.5077090552700096,0.5113825639551376,0.7768869020950039,0.7755040577927796,0.7021573258170503,0.7042970673559813,0.514635694615003,0.5202298902548992
2528,t2 alarm only,1.0853563955627694,0.486845928308105,0.0026700793146266924,0.003536188288520589,0.6088882544361562,0.6108816430568994,0.009419026596160706,0.00518936301487613,0.7241959730476234,0.7241418374804581,0.6045939155611678,0.6045087532814732,0.7672993460542155,0.7716642367216368,0.6403028768289097,0.636651976827002,0.6763173864981459,0.6801575598026934,0.440567850582249,0.4449631049121814,0.7123104476987266,0.7168564890378843,0.5627978452805349,0.5653715573548219,0.7094357869309533,0.7098478080380101,0.4788099279430601,0.47825182605831573,0.5747834994224797,0.5769275714063681,0.3889074837783369,0.39182872307375555,0.5784819600336024,0.5875617946005118,0.5066381424575268,0.5073885080027168,0.7744611014889494,0.7730575303244511,0.70068054555811,0.7007946335241552,0.5105162362500648,0.5150140215208541
2536,normal,0.0988231331800892,0.2942353060838035,0.016586493161588705,0.02093243306315517,0.5995069482687564,0.6150781156909084,0.02116484742396374,0.005941830039762096,0.6868600377672104,0.7342920540777077,0.5784386753364351,0.6104893683856136,0.7480225738431321,0.7764752099461635,0.6371402625997834,0.6403233371186026,0.6680622246696691,0.683522955846169,0.4311356471768183,0.4471068540540494,0.6895973687896052,0.7194556997045662,0.5483649359411954,0.5670206863384335,0.7050366555211074,0.7129096911651136,0.4813498719675417,0.48088619377109465,0.5845571707023135,0.5811615836241847,0.3951888402779495,0.3949167501144226,0.5693378815869233,0.5922381849811749,0.4857553426141106,0.5111501089252709,0.7679922998728043,0.7783747526710456,0.7110180073706921,0.7065190940235835,0.503760324531566,0.5194854419982469
2543,normal,0.0594824489885194,0.0753551004906353,0.004245014886021026,0.004690528575917725,0.6100267991823719,0.6135758277476562,0.017534091938581672,0.01326254820033255,0.7514595363355518,0.7481192602806113,0.6201316820313061,0.6180591933056531,0.7799549660710573,0.7810434576681891,0.6365780200701611,0.6415189907781705,0.6791195973940509,0.683572501313695,0.4452592606530131,0.4447561417073438,0.7035081472218352,0.7122703727891009,0.5563152673569333,0.5602713334617595,0.6994998177121632,0.7049696005599289,0.4704789115427608,0.47649679569647047,0.5747834994224797,0.5783991293346957,0.3905298208875083,0.3931987615792979,0.5833671526284036,0.5897396508020596,0.5005339394263745,0.5067403280440961,0.7671836996707861,0.7715564849987969,0.6992037652991697,0.7025822942631272,0.5125485023767676,0.5174947751271581
2552,normal,0.0627182096340176,0.2117355693554715,0.0052839013590936824,0.005517574254769118,0.6075588379535433,0.612842739312637,0.011384550954182502,0.010406487634768008,0.690798108019911,0.698537203645971,0.5864017806523809,0.5924493658196691,0.7591695769043237,0.7639388693425576,0.6280038214934186,0.6353003237271203,0.6809372477049082,0.6850707970744384,0.4482716397510825,0.45127179696682057,0.7206411963643561,0.7274431696735214,0.5687300156445855,0.5728477262391659,0.7095874811174998,0.716577699088496,0.4793179167479564,0.4817906556688739,0.5760052083324589,0.5815809027269206,0.3910290015364842,0.3956722969232166,0.5891918053375894,0.596344367991826,0.5109217937074584,0.5142478657751651,0.7736525012869313,0.7777166225501269,0.6999421554286398,0.7050760203742663,0.5158989951802507,0.5224608847266722
2554,normal,0.0300712346931255,0.0423242200448777,0.00410565329738705,0.00472090568234307,0.6018697296740338,0.5977640763766466,0.014860910190581828,0.014505966985163396,0.7347984698818179,0.7311370446180779,0.6048528783356701,0.6035586356648168,0.7696460835407821,0.7616428390082266,0.6327126026790066,0.6248877899616195,0.6666989869365262,0.6656953472473477,0.4326171450939016,0.43240309759142176,0.6953345824932933,0.6921778479299185,0.5466525568670364,0.5451644210053064,0.6904740136126513,0.6863237545636979,0.4689041462475822,0.4643707248296959,0.5685527839815856,0.5630007660658606,0.3865363756957016,0.3821062095609657,0.5787324827307716,0.5741443291397524,0.4977495661139188,0.4944468736189261,0.7569144771051555,0.7531321948153217,0.6932228052504614,0.6847276892835867,0.5073854478927118,0.5030697334984519
2559,normal,0.0424939549078497,0.0719512693329785,0.0032413754922854645,0.003896254298404341,0.6194022054358284,0.6161608299435429,0.01549466112794951,0.013430255798179852,0.7582754271575338,0.7513106749851137,0.6259583444576079,0.6205878762764794,0.7931972704595408,0.7848453608641005,0.6475417493977987,0.6442187889006212,0.6854813734820514,0.6852362094618815,0.4466913753061936,0.4459729580321379,0.7191479489620262,0.7153485532309037,0.565794508660313,0.5634747756424285,0.7110285758896908,0.709237207215479,0.4818578607724379,0.4792761649679383,0.583946316247324,0.5806378499140166,0.3964367919003892,0.3943846170952852,0.5929496457951288,0.5909709393055624,0.5109217937074584,0.5088054754122376,0.7785041024990402,0.7763044329017081,0.7117563975001623,0.7055958795942529,0.5203480102143839,0.5185263452400815
2561,normal,0.0501521758163411,0.0592105988127291,0.0018551934335509926,0.0021200250363202695,0.6181469691193346,0.6169904486992779,0.011614292508063413,0.010116670549332688,0.7499448939306669,0.7462784384747745,0.6181894612225387,0.617574163149208,0.7854865615751073,0.7824115682410875,0.6452224989631061,0.642930092844734,0.6831335751638608,0.6860252865717259,0.4451604941252075,0.447235721302325,0.7179690694338711,0.7171226980854718,0.5667730109884038,0.5651045608831453,0.7130006003147942,0.7114059614664325,0.4828738383822306,0.4809557438725269,0.5845571707023135,0.582774194730743,0.3968527757745357,0.3961711744629882,0.5929496457951288,0.5936648264047968,0.5119927065199412,0.5108314711780294,0.7817385033071128,0.7787997814532697,0.7117563975001623,0.7083980720167068,0.5208972713297091,0.5211538727497587
2569,normal,0.0321663752076998,0.1262903765304318,0.005884965719114347,0.007185542284736581,0.6112349614918027,0.6073110871237587,0.007783094093293145,0.00473783798819993,0.7166227610231989,0.7128794737001547,0.6032991016886562,0.597563049515339,0.7657069170454739,0.7666473500169803,0.6297608293984888,0.6336748441035904,0.6860872569190039,0.6786522047874444,0.4516297016964715,0.44422690160792183,0.7233919152633845,0.7154004302297424,0.5668341673839095,0.5638051629578541,0.7014718421372664,0.7070283295682832,0.4707329059452089,0.47577863764843537,0.5778377716974278,0.5735563499191348,0.3939408886555099,0.3895588773040862,0.6010916334531305,0.5846071052328228,0.5146699885511484,0.5045599202808629,0.7663750994687679,0.7675877091420142,0.6962502047812891,0.6962070908545946,0.5252913602523099,0.5125550442346359
2574,normal,0.0351500433156816,0.1156550712776879,0.005311755782553159,0.006804272299687028,0.6192092798627025,0.6171774279288935,0.017017106441401992,0.00797151614979153,0.7560034635502065,0.7413646620054759,0.6272531583301194,0.6157158546663657,0.7931972704595408,0.7811577618043497,0.6519694093185756,0.6429398853421234,0.6870718175040516,0.6859498184394429,0.4538025653081937,0.44905483869987334,0.7274001056591118,0.7225143773001154,0.5730109633299828,0.5685908896129597,0.7130006003147942,0.7139185609727231,0.4783019391381638,0.4808404831248586,0.579059480607407,0.5813022741156783,0.3943568725296565,0.39520533618990955,0.5898181120805126,0.5939498160437502,0.510386337301217,0.513198527399612,0.7793127027010583,0.7796616542642456,0.6969885949107592,0.7061638159839176,0.5156243646225881,0.5204877188257891
2575,normal,0.0999156919492312,0.5351258128669324,0.005934714226371416,0.0071087115062746925,0.6113008208276571,0.6154081485777286,0.016832994978362503,0.008165952763491814,0.7461582879184546,0.7393002191564738,0.6188368681587946,0.6139229046887987,0.7789492214339574,0.7793153662525248,0.6440277335876584,0.6418827367144849,0.6824519562972893,0.6847958366488466,0.4498025209320686,0.44818676498866966,0.7171045577798907,0.7204769949640971,0.5667118545928982,0.5670169663837835,0.7048849613345609,0.7118536533445908,0.4735268443721386,0.4793133968067089,0.5723400816025211,0.5795655022782312,0.3883667047419464,0.3941191481371082,0.5820519084682647,0.591699542353306,0.5018190348013538,0.5111397999706174,0.7679922998728043,0.7769228000370942,0.6882755913830115,0.7037315239129528,0.508813526792557,0.5186953691830972
2577,normal,0.0448394074041801,0.1450647089644927,0.008875265178066345,0.010165434610426146,0.6065729700344857,0.6154482352125522,0.015028728754404802,0.008245312332917741,0.7370704334891451,0.7391389924886589,0.6123627987962369,0.6137925999477973,0.7727471295051739,0.7793844565804111,0.6375619444970002,0.6417962269696049,0.6745754716169078,0.6843606225991382,0.4450617275974019,0.448014599472406,0.7125462236043577,0.7208554193888322,0.5643267551681768,0.5674822414192562,0.6994998177121632,0.7126477942432471,0.4694121350524785,0.47955135220405587,0.5684306130905876,0.5792294696358604,0.3863283837586284,0.3936993191181881,0.5791082667765256,0.5914144348039203,0.4995701178951398,0.5115936725762569,0.7631406986606953,0.7777760439778016,0.6831068604767204,0.7035101069145951,0.5068911128889192,0.5183726462733558
2580,normal,0.0509542411866921,0.0709146645520544,0.007643649035037856,0.008590033477668034,0.6035831775413033,0.6110155633044242,0.01153673423505267,0.0057502895013262145,0.7196520458329686,0.7178563080216737,0.6026516947524005,0.6026703253884466,0.7630249313465406,0.7717703119445073,0.6350318531136991,0.6376773571355442,0.6755600322019554,0.6841560769403843,0.4440246790554435,0.4485565750859237,0.7099526886424165,0.7220858108642105,0.5642044423771654,0.5682422125012074,0.7040506433085557,0.71043468391066,0.4708853025866779,0.47718432309437747,0.5651319990336438,0.5746376708939176,0.3842484643878958,0.3907290068452239,0.5762272557590787,0.5885505848579463,0.4980708399576637,0.508803483925359,0.7607148980546409,0.770955129892623,0.6844359627097666,0.6977321906416922,0.5030462850816435,0.5152225242315126
2588,normal,0.074503515172691,0.108408564065699,0.0033589516160743606,0.003767469681805995,0.6142878543400035,0.6138611809313322,0.014820661272170561,0.011967356319856041,0.6917826255830863,0.6967311855793709,0.5994146600711218,0.5938855734467411,0.7667126616825739,0.7636699058414972,0.6373511035483918,0.6348339814721599,0.6842696066081465,0.6864035127634454,0.4561235787116243,0.4540618498393126,0.7343161988909551,0.7314448232006233,0.580349730790664,0.5753258533487579,0.7243776643057754,0.717793156787957,0.4823658495773342,0.48160863572052864,0.5772269172424381,0.5810393661895012,0.3943568725296565,0.3959028364601352,0.5973337929955913,0.5992552898330942,0.5157409013636313,0.516910971395528,0.782547103509131,0.7787569587196564,0.6977269850402293,0.7038316622815466,0.5208972713297091,0.5241845129527937
2594,normal,0.0589309037698784,0.1089660186424324,0.004738894538747811,0.005380111569122586,0.6159164800550047,0.6166307793739734,0.02036296086108707,0.01336602273267527,0.7620620331697462,0.751369603599413,0.6291953791388868,0.6210152675030944,0.792359149928624,0.7859414641602356,0.6393189524020704,0.6444742309943521,0.6785894493867175,0.6856886751262034,0.4518272347520825,0.4489767670624161,0.7246493867600833,0.7204737934230248,0.5629201580715462,0.5660284287109639,0.7130006003147942,0.7111078289479127,0.4760667883966202,0.4785087148727492,0.5747834994224797,0.5785318078079612,0.3918609692847773,0.39338022303075326,0.5830539992569419,0.5904910753250752,0.5087799680824926,0.5103188022810974,0.7728439010849132,0.7763789662937168,0.6955118146518189,0.7021972714826179,0.5137568768304829,0.5178403287359629
2596,normal,0.0824181581329515,0.053377513280806,0.023539899147266844,0.024466241420432546,0.5934921621823513,0.6170320613296179,0.018152662053668715,0.00860703626137934,0.7279825790598357,0.7425511814954925,0.6036875458504097,0.615931578765178,0.7580800202141321,0.7819216042092967,0.6173914937467947,0.6428170911611883,0.6557930850713826,0.686022830579629,0.4364196564144156,0.44870698770441114,0.7006002443857193,0.7214536667887287,0.5464690876805194,0.5680630358892753,0.6907774019857442,0.713760169530676,0.4596587499984694,0.4807945259414402,0.5527316535973545,0.5810714089733553,0.3774679272393071,0.39504074672489936,0.5608827405574599,0.5931288719985419,0.4885932615671902,0.5125690408434045,0.7468069745799285,0.7795427844985523,0.67099726235341,0.7061317659205518,0.495027072797897,0.5200377515788852
2598,normal,0.0887227639863418,0.1248935495168758,0.01759135393629987,0.01839581801721296,0.5937956707396502,0.6113870246759501,0.015447842013036638,0.008308635834238591,0.7219240094402961,0.7342590432811422,0.6015511029607656,0.6098580569112652,0.7549789742497404,0.7748420237821761,0.6157750464741303,0.6378667381561698,0.6588982376857636,0.6812988248895191,0.4396295685680962,0.445704127973382,0.7023292676936802,0.7160091678642243,0.5469583388445648,0.5631924574236927,0.6901706252395584,0.7075399731397491,0.4600651410423866,0.4760896791610226,0.5546863878533212,0.5754730938280468,0.3784246901498442,0.3916715892707303,0.5633879675291528,0.5871508123914893,0.4887003528484385,0.5071398149203709,0.7478581548425521,0.771375767559753,0.6728432376770853,0.6989832161478192,0.4963452994746772,0.5151250327905987
2603,normal,0.2874943417354522,0.1375224055141319,0.007038526784972097,0.007559646830779802,0.6025543179566357,0.6095928447416079,0.008605332223294215,0.005804667497025981,0.7020064618160595,0.7135596621591556,0.5968897730197242,0.6004119773141983,0.7601753215414239,0.7691599830456907,0.6272307380151877,0.6354309706553335,0.6748784133353839,0.6828027141675687,0.4462469259310685,0.4480047330773255,0.7121532637616393,0.721483312324662,0.5601681202737908,0.5675447235064662,0.7076913037856696,0.7092775501591791,0.4708853025866779,0.4763758932930734,0.5658650243796313,0.5733443389297608,0.384331661162725,0.389860867195995,0.5807992949824183,0.5877804642789592,0.496678653301436,0.5081845795402592,0.7631406986606953,0.7694098535186922,0.6876110402664882,0.695892035086795,0.5066714084427891,0.51455470235422
2605,normal,0.0389497927453144,0.2089005442014849,0.0023923583731777823,0.003154021094293642,0.6028120827834685,0.6044619367210016,0.009520467016557767,0.006193183476597264,0.6928428752665057,0.7020072495406939,0.5907394071252945,0.5930767763405189,0.7547275380904654,0.7599018203291693,0.6274415789637962,0.6292526268675696,0.6767717990758603,0.6779624823470681,0.4480247234315687,0.4449426004731116,0.7123890396672704,0.7143958833107352,0.563531722026603,0.5628511536799682,0.7075396095991231,0.7059734018158141,0.4731712522087112,0.4742734525078896,0.5661093661616271,0.5696109284220198,0.3852052272984327,0.38707485056235347,0.5841187207199113,0.5834364718750439,0.5006945763482469,0.5036556277752676,0.7647578990647317,0.7644577592950192,0.6900477276937398,0.6919899383343239,0.5096923445770771,0.5109899007804595
2622,normal,0.1430123234879337,0.3119398794284796,0.0026364501453615455,0.003219015664084431,0.6213292527564276,0.6238458572819089,0.011984970574745756,0.010450376737798923,0.7499448939306669,0.753315615149725,0.6259583444576079,0.6249413302522059,0.789844788335874,0.7925252669285605,0.6443791351686725,0.6492699150569533,0.6882835843779564,0.692524203040304,0.4485185560705965,0.45233492977860446,0.7234705072319282,0.7286234388852808,0.569953143554699,0.5738118705165647,0.7221022515075792,0.7221005779439995,0.4859217712116084,0.48596564153935323,0.5845571707023135,0.5853944430413549,0.3960208080262427,0.3977032595629551,0.5923233390522055,0.5986712235165519,0.517882726988597,0.5199254594848034,0.7882073049232582,0.7897844477505923,0.7132331777591026,0.7136659218585771,0.5219957935603593,0.5248220294860644
2627,normal,0.1433993221831321,0.3085732780060448,0.007262107619611106,0.007748877708604069,0.6368118337305605,0.6295497261109492,0.011642307340570378,0.00926111974691519,0.765091317979516,0.7555287954106188,0.6376116693102116,0.6285607220063195,0.8091215605469576,0.7981037528569042,0.6612464110573459,0.6541076060461176,0.7038850828794814,0.6973974222666971,0.4610619051019022,0.45664688235317563,0.7475982415748359,0.7380021728147806,0.5883000622064019,0.5809075078713236,0.7403055538931491,0.7303885461816335,0.4965895361144307,0.4909575992894392,0.5937199875271578,0.5898327224768807,0.4030925338867338,0.4007296892352503,0.6092336211111324,0.6044903330447187,0.5350173319883232,0.5271152759302752,0.8116567107817847,0.7994567333855781,0.7287393704779757,0.720617175127353,0.5335302769821864,0.5295024075890717
2638,normal,0.0507123009460956,0.0725606170844228,0.011063056099488669,0.011677228833702924,0.6261075958863663,0.6150445397868777,0.011344624503564247,0.009009014709434588,0.7211666882378536,0.7080297251261422,0.6104205779874696,0.5989286805486597,0.7876656749554908,0.7706651225036518,0.6518991290023728,0.6379187917748892,0.6993409571023382,0.686805936891784,0.4625927862828883,0.4533711621808506,0.7491700809457094,0.7327893297285231,0.5883000622064019,0.5768866773589852,0.7296869608349,0.718348486049207,0.4899856816507788,0.48148239786460995,0.5833354617923343,0.5789900153366121,0.3968527757745357,0.3939802276538934,0.6054757806535931,0.5967018092091775,0.5280563987071845,0.5168530399972527,0.7954847067414216,0.7798197709849148,0.7147099580180428,0.7025916079949854,0.5296854491749107,0.52159439517278
2643,normal,0.2028800101859915,0.299571249777311,0.003067115552067016,0.0036925355864195677,0.6102573900162562,0.6131957826757509,0.012289037921211606,0.009995357214687601,0.6984470521645799,0.7015536129091159,0.5930053314021897,0.5954307332798826,0.764449736249099,0.7664376695472372,0.6355940956433216,0.636040691129559,0.6822247500084321,0.6860991108240316,0.4521729175994021,0.4529468001021095,0.7316440719604702,0.7306114545121007,0.5738671528670622,0.5748062202698556,0.7117111997291496,0.7155142137712747,0.4777939503332675,0.4804991324766559,0.5701410055645585,0.5782040685014735,0.3878259257055559,0.39358394481323106,0.5923233390522055,0.5962503936585093,0.5157409013636313,0.5156793742251357,0.7728439010849132,0.7767976619497461,0.6969885949107592,0.702107963851244,0.5176017046377586,0.5217652596666027
2650,normal,0.2278862857662082,0.4029541370528935,0.0033258193212103403,0.004023760981918477,0.6077624263250097,0.6108185210262053,0.013283978067255781,0.010483100900984721,0.6910253043806438,0.6972991596246153,0.5889914083974039,0.5922916058788775,0.7605105697537904,0.7619281829996352,0.6317989585683701,0.6328680164004369,0.6804070996975748,0.6837117617384763,0.4518766180159853,0.45140611523603097,0.7296792727468784,0.7278571162567072,0.5717266790243636,0.5723742822514749,0.7076913037856696,0.7124513806145784,0.4747460175038897,0.47877927835323636,0.5692858093275731,0.5767254656014561,0.3888242870035076,0.39263766828823565,0.5929496457951288,0.5949642215121627,0.5135990757386656,0.5140772630821615,0.7679922998728043,0.7735599597694488,0.6927059321598323,0.7001753618228825,0.5181509657530836,0.5208080180150735
2651,normal,0.1025144289449098,0.2310899513171801,0.0038567822480177205,0.004788188062273883,0.5993188632421124,0.6025264777605283,0.018634082683098054,0.014662255779622184,0.73858507589403,0.737502291413457,0.6043349527866655,0.6081075937293662,0.7709032643371572,0.7686120410271042,0.632220640465587,0.6300831872783929,0.670788700135955,0.6707822354121604,0.4358270572475823,0.43627667199890396,0.6972993817068851,0.699930677227207,0.5508111917614223,0.5516735152482575,0.6872125886019034,0.6921285082861082,0.4624526884253991,0.4668999350310309,0.556824378445785,0.5649762437030638,0.3776343207889658,0.38406881337502063,0.5734715060902166,0.5786333897910764,0.497803111754543,0.4994811534077663,0.7534374962364774,0.7595012045856361,0.6767567053632771,0.6875652968921816,0.5020576150740583,0.5067273635222491
2655,normal,0.1416144109125939,0.3010422444437335,0.008435175811691852,0.009177884467915174,0.6143980753531016,0.6228332511647934,0.012346246546267415,0.010580297501990342,0.740099718298915,0.7528856819062789,0.6123627987962369,0.6239382192579239,0.7816312071328907,0.7912352261075768,0.6479634312950155,0.6487302293384981,0.68639019863748,0.6917964031928847,0.4469876748896103,0.45157813751130865,0.7176547015596964,0.7269774902702563,0.5672011057569436,0.5725710953997439,0.7137590712475262,0.720394782770813,0.4793179167479564,0.4851302676420365,0.5719735689295274,0.584716707779844,0.3896562547518006,0.39724846628912097,0.5872502544345274,0.597864320397971,0.5114572501136998,0.5185154624011501,0.7801213029030766,0.787944591766701,0.6962502047812891,0.7125572414497625,0.5146906207265356,0.5240809463196185
2665,normal,0.0582458762898793,0.0706300281691167,0.010542629108956252,0.010845524858492144,0.6260513741714876,0.6155087450625313,0.01151953945628946,0.009509001317477962,0.7151081186183139,0.7059740439612671,0.6072482839998165,0.5979230282458158,0.7784463491154073,0.7697384138690656,0.6447305367496864,0.6378557055117072,0.6994924279615763,0.6876725107868134,0.4624446364911799,0.4541700343945726,0.7483841612602725,0.7331231006657574,0.5883000622064019,0.5770468035729611,0.7312039027003642,0.7188062987431691,0.4910016592605714,0.4822253834525269,0.5912765697071993,0.5806941728975659,0.4014285983901476,0.39505076965250385,0.6067283941394396,0.5979218086342729,0.5296627679259087,0.5174532011806416,0.7954847067414216,0.780561139252985,0.7184019086653937,0.7044815563971456,0.5335302769821864,0.5229506948442597
2668,normal,0.1125379987594849,0.3542293804093999,0.0014811808899073376,0.0017542581412914684,0.6010528769888291,0.601565263517893,0.016919389319612944,0.015261516592878345,0.740099718298915,0.7372307786369942,0.6072482839998165,0.6080178387712804,0.7672155340011239,0.7679828085763636,0.6310258750901392,0.6291632596949615,0.6689710498250978,0.6699013940052398,0.4317776296075544,0.4354959806878411,0.6989498130463022,0.6989350362038643,0.548242623150184,0.5507410693221065,0.6919151083848423,0.6908464075867743,0.4676341742353415,0.4661594551803159,0.5622609830951926,0.5635926487281822,0.3822517417919923,0.38309866383438723,0.5766030398048327,0.5772615545429145,0.4995165722545157,0.49857157193997587,0.7565910370243483,0.7579863787377659,0.6848789967874488,0.6860860658736466,0.5027167284124484,0.5055385674815667
2678,normal,0.0486214510092956,0.0657976440684357,0.002610315593485134,0.003527215617414928,0.617121736318494,0.615278026195926,0.012912266374421054,0.009021583504538747,0.7058687999485158,0.7079703877325811,0.5997383635392496,0.5991769303836768,0.7683050906913155,0.7707773842439444,0.6414976422043575,0.6382290150292129,0.6870718175040516,0.687250049298196,0.4540000983638048,0.45372388859464696,0.7420968037767787,0.7329546937565989,0.5827959866108909,0.576994543704659,0.7213437805748472,0.7185403256044265,0.4838898159920232,0.4816828726945126,0.579059480607407,0.5793038449284694,0.3931089209072169,0.3942107789426575,0.599212713224361,0.5970487424707941,0.5232372910510115,0.5169698222431687,0.782547103509131,0.7800665937879877,0.7058492764644011,0.7029622284547206,0.5214465324450341,0.521864343460488
2685,normal,0.0315463175994915,0.0721153645230202,0.0021680378463359248,0.0025831431347071196,0.6236739929583829,0.6250032796833187,0.013695542247786614,0.011555519374195604,0.7620620331697462,0.7582275556798653,0.6253109375213521,0.626768688931122,0.7915210293977074,0.7951671179199731,0.6523910912157925,0.6517723215761028,0.6904041764072899,0.6939382435821899,0.4519753845437909,0.45306706624489335,0.7279502494389175,0.7281076195754745,0.5766803470603235,0.5740042096579928,0.7213437805748472,0.72152099518561,0.4859217712116084,0.48692732331077904,0.5833354617923343,0.5872024217204375,0.394772856403803,0.3987401389034132,0.5985864064814377,0.5999409883128524,0.517882726988597,0.5189333950158431,0.7882073049232582,0.7897548816193913,0.7110180073706921,0.7152872165003528,0.5230943157910095,0.5256955708801225
2686,normal,0.0299031698251124,0.0671426340582396,0.0020479333831011897,0.0024752074450530037,0.6236739929583829,0.6245111829225559,0.013695542247786614,0.011651555515073924,0.7620620331697462,0.7579838769840692,0.6253109375213521,0.626622999287414,0.7915210293977074,0.7944325397986041,0.6523910912157925,0.6510895019258665,0.6904041764072899,0.6935650431698668,0.4519753845437909,0.4526084493639401,0.7279502494389175,0.7271499332781787,0.5766803470603235,0.5732139987978804,0.7213437805748472,0.7206988714127427,0.4859217712116084,0.48649757279722233,0.5833354617923343,0.5870678246249053,0.394772856403803,0.39865831788593026,0.5985864064814377,0.5994693749765196,0.517882726988597,0.5182011562624154,0.7882073049232582,0.7889761577901763,0.7110180073706921,0.7149709969591104,0.5230943157910095,0.5254834943686069
2688,normal,0.0381291706288928,0.0488443009370794,0.005803402547701495,0.006618090775102342,0.6256192800611314,0.6198365740300982,0.013327591699386541,0.010616814030541127,0.7597900695624189,0.7496889047363747,0.6266057513938637,0.620962574592798,0.7948735115213742,0.7874544233183715,0.6548509022828908,0.6451537675844728,0.6916159432811947,0.6875054711083854,0.4537037987803882,0.4494652311608199,0.7311725201492082,0.723136169595334,0.5797381668356072,0.5706280866284379,0.7274115480367038,0.7169777708040922,0.4889697040409862,0.483268513172744,0.583946316247324,0.5826758423462884,0.3956048241520961,0.3957807445437757,0.599212713224361,0.5950421577831315,0.51895363980108,0.5148372846385976,0.7938675063373852,0.784424328425769,0.7110180073706921,0.7088508892625923,0.5241928380216597,0.5213695988096827
2689,normal,0.0375255609685792,0.0488238572812296,0.00407956769405801,0.0052722435815769535,0.6269319446349491,0.6229006101701516,0.011072842191565959,0.008311633778418882,0.7484302515257819,0.7467101303930517,0.6227213097763291,0.6206934198264461,0.7965497525832075,0.7889710349587098,0.6573107133499889,0.6480062156866737,0.6914644724219565,0.6909126776082731,0.4552346799613743,0.45258966310071796,0.737695653538333,0.7301128557830785,0.5846306784760612,0.5756414398639452,0.7312039027003642,0.7226172800494303,0.4904936704556751,0.48639829774608995,0.5857788796122928,0.5848152979428656,0.3968527757745357,0.3972627582232507,0.6010916334531305,0.5987713014040109,0.5232372910510115,0.519450408158282,0.797910507347476,0.7899027552762978,0.7124947876296324,0.7123281682215659,0.5247420991369848,0.52412666864989
2697,normal,0.0571535463623536,0.0875472400834037,0.008996980603930498,0.009870812626862914,0.6266030326687262,0.6176060520647957,0.011733320121219427,0.010430676249604389,0.7211666882378536,0.7050435493550045,0.6074425060806932,0.5986789742794132,0.7851513133627407,0.7709360387029766,0.6471200675005819,0.6403581262777015,0.6954784501917664,0.6907805347718557,0.4649631829502216,0.4561405980765024,0.7491700809457094,0.7358506437446262,0.5913578819816856,0.5789213714380481,0.7342377864312924,0.7209579523112019,0.4894776928458825,0.48432367415331234,0.5888331518872408,0.5837404589617093,0.3989326951452684,0.39726517496304764,0.6092336211111324,0.6008773902697349,0.527520942300943,0.519366176471612,0.7962933069434397,0.7826373939457509,0.7161867382769831,0.7079741861740048,0.5296854491749107,0.525450641205025
2702,normal,0.0596341317488482,0.0923917396566223,0.004770860683935546,0.005236721619253573,0.6250099124150852,0.6202390517311496,0.011417642296608946,0.010078851664986394,0.7560034635502065,0.7486506180405076,0.6246635305850964,0.6204804183898158,0.7948735115213742,0.7875101461184364,0.6522505305833868,0.6453277938720381,0.6957813919102426,0.6878894457605518,0.4540494816277076,0.44982441570941584,0.7313297040862955,0.7244428354808843,0.5791266028805504,0.571603330015254,0.7236191933730433,0.7182016755184963,0.4874457376262973,0.4838213028321914,0.5845571707023135,0.5828000291644776,0.3972687596486822,0.3959060827886753,0.599212713224361,0.5954157499157643,0.51895363980108,0.5157222139189047,0.7906331055293127,0.7855294337014388,0.7117563975001623,0.7093901960175986,0.5236435769063346,0.5215481921850916
2710,normal,0.0561409665053619,0.0540960100582463,0.007503873059400139,0.008489032320341141,0.622771406943845,0.6152675338844448,0.009542686564620446,0.009220601189653184,0.7226813306427384,0.7066853614865052,0.6087373199532047,0.5979544241062423,0.7832236361416324,0.7697049717525494,0.6490176360380576,0.637953402491639,0.6960085981990998,0.687128343281343,0.4590371912818882,0.4535808175084117,0.7420968037767787,0.732598255197304,0.5864653703412316,0.5768229285691039,0.7251361352385075,0.7187972713718982,0.4874457376262973,0.48227479143407315,0.5833354617923343,0.5804133424270301,0.3968527757745357,0.39471880100967,0.6010916334531305,0.5970936419658563,0.5221663782385286,0.5168856813347003,0.7906331055293127,0.7805079038615204,0.7095412271117517,0.7043311284504196,0.5236435769063346,0.5220970097872953
2715,normal,0.1049934021584628,0.1793927041476735,0.006540543174902762,0.008150468425889115,0.6083717995048145,0.6018312563299117,0.020479930336398153,0.015154593027046248,0.7522168575379943,0.7373404121739906,0.6201316820313061,0.6083402142052418,0.7881685472740407,0.768096636441657,0.6351724137461049,0.6294352607201075,0.6737423818910981,0.6701554010519928,0.4390369694012629,0.43558345261414455,0.7065732339950385,0.6990835746289368,0.5549698266558084,0.5509346057964675,0.6986654996861579,0.6909548866946916,0.4720028779574497,0.4664222220872684,0.5669034769531136,0.5642617795501432,0.3841236692256517,0.3835077768823351,0.5792961587994025,0.5775322786127409,0.5023544912075952,0.4984684616219897,0.7663750994687679,0.7582954623590356,0.6934443222893025,0.6867989982950509,0.509143083461752,0.5059199338727062
2718,normal,0.0643732746696558,0.0568614405579779,0.004037655530630702,0.005454619619957229,0.6256088061504732,0.6218069323128423,0.016362365488798606,0.012142330699638952,0.7658486391819586,0.7555430756881005,0.6291953791388868,0.6245447780022146,0.8066071989542076,0.791900625035382,0.6544995007018767,0.6482364211652492,0.6893438803926231,0.6902171675993952,0.4508889527379298,0.450485247541597,0.7287361691243543,0.7239968521619978,0.5754572191502099,0.5710933152861537,0.720585309642115,0.7176176430062557,0.486937748821401,0.4840409512686978,0.583946316247324,0.584294118823671,0.3960208080262427,0.3968038626336228,0.599212713224361,0.5968544127387816,0.5205600090198043,0.5155433912870134,0.7906331055293127,0.7855530087368308,0.7132331777591026,0.7109545839514781,0.5236435769063346,0.5230383943918796
2728,normal,0.0353525514468517,0.0783036303787197,0.006219424775854289,0.006714588742388408,0.62332925188863,0.6171098271127758,0.008480899315848877,0.0085971862799227,0.7241959730476234,0.7115535372989144,0.6104205779874696,0.6013543398639561,0.781295958920524,0.7735664070946924,0.6485256738246381,0.6403229437010542,0.696463010776814,0.6893273472961786,0.458642125170666,0.4549593297172603,0.7436686431476522,0.7348365772195959,0.5858538063861748,0.5784943558219583,0.7243776643057754,0.7203278314852255,0.4879537264311936,0.48294326600591764,0.583946316247324,0.5809433675550197,0.3972687596486822,0.39516771523611494,0.6042231671677467,0.5984234046301954,0.5232372910510115,0.5183052446607516,0.7882073049232582,0.7822368107133466,0.7102796172412219,0.7050088786745314,0.5280376658289354,0.5230957039424751
2748,normal,0.0340151440957341,0.0704503004893065,0.0018188919228986323,0.0022959567894396886,0.6114226270883142,0.6096043718080281,0.016056038465604015,0.015067061109521915,0.7476729303233396,0.7452704459881322,0.6201316820313061,0.6168346931683603,0.7771891683190323,0.7761517605975291,0.6433249304256304,0.6395864955283261,0.6795740099717652,0.6779047185941482,0.4416048991242074,0.44067873130505564,0.7128605914785323,0.7095081989316874,0.5650606319142449,0.5610122083864686,0.7026853956296378,0.6999830862783816,0.4741872298185038,0.47264742324461867,0.5701410055645585,0.5701464170267642,0.3883251063545317,0.38817016004586063,0.5836803059998651,0.5836344519767763,0.5066381424575268,0.505186763551901,0.7736525012869313,0.7698604818434924,0.6955118146518189,0.6948373963740045,0.5119443151499101,0.5118608878949701
2750,normal,0.0349445820978902,0.0736881884228407,0.0019303138669540091,0.002405026914429578,0.6114226270883142,0.6094923132213603,0.016056038465604015,0.015037679823873456,0.7476729303233396,0.7451197911947488,0.6201316820313061,0.6167013281416536,0.7771891683190323,0.775980421316726,0.6433249304256304,0.6393780683388061,0.6795740099717652,0.6778388377910555,0.4416048991242074,0.4406317141366325,0.7128605914785323,0.709369712123367,0.5650606319142449,0.5608623458082953,0.7026853956296378,0.6998324705938205,0.4741872298185038,0.47257286520642805,0.5701410055645585,0.5700587177118873,0.3883251063545317,0.3880945108851294,0.5836803059998651,0.5835724684554141,0.5066381424575268,0.5051129612632822,0.7736525012869313,0.7697244123430376,0.6955118146518189,0.6947085434964773,0.5119443151499101,0.5118101559563631
2753,normal,0.0347350786098813,0.0727152728394233,0.002074055925738975,0.002575041715007789,0.6114226270883142,0.6093485711625753,0.016056038465604015,0.014804295112052706,0.7476729303233396,0.744581669535694,0.6201316820313061,0.6162941449514029,0.7771891683190323,0.7755622661618001,0.6433249304256304,0.6391085153610929,0.6795740099717652,0.6776405522646481,0.4416048991242074,0.440561205869396,0.7128605914785323,0.7092914175414688,0.5650606319142449,0.5607663049105388,0.7026853956296378,0.6996462665230484,0.4741872298185038,0.47242258065385667,0.5701410055645585,0.5700668088477595,0.3883251063545317,0.38815366878453406,0.5836803059998651,0.5836324239266765,0.5066381424575268,0.5051080544320861,0.7736525012869313,0.7695931596157767,0.6955118146518189,0.6946187214890645,0.5119443151499101,0.5118779488949357
2757,normal,0.0350353377603764,0.0733672720527993,0.0023496110673501026,0.0028312292905923655,0.6114226270883142,0.6090730160209641,0.016056038465604015,0.014929858700980523,0.7476729303233396,0.7445169265168139,0.6201316820313061,0.6160999021493483,0.7771891683190323,0.7755420950989815,0.6433249304256304,0.6388272158198205,0.6795740099717652,0.6772955200371815,0.4416048991242074,0.44033186658230866,0.7128605914785323,0.7088367224359776,0.5650606319142449,0.5603020238869955,0.7026853956296378,0.6993059868434047,0.4741872298185038,0.47220692270581366,0.5701410055645585,0.56984923315717,0.3883251063545317,0.38795671028506323,0.5836803059998651,0.5833504461702487,0.5066381424575268,0.5047992448790488,0.7736525012869313,0.7690796849098509,0.6955118146518189,0.6943347982812569,0.5119443151499101,0.5116059725971063
2764,normal,0.0319480416209514,0.0618728505502968,0.003320089012302094,0.004250115351684716,0.6161726362226579,0.6192532183383425,0.007011046961335049,0.006531258185690152,0.7310118638696055,0.7395507002933964,0.6091257641149581,0.6152483436705367,0.7739204982484572,0.7824274476314915,0.6414976422043575,0.6438093297215502,0.6802556288383367,0.6877534058213848,0.4484197895427909,0.4504461470049375,0.7244136108544523,0.7260037870634881,0.5712985842558239,0.5723600211163508,0.7198268387093829,0.7184150476267227,0.4843978047969195,0.48377378725833114,0.579059480607407,0.5829561422324977,0.3918609692847773,0.396047264512464,0.5948285660238984,0.596215912260301,0.5152054449573898,0.5161817042552398,0.7841643039131674,0.7847789833715627,0.7058492764644011,0.709175067422413,0.5197987490990589,0.5221616204891547
2767,normal,0.0275286817963086,0.0419064233437198,0.005461278600962408,0.005947165532339342,0.6031038684193011,0.6085651470202634,0.008887966580581778,0.006765978580101196,0.7021579260565479,0.7118893970348943,0.59417066388745,0.5989071341604214,0.7590019527981405,0.7679268401327125,0.6288471852878522,0.6340398368009471,0.673666646461479,0.6805826359161907,0.4453580271808185,0.44704461872991064,0.7175761095911527,0.7216943212954814,0.5640821295861541,0.5680189646243966,0.7051125026143805,0.7091559151562299,0.4720536768379393,0.4758319975716777,0.5634826920051718,0.5714527902059932,0.3825013321164802,0.3883684585041165,0.5837429366741573,0.5863944818779152,0.5039608604263196,0.508007962415768,0.761523498256659,0.7694949816544283,0.6853958698780779,0.6938015958238083,0.5101317534693373,0.5129955674395871
2776,normal,0.0517670577194949,0.0718441618755025,0.006084749963328408,0.006998007608990165,0.6010069934272518,0.6068105887913764,0.01918609897878471,0.014168022320998903,0.7408570395013574,0.7410958610001634,0.6149524265412599,0.6125626124480286,0.7715737607618905,0.7732877641528113,0.6290580262364607,0.6348270805130002,0.6679864892400501,0.6767231922431352,0.4366665727339296,0.4402255809812108,0.6972993817068851,0.7035123730734244,0.5493434382692861,0.5530692047034048,0.6898672368664657,0.6958896844870142,0.4651450290913496,0.4704965084438116,0.5593899671567413,0.5719134475800637,0.3825845288913096,0.38879663727232283,0.5734715060902166,0.5830582513734761,0.498177931238912,0.5007930256394186,0.7556207167819264,0.7627587625208745,0.6827376654119853,0.6951045259179234,0.5023871717432533,0.511665497103316
2784,normal,0.0451391111813176,0.112822766431437,0.009708398037843971,0.010203888927508389,0.6050233125482691,0.6147317105861131,0.010852260644951381,0.008689550225803476,0.692312750424796,0.70651601912711,0.5878260759121435,0.5979874887872633,0.7570742755770321,0.7689055625585106,0.6268090561179709,0.6372101115308472,0.6775291533720508,0.6872120954283713,0.4478765736398603,0.4532294193672984,0.7229989554206663,0.7304934538792687,0.5683019208760457,0.5761050565149846,0.7049608084278342,0.718004253737619,0.472917257806263,0.48225252445495603,0.56946906566407,0.5804623250085664,0.3888242870035076,0.3949439652317685,0.5885654985946662,0.5966817462969313,0.5114572501136998,0.5155300629450174,0.7631406986606953,0.7790966379338161,0.691081473874998,0.7040716721930653,0.5142512118342755,0.5217366849685285
2792,normal,0.0495920938220105,0.1112088736223086,0.001452553993836693,0.0017400828334388674,0.6117923231246188,0.612185502575809,0.00904701356384606,0.00847785395830112,0.7105641914036591,0.7076205487363479,0.6022632505906471,0.5992412245966106,0.7693946473815072,0.7680873976452932,0.6306744735091251,0.6334508042995002,0.6810887185641463,0.6834217255184696,0.4504445033628048,0.45135941866000223,0.7303080084952278,0.7297552849450771,0.5754572191502099,0.5746722456621373,0.7137590712475262,0.7138869336825405,0.4788099279430601,0.47902455830333573,0.5727065942755151,0.5750064327931842,0.3903218289504351,0.3916401122771521,0.5916970323092823,0.5934876178692594,0.5135990757386656,0.513924108530547,0.7760783018929858,0.7756842337162745,0.6962502047812891,0.6982223682694346,0.5170524435224334,0.5186685282835849
2805,normal,0.0426492892555424,0.0557469805786709,0.008317975364849335,0.010039061048024848,0.6214368106895276,0.6133563685451684,0.011553775412355978,0.004241333945911242,0.7340411486793753,0.7236439005239962,0.6143050196050043,0.60621325239382,0.7973878731141242,0.7733326476856335,0.6460658627575399,0.6370708465431418,0.6916159432811947,0.6839390394154129,0.4525186004467215,0.4492208735425842,0.7363595900730906,0.7238192158713892,0.5821844226558343,0.5692583478731126,0.7236191933730433,0.7116767172444072,0.4843978047969195,0.47834022546322624,0.5802811895173862,0.5771106878085825,0.3943568725296565,0.3928497427179598,0.5923233390522055,0.5930147842929525,0.5210954654260457,0.512687949221927,0.7882073049232582,0.7753109594112808,0.7080644468528114,0.7006397834872591,0.5176017046377586,0.5189292917711777
2807,normal,0.0233954600555238,0.0627832033104146,0.007746465281408785,0.0101921780226608,0.6182025705391014,0.6106704064348374,0.012730943555210247,0.003684217290063002,0.7257106154525083,0.7191610594735395,0.6080251723233233,0.6032997022899887,0.7948735115213742,0.7690708575489713,0.6438871729552529,0.6346156537444139,0.6894953512518612,0.6827656530612605,0.4516297016964715,0.4478333685514714,0.7360452221989159,0.7203266284225457,0.5821844226558343,0.5663603099569702,0.7198268387093829,0.7082571407850945,0.4813498719675417,0.47650100717456156,0.5760052083324589,0.5754149923029418,0.3909042063742403,0.3913891320074302,0.5910707255663591,0.5907597012894045,0.5194890962073214,0.5098928808663296,0.7817385033071128,0.7703313787645357,0.7014189356875801,0.698291665823051,0.5157891429571857,0.5171257773297264
2809,normal,0.0236765921439533,0.0629577310560937,0.009820685552194749,0.011984219448855969,0.6172066595132424,0.6073859739610478,0.01287396574445241,0.005189975915292936,0.7241959730476234,0.7118059550627973,0.6073130246934421,0.5984475682527595,0.7965497525832075,0.765300192190431,0.6418490437853714,0.6320329562119024,0.6901012346888137,0.679499609834674,0.4530124330857493,0.44584599791291074,0.7371455097585274,0.7182736958467593,0.5797381668356072,0.5652495121364738,0.7160344840457226,0.7068850196042,0.4777939503332675,0.4748958451300452,0.5747834994224797,0.5717010547340112,0.3907378128245816,0.38866132402171344,0.5916970323092823,0.5860064422567777,0.5184181833948386,0.5067801584615378,0.7768869020950039,0.7676945144218842,0.6992037652991697,0.6937141168171064,0.5170524435224334,0.5127675944418267
2810,normal,0.0387945684869976,0.049650538636525,0.00403473484674798,0.005890433697652966,0.6165832056075675,0.6154208872130001,0.013027406363043729,0.006450893873426332,0.7181374034280837,0.7151148041500957,0.6020042878161448,0.6031173674348748,0.792359149928624,0.7735620267296487,0.6398811949316928,0.6404102431133598,0.6874504946521468,0.6888855591846975,0.4534568824608743,0.45320828615911696,0.738167205349595,0.730309078737866,0.580349730790664,0.5746543351818603,0.7183098968439188,0.716761756028663,0.4777939503332675,0.4811954650325511,0.5753943538774693,0.579248405679463,0.3898226483014593,0.3940541814853918,0.5929496457951288,0.5954344545893252,0.5210954654260457,0.5147090172188067,0.7785041024990402,0.7778855799696069,0.6969885949107592,0.702715642552769,0.5192494879837338,0.5208888793729042
2812,normal,0.0619911589086294,0.053929847988459,0.004409047092268287,0.0056937353365046975,0.6201165663394377,0.6165297226938367,0.014732595787347692,0.010678772726266095,0.7087466205177972,0.7040648039598475,0.599349919377496,0.598178120546761,0.7804578383896073,0.7704879781701733,0.6400217555640985,0.6384946788638011,0.6924490330070043,0.6893145118080519,0.4570124774618743,0.4555827699145745,0.7468123218893992,0.7358626724616205,0.5870769342962884,0.5782815834533448,0.7281700189694358,0.7196124530975866,0.4823658495773342,0.4827514893145039,0.579059480607407,0.5816484544665893,0.3943568725296565,0.39583219305676615,0.6010916334531305,0.6003126362282091,0.5264500294884602,0.5193994378663707,0.7898245053272944,0.7810730899099078,0.7028957159465203,0.7054345111197315,0.525840621367635,0.5246739015573844
2817,normal,0.0392203151859606,0.0616466805122875,0.0030602252460620446,0.003774256751633762,0.5992378003539557,0.6010152467949592,0.019019577148129116,0.01568666522329121,0.7370704334891451,0.7369950231554329,0.6089315420340814,0.6083745980540778,0.7629411192934488,0.7660357948116984,0.6329234436276151,0.6292897037444791,0.6679864892400501,0.6687890820657677,0.4327159116217072,0.43432130624793824,0.7019363078509618,0.6988878029240244,0.5549698266558084,0.5515935876089167,0.6881227537211819,0.6903091777651529,0.4659578111791836,0.46670226068204396,0.5554804986448078,0.5627770999775455,0.3770935417525753,0.38216893232615445,0.5696510349583849,0.5752604222075092,0.4984992050826569,0.49828642341034046,0.7549738366203119,0.7578559150773452,0.6789718757516875,0.6856280440727329,0.4988169744936401,0.503984021383148
2822,normal,0.042479989387479,0.0604957341911836,0.0028163818909652054,0.003895223212883822,0.6165839748666242,0.6147657848853241,0.011948607545907755,0.010910468081615965,0.7088980847582858,0.7021684235450544,0.6020690285097703,0.5966331776004351,0.7760996116288407,0.7683263459569245,0.6361563381729441,0.6364932198080607,0.6868446112151944,0.6871626995571898,0.4551359134335687,0.45438587228288135,0.7420968037767787,0.7340594834005599,0.5779034749704369,0.5771074153456395,0.7190683677766508,0.7182465894135175,0.4803338943577491,0.48126236793157595,0.5778377716974278,0.5793136518313915,0.3922769531589238,0.3943390236799957,0.6004653267102074,0.5985029286487825,0.5237727474572529,0.5180643409908182,0.7801213029030766,0.7794390919046097,0.6992037652991697,0.7025670023253483,0.5236435769063346,0.5229467088277251
2841,normal,0.0269656524541556,0.0395479110822383,0.0036273819321763602,0.004280568999412584,0.6161341858768375,0.6148064517836229,0.011097938912819868,0.0057537371669408345,0.7347984698818179,0.7277893061877009,0.6117153918599811,0.6086015823642735,0.7823855156107157,0.7777206809049783,0.6380539067104198,0.6402851812758332,0.6841181357489085,0.6850909681346791,0.4484691728066937,0.44920214749205456,0.730229416526684,0.7245011225819108,0.5791266028805504,0.5705352088780532,0.7175514259111866,0.7142850634984517,0.4783019391381638,0.48006229580393217,0.5735007050670015,0.5780062996730334,0.3922769531589238,0.392742802983077,0.5898181120805126,0.5921056914019466,0.5173472705823556,0.5123396085568493,0.782547103509131,0.777810137574382,0.6969885949107592,0.7024136011900874,0.5170524435224334,0.5182179818203482
2842,normal,0.0308974885147598,0.0347461665803754,0.003038567972661398,0.0039809382490137235,0.6095831704398346,0.6111190825971503,0.011758849329201668,0.0066316885751263035,0.720409367035411,0.7184354887652954,0.6042054713994143,0.6031544810456583,0.7736690620891823,0.772313909637064,0.6347507318488881,0.637322718293556,0.6810129831345273,0.683377462941471,0.4469382916257075,0.448654128043884,0.7239420590431902,0.7234114663347753,0.5726440249569488,0.5694364512800986,0.7114836584493299,0.7109873483749413,0.4746952186234001,0.4771793689238522,0.5651930844791427,0.5734676642060529,0.3861619902089698,0.38985261381192104,0.5849329194857115,0.5883761632805017,0.5098508808949754,0.5096907366499073,0.7760783018929858,0.7720803692432612,0.6864296160593362,0.6965730197529253,0.5105162362500648,0.5147110135663912
2846,normal,0.0467427327781482,0.0760054672490404,0.008951409021501025,0.009491689247889026,0.6252871028058423,0.6163356937843412,0.013610072313622908,0.010497180317971252,0.710488459283415,0.7035025670130367,0.6077014688551954,0.5975524598283977,0.7819664553452573,0.7694582822728832,0.6466281052871623,0.6386045365161035,0.6971446296433856,0.6894975450770261,0.4649631829502216,0.45536994692310506,0.7499560006311461,0.7345018683022101,0.5907463180266289,0.5774525358210203,0.7296869608349,0.7195777540877693,0.4889697040409862,0.4829541616296305,0.5882222974322512,0.5822535226680529,0.3993486790194149,0.39632806281337396,0.6086073143682093,0.6002171069206206,0.5296627679259087,0.5186942519220268,0.7930589061353671,0.7809148089752924,0.7124947876296324,0.7059435820143094,0.5302347102902357,0.524883801548942
2867,normal,0.057652829253861,0.0770019111487529,0.0065766557905413674,0.007551481425828094,0.6058857799989451,0.6124624357894862,0.010706622375100248,0.005885280480658197,0.7211666882378536,0.7221171785114325,0.5957891812280894,0.6050581966045705,0.7657069170454739,0.7740411438896483,0.6355238153271189,0.6384567261797862,0.6755600322019554,0.683560695655624,0.4438765292637352,0.448465632814878,0.7180476614024147,0.7232308910199481,0.5684853900625628,0.5695312057873614,0.7047332671480145,0.7123296524761346,0.4724092690013667,0.4785165454993705,0.5632383502231759,0.5754434475339371,0.3834164966396026,0.3910477952609692,0.5827408458854803,0.5897167316781012,0.5098508808949754,0.5104795403751966,0.7639492988627135,0.7743430134211338,0.6853220308651309,0.6993657380173017,0.5102416056924022,0.5161572736958754
2874,normal,0.0310065023086818,0.0735796502528374,0.0019901756962316794,0.0023212065642602203,0.5993982664947667,0.6004790827953875,0.016516923901106158,0.01532009273879216,0.7355557910842602,0.7358859870727161,0.605629766659177,0.6079648029360484,0.7699813317531489,0.7669449802770866,0.6279335411772158,0.6274079109503965,0.6653357492033832,0.6681598932366455,0.4341974095387906,0.4351542545038072,0.700443060448632,0.6981319850624541,0.5509335045524337,0.5494726320568128,0.6871367415086301,0.6875608589243624,0.4624018895449096,0.4648249557037527,0.5596953943842361,0.5634413606208303,0.3807126014576502,0.38318817854791576,0.5740978128331398,0.5768968520817688,0.4981243855982878,0.49772876032027713,0.7534374962364774,0.7550666984844798,0.6804486560106279,0.6850019870524283,0.5037053984200336,0.5053123096898079
2876,normal,0.0455299335508977,0.0455977000138145,0.00317070649805897,0.0036396189152884347,0.6211128086997062,0.6180936481137873,0.009481297895212725,0.008323493610586659,0.7491875727282244,0.7429818202291589,0.6214264959038176,0.6165818381313168,0.784313192831824,0.7828349521374234,0.6414976422043575,0.6421159778473706,0.6891924095333849,0.6858929984175147,0.4494568380847492,0.4487373853711994,0.7259854502253258,0.72257859162748,0.5742340912400963,0.5698312525720957,0.7221022515075792,0.7158956619630552,0.4838898159920232,0.4823675099599805,0.5857788796122928,0.5819805007158547,0.394772856403803,0.39544266101398035,0.5985864064814377,0.5943201060299255,0.5168118141761142,0.5143440734788551,0.7873987047212401,0.7829015342646334,0.7095412271117517,0.7079973357398008,0.5247420991369848,0.5207878184347398
2890,normal,0.1524623162362814,0.0991654050324059,0.003146349565966051,0.003856429846927776,0.6029569133429934,0.6025330357851626,0.01816444032031163,0.013811960693437892,0.7431290031086848,0.7358603559603138,0.6136576126687485,0.6074647295764055,0.774758618779374,0.7680890427574091,0.6254034497939147,0.6295078411460786,0.6645026594775737,0.6709574244814412,0.4353826078724573,0.4364027769969653,0.7035081472218352,0.7003491463056907,0.5497103766423201,0.551310935364348,0.691080790358837,0.6914482466375121,0.4653482246133081,0.4668504069250156,0.5692858093275731,0.5657734478857147,0.383374898252188,0.38485516928692687,0.5772293465477559,0.5793804484345314,0.4993559353326432,0.4997386416512492,0.761523498256659,0.7592692345432304,0.6895308546031107,0.6882406563849487,0.5034856939739035,0.5075631040099836
2892,normal,0.0559825595967901,0.0586468609081326,0.003427554919774909,0.003980297848021759,0.6186743686876155,0.6201354735744073,0.017352213676607862,0.012582419318301154,0.7605473907648613,0.7545927900380001,0.6279005652663752,0.6234474638776426,0.7915210293977074,0.7900172100055435,0.6407948390423294,0.6472116507625695,0.6843453420377655,0.6892309762614731,0.4460493928754575,0.449271677663479,0.7220558517981421,0.721153689328968,0.5649994755187392,0.568567368412803,0.7160344840457226,0.7147393141955547,0.4818578607724379,0.48229231072331125,0.5827246073373447,0.5832304715237687,0.3922769531589238,0.3961944050198257,0.5885654985946662,0.5953624657371617,0.510386337301217,0.5135775532990422,0.7849729041151856,0.7823669326619287,0.7065876665938712,0.7093054023809334,0.5158440690687182,0.5217413688729197
2897,normal,0.0485572292058944,0.0432912086144463,0.003415728489481103,0.00412799597876701,0.6163048213237845,0.6141425105767352,0.010131121944604842,0.005244015716214705,0.7355557910842602,0.730119955221309,0.6149524265412599,0.6087338936357386,0.782050267398349,0.7755150637558766,0.6381944673428255,0.6390013056369486,0.6842696066081465,0.6836568782845043,0.4493580715569437,0.44772485284124475,0.7286575771558106,0.7211205941053938,0.5690969540176195,0.5679957291667932,0.7190683677766508,0.7127058439162758,0.4849057936018158,0.4799069576826585,0.5778377716974278,0.5789569101858834,0.3914449854106308,0.3934062856156037,0.5885654985946662,0.5915263784487115,0.514134532144907,0.5112565326807602,0.7809299031050947,0.7770719902135157,0.7036341060759905,0.7033917720522699,0.514525842391938,0.5183317363610119
2917,normal,0.0368630173777525,0.0441358562405104,0.003120399132923446,0.003713143394930263,0.6155306804994518,0.6175893888711433,0.009243249001906064,0.006329216944902569,0.7393423970964725,0.7367800237291359,0.6188368681587946,0.6133090250378704,0.7811283348143406,0.7801941798321314,0.634399330267874,0.6418564206804717,0.683436516882337,0.6862562350492409,0.4486173225984019,0.44953248610043367,0.7199338686474629,0.7251827038063962,0.5700142999502047,0.5714116715589243,0.7102701049569586,0.716551957468225,0.4808418831626453,0.48218815122803826,0.5784486261524174,0.5810819954734333,0.3939408886555099,0.394850747582564,0.5923233390522055,0.5946667440844875,0.5125281629261826,0.5152404913844141,0.7768869020950039,0.7824506968300488,0.7043724962054607,0.706567451973964,0.5187002268684087,0.5208986289896601
2924,normal,0.0551606012676528,0.169474953876483,0.0018842330652136872,0.002450332487637624,0.614348492979921,0.6158582460989515,0.007587872207808658,0.008436026236269394,0.710488459283415,0.7096809363383887,0.6007094739436332,0.6001348248623619,0.773501437982999,0.7717371087129296,0.636929421651175,0.6386494643786264,0.6879806426594802,0.6879790136002389,0.4534568824608743,0.45385939299295597,0.7294434968412473,0.732949069227239,0.5760687831052667,0.576921762699551,0.7152760131129905,0.7189962719184703,0.4818578607724379,0.4820866567010025,0.579059480607407,0.5801137333451021,0.394772856403803,0.39473790721685365,0.5948285660238984,0.5976865782259118,0.5130636193324242,0.517153541513814,0.7752697016909676,0.7806891096982149,0.7014189356875801,0.7037160249588026,0.5197987490990589,0.5224987872917126
2939,normal,0.2669039211287209,0.2373914687826232,0.00461080315802043,0.005512375424654657,0.6126761876374854,0.6140905631889818,0.021063665873946678,0.013494769399808365,0.756760784752649,0.748749450017482,0.6285479722026309,0.619277497607831,0.789844788335874,0.7828271210749883,0.6414976422043575,0.6419707203898066,0.6831335751638608,0.6843429501466524,0.4443209786388603,0.44564588229521607,0.716790189905716,0.713920031841116,0.5570491441030013,0.5610876768534246,0.7026095485363646,0.7048301858650645,0.4693105372914992,0.4759669336930642,0.5690414675455773,0.5783868824878337,0.3865363756957016,0.39316108453323834,0.5867492090401889,0.5903102688821069,0.5066381424575268,0.5076390413377255,0.7696095002768405,0.7715679624668681,0.6935181613022495,0.7020746710375926,0.5135371723843528,0.5177812136826823
2944,normal,0.0228955619519453,0.0719749682795035,0.0028727435185305038,0.003320550375779941,0.6160879826360751,0.6181411496122533,0.009400566559879853,0.006556224960832672,0.7408570395013574,0.7403794996968114,0.6143050196050043,0.6150733026048361,0.778027288849949,0.7805702227702374,0.6359454972243357,0.6414984899348113,0.6841181357489085,0.6869845091482886,0.4462963091949714,0.44917519674754836,0.7260640421938694,0.7230537495943414,0.5677515133164946,0.5692329223088094,0.7175514259111866,0.7158976307594199,0.4798259055528527,0.482368290657764,0.5778377716974278,0.5833778007746073,0.3918609692847773,0.3961749024453955,0.5916970323092823,0.5960671888881232,0.5146699885511484,0.5146637437753836,0.7841643039131674,0.7823457756347783,0.7043724962054607,0.7090203893890408,0.5181509657530836,0.52251592827811
2945,normal,0.0439556427153095,0.0953085163496643,0.004706206506367987,0.004956788666963924,0.6064268576219978,0.611133064128366,0.006894038887907003,0.005252425963598935,0.7173800822256412,0.7214657740544068,0.5985082903603637,0.6043374822855432,0.7698137076469657,0.7717748988616512,0.6305339128767196,0.6362377966544909,0.6784379785274794,0.6820234140068525,0.4438765292637352,0.4476203030162088,0.7196195007732882,0.7212118541759021,0.5631036272580633,0.5676569768037458,0.7036714078421896,0.7097791785710175,0.4704281126622711,0.47698587746921894,0.5698966637825628,0.5746069522982016,0.3882003111922878,0.39075337324095766,0.5837429366741573,0.5891414343731174,0.5039608604263196,0.509675525546413,0.7671836996707861,0.7723526954182234,0.690712278810263,0.6980335775301356,0.5101866795808697,0.5156049758761327
2948,normal,0.0603591120343325,0.0555251763339084,0.003201750195011843,0.003956665775799726,0.6082972737267364,0.6109380400285549,0.008984329207795452,0.006731243421808744,0.7079892993153548,0.7067030103432134,0.5932642941766919,0.5966952082232274,0.7653716688331071,0.7659551755171281,0.634399330267874,0.6341787113664151,0.6841938711785275,0.6835568763399933,0.4480741066954714,0.44991148504007894,0.7277930655018302,0.7251686051218219,0.5695862051816649,0.570638451096904,0.7065535973865714,0.7118822916231731,0.4723076712403874,0.47826021732179214,0.5702631764555566,0.5765638259028363,0.3889906805531662,0.39226506001176065,0.5879391918517429,0.5924208764760496,0.5098508808949754,0.5115297307157655,0.7696095002768405,0.7727503784974885,0.6901215667066868,0.6990817020298515,0.514745546838068,0.5183850748579334
2952,normal,0.077234451793436,0.0716028226477629,0.0013613807291104946,0.0018237377888795532,0.6149480211561412,0.6148851828492906,0.01076625928964754,0.010780746227996586,0.7035968363411885,0.7019157537628743,0.594947552210957,0.5963006583420234,0.7651202326738322,0.7676852461611596,0.636929421651175,0.636252480721276,0.6925247684366235,0.6874572995997552,0.4553334464891798,0.45450587253825403,0.7342376069224115,0.7337301182303653,0.5739894656580736,0.5765541450337986,0.7160344840457226,0.7177120081754578,0.4793179167479564,0.4814156284130585,0.5802811895173862,0.5803159105165699,0.3956048241520961,0.39509600238407966,0.599212713224361,0.5992397905399267,0.5184181833948386,0.518176679776591,0.7809299031050947,0.7792912400594443,0.7028957159465203,0.7036134934320233,0.5247420991369848,0.5237857807512829
2954,normal,0.0642584978949453,0.1217698502513713,0.002962502093151654,0.003600323365830038,0.6149480211561412,0.6120833980940528,0.01076625928964754,0.009806768671313073,0.7035968363411885,0.7008091179669248,0.594947552210957,0.5947245105038513,0.7651202326738322,0.7654122835530166,0.636929421651175,0.6348430200651675,0.6925247684366235,0.6847365500300285,0.4553334464891798,0.4516878755240244,0.7342376069224115,0.7290729146921376,0.5739894656580736,0.5739892707505644,0.7160344840457226,0.7145856161628134,0.4793179167479564,0.4798578376328092,0.5802811895173862,0.5770553416531584,0.3956048241520961,0.3927416009917468,0.599212713224361,0.5945518259120239,0.5184181833948386,0.5143699026758857,0.7809299031050947,0.7760824968474982,0.7028957159465203,0.7005647475809704,0.5247420991369848,0.5203328550562768
2955,normal,0.0494441268820917,0.120875787223769,0.0023486854824076473,0.00292890886466611,0.6149480211561412,0.6129783690533667,0.01076625928964754,0.009460060835860382,0.7035968363411885,0.7019501551584709,0.594947552210957,0.5955363072407753,0.7651202326738322,0.7661529131529903,0.636929421651175,0.6358127965153241,0.6925247684366235,0.6858871202293354,0.4553334464891798,0.45220805253601637,0.7342376069224115,0.7293553483983378,0.5739894656580736,0.5741831246590511,0.7160344840457226,0.7154802719026075,0.4793179167479564,0.4807246059648843,0.5802811895173862,0.5786523844786803,0.3956048241520961,0.393742143004381,0.599212713224361,0.5955707244900339,0.5184181833948386,0.5147154215784305,0.7809299031050947,0.7769599750924302,0.7028957159465203,0.7023182861068892,0.5247420991369848,0.5213826433985971
2957,normal,0.1033527421671561,0.051029832674797,0.0035378377090981147,0.004065849647600774,0.6017810791349719,0.5987548645431033,0.017299665510339776,0.015454966209349474,0.740099718298915,0.7344600403462371,0.6117153918599811,0.6052959176362155,0.7704842040716989,0.7644133259180742,0.628214662442027,0.626304830927205,0.6631394217444307,0.6670816730983997,0.4344443258583045,0.4336388723482257,0.6996571407631953,0.6948678642957183,0.5487930307097351,0.5468775956855121,0.6927494264108476,0.6870697226072102,0.4633162693937229,0.4637228145362058,0.5656817680431344,0.561814787451718,0.3828757176032121,0.3818557063043928,0.5765404091305404,0.5748133168646706,0.4999984830201329,0.4952826421244291,0.7589359776102008,0.75398306128489,0.6887186254606935,0.683732174327668,0.5049137728737488,0.5036183514759847
2977,normal,0.0853631651077587,0.1220252484615453,0.0016845067960734987,0.0022953585372567187,0.614555771231399,0.6142173111698404,0.008980106206125377,0.010343288610975518,0.7073834423534008,0.7027658292505491,0.5990262159093682,0.5966198278809819,0.7748424308324656,0.7684653960352142,0.6374213838645946,0.6362452191087987,0.6862387277782419,0.6864008046597815,0.4549383803779576,0.45379512973706077,0.7319584398346449,0.7330486211054899,0.5766803470603235,0.5762695412974382,0.7152760131129905,0.7171366273616647,0.4798259055528527,0.4807305547653098,0.579059480607407,0.578845583443808,0.394772856403803,0.3939227923655943,0.5960811795097448,0.5974685396641429,0.5146699885511484,0.5171881023546817,0.7776955022970221,0.7784544868132253,0.70068054555811,0.7021505732655289,0.5208972713297091,0.5221866607780143
2980,normal,0.0385320368750157,0.0777216528434346,0.003784152722803446,0.0041705626753867206,0.6145042530460854,0.6171696781358944,0.013653657409659346,0.00967681113471253,0.7461582879184546,0.7449749903822863,0.6214264959038176,0.6174893294269966,0.787330426743124,0.7829417058756611,0.6379836263942171,0.6415940588532638,0.6796497454013843,0.6852774977723015,0.443678996208124,0.4478521656622499,0.7174189256540654,0.7203381486061333,0.5653052574962676,0.5680766018089717,0.7058709735471127,0.7138444728651694,0.4760667883966202,0.4811873253461544,0.5760052083324589,0.5808432578963084,0.3914449854106308,0.3946901359083708,0.5910707255663591,0.5929688540400334,0.5119927065199412,0.5128190674895737,0.7768869020950039,0.7809367741529624,0.70068054555811,0.7063828351471113,0.5176017046377586,0.5196673070766562
2991,normal,0.0487679472659643,0.0733128556578821,0.00265235130032103,0.004315160319578971,0.6123305896350368,0.6103695655510002,0.009435598616214614,0.0052365081023349885,0.7272252578573932,0.7185583339744569,0.6110679849237254,0.6029076448888923,0.7831398240885407,0.770995234377731,0.635875216908133,0.6356357446541313,0.6844968128970037,0.6824166724508678,0.4480247234315687,0.44753896297869594,0.7226845875464915,0.7209951778507576,0.5670176365704266,0.5672271501738446,0.7104976462367784,0.7090445248241082,0.4777939503332675,0.4764724345186992,0.5747834994224797,0.5741413037628091,0.3892402708776541,0.39037499433803347,0.5853087035314655,0.5884116787667902,0.5087799680824926,0.508960276021258,0.772035300882895,0.7704572996693597,0.6977269850402293,0.6969747648509578,0.5139216551650804,0.5151704162656111
3007,normal,0.0570399773610399,0.1462458586554892,0.0005935296868355896,0.0007639794673494186,0.614868654049106,0.6148094466934868,0.019331534344226794,0.018743730958022013,0.7560034635502065,0.7544602922490935,0.6253109375213521,0.62545918240963,0.7890066678049574,0.7887734851268905,0.6464172643385538,0.6458595173138375,0.6870718175040516,0.6866302560403923,0.4491605385013325,0.44908667996957036,0.7262212261309567,0.7256876161685472,0.5624309069075009,0.5637862393635624,0.7034438665623699,0.7026513755722298,0.4699709227378645,0.47008665048597303,0.5701410055645585,0.5710975509755659,0.3885746966790197,0.3891083980318724,0.5891918053375894,0.5903109599067843,0.5130636193324242,0.5129747311084413,0.7679922998728043,0.76670854518779,0.6922628980821502,0.6925473034392113,0.5165031824071084,0.5165318104398847
3015,normal,0.0702558909787483,0.1018906443570052,0.0013310435630012657,0.0016742877757711324,0.6164004883907485,0.6153435348309714,0.020594971923468815,0.01902562145252286,0.7590327483599764,0.7554319352537758,0.6279005652663752,0.6263286990938128,0.792359149928624,0.7895846618941433,0.6497204392000857,0.6466059410318105,0.6888137323852896,0.6872618927863822,0.4500988205154853,0.44959000192606907,0.7290505369985291,0.7266881539039414,0.565611039473796,0.5643846576915854,0.7045057258681948,0.7033775378886188,0.4707837048256986,0.4704613849093573,0.5711794581380409,0.5714009157494603,0.3889074837783369,0.3892401839897733,0.5898181120805126,0.5905197680189079,0.5146699885511484,0.5133813675208433,0.7679922998728043,0.7671445418020517,0.6924105761080442,0.6927427017503093,0.5159539212917832,0.5166957469156729
3018,normal,0.145125811161203,0.2003082142007605,0.0026465226908341487,0.003233360597706931,0.6121553553299097,0.6136147330245586,0.019501938108492066,0.01814559252177104,0.7514595363355518,0.7548409049730551,0.6233687167125849,0.6233774844415985,0.7851513133627407,0.7872899356874629,0.644168294220064,0.6448505805884641,0.6840424003192893,0.6865106405506094,0.4479259569037631,0.4474545955290441,0.7246493867600833,0.7182576143233095,0.5620028121389611,0.560886981362184,0.700182441551622,0.7006726735981477,0.4674309787133829,0.4704978609638013,0.5680030149720949,0.573043802348499,0.3869107611824335,0.39030817143420665,0.5869997317373581,0.5892916115154947,0.510386337301217,0.5082745694219122,0.7623320984586772,0.7652581999550869,0.6879802353312233,0.694407665252722,0.5136470246074177,0.5162271694718981
3024,normal,0.0915782229017139,0.0990309749248189,0.001551151872356787,0.001988968118491778,0.616856311579352,0.6160834487951571,0.017962962037086774,0.017917395449242448,0.7529741787404367,0.7552938976287488,0.6266057513938637,0.6258861002810356,0.792359149928624,0.7900153362913466,0.6476823100302044,0.6471935728757322,0.6856328443412896,0.6878766280411831,0.4505926531545131,0.44986930596216107,0.7310153362121209,0.7258386199488532,0.5675680441299776,0.5648592241522916,0.7045057258681948,0.7042628873326529,0.4703773137817815,0.47174790072339606,0.5732563632850056,0.5734506315410615,0.3911121983113135,0.3907154454783459,0.593575952538052,0.5916006364318319,0.5157409013636313,0.5131174049061027,0.7696095002768405,0.7684359713878578,0.6946995855094018,0.6951866849729015,0.5192494879837338,0.5180683815621683
3035,normal,0.1121343422233938,0.0527812344024639,0.005217200059185987,0.006981696056947477,0.6130399746190291,0.6166260412466973,0.013706368188977067,0.006950924717517819,0.7378277546915876,0.739459282511914,0.6155998334775157,0.6144708759683019,0.7816312071328907,0.7797805820008572,0.6430438091608192,0.6417848890583676,0.6863144632078609,0.6864754129822566,0.4506914196823187,0.4489473921833288,0.7281074333760049,0.7211667330768842,0.567690356920989,0.5670864747418799,0.7063260561067518,0.7117467372412541,0.4710884981086363,0.4799115406084697,0.5698966637825628,0.5818216376805702,0.3891986724902395,0.3960434137449549,0.5885654985946662,0.5952070754729561,0.5130636193324242,0.5127260978854407,0.7655664992667498,0.7774698032428491,0.6905646007843689,0.7065599446854101,0.5165031824071084,0.5219848081081571
3046,normal,0.1186032569340382,0.3812146499065681,0.005693263194552731,0.006940714210405368,0.6179793820115511,0.6130586843397424,0.009574791819302512,0.009352888731314988,0.7151081186183139,0.7028452379505665,0.6097731710512139,0.5959753674183106,0.7759319875226574,0.763766918102408,0.6400217555640985,0.6339725342981886,0.6944938896067188,0.6875190473826932,0.4605680724628744,0.45385562580416083,0.7371455097585274,0.7291847391807146,0.5704423947187444,0.5723924804004658,0.7117111997291496,0.7127595735249467,0.4793179167479564,0.4789394321362803,0.5808920439723758,0.5799979253518674,0.3981007273969753,0.3956642847105042,0.6067283941394396,0.5994978807608424,0.5205600090198043,0.5158370272193089,0.7704181004788587,0.7739864479446654,0.7058492764644011,0.7018198603237,0.5285869269442605,0.5239832512660001
3049,normal,0.0756076068814597,0.0998667804187116,0.005232202324133017,0.006152195196449276,0.6131182139489252,0.6121645708063199,0.014682329705090981,0.008337214059414809,0.6946604461523675,0.7020813775554854,0.5974724392623544,0.5938682832502316,0.7653716688331071,0.7633107748373885,0.6297608293984888,0.6352018124436939,0.6886622615260516,0.6862827855955062,0.4575556933648049,0.4511304900510217,0.7375384696012457,0.7244132916079571,0.5695862051816649,0.5697348101184107,0.7086773159982213,0.7131523978453427,0.4754064029502549,0.4803398101128427,0.5778377716974278,0.5817576433574083,0.3968527757745357,0.39616762652459875,0.6048494739106699,0.5960521110532752,0.5205600090198043,0.5123520015769651,0.7663750994687679,0.7740193926122655,0.7021573258170503,0.7045419056617802,0.5296854491749107,0.5223911895032649
3062,normal,0.131620074949777,0.2873290239350314,0.010054647896916066,0.011298299450079341,0.6245572261705229,0.6145025782736068,0.013794803232287385,0.012087167600180679,0.7560034635502065,0.7476275382997162,0.6279005652663752,0.6175225104579959,0.7931972704595408,0.7812588329129967,0.6475417493977987,0.6411103369075126,0.7028247868648145,0.6867015153379139,0.4609631385740966,0.4471581010983606,0.7365953659787217,0.7158814111012302,0.5754572191502099,0.5629281675985044,0.7152760131129905,0.705875448822761,0.4772859615283712,0.4755633892114481,0.5802811895173862,0.5776005107800963,0.3985167112711218,0.39371799541634483,0.6067283941394396,0.5927495237290118,0.5237727474572529,0.5089020644934995,0.782547103509131,0.7715610874710289,0.7028957159465203,0.7011901351704799,0.5296854491749107,0.5191952618424142
3063,normal,0.0456548175215941,0.0665630686003322,0.0049349114743619735,0.005681079647382241,0.6223483514481081,0.6186253409434931,0.012189515098033463,0.008347312614646931,0.7491875727282244,0.7440989034506826,0.6233687167125849,0.6185153528217943,0.7874142387962157,0.782847729491287,0.6433952107418331,0.6432733231974666,0.697901983939576,0.6909152379995127,0.4594816406570132,0.4518864628621788,0.7353378944820229,0.7239512063536199,0.5748456551951531,0.5681417669070934,0.7137590712475262,0.7104534538262931,0.4759143917551511,0.47881599153683196,0.5796703350623966,0.5822387090312333,0.3981007273969753,0.3971599097593215,0.6073547008823628,0.5995652127375279,0.5237727474572529,0.5158185016363535,0.7793127027010583,0.7774469975486771,0.7014189356875801,0.7062501201799118,0.5296854491749107,0.525251916699597
3064,normal,0.073028961367076,0.0629579992885976,0.003614882902426414,0.0043761516382297486,0.6211584078195223,0.6187581484838274,0.011185904432146773,0.008838188720084466,0.7446436455135698,0.7445418399409269,0.6207790889675618,0.619035305945766,0.784313192831824,0.7832708231208653,0.6402325965127069,0.642909443340574,0.6971446296433856,0.6903868277547958,0.4592841076014021,0.4522619229829177,0.7340018310167804,0.7263050322146767,0.5739894656580736,0.5697185823129354,0.7122421293820621,0.7112361331905231,0.4752032074282964,0.47835428677666886,0.5796703350623966,0.5806094118559699,0.3985167112711218,0.3962189268202981,0.6067283941394396,0.5997164594908841,0.5221663782385286,0.517204744050435,0.7793127027010583,0.778176964532407,0.70068054555811,0.704237842905515,0.5307839714055609,0.5247039769889065
3071,normal,0.0545330275060071,0.0517405185418608,0.006342286644828175,0.007347433250489405,0.6231365523546446,0.6190376672735676,0.009543705752506374,0.0055700529426249805,0.7287399002622781,0.7381175548214751,0.6110679849237254,0.6156584553723041,0.7792844696463239,0.7801921696034395,0.6367888610187693,0.6409819493457637,0.6926762392958614,0.6898875828774168,0.4592841076014021,0.4528410040623024,0.738167205349595,0.7277253559250251,0.5779034749704369,0.5711696209415826,0.7167929549784546,0.7132863637263971,0.4803338943577491,0.4799206748026243,0.5863897340672825,0.5825701507195034,0.4026765500125872,0.3976502541754041,0.6148703817974414,0.6013947067530405,0.5301982243321502,0.5186757001796634,0.7890159051252763,0.7803611677719505,0.7117563975001623,0.7068180184033788,0.537375104789462,0.5263896141693789
3076,normal,0.069317938591985,0.0455825107512393,0.008327027527530884,0.009648443975164933,0.6245588295380119,0.6165985703981239,0.0109803578018725,0.003170866449783397,0.723438651845181,0.7252427328494234,0.6117153918599811,0.6082311996154784,0.7815473950797991,0.7752492958988423,0.6379133460780143,0.6392267963687356,0.6960843336287188,0.6891004327257156,0.462642169546791,0.452741253270871,0.7444545628330889,0.727878323795989,0.5827959866108909,0.5713494562788554,0.7190683677766508,0.7129759394535398,0.4813498719675417,0.479588224852077,0.5888331518872408,0.5814035008819057,0.4047564693833199,0.39668950244667645,0.6173756087691342,0.5993654740526807,0.5296627679259087,0.5164821290088739,0.7882073049232582,0.7774203977231126,0.7102796172412219,0.7048443037376853,0.537375104789462,0.5243867338076437
3078,normal,0.150494111369814,0.2438072101269658,0.008656384920407956,0.010231844482202697,0.6245588295380119,0.6165832069448373,0.0109803578018725,0.0020800512366799476,0.723438651845181,0.7269012549257095,0.6117153918599811,0.6083339995222713,0.7815473950797991,0.776175763550725,0.6379133460780143,0.6402372227789683,0.6960843336287188,0.6885790656962899,0.462642169546791,0.45160546266944396,0.7444545628330889,0.7252933856092437,0.5827959866108909,0.5701276219788661,0.7190683677766508,0.7134592390402705,0.4813498719675417,0.4803232208018788,0.5888331518872408,0.5825254993545474,0.4047564693833199,0.3969501006269942,0.6173756087691342,0.598595193096043,0.5296627679259087,0.5145717710160262,0.7882073049232582,0.7780910884523774,0.7102796172412219,0.7063703211564268,0.537375104789462,0.5237743077861509
3084,normal,0.0503747447274793,0.0520543637230298,0.006314368028872442,0.007152077385709404,0.6061040861844736,0.6123406550340876,0.014554350590807794,0.0110123785100248,0.6912525007413766,0.6997885143538483,0.5886029642356505,0.5944115972653772,0.752548424710082,0.761382112795126,0.6232247599916277,0.6320633372435434,0.6800284225494796,0.6866794211238837,0.4547408473223465,0.4540795542986491,0.7281860253445486,0.7302807141755041,0.5683019208760457,0.5732621593172166,0.7029129369094576,0.7122530763980242,0.4701233193793334,0.47809974490094165,0.570996201801544,0.5784023919193189,0.3913201902483868,0.3948030039058328,0.5979600997385145,0.6002668890402084,0.5130636193324242,0.5167557640750335,0.761523498256659,0.7734270656918638,0.6875372012535412,0.6996739324417185,0.5214465324450341,0.5241618566333986
3095,normal,0.0239940248701768,0.0191995717609771,0.011071086748159834,0.011565508565414408,0.6194210555415146,0.6083499687933549,0.01086725575801587,0.005554469033051873,0.7173800822256412,0.7078444700217886,0.6056945073528026,0.5974002694314222,0.7731661897706322,0.7618603350048058,0.6426221272636023,0.6301222899060767,0.6958571273398617,0.6824529312742893,0.4622964866994716,0.44880224243356587,0.7397390447204685,0.721443903600155,0.5821844226558343,0.5658371318385582,0.7167929549784546,0.7070186138281644,0.4823658495773342,0.4741506761725672,0.5802811895173862,0.5730037845586395,0.3989326951452684,0.3905356023882491,0.6061020873965164,0.5910291004760867,0.5221663782385286,0.5101766313221744,0.7776955022970221,0.7686005531580269,0.6999421554286398,0.6946380327205574,0.5269391435982852,0.5170329013519056
3102,normal,0.0372581877660658,0.0611274580430415,0.0023224655423035702,0.0028870165054151564,0.6148422457926488,0.6148000456568521,0.016149992983082753,0.012167483198794592,0.6939031249499251,0.6987579834404627,0.5917105175296782,0.5945086254676211,0.7594210130635989,0.7635042008183425,0.6283552230744326,0.6339371192201836,0.689116674103766,0.6888272882847084,0.4583952088511521,0.4556225437086284,0.7364381820416342,0.7329410622952554,0.5785150389254936,0.5746713793256817,0.7167929549784546,0.7154907658148033,0.4813498719675417,0.4806868382047501,0.5827246073373447,0.5823628678010911,0.3985167112711218,0.3974498912432473,0.6073547008823628,0.6032553616858579,0.5210954654260457,0.5193547637632234,0.7776955022970221,0.777666038431772,0.7028957159465203,0.7049599215728523,0.5280376658289354,0.5276041250880019
3103,normal,0.0393787480470637,0.0927033184784747,0.002272091843406703,0.0027085880252504624,0.6149187567028497,0.6144364296232259,0.016349175053137877,0.012939684810423471,0.6938273928296809,0.6969918976527241,0.5905451850444177,0.5934028768941789,0.7587505166388655,0.7623449233558849,0.6277227002286073,0.6331829648870515,0.6901012346888137,0.688606631262041,0.4583458255872493,0.45577849788631947,0.7355736703876539,0.73314467733769,0.5779034749704369,0.5747294234678623,0.7175514259111866,0.7151697193140693,0.4813498719675417,0.4803820767621472,0.5833354617923343,0.5821134709887501,0.3985167112711218,0.39732943051721475,0.6086073143682093,0.60346641915382,0.5200245526135628,0.5194936482915102,0.7785041024990402,0.7771459076044079,0.7043724962054607,0.704508628649347,0.5285869269442605,0.5276281095698191
3105,normal,0.0705966681144004,0.1965677259748166,0.004811308056733145,0.005523628440425527,0.6023558615590517,0.5986394993261535,0.014674960817195052,0.012829302827310915,0.7310118638696055,0.7282103424983826,0.6117153918599811,0.6046940829902391,0.7651202326738322,0.7609478526062246,0.6272307380151877,0.6231472097114166,0.6723034087283362,0.6688988195624461,0.4379999208593045,0.43636663555934113,0.7046084347814466,0.6974986881723426,0.5542971063052459,0.547424231185093,0.6938112857166725,0.6838682321620686,0.4671261854304452,0.4621904787797492,0.5576184892372714,0.5624255606543271,0.3802966175835036,0.38324791022500115,0.5836803059998651,0.57884038690293,0.5034254040200782,0.4980789267376622,0.761523498256659,0.7512302663658003,0.681334724165992,0.682883399610035,0.5069460390004517,0.5069184648215482
3109,normal,0.038103210810195,0.1061925188237812,0.0030502521233025004,0.0036047919988978065,0.6200147487590688,0.6190107295928582,0.015179122879820052,0.013121080218158679,0.7537314999428791,0.7525642752194436,0.6285479722026309,0.624770304831526,0.7890066678049574,0.788545678086744,0.6483851131922325,0.646310084704607,0.6929034455847186,0.6924084976445656,0.4517778514881798,0.4516559463579294,0.7258282662882384,0.7232810765616429,0.5708093330917784,0.566703802908557,0.7145175421802583,0.7084494446835882,0.4803338943577491,0.4772745071024099,0.5739283031854943,0.5802278229930917,0.3911537966987282,0.3957168774598141,0.599212713224361,0.5975561791421796,0.5173472705823556,0.5146882471599478,0.7817385033071128,0.775470722883451,0.70068054555811,0.704091131021944,0.5203480102143839,0.523467804317149
3114,normal,0.0282979802379783,0.0856831390432473,0.006081628730172419,0.007296938365862179,0.623358074840461,0.6184893966980031,0.007989102886302231,0.0038076771863079914,0.7302545426671629,0.7354335518927145,0.6136576126687485,0.6136025981254346,0.7807092745488823,0.7776801366838703,0.6465578249709595,0.6401402956999688,0.6940394770290045,0.6890029198406116,0.458197675795541,0.45188523896939886,0.7405249644059053,0.7255753625080669,0.5815728587007775,0.5702446957251901,0.7258946061712396,0.713835240487002,0.4849057936018158,0.48132704074992394,0.5815028984273655,0.5841096293536212,0.3972687596486822,0.3980760194853976,0.6092336211111324,0.600401835849131,0.5264500294884602,0.5172342189827682,0.7882073049232582,0.7806273881556484,0.7073260567233414,0.7090431367303912,0.5307839714055609,0.5261004346269126
3119,normal,0.0293719731833942,0.031559910022061,0.004964528686567751,0.005795677950110635,0.615533652294111,0.6105691236075431,0.01170773079417407,0.008608088658914199,0.7092767453595069,0.7064914084133834,0.6000620670073774,0.5982276724021138,0.7681374665851323,0.7628533973304975,0.6400920358803014,0.6311142377526695,0.6864659340670991,0.6855441075803218,0.4565186448228465,0.452824778962153,0.7351807105449356,0.7275822435861942,0.5779034749704369,0.5698889634480518,0.7175514259111866,0.7080212893457891,0.4788099279430601,0.4747012356661393,0.5753943538774693,0.5740468573496104,0.3935249047813635,0.3921695400798121,0.6048494739106699,0.5971291411740927,0.5221663782385286,0.5146554704102381,0.7776955022970221,0.7691548112963568,0.6962502047812891,0.6944448089363969,0.5241928380216597,0.5208251375944128
3121,normal,0.0447246414988509,0.1105527865196633,0.003971948479861947,0.004790113627840286,0.6122767906568187,0.6121105366616869,0.012829793447159087,0.006054293548295139,0.7013248727338611,0.7109324796887112,0.5957244405344638,0.6004144537871455,0.7611810661785238,0.7674803626056618,0.63404792868686,0.6351586225088396,0.6858600506301467,0.686426030844931,0.4558766623921104,0.4521100622201956,0.7321156237717322,0.7264606735915403,0.5748456551951531,0.5701892052154978,0.7130006003147942,0.7107270773648511,0.4753048051892757,0.47727070183578235,0.5744169867494858,0.5768754801084789,0.3926929370330704,0.3932148437932216,0.6042231671677467,0.5953039965182843,0.5184181833948386,0.5128614643160381,0.772035300882895,0.7714666880125707,0.6934443222893025,0.6985728379724232,0.5241928380216597,0.5204141428645043
3128,normal,0.043830357995317,0.083860617499229,0.0018593572743548716,0.002385710588327468,0.6123962923721767,0.6127449228566293,0.013763583458741258,0.01198524285078481,0.6986742485253126,0.6987098944372633,0.5950122929045826,0.5942796203544937,0.7626896831341738,0.7609456209920276,0.6306041931929224,0.6315441614735651,0.6872990237929086,0.6869625811769499,0.4553334464891798,0.45467369784839623,0.7344733828280424,0.7317923287230411,0.5772919110153801,0.5741527225064146,0.7110285758896908,0.7124645582098068,0.4741364309380141,0.47798227533452564,0.5766160627874485,0.5788797124399708,0.394772856403803,0.39540628047185666,0.6042231671677467,0.6017321528832569,0.517882726988597,0.5180618016928203,0.7696095002768405,0.773843106281401,0.6946995855094018,0.6999002861206842,0.5263898824829601,0.5253328876162247
3130,normal,0.0425182337182731,0.068393589440293,0.0030955151977150827,0.003625546416043598,0.6112193289349706,0.6127165828547882,0.013632637670561823,0.009868650779669424,0.6975382667216489,0.7012394942068442,0.5935879976448198,0.5952179279089237,0.7605105697537904,0.7626258081560643,0.6308150341415308,0.6323891887366443,0.6860115214893848,0.6872455940330574,0.4542470146833187,0.4532632267746307,0.7328229514886254,0.728753888897319,0.5760687831052667,0.5724671787005131,0.7093599398376802,0.7121830749087505,0.4734252466111593,0.4786916663020172,0.5753943538774693,0.5801821128854588,0.3935249047813635,0.3957626800284372,0.602344246938977,0.5999130540890835,0.5184181833948386,0.5159186102873526,0.7688009000748224,0.7740463203283108,0.6936658393281435,0.7017080122631072,0.5241928380216597,0.524574070024886
3135,normal,0.0692336748401201,0.2375890574665985,0.0038611774214690003,0.004832929682856332,0.6058243893083839,0.6023561625305006,0.012621790347907306,0.01121458929203097,0.7302545426671629,0.7288609211639256,0.6110679849237254,0.6062513438083337,0.7671317219480321,0.7642526364364893,0.6249817678966979,0.6259653507054159,0.673515175602241,0.6735746152822862,0.4453580271808185,0.44027905979655285,0.7089309930513487,0.7040676218480868,0.5589449923636773,0.5525988943812878,0.6864541176691713,0.6887511756508872,0.465500621254777,0.46482311579966373,0.5674532459626043,0.5647090998998795,0.3913201902483868,0.3853308271598259,0.593575952538052,0.5838849159409204,0.5087799680824926,0.5032640608723321,0.75845081748899,0.7569936723734058,0.6869464891499651,0.6859114039092709,0.5203480102143839,0.5105360479899484
3148,t2 alarm only,3.9127509139044414,0.3098849294505205,0.005077966760918464,0.006250022394510811,0.6116145419112682,0.6130170156336312,0.010292725073900263,0.004161529848234019,0.7046570860246081,0.7176545972131546,0.6003210297818797,0.6033188445041653,0.7595886371697821,0.7716943940279466,0.6298311097146916,0.6383073457952988,0.6889652032445278,0.6869067581049256,0.4540988648916104,0.45068116448942597,0.7280288414074613,0.7243438575166693,0.5692192668086308,0.56920011440117,0.7068569857596643,0.7115976345749901,0.4727648611647942,0.4784382235737749,0.5772269172424381,0.5781277033957672,0.3943568725296565,0.393379265409739,0.6017179401960537,0.5931370150853227,0.5162763577698728,0.5113970128959424,0.7696095002768405,0.7727549832231918,0.6969885949107592,0.7010347398450627,0.5269391435982852,0.5193156117151839
3151,normal,0.0324922116014787,0.0305699246389686,0.0048945517466585115,0.006089469273230642,0.6079060346914832,0.6116354235985992,0.013789029288859934,0.007584140725671457,0.6918583577033305,0.704139399913234,0.5893798525591574,0.596002322154995,0.7514588680198905,0.763625132178381,0.6263170939045511,0.6337218753765518,0.6859357860597658,0.6859257719162195,0.4532593494052631,0.4518329496323902,0.7262212261309567,0.7257484142450027,0.5679961388985174,0.570073291211095,0.7051883497076538,0.7113103684358858,0.472917257806263,0.4782420780207609,0.5733174487305046,0.5789316263242963,0.3926929370330704,0.39441302073611784,0.6004653267102074,0.5962216505495156,0.5146699885511484,0.5128662447812615,0.7663750994687679,0.7720699842008497,0.6927059321598323,0.7009817329964557,0.5236435769063346,0.521696338503176
3158,normal,0.0322937934806446,0.0491580171224374,0.00784385296310779,0.00907234430493479,0.6038188546038561,0.5961147054106088,0.012377030277232515,0.014714105838493485,0.7279825790598357,0.729170061103649,0.6075719874679443,0.6038467085548147,0.7688079630098655,0.7600170645552327,0.6262468135883484,0.6219695115494431,0.6763173864981459,0.6646431862370653,0.4408147669017629,0.43299346106942543,0.7072805617119315,0.6920550207065542,0.553318603977155,0.543760424249176,0.6897913897731924,0.6815979339352565,0.4629098783498058,0.46120580875865697,0.5643989736876561,0.5608583238919057,0.3839988740634078,0.381494892249861,0.5885654985946662,0.57430961894807,0.509315424488734,0.49376470293137165,0.7589359776102008,0.7476342868672645,0.686060420994601,0.6809940124976085,0.5126034284883001,0.5036349738749926
3163,normal,0.0370972513289454,0.0562753865419725,0.004786076122552496,0.005675275916216959,0.6255726692846709,0.6208242648116924,0.007961834332907251,0.00350928893654828,0.7378277546915876,0.7333282896403561,0.6168946473500273,0.6139597887978282,0.7846484410441906,0.7782321938671922,0.6417787634691686,0.6407923470849612,0.6993409571023382,0.6916891035555626,0.4592841076014021,0.45482935898531374,0.741310884091342,0.7311582896126442,0.580349730790664,0.5742647231634508,0.720585309642115,0.7169472857192822,0.4823658495773342,0.4826860585987143,0.5876114429772616,0.5857020477904163,0.4014285983901476,0.3994804186864111,0.6148703817974414,0.6046669260969612,0.5301982243321502,0.5219336689787851,0.7882073049232582,0.784468023086213,0.7117563975001623,0.710642675022535,0.5362765825588118,0.5292313031121433
3165,normal,0.0404301399310302,0.048331526956946,0.0030210401156719534,0.003638423233225681,0.6156581985006675,0.612862750988314,0.00912911676480766,0.005954801282461767,0.7143507974158715,0.7128987497592745,0.6007094739436332,0.6017156746082878,0.7678860304258572,0.7666298622232014,0.6334856861572374,0.6343970226207902,0.6932063873031948,0.6871947074600626,0.4563704950311382,0.4528784501474354,0.7335302792055184,0.726859344148219,0.5738671528670622,0.5701384493211539,0.7137590712475262,0.7100451906857682,0.4772351626478817,0.47722223852322915,0.5784486261524174,0.5775678164726668,0.3960208080262427,0.3944229164200117,0.6035968604248234,0.5980502115571051,0.5200245526135628,0.5146753160786093,0.7760783018929858,0.7722668240434245,0.70068054555811,0.6991808726196707,0.5269391435982852,0.5225231201124297
3172,normal,0.0630844582419159,0.0926232964015759,0.00237034146594128,0.002675962007784759,0.6131347881680304,0.6129454732915476,0.016621986198477493,0.01319820122719879,0.6923884825450402,0.6954134615169174,0.5909336292061712,0.5919804530038386,0.7562361550461154,0.7592444906103126,0.6294094278174747,0.630928361428035,0.6881321135187183,0.6869175859088061,0.4569137109340688,0.45474451135108296,0.7358094462932848,0.7313274833344326,0.5760687831052667,0.5733094422440461,0.7130006003147942,0.7130491934253037,0.4777939503332675,0.4789747361583424,0.579059480607407,0.5812605792786555,0.3981007273969753,0.39669778301653,0.6073547008823628,0.6028398990978044,0.5210954654260457,0.5186586497742464,0.7728439010849132,0.7749117355964198,0.6984653751696995,0.7029067171174564,0.5296854491749107,0.5269079630940812
3173,normal,0.1058314952306534,0.107750241901623,0.004381073409853468,0.005538340354705896,0.6045414833866961,0.6013512631191442,0.012638454920901643,0.011160344612843773,0.7226813306427384,0.7269900378617123,0.6090610234213325,0.6052386417813509,0.7697298955938738,0.7625238194932076,0.6251223285291034,0.6248715634841491,0.6746512070465268,0.6728871861266357,0.4406666171100546,0.4400530296649477,0.7149039826606678,0.7038198631521219,0.5623085941164895,0.5519846979099575,0.6951765333955903,0.6872581465101552,0.4626558839473577,0.4638501331946157,0.5612836159672091,0.563560587829287,0.3834580950270173,0.3845094504806009,0.5885654985946662,0.5832159886299212,0.5098508808949754,0.5028977282424375,0.7623320984586772,0.7552309922800314,0.6830330214637733,0.6843239893914435,0.51172461070378,0.5097556169928766
3174,normal,0.0889381635824293,0.0976018618547934,0.00394105630089179,0.0048335080161915935,0.6062301293968538,0.6037362937516965,0.012756817032629793,0.011762102572018313,0.7264679366549508,0.7308645852064266,0.6097731710512139,0.6086014692601034,0.7712385125495239,0.7662618654768428,0.6309555947739365,0.6271194606491333,0.6788166556755747,0.6753823665085216,0.4415061325964018,0.4417350924171824,0.7149825746292114,0.706698195792309,0.5627366888850293,0.5540399225056222,0.69730025200724,0.6897878814271831,0.4648402358084118,0.46518872644221204,0.5627496666591842,0.5654372826975294,0.3835412918018466,0.38605327065333833,0.5879391918517429,0.5854092541062684,0.5119927065199412,0.5044668264839501,0.7647578990647317,0.7580294232567942,0.6852481918521839,0.6866313884826186,0.5110654973653899,0.5118099824128046
3176,normal,0.0543390654484307,0.0564509446113179,0.005262365805526225,0.006350205243603896,0.6210774104927472,0.6182894455140617,0.009157007366029285,0.003159662245882148,0.723438651845181,0.7330493458412474,0.6168946473500273,0.6124494844741011,0.7729985656644489,0.7767742162026797,0.6353129743785104,0.6391518658886719,0.6930549164439567,0.6887590370371923,0.4560248121838187,0.45193869567416595,0.7405249644059053,0.726177771156894,0.5785150389254936,0.5705177840919277,0.7198268387093829,0.713900523577623,0.4818578607724379,0.4812264891143347,0.5833354617923343,0.5840652805654938,0.3964367919003892,0.398137915453842,0.6073547008823628,0.6008955139978567,0.527520942300943,0.5178884851215683,0.7882073049232582,0.7809212192821899,0.7073260567233414,0.7087022853804168,0.5296854491749107,0.526364660878844
3187,normal,0.0455177175167971,0.0640778270599621,0.002821881064854047,0.003758434575090643,0.6138647544270482,0.611768107396302,0.015752697446925326,0.011686062573152002,0.6960236243167639,0.698083127287285,0.5939117011129478,0.5936939164124144,0.7594210130635989,0.7598834821960229,0.6283552230744326,0.630554293015597,0.6863144632078609,0.6862264709461636,0.4570124774618743,0.4540606272417358,0.7357308543247412,0.7301864045228705,0.5739283092625679,0.5726942584918602,0.7122421293820621,0.7111999136390436,0.475812793994172,0.4772562412399784,0.5808920439723758,0.5781675908868465,0.3956048241520961,0.39490029255998643,0.6092336211111324,0.6007201512498689,0.5248436602697358,0.5168907002277622,0.7752697016909676,0.7721880458138226,0.7014189356875801,0.6988570407120573,0.5296854491749107,0.5244952692938177
3189,normal,0.0441531740695133,0.0643949324988579,0.003702324857510522,0.005061845466464579,0.6137480971118476,0.6118510652332237,0.017298429176163806,0.010756236102353215,0.6930700716272384,0.6985124466482968,0.5930053314021897,0.5936779411741965,0.7595048251166905,0.7605840035504497,0.6279335411772158,0.6308497245244605,0.6847240191858608,0.6861982879511119,0.457308777045291,0.4529170396979229,0.7373026936956147,0.7282982272958968,0.5748456551951531,0.5722131486297762,0.7115595055426032,0.7115023797917378,0.475660397352703,0.47809405559508916,0.5815028984273655,0.5795052096430255,0.3960208080262427,0.3953902164907191,0.611112541339902,0.599632579521506,0.5253791166759773,0.5158024820241109,0.772035300882895,0.7733620176217256,0.7014189356875801,0.7006838758867078,0.5313332325208859,0.5242444729180706
3192,normal,0.1137358950967072,0.0441995935606225,0.0024513200393670147,0.0028236969207113796,0.6033796208579718,0.6017120470597732,0.008308516587582951,0.010606547501347586,0.7219240094402961,0.7262245067700556,0.6061476922081815,0.6050524854755449,0.7639468639305489,0.7621862617363612,0.6221705552485857,0.6245319009687591,0.6755600322019554,0.6735679743955534,0.4419505819715268,0.4406054333097389,0.7058659062781455,0.7041509421913754,0.5542359499097402,0.552314546297601,0.6930528147839404,0.6876705221614885,0.4670245876694658,0.4641800221921101,0.5675143314081033,0.5642006457490798,0.386369982146043,0.38502106438525224,0.585997640948681,0.5840388368301669,0.5039608604263196,0.5035300731588548,0.7607148980546409,0.7559932252442363,0.6894570155901637,0.6852590841012123,0.5115598323691825,0.5105772750487565
3196,normal,0.0520851172366469,0.0540518354704814,0.0028787442557319963,0.003141040901755648,0.6221843303732925,0.6207550734164184,0.004215443380606831,0.004307097004779491,0.731769185072048,0.7373533558818638,0.6123627987962369,0.6161326826817303,0.7775244165313989,0.7799090926063363,0.6405839980937209,0.641165909363768,0.6959328627694807,0.6917694450214084,0.4566174113506521,0.45420268398317454,0.7320370318031886,0.7291811632433707,0.5760687831052667,0.5726594597211888,0.7190683677766508,0.7153672737910441,0.4849057936018158,0.48225995404944216,0.587000588522272,0.5856300488713818,0.400180646767708,0.39946284013914674,0.6073547008823628,0.6042695128554719,0.5253791166759773,0.5208217375811668,0.7857815043172037,0.7833666203603724,0.7132331777591026,0.7102773819139391,0.5313332325208859,0.5290070860143092
3214,normal,0.0670369127294009,0.0299161337996385,0.007943940227754171,0.008891101456592544,0.6103106690061483,0.6182546092339023,0.010509134264140588,0.005838966213072558,0.7340411486793753,0.7383076221051013,0.6130102057324927,0.6157939509878377,0.7685565268505906,0.7797592392697968,0.6353129743785104,0.6405068201880774,0.6767717990758603,0.6905283566533149,0.4472345912091242,0.4518384647423115,0.7195409088047445,0.7234911161789812,0.563348252840086,0.5683535210803212,0.6988171938727042,0.7104818159262579,0.4703773137817815,0.4797529333997286,0.5728287651665129,0.5836360616743187,0.3899474434637032,0.3980116446790479,0.5967074862526681,0.6006019892888376,0.5125281629261826,0.516687668822325,0.7696095002768405,0.7783574436203168,0.690859956836157,0.7077673920698341,0.5157891429571857,0.5264523162899322
3226,normal,0.1059952394430263,0.0626904769112648,0.007102353482351126,0.008423628064693782,0.5939212701250147,0.6010236236073657,0.009662938144818837,0.010709553528014521,0.7065503890307142,0.7250119612425299,0.5972134764878521,0.6047178705636798,0.7505369354358821,0.7615324060224733,0.6105743030751225,0.6237930270676294,0.6620791257297639,0.67239259080475,0.4387406698178462,0.4402741157827026,0.6983996692664964,0.7042159808399497,0.5497715330378259,0.5522718956063667,0.6845579403373411,0.6871066829990404,0.4607255264887517,0.4635329985093742,0.5546253024078224,0.5631463405386867,0.3788822724114054,0.3842773258591546,0.5781688066621408,0.5831090488109932,0.5004803937857503,0.5033569860440656,0.7493136352061849,0.7552021698299947,0.671292618405198,0.6838454029488511,0.5047489945391512,0.5096147978549762
3227,normal,0.0311782462091281,0.0283170793426315,0.007413161305047851,0.009043902423622976,0.5939212701250147,0.5938318515437996,0.009662938144818837,0.01639828101781834,0.7065503890307142,0.7294150859803026,0.5972134764878521,0.6019783582368682,0.7505369354358821,0.7594533556469265,0.6105743030751225,0.6213651126396529,0.6620791257297639,0.6613604408216363,0.4387406698178462,0.43041760031746823,0.6983996692664964,0.6865079062680528,0.5497715330378259,0.5397435410518893,0.6845579403373411,0.6789229211837754,0.4607255264887517,0.4600643176550468,0.5546253024078224,0.5597308972840037,0.3788822724114054,0.38042196032431264,0.5781688066621408,0.5709709859318808,0.5004803937857503,0.48950558591116733,0.7493136352061849,0.7443691825302667,0.671292618405198,0.6795623402945082,0.5047489945391512,0.5013518841668334
3238,normal,0.0295586876998056,0.0457949383812303,0.012530459117702048,0.013061389178627477,0.5961722644572223,0.6087027235749243,0.013129329535528039,0.011458404854487549,0.6798169505844954,0.6950970807234769,0.578891860191814,0.5908486617925554,0.7377975033659485,0.7564490198861267,0.6095903786482832,0.6274727856920842,0.6702585521286216,0.6828924421936496,0.4438765292637352,0.4517813256002197,0.7095597287996981,0.7262357183522353,0.5586392103861489,0.5696431035130441,0.6937354386233994,0.7074868062328917,0.4667705932670177,0.47478924443912474,0.5644600591331552,0.5751987899551545,0.3850388337487741,0.39279153619334706,0.5885654985946662,0.5976700089846082,0.5039608604263196,0.5141318374814968,0.7506073955294139,0.7682275563720554,0.6799317829199987,0.695350396041325,0.5134273201612878,0.5218799873203172
3254,normal,0.0196348699227425,0.0136575175969587,0.0011521480089436626,0.0014902417555555192,0.6083728627364232,0.6092179590157984,0.006929278848593479,0.005249697789983322,0.7084436920368203,0.7118011155718618,0.5959186626153407,0.5981982624625903,0.7659583532047488,0.7658431286265402,0.6286363443392439,0.6302213164893121,0.6757872384908126,0.6786239804366714,0.4467901418339992,0.4475303319188406,0.7222916277037731,0.7219286485035386,0.5653664138917733,0.5655536257699783,0.7045815729614681,0.7053378616902338,0.4722568723598979,0.47342274529308703,0.5722179107115232,0.5736226929272161,0.3918609692847773,0.3921546039239413,0.5954548727668216,0.5947138206483744,0.5152054449573898,0.5138147611529469,0.7688009000748224,0.7691833110359073,0.6935181613022495,0.6953493335289784,0.5192494879837338,0.5194057632885526
3257,normal,0.0179844378133324,0.0123318887880852,0.001487666381674772,0.00193838985928937,0.6083728627364232,0.6094808294552009,0.006929278848593479,0.004769535373988266,0.7084436920368203,0.7130474795645898,0.5959186626153407,0.598878177845425,0.7659583532047488,0.7661488480992692,0.6286363443392439,0.6308362614637398,0.6757872384908126,0.6792232779085302,0.4467901418339992,0.44761367174661437,0.7222916277037731,0.7217289677321932,0.5653664138917733,0.5655385110865875,0.7045815729614681,0.7055965682700777,0.4722568723598979,0.47377740414502767,0.5722179107115232,0.5739812208208461,0.3918609692847773,0.3922433231807922,0.5954548727668216,0.5945372442833033,0.5152054449573898,0.5134582862778632,0.7688009000748224,0.7693316620322741,0.6935181613022495,0.6958466741133997,0.5192494879837338,0.5193865221678838
3263,normal,0.047989053877868,0.087129464741356,0.00896383963256392,0.00956302255455942,0.5970038906759343,0.6059677303084983,0.01892153126334848,0.015543248612279474,0.6666395616619967,0.682544714706028,0.5702813479396124,0.5815148920567698,0.7366241346226652,0.7472605369771306,0.6146505614148853,0.6227903450175017,0.6682894309585263,0.6789991150301903,0.4440740623193463,0.44940267423012925,0.7156113103775609,0.7222651149952664,0.5604739022513192,0.5666183986389296,0.6959350043283223,0.706013292673504,0.4668213921475074,0.4750344028567748,0.5654374262611386,0.5772870182701394,0.3858708014970672,0.39383929923902333,0.5929496457951288,0.5970258471438983,0.5087799680824926,0.5128568071984033,0.7543269564586974,0.7672942649393588,0.6852481918521839,0.6981462913272717,0.5170524435224334,0.5225583999441513
3282,normal,0.0233901061936358,0.0234394565565709,0.005156238078553539,0.005909208989112187,0.6177698239789325,0.6133008943240676,0.010528351510484757,0.004974725310774358,0.7135934762134291,0.7162372855771719,0.6058239887400537,0.6032559554628236,0.7643659241960072,0.7675642364336186,0.6385458689238395,0.6346844151706486,0.6966144816360522,0.6864573405734767,0.4585927419067632,0.45160479661188657,0.738167205349595,0.7268376212707085,0.5760687831052667,0.5695890057585767,0.7152760131129905,0.7102153685186152,0.4798259055528527,0.4771355032359942,0.579059480607407,0.5776154006756378,0.3981007273969753,0.3944938667525585,0.6048494739106699,0.597766023784715,0.5221663782385286,0.5157648292742714,0.7801213029030766,0.7738373671767511,0.70068054555811,0.7001480474740515,0.5302347102902357,0.5229081397576453
3286,normal,0.0190373870170585,0.0273894187852194,0.0066297413235456475,0.00753997895062794,0.6177698239789325,0.6117448962884291,0.010528351510484757,0.004103706062614211,0.7135934762134291,0.7158959884717764,0.6058239887400537,0.602164263027047,0.7643659241960072,0.7672043278185195,0.6385458689238395,0.6336290211686578,0.6966144816360522,0.6841320153976237,0.4585927419067632,0.44983236876174726,0.738167205349595,0.7239249875908329,0.5760687831052667,0.5678246045670009,0.7152760131129905,0.7087037293002105,0.4798259055528527,0.476270961483464,0.579059480607407,0.576414132472339,0.3981007273969753,0.39322753746786804,0.6048494739106699,0.5952985484634865,0.5221663782385286,0.5136769870513035,0.7801213029030766,0.7718574617233576,0.70068054555811,0.69890393912095,0.5302347102902357,0.5207023630171116
3290,normal,0.06102909949977,0.0469391062766774,0.0021599246438949856,0.0025560893268998224,0.6102616838286226,0.6109389855845614,0.015955627913230047,0.013214962661494372,0.6908738401401553,0.6943203656165183,0.5908688885125457,0.5914022506610619,0.7507883715951571,0.7571577726475012,0.6271604576989849,0.6285932283816121,0.6881321135187183,0.6853630787498395,0.4559754289199159,0.4539818838819837,0.732665767551538,0.7300745039220411,0.5703812383232387,0.5724443147773397,0.708222233438582,0.710278213895901,0.4757111962331927,0.4765744260497485,0.5742337304129891,0.5777954001399493,0.3931089209072169,0.3946583912171696,0.6029705536819002,0.6013949233611283,0.5194890962073214,0.5172543994873614,0.7712267006808768,0.7714642487719698,0.6962502047812891,0.6982535949640448,0.5263898824829601,0.5249517584123732
3298,normal,0.0555902802614362,0.132456736545291,0.0018746107438304535,0.002492947393294429,0.6065203456706111,0.6062239014882194,0.009748916634760534,0.011835177020758685,0.7325265062744903,0.7345180779252888,0.606859839838063,0.6119242462668465,0.7681374665851323,0.7693266392886311,0.6273712986475933,0.6302995288587042,0.6773776825128127,0.6780323009683319,0.4438271459998325,0.4427535014654126,0.7130177754156196,0.7080966192539803,0.5579053336400808,0.5547474239903855,0.6934320502503065,0.6930665645895381,0.4706313081842296,0.4674787766096148,0.5689192966545793,0.5696302344456178,0.3883251063545317,0.3883523092399037,0.5873128851088198,0.5871467497010364,0.5087799680824926,0.5045558851414481,0.761523498256659,0.7605640997739509,0.691746024991521,0.6913124025313059,0.5131526896036253,0.5140009652497327
3305,normal,0.0512868343454184,0.0937413542649358,0.00619902739837487,0.0066348572777546085,0.6177643717660958,0.6144760389073669,0.020425181915152725,0.012481756214264535,0.6888290728935607,0.6981414343727335,0.5904157036571667,0.5939329190436541,0.7516264921260737,0.7618450466168707,0.6313772766711532,0.6330700489016869,0.6912372661330994,0.6880722976042818,0.461308821421416,0.45526999565651577,0.7389531250350319,0.7326832570771465,0.5809612947457207,0.5745372110874175,0.7213437805748472,0.7153159196635684,0.4874457376262973,0.4805751169924874,0.5888331518872408,0.582493465202807,0.400180646767708,0.39731649272414593,0.611112541339902,0.6033355946605261,0.527520942300943,0.5195716248572559,0.7873987047212401,0.7774984658273691,0.7110180073706921,0.7049514288301844,0.5324317547515361,0.5274823423065869
3322,normal,0.1143008320391954,0.0453515241430271,0.005739442638605273,0.007378793688752934,0.6080335217162063,0.6027620686165241,0.015376982821207603,0.010458482421717418,0.7310118638696055,0.727464904318307,0.6201316820313061,0.6058087666694547,0.7643659241960072,0.7636489445926183,0.6308150341415308,0.6257205359843033,0.6751813550538601,0.6746998168279948,0.4485185560705965,0.44124111313244785,0.7207983803014434,0.7051729527393064,0.5621251249299725,0.553483741294806,0.6945697566494047,0.6894588097615002,0.4646878391669429,0.4651693633128238,0.5637881192326666,0.5649784290926522,0.3868691627950189,0.3856867835669533,0.5954548727668216,0.5846928167675741,0.514134532144907,0.5042005696423064,0.7639492988627135,0.7577863686632744,0.6842144456709256,0.6865205227459067,0.5159539212917832,0.511220727368682
3331,normal,0.0547091704080647,0.0578281555167909,0.0035680762179351845,0.004344424012907944,0.6186662949883726,0.618459104027675,0.0077702956198988735,0.011681321164184378,0.7393423970964725,0.7493416977147416,0.6175420542862831,0.6230021701070362,0.7801225901772407,0.7860360482873475,0.6378430657618115,0.6438843523372444,0.6932821227328139,0.6916035254800772,0.4552346799613743,0.4516688174591447,0.7270071458163935,0.7229692665141082,0.5690969540176195,0.5667769438757988,0.7086014689049481,0.7082244868523364,0.4803338943577491,0.4772784713682689,0.5821137528823551,0.5803145248433281,0.3968527757745357,0.39601684885816246,0.6048494739106699,0.5981599498855329,0.51895363980108,0.5149720904453391,0.7744611014889494,0.7756144650509088,0.7058492764644011,0.7039646503587815,0.525840621367635,0.5239764590323199
3333,normal,0.0575080228063978,0.0423799262641242,0.0031101100002557847,0.0037149425999644077,0.6182921712025645,0.6162170673800821,0.007600427540643791,0.00491367053221638,0.7196520458329686,0.720743721813652,0.6049823597229212,0.606390385276155,0.7675507822134905,0.7714821855228677,0.6336965271058459,0.6359729541324584,0.6889652032445278,0.6885825898515562,0.4553334464891798,0.4537044587917099,0.7294434968412473,0.7295335174824136,0.5766803470603235,0.572201705593229,0.7167929549784546,0.7129428672733165,0.4828738383822306,0.47938154812121697,0.5845571707023135,0.5808637410856236,0.3985167112711218,0.3963570258374522,0.6073547008823628,0.6016295147778831,0.52270183464477,0.5187445780794686,0.7857815043172037,0.7772412771251498,0.7058492764644011,0.7038216927926494,0.5302347102902357,0.5260963819045945
3334,normal,0.0202220719354862,0.0144002563571008,0.007521125590066996,0.008507928214663289,0.6182921712025645,0.6107877483962179,0.007600427540643791,0.0033347126102201714,0.7196520458329686,0.7170767661156209,0.6049823597229212,0.6010832020706797,0.7675507822134905,0.767692755875112,0.6336965271058459,0.6333182732818713,0.6889652032445278,0.6817372536893829,0.4553334464891798,0.448234175035993,0.7294434968412473,0.7215287511747133,0.5766803470603235,0.56603588721842,0.7167929549784546,0.7070658825661288,0.4828738383822306,0.4753829890367075,0.5845571707023135,0.5757471639570766,0.3985167112711218,0.3929270377278588,0.6073547008823628,0.5943563698117529,0.52270183464477,0.512586894913802,0.7857815043172037,0.7705175988402112,0.7058492764644011,0.6983424310273245,0.5302347102902357,0.5197582903930472
3341,normal,0.0377172297409225,0.045923324944256,0.007485426953682082,0.007732761542383123,0.617061180761418,0.6095757538077359,0.010135618547236156,0.007605434463865628,0.7096554059607282,0.7054399413583213,0.6014863622671401,0.5968943679941,0.7667964737356656,0.7617924268564266,0.6379836263942171,0.6305534048109181,0.6928277101550996,0.684262163315421,0.4580001427399299,0.4514531000225487,0.7356522623561975,0.7248739516338201,0.5760687831052667,0.5682133122916139,0.7167929549784546,0.7069298217342727,0.4808418831626453,0.47460466210006585,0.5827246073373447,0.5743964564703806,0.3968527757745357,0.3919279517286793,0.6048494739106699,0.5954068659970827,0.5221663782385286,0.5128647094863192,0.7776955022970221,0.7682129083599779,0.7021573258170503,0.6950368136550489,0.5274884047136102,0.519924956916514
3346,normal,0.0606084509751873,0.0713974845441568,0.003771655592842175,0.004339067722869929,0.6082237891241649,0.6108519852291007,0.01083215756801986,0.005466943073478098,0.7023093902970363,0.7112840438287237,0.5961776253898429,0.6002761419033323,0.7581638322672238,0.7647801671831344,0.6294094278174747,0.6321198454341278,0.683587987741575,0.6850405390998059,0.4527655167662353,0.4510052133065431,0.7266927779422189,0.7240636130773258,0.5711762714648125,0.5677145303772965,0.7045057258681948,0.7074976825865643,0.4728664589257734,0.4755362660004338,0.5692247238820741,0.5759957541826951,0.3884499015167756,0.39295487804378076,0.593575952538052,0.5956111774401326,0.5146699885511484,0.5128017923160453,0.7647578990647317,0.7695672953804554,0.691672185978574,0.6974665382374309,0.5197987490990589,0.5207682704968828
3355,normal,0.0474573605963787,0.0750378453806214,0.005382605453209445,0.006875325346269998,0.6094902542436895,0.6136507827583273,0.018359011314980547,0.010780423517487422,0.6854211274825696,0.7002207361688548,0.5845890412308647,0.5944957407621081,0.7536379814002737,0.7629356087143091,0.6237870025212502,0.6336734264612002,0.6824519562972893,0.6874867642627236,0.4536544155164854,0.4541322787475629,0.729757864715422,0.7304109464709918,0.5742340912400963,0.573521858574363,0.7122421293820621,0.7144810367653224,0.4760667883966202,0.48006109303764066,0.5722179107115232,0.5811664897739414,0.3914449854106308,0.3962606512095156,0.602344246938977,0.6008242623342827,0.5232372910510115,0.5172607884729976,0.7785041024990402,0.7763251683696228,0.6930012882116203,0.7034069665955375,0.5247420991369848,0.52539949017059
3362,normal,0.0491193050083908,0.2141116551286194,0.004272697036400162,0.005049102722791269,0.6140982099019737,0.6109188707344386,0.016398667396158806,0.01159093033016285,0.6937516607094366,0.6971218440143109,0.5930053314021897,0.5927721706759534,0.7640306759836405,0.758923211571476,0.6248412072642923,0.6298201603539384,0.6895710866814803,0.6854495346731159,0.4584445921150549,0.45347741191640306,0.7339232390482368,0.7288870943834711,0.5741729348445906,0.571764466593604,0.709284092744407,0.7102284982352391,0.4769811682454334,0.4768522166116387,0.5815028984273655,0.5772711260634927,0.3981007273969753,0.3941648350866127,0.6104862345969789,0.5996030167777665,0.5210954654260457,0.5161495233114548,0.7760783018929858,0.7715079324568888,0.7014189356875801,0.698083173781135,0.5329810158668612,0.5235445859789556
3375,normal,0.0355826423188507,0.0269540550874232,0.004962722996966693,0.005694996905874717,0.6143792696332584,0.6192799105775351,0.006466002473842172,0.003659333266018519,0.7264679366549508,0.7348668877228405,0.6084136164850767,0.6139688480325539,0.7701489558593322,0.7779077055024491,0.6322909207817898,0.6396205640642556,0.6851026963339562,0.6900165998744251,0.4518766180159853,0.4528637205011268,0.724492202822996,0.7270019597816078,0.5655498830782902,0.5710451000866812,0.7054917380807466,0.7141077744396608,0.475254006308786,0.4815520759910699,0.579059480607407,0.5850509916703691,0.3960208080262427,0.3989631856014555,0.6010916334531305,0.602633706690555,0.5194890962073214,0.5189613987594563,0.7760783018929858,0.7817179102148781,0.70068054555811,0.7096657427768852,0.5269391435982852,0.527814308107826
3382,normal,0.0367799414469725,0.0602256717240016,0.004791427990752038,0.006918019361198346,0.5955726065738614,0.5970150244124719,0.009599731952356019,0.01503595084033234,0.7090495489987743,0.7308889355377388,0.5961776253898429,0.6051072247350016,0.7548951621966487,0.7612550805402261,0.6256845710587259,0.6230318529094254,0.6635180988925259,0.6656800388319754,0.436567806206124,0.4344394390408568,0.7036653311589226,0.6937817656606978,0.5498326894333315,0.544565432446835,0.6800829618342218,0.6812461340177177,0.4581855824642702,0.4612056353647925,0.5606727615122196,0.5615760521461893,0.3837492837389199,0.38233694848271504,0.5787324827307716,0.5758551221848114,0.4984992050826569,0.4946770940604542,0.7424405334890305,0.7475728273359094,0.6780119685833763,0.6814900044009417,0.5049686989852813,0.5045458273157357
3393,normal,0.1324436177897105,0.0823139442671133,0.006499413486051989,0.007346311123879272,0.5935248395146578,0.5998750733556325,0.014294749255980791,0.010713667163086598,0.7188947246305262,0.7234543946253221,0.601356880879889,0.6035784574726067,0.7519617403384403,0.7600941474751708,0.611136545604745,0.6232498542886741,0.6724548795875742,0.6711868526044171,0.4361727400949018,0.439226309529251,0.6980853013923218,0.7030642188010671,0.5445732394198435,0.5508900988134071,0.6785660199687576,0.6853705066679765,0.458083984703291,0.46237453453397753,0.5523040554788619,0.5625262750578225,0.378216698212771,0.38384469841925056,0.5789203747536487,0.58211824972129,0.4956612861295772,0.50220653429216,0.7438151538324614,0.7530429407441029,0.6682652188743704,0.6826718756136437,0.5014534278472007,0.5089762983856115
3396,normal,0.0491849034701263,0.0351336273899366,0.005009167688855803,0.005821762242028212,0.6153112907707596,0.6202917001424187,0.007537461167659555,0.004339587652564713,0.7272252578573932,0.7350219840957364,0.6110679849237254,0.6150760287079198,0.7721604451335322,0.7788485049387565,0.6291985868688663,0.6400258696374799,0.6916916787108137,0.6914472330146421,0.4528149000301381,0.45435588145883127,0.7265355940051316,0.7299712056459992,0.5675680441299776,0.5729070207264584,0.7073120683193035,0.7148790685348381,0.4763207827990683,0.48151917258625254,0.5778377716974278,0.5850048365229663,0.3956048241520961,0.3991752281946368,0.6029705536819002,0.6044255336651131,0.51895363980108,0.5213817839020441,0.7768869020950039,0.7827889746120504,0.6992037652991697,0.7091679133099257,0.5269391435982852,0.5289626628674677
3398,normal,0.0415065772036461,0.061675711064788,0.005308592270723709,0.006536903475919327,0.6127300052308239,0.6180126622647166,0.007947505224811156,0.0033554669634854586,0.7181374034280837,0.7302481958611557,0.6040112493185377,0.611391989656544,0.7690593991691406,0.7747692258995865,0.6276524199124045,0.6375567736983322,0.6876777009410039,0.6890610871406311,0.4521235343354993,0.4527993417256863,0.724492202822996,0.7273121761517864,0.5676292005254833,0.5710197788513538,0.7069328328529375,0.7133542887212483,0.4739332354160556,0.480560552794436,0.5736839614034984,0.5835833721815196,0.3939408886555099,0.3980411746819211,0.602344246938977,0.6021237974259138,0.5168118141761142,0.5190866711411378,0.7760783018929858,0.7805348759169248,0.6955118146518189,0.7076430652324748,0.5263898824829601,0.5271288914195308
3399,normal,0.0627935918480292,0.1246808555928212,0.005261192381643546,0.005899655535137589,0.608499475201687,0.6137606675833307,0.00734624131905291,0.004568420781903601,0.7073834423534008,0.7177594177196472,0.5972134764878521,0.603768974880179,0.7598400733290571,0.768443114059642,0.623857282837453,0.6335025081332293,0.6842696066081465,0.686084057943598,0.449950670723777,0.45181713834778636,0.7207983803014434,0.7261649659132947,0.5638375040041314,0.5694859161581259,0.7032163252825503,0.7100168156624288,0.4716980846745119,0.4775150826733725,0.5724011670480201,0.5790211766213288,0.3914449854106308,0.395170841220132,0.5954548727668216,0.5989652356531755,0.5130636193324242,0.5163532612532421,0.7736525012869313,0.7744004269983287,0.6955118146518189,0.7014643519382453,0.5208972713297091,0.5239980637408634
3403,normal,0.0511350601983345,0.0702251912868368,0.008860795145848295,0.009201579966947718,0.5995523656125905,0.6084131607584389,0.014913450262151531,0.012778859922756574,0.6799684148249839,0.6914208962301717,0.5779207497874304,0.5883058184169326,0.7429100386045403,0.7538519997065649,0.6152830842607105,0.626355776621691,0.6758629739204317,0.6827203339377231,0.4482222564871797,0.45165845788977255,0.7187549891193078,0.7256541912308948,0.559740025505251,0.5691263852662701,0.6975277932870597,0.7071697420586948,0.4680405652792585,0.4753013110895348,0.5656206825976354,0.5766903363750964,0.3865363756957016,0.39359263570133424,0.5904444188234359,0.598269356737179,0.509315424488734,0.5143382513158913,0.756267596943541,0.7684732940276864,0.6851743528392369,0.6971888805752836,0.5148004729496005,0.5229060657127388
3404,normal,0.0747311668589623,0.1310743330210334,0.010147654679575676,0.010773861046878797,0.5972437170172312,0.607391371696807,0.015450497942440803,0.01194487339254715,0.6767876657747256,0.6914600913600737,0.5755253441232842,0.5879087738972498,0.7405633011179736,0.753591754348406,0.6128232731936124,0.6258794460588837,0.6752570904834791,0.6810796019811608,0.4482222564871797,0.45036142288049114,0.7152183505348425,0.7240507712100377,0.5572937696850241,0.5681371607153325,0.6937354386233994,0.7066979626682067,0.4663642022231006,0.47487635884550466,0.5632383502231759,0.575406146561746,0.3849972353613595,0.3925312164241479,0.5891918053375894,0.5959720684865029,0.5061026860512854,0.5129046857595788,0.7529523361152665,0.767631666578913,0.681113207127151,0.6960586675847888,0.5137568768304829,0.5211055234846941
3414,normal,0.0351747570332126,0.0530030794268077,0.009946280046117039,0.010399952469675462,0.5975348643359955,0.6074811443821125,0.01027870204074539,0.00749688083435686,0.6875416268494084,0.703573098833691,0.586078077184253,0.5953994495954309,0.7494473787456903,0.7594034435543113,0.6145100007824796,0.6275387735515601,0.6776048888016698,0.6819863498766567,0.4459012430837491,0.44988557578541294,0.7112887521076589,0.7225410302578716,0.5574160824760354,0.565797709288087,0.6921426496646619,0.7041029683551284,0.4645354425254741,0.4725018728269488,0.5614668723037061,0.5723429029600113,0.383374898252188,0.3906724851628387,0.5847450274628346,0.5934891293128842,0.5008016676294952,0.5112773193532804,0.7514968557516338,0.7655591143723279,0.680817851075363,0.6928654064763736,0.508923379015622,0.5182428249330978
3418,normal,0.0722823247241455,0.1035528586589674,0.0013626711410182216,0.0017046961468734332,0.6144405257494078,0.6143841530475865,0.02619245426277559,0.024336731567561533,0.7719072088014981,0.7685107171515372,0.6253109375213521,0.6262065593184531,0.8007403552377909,0.7970310277665276,0.6510557652079391,0.6495077800913728,0.6917674141404329,0.6904906189104824,0.447283974473027,0.44757423107755545,0.7111315681705715,0.7132219845336408,0.5605962150423306,0.5607758863651114,0.7001065944583488,0.6997708733155398,0.4668213921475074,0.468327251457407,0.5703242619010555,0.5717534064163041,0.3892818692650688,0.3900306643592509,0.5879391918517429,0.5877970382224652,0.5023544912075952,0.5035132179570958,0.7671836996707861,0.7655303012464786,0.6882017523700644,0.6905469792980207,0.5134822462728202,0.513942064321728
3423,normal,0.087324154101235,0.1602272139725325,0.0022434779505196077,0.002443436789545855,0.6119536948023621,0.6141971727528818,0.025182219559469792,0.024035439246363952,0.7666059603844009,0.767777981868185,0.6227213097763291,0.6253722058432207,0.7957116320522908,0.7965619295981422,0.6477525903464072,0.6494173747792114,0.6893438803926231,0.6902435530671219,0.4464938422505825,0.44741498456377277,0.709323952894067,0.7128612087233699,0.5588838359681716,0.5607648900888538,0.6966176281677812,0.6998870818583208,0.4653482246133081,0.46834509779374733,0.5688582112090804,0.5718023865704235,0.3881171144174585,0.39004823407039857,0.5858097489258041,0.5875644653107185,0.5005874850669986,0.5032319263125448,0.7631406986606953,0.7657664035731144,0.6862819380334421,0.690576727259065,0.511614758480715,0.5137154855187781
3424,normal,0.1269120916208694,0.2383986587418316,0.001225675819599148,0.0014806249186512623,0.6131964754141177,0.6137531320065913,0.02544269646246288,0.02369372017394492,0.7688779239917283,0.7665798049308048,0.6240161236488406,0.6246127385964719,0.7973878731141242,0.7956103866259032,0.6493690376190717,0.6488010956715634,0.6908585889850042,0.6898154730510901,0.4470370581535131,0.44708568541211263,0.7104242404536786,0.7123853254281162,0.5598011819007568,0.5603371361326016,0.6985896525928846,0.699492304760489,0.4663642022231006,0.4681887094911438,0.5697744928915648,0.5716126630648937,0.3889490821657515,0.3898647542353238,0.5869997317373581,0.5872416624361277,0.50112294147324,0.5030074464647245,0.7647578990647317,0.7652392886719985,0.6872418452017531,0.6904350289005006,0.5127682068228977,0.5134937402381861
3431,normal,0.107557917729097,0.1454598913619909,0.004973990496166151,0.0058086193770786505,0.6102544014096581,0.6123598021399405,0.026196587302524787,0.01870418144844478,0.7658486391819586,0.7564048597903262,0.6201316820313061,0.6208929874379654,0.7940353909904574,0.7865697702970361,0.6488067950894494,0.6439554026594183,0.6886622615260516,0.6860400410311236,0.4449135778056935,0.4456801331855709,0.7078307054917372,0.7115964652984661,0.5581499592221035,0.5588707343346576,0.6969968636341471,0.6997847923702009,0.4640782526010673,0.4706482678872211,0.5674532459626043,0.5734416163627135,0.3871603515069214,0.3905794116113338,0.580548772285249,0.5876795833297263,0.4990882071295225,0.5038853838346335,0.7607148980546409,0.7649487472744518,0.6829591824508263,0.6944662209008197,0.5069460390004517,0.5146722187733221
3433,normal,0.073613777941172,0.0591001872006421,0.006061537468216817,0.007324340464659447,0.614712342084643,0.614765949921266,0.02765503565309645,0.017548434408999714,0.7726645300039406,0.7572343703071965,0.6272531583301194,0.6226757948079094,0.8015784757687076,0.7883004447374276,0.6526019321644008,0.6457419820112694,0.6956299210510044,0.6877430167340822,0.4498025209320686,0.44752278892521,0.7130177754156196,0.7150924400196038,0.5617581865569384,0.561656939825819,0.7037472549354628,0.70309324052518,0.4674309787133829,0.47309259262676484,0.5695912365550679,0.575954669960442,0.3885746966790197,0.39234675411926057,0.5848702888114192,0.5903688621665718,0.5005874850669986,0.5066262219708726,0.7647578990647317,0.7687652793649891,0.6856173869169189,0.6976929167518229,0.5106260884731298,0.5171128338070983
3435,normal,0.04990394468175,0.0399815614570011,0.004626352893785396,0.0067158981011769285,0.6150428097625454,0.6137732561908474,0.022233453118543665,0.013618330315247033,0.7620620331697462,0.7484605912140901,0.6220739028400734,0.6173148536979524,0.8032547168305408,0.7841669639162003,0.6488770754056521,0.6429000349626602,0.6885107906668135,0.6853463783303326,0.4479753401676659,0.44649292321370493,0.7157684943146483,0.7152071801068083,0.563531722026603,0.5620499450233865,0.7042781845883752,0.7048043080456396,0.4695645316939474,0.4746366063971244,0.5719735689295274,0.5767752205384981,0.3926929370330704,0.39293569602547973,0.5832418912798188,0.5893374049790103,0.5066381424575268,0.5073010467548029,0.7688009000748224,0.7696729422387604,0.6930012882116203,0.6995829221587568,0.5134822462728202,0.5171603376412007
3438,normal,0.0488664728437076,0.0544882302198598,0.00792060741784761,0.009244806392551526,0.6049457365512173,0.6125836470820364,0.01804889280620966,0.010649198868203135,0.7423716819062424,0.7412987518199342,0.6091257641149581,0.6126783617738328,0.7794520937525073,0.779838492222515,0.6366483003863638,0.6404192769075775,0.6849512254747181,0.6836212320212839,0.4420987317632352,0.44551280300865775,0.7036653311589226,0.7142076241673749,0.5516062249029962,0.5619222780688731,0.6946456037426778,0.7055418451407824,0.4650942302108599,0.4752924549672149,0.5658650243796313,0.5771463903841824,0.3872019498943361,0.3931811854869782,0.5743483355303091,0.5885693549351455,0.4985527507232811,0.5069606554506053,0.7565910370243483,0.7702030503060733,0.6845836407356607,0.7006106153364496,0.5072755956696468,0.5169176283971384
3441,normal,0.0444828493596379,0.0432122560624175,0.011423730405397485,0.012706843465094694,0.6018304933224411,0.6132542237278384,0.01585386098051335,0.007366495089212701,0.7347984698818179,0.7356188527984878,0.6031048796077796,0.6103795428032442,0.7740881223546406,0.7767571883050317,0.6335559664734403,0.639925774800452,0.6794225391125271,0.6847038791191961,0.4390863526651657,0.4467598624184779,0.7006002443857193,0.7164218588144478,0.5508111917614223,0.563431056516853,0.6903223194261049,0.7072971390894255,0.4629606772302955,0.4770120555079731,0.563055093886679,0.5792324010226751,0.3851636289110181,0.3944349770768883,0.5731583527187549,0.591319030266796,0.4972676553483016,0.5084260289442913,0.7545695365193028,0.7717057124054796,0.6828115044249323,0.7030535837425209,0.506341851773594,0.5188428597410129
3454,normal,0.0735555694479098,0.1448792163751389,0.0036865620959982987,0.004193339361802332,0.6021463220090181,0.6033962277281006,0.009533300475809118,0.004971726494480389,0.7143507974158715,0.7086202149283808,0.5961128846962173,0.5938157249652951,0.770987076390249,0.7628998947771249,0.6329234436276151,0.6308394376819986,0.6795740099717652,0.6770613605451357,0.4408147669017629,0.4420950562274061,0.7058659062781455,0.710072979136957,0.5555813906108652,0.5587159216856316,0.6947972979292243,0.7009505393251418,0.4681929619207274,0.47206824034579353,0.5693468947730721,0.5705260468520662,0.3872851466691654,0.38779476552856146,0.5766030398048327,0.5806866788132619,0.4968928358639325,0.5007669334262222,0.7534374962364774,0.7601263218831674,0.6884232694089054,0.691513604080282,0.5052982556544764,0.5091821511752842
3455,normal,0.0377652639750302,0.1260344390181792,0.003940919831620498,0.004495567191983704,0.6021463220090181,0.6035102662578901,0.009533300475809118,0.004485105344167128,0.7143507974158715,0.708567231758651,0.5961128846962173,0.5942848201313127,0.770987076390249,0.7620231330856366,0.6329234436276151,0.6300368583056065,0.6795740099717652,0.6771318763671498,0.4408147669017629,0.4424146539075905,0.7058659062781455,0.71024165854935,0.5555813906108652,0.5586683284489683,0.6947972979292243,0.7012961611575868,0.4681929619207274,0.4722825727902966,0.5693468947730721,0.5705131460040794,0.3872851466691654,0.3878620427430683,0.5766030398048327,0.5813521120025557,0.4968928358639325,0.5011839728142531,0.7534374962364774,0.7604412966374051,0.6884232694089054,0.6915654198502924,0.5052982556544764,0.5098092418303282
3459,normal,0.0926740510853904,0.13515404730889,0.0027312147721095213,0.003959659298910452,0.6097352918164829,0.6072449681611206,0.007644715325354081,0.004603570782616232,0.711170048365613,0.7083512624048437,0.5985082903603637,0.5954500230602091,0.7743395585139156,0.7646363233594764,0.6422004453663854,0.633939339348054,0.6880563780890993,0.6808810629342752,0.4486667058623047,0.44559850695544734,0.7160828621888229,0.7158131188675189,0.5638375040041314,0.563211183118279,0.7065535973865714,0.7066004269540632,0.4760159895161304,0.4758006589449667,0.5784486261524174,0.5749022241620771,0.3935249047813635,0.39082909645963543,0.5873128851088198,0.5859965653569659,0.5061026860512854,0.5047911196625955,0.7647578990647317,0.7658857704764804,0.6969885949107592,0.6966719180035563,0.5129329851574952,0.5138058586706055
3460,normal,0.0413610898064979,0.1780929187970429,0.0035602466565412974,0.00470002917377302,0.6097352918164829,0.6061750451599416,0.007644715325354081,0.004628894657090881,0.711170048365613,0.707868279073322,0.5985082903603637,0.5954497908790419,0.7743395585139156,0.7641023647377716,0.6422004453663854,0.6320134427400173,0.6880563780890993,0.6802352523910955,0.4486667058623047,0.4450569308830662,0.7160828621888229,0.7147913774844854,0.5638375040041314,0.5624448586651756,0.7065535973865714,0.7054267229101814,0.4760159895161304,0.47469099867528813,0.5784486261524174,0.5726838788976452,0.3935249047813635,0.3894574127587914,0.5873128851088198,0.5848925337108927,0.5061026860512854,0.5045967489056592,0.7647578990647317,0.7643666731865921,0.6969885949107592,0.6942033266611743,0.5129329851574952,0.512695175158808
3473,normal,0.1615591070432196,0.2755029694163782,0.00262933117444167,0.003447887394877708,0.6206376654630805,0.6191402032138824,0.01289630635819361,0.009398258376129585,0.7009462121326399,0.7070021676294419,0.5977314020368567,0.5995801017215022,0.7781111009030406,0.7720612350861741,0.651407166788953,0.6436609032488976,0.698962279954243,0.6945638332646078,0.4585927419067632,0.4559752860249776,0.7342376069224115,0.7321540583332774,0.580349730790664,0.5763452759657259,0.7221022515075792,0.7217945543957676,0.4874457376262973,0.486567566249292,0.5912765697071993,0.589150713185231,0.4043404855091733,0.40110908463590694,0.6010916334531305,0.6018433098713956,0.517882726988597,0.5177186551361185,0.7841643039131674,0.7838718686267298,0.7147099580180428,0.7135318822824875,0.5274884047136102,0.5284529589784681
3477,normal,0.0689026330159471,0.1222768179155728,0.002623696477129057,0.003114224593254217,0.5982150725651361,0.5991870071738604,0.01892147203779027,0.015929682691995045,0.73858507589403,0.7356786214013115,0.6065361363699351,0.6073809198323951,0.7702327679124239,0.7638940748519599,0.6259656923235372,0.6260577122648787,0.6730607630245267,0.6688739473101873,0.4331603609968322,0.43454820308738146,0.6925838635942647,0.6931551611875528,0.5433501115097299,0.5449863318250314,0.6826617630055108,0.6850951263032758,0.4600143421618969,0.4638062790268419,0.5606116760667206,0.5648824335773,0.380130224033845,0.3840873537337479,0.5750372729475246,0.5763190788116539,0.4944832820358461,0.4938752694219279,0.7480198748829557,0.7512694122971872,0.6835498945544025,0.6862155984704198,0.5016731322933308,0.5060535985525739
3480,normal,0.0880508914374766,0.0443549103852228,0.008428328084660685,0.008992632565243923,0.6023118899710012,0.6107402180556618,0.017930442459162886,0.01373744680040477,0.7431290031086848,0.7461646232679755,0.6086078385659536,0.6151190332935136,0.7737528741422739,0.7775656325991082,0.6306041931929224,0.638628699194844,0.676241651068527,0.6820670251002967,0.43632088988661,0.44304831081871576,0.7002072845430011,0.7084833803836351,0.5498326894333315,0.5572236715284288,0.6875159769749962,0.7004154804480168,0.4635194649156814,0.4733371366692838,0.5658650243796313,0.5756867865001092,0.383374898252188,0.3916690063665867,0.5779809146392638,0.5882744605652377,0.4987669332857776,0.5039810856693101,0.7506073955294139,0.7661500742154483,0.6889401424995345,0.6989327039964781,0.5040349550892286,0.5158365963292628
3487,normal,0.1369056859861444,0.2753177128433076,0.0051008054399258465,0.005234126229030286,0.6046453773893732,0.6097461828292988,0.01128641496917851,0.011478937689865784,0.7340411486793753,0.7411331398778928,0.606082951514556,0.6112453211073903,0.7684727147974988,0.7747650444081671,0.6297608293984888,0.6361645132996875,0.6765445927870032,0.6810748674738093,0.4390369694012629,0.44297916245521873,0.7041368829701847,0.709569226407893,0.5551532958423253,0.5587166848618524,0.6954040746754099,0.7012775845216996,0.4687517496061133,0.472563568072334,0.5696523220005669,0.5739288554886794,0.3869107611824335,0.39095141085651763,0.584056090045619,0.5884078788227977,0.500052028660757,0.504550078519014,0.7587742575697973,0.7663447327709217,0.6925582541339383,0.6967675561810317,0.5095824923540121,0.515245482973175
3493,normal,0.0627197999719886,0.0353825184445957,0.0038856235439276624,0.0040363896218634605,0.60683369679408,0.6107193203380078,0.010156148561971154,0.009987181340496708,0.7340411486793753,0.7388148252781663,0.6057592480464281,0.6103630715745881,0.7704842040716989,0.7746934769599783,0.6341884893192655,0.6372224241932978,0.6784379785274794,0.681360699688429,0.4406172338461518,0.4434079508156122,0.7070447858063005,0.7101950412006459,0.5577218644535638,0.559566334233938,0.6996515118987096,0.7038925996567267,0.4717488835550016,0.47496082846402005,0.570996201801544,0.5766320539642503,0.3879507208677998,0.392493756033841,0.5851834421828809,0.588654775792372,0.5023544912075952,0.5046779688614774,0.7631406986606953,0.7686275711922339,0.6955118146518189,0.700404222382395,0.5113401279230524,0.5162608454541593
3494,normal,0.0484458508517888,0.0313190556659944,0.007921451369022406,0.008337891032174435,0.621710130294784,0.6137886789257615,0.009534642833838166,0.008927392389848895,0.7499448939306669,0.740274373678921,0.6181894612225387,0.6129136935891587,0.792359149928624,0.777962885380732,0.6497907195162886,0.639770175222116,0.6922218267181471,0.6843440811612108,0.4502963535710964,0.44619201892467997,0.7238634670746465,0.7151463925161915,0.5728886505389714,0.5630306846592574,0.7160344840457226,0.7074614666272222,0.4833818271871268,0.47724475753783935,0.5857788796122928,0.5796204156117633,0.3976847435228288,0.3944384833533017,0.5998390199672842,0.5918735871545885,0.5162763577698728,0.5083421173256267,0.782547103509131,0.7726953151092353,0.7132331777591026,0.703923767384445,0.5247420991369848,0.5191733265016557
3497,normal,0.142843988598922,0.280709244209833,0.0028431413712142715,0.003815786818825241,0.6200883909179135,0.6173033837575532,0.007129941215704425,0.004153452690617013,0.7423716819062424,0.733741239955842,0.6143050196050043,0.611358783382956,0.7881685472740407,0.7794307849065661,0.6471903478167846,0.6425343067442393,0.6901012346888137,0.6884586997072984,0.450839569474027,0.4504686779567962,0.7229203634521225,0.7232715485148189,0.5714208970468352,0.5691551054311305,0.7137590712475262,0.7136272391589554,0.4833818271871268,0.48098471882382315,0.5876114429772616,0.5831483553911416,0.3985167112711218,0.3970248295260465,0.6004653267102074,0.5975722269203646,0.5146699885511484,0.5135848885221883,0.7809299031050947,0.7788637003124398,0.7117563975001623,0.7076951471032258,0.5230943157910095,0.5232372715205723
3499,normal,0.1247133209512873,0.3435122336786867,0.003173369118335819,0.004124228315101165,0.6200883909179135,0.6169150217995777,0.007129941215704425,0.004189715109369019,0.7423716819062424,0.7333235437567133,0.6143050196050043,0.6111047088523132,0.7881685472740407,0.7789459015246375,0.6471903478167846,0.642075535795765,0.6901012346888137,0.6879410235235895,0.450839569474027,0.4501109409255679,0.7229203634521225,0.7227687357090619,0.5714208970468352,0.5687967609213039,0.7137590712475262,0.7132780515661569,0.4833818271871268,0.4807414703140864,0.5876114429772616,0.5827378030213904,0.3985167112711218,0.39673987613545764,0.6004653267102074,0.5971909293768579,0.5146699885511484,0.5132987884319914,0.7809299031050947,0.7784720500031995,0.7117563975001623,0.7071842905503675,0.5230943157910095,0.5228449601843603
3500,normal,0.074078268420016,0.050003895292555,0.005274396247628974,0.006074031403886424,0.6177365469520361,0.612462150704407,0.007002351728998759,0.003757588652613184,0.7370704334891451,0.7262558114721251,0.6104205779874696,0.6059273643803973,0.7844808169380074,0.7724869546814264,0.6473309084491904,0.6379635680685113,0.6901769701184327,0.6842911600236202,0.4489630054457214,0.44736717934151016,0.7210341562070743,0.7176884701096616,0.5700754563457104,0.5646344214174702,0.7130006003147942,0.7086583927901766,0.4818578607724379,0.47794335452732173,0.583946316247324,0.5795850667593235,0.3956048241520961,0.3943358862573298,0.5948285660238984,0.5916401955775492,0.5135990757386656,0.508577766951684,0.7785041024990402,0.7722494251443038,0.7102796172412219,0.7032565785549244,0.5203480102143839,0.5189949659175856
3503,normal,0.0669885559608061,0.0511891371065468,0.006731426436112464,0.007390155499065446,0.6079849617342009,0.6147163881703135,0.006343839424986559,0.004227879779094319,0.7151081186183139,0.715782009767149,0.596760291632473,0.6024706653415792,0.7672155340011239,0.7716304957584548,0.6404434374613153,0.6406258399369479,0.6847240191858608,0.6899221168174978,0.4454074104447213,0.45210502887829,0.7144324308494058,0.7244956681903074,0.5628590016760405,0.5696136440824289,0.7033680194690967,0.7141275232629365,0.474847615264869,0.48120863272565295,0.5753943538774693,0.5828646136381616,0.3902802305630205,0.39653037023452775,0.5853087035314655,0.5949149783771697,0.5050317732388026,0.5110268677317173,0.7631406986606953,0.774750363099075,0.6992037652991697,0.706177768195481,0.5122189457075725,0.5219320128579508
3508,normal,0.0839143886056339,0.2914430570806584,0.007961938590902091,0.008344178955279674,0.5869229387476547,0.5940106576892401,0.02441410136820072,0.01783458471975733,0.740099718298915,0.7326688512797234,0.5985082903603637,0.6032088104683495,0.7548951621966487,0.76009965873093,0.6161264480551443,0.6219451945436512,0.655035730775192,0.6627419814194182,0.4223454262021238,0.42965190183671514,0.6786730851620345,0.6857811548540769,0.530874206826572,0.5391471369885438,0.6711330048279832,0.6787898789746843,0.4516325268811079,0.45962608844611547,0.5469896217204522,0.5602185488277696,0.3696474304053523,0.3807633540172952,0.5614464166260908,0.5703210874643019,0.4844167015985069,0.48811818137512974,0.737022912135509,0.7437320245600405,0.6682652188743704,0.6803650791902203,0.4905780577637637,0.5010022477401176
3515,normal,0.0479166270668921,0.0581045462807382,0.007188378838852829,0.007383182902866749,0.6071857980016131,0.6143741768404659,0.012954465129947577,0.010368910074632906,0.7408570395013574,0.7439084446230247,0.6088668013404558,0.615514670923248,0.7726633174520822,0.778884329401233,0.6317989585683701,0.6401018400753864,0.677832095090527,0.6846581590003444,0.4393332689846796,0.4459651889878149,0.7063374580894075,0.7136978044881307,0.5559483289838992,0.5619165062583323,0.7004858299247149,0.7073017371511355,0.4713424925110844,0.47822318698777905,0.5704464327920533,0.5805901168474836,0.3867027692453603,0.39489080313673947,0.5823650618397264,0.5921767939805959,0.5028899476138368,0.5080392825956385,0.7663750994687679,0.7735576439149812,0.6977269850402293,0.705186125709208,0.5101866795808697,0.5197483722068442
3516,normal,0.0248534925341867,0.0416658002206529,0.004233806923183507,0.004820191898911927,0.6114963643173751,0.6156111799442198,0.013539863420307663,0.010706901555336832,0.746915609120897,0.7459041831020152,0.6117153918599811,0.6170515101675146,0.7792844696463239,0.7804377970143025,0.6390378311372592,0.6413419885726718,0.6823762208676701,0.6860376351013161,0.4413085995407907,0.44657933562348867,0.7104242404536786,0.7146533940157647,0.5596788691097454,0.5624208436809804,0.7062502090134786,0.708538974635729,0.4753556040697653,0.4794147041828316,0.5747834994224797,0.5823866435570973,0.389365066039898,0.3959379371601896,0.5852460728571732,0.59303978137,0.5077090552700096,0.508650676193829,0.7712267006808768,0.7747183763042605,0.7021573258170503,0.707436099814216,0.5126034284883001,0.5208401785555268
3523,normal,0.0181135313055821,0.0477427753493181,0.0027433942020029145,0.0031752375151244384,0.6135612510462007,0.6108366373549001,0.005172569030250627,0.0033905906929022588,0.7181374034280837,0.7182970377690535,0.6043996934802911,0.6022556672930426,0.775261491097924,0.7695924945573894,0.6421301650501827,0.6372321697824807,0.6866931403559562,0.6845778719818086,0.4506914196823187,0.44780506288408534,0.7222916277037731,0.7179336628984007,0.5682407644805401,0.564642488827897,0.7137590712475262,0.7084649979072297,0.4798259055528527,0.4774358055631892,0.5802811895173862,0.5780530893837277,0.3939408886555099,0.39302278534693064,0.5910707255663591,0.589880202409432,0.5087799680824926,0.5069893670379144,0.7712267006808768,0.769396479064277,0.7051108863349309,0.7009413713730153,0.5187002268684087,0.517702280953429
3525,normal,0.0448672711475615,0.0514709106667755,0.0017261860045226294,0.0023230089044031705,0.62053376993885,0.619746012010043,0.005911891422480777,0.007197142228297243,0.7188947246305262,0.7131840071342186,0.6065361363699351,0.6022946347510966,0.776518671894299,0.7740671203567637,0.6457144611765259,0.6445545420101535,0.6911615307034803,0.6939287184403202,0.4572593937813882,0.45621147579371923,0.7358094462932848,0.7318944913136438,0.5772919110153801,0.5756170086768623,0.7228607224403112,0.7221351584191761,0.4849057936018158,0.48637974702123377,0.5888331518872408,0.5891417487992812,0.4005966306418545,0.40078020125965774,0.6010916334531305,0.6020189039457424,0.517882726988597,0.5176039061353993,0.7833557037111492,0.7840562915928803,0.7139715678885726,0.7138088944544847,0.5263898824829601,0.528005354066098
3526,normal,0.0385149193284868,0.060611617492203,0.00703934481722166,0.0076291382525982545,0.62053376993885,0.6134944251216284,0.005911891422480777,0.007507326103272637,0.7188947246305262,0.7058939520354724,0.6065361363699351,0.5969749232091852,0.776518671894299,0.7661102030580937,0.6457144611765259,0.6355881797361942,0.6911615307034803,0.6872595328617355,0.4572593937813882,0.4523012185388192,0.7358094462932848,0.7270051600708338,0.5772919110153801,0.5718854605327545,0.7228607224403112,0.7141893347564068,0.4849057936018158,0.4806716062062301,0.5888331518872408,0.5811661900946979,0.4005966306418545,0.39580442529829224,0.6010916334531305,0.5977280208158734,0.517882726988597,0.5139831352357336,0.7833557037111492,0.7755915178743655,0.7139715678885726,0.7039530215090292,0.5263898824829601,0.5232993452339659
3532,normal,0.035823435343269,0.0456056950061964,0.0032084242141145894,0.004281285954736471,0.6262994679677196,0.6235162684218852,0.01060439419060762,0.010045489954320131,0.7158654398207563,0.7107623093264778,0.6066656177571862,0.6027615198521212,0.7785301611684989,0.7770478194850735,0.6497204392000857,0.6486175562978994,0.6975233067914809,0.6994951427065996,0.4630866189219161,0.45939607185201076,0.7468123218893992,0.7368024945070587,0.5858538063861748,0.5793413683343444,0.7334793154985604,0.7275197617176142,0.4910016592605714,0.49069606645889946,0.5937199875271578,0.5942853952259576,0.4035085177608802,0.4043255087635629,0.6073547008823628,0.6061465623229128,0.5259145730822187,0.5209812791265855,0.7962933069434397,0.7896359407496465,0.7198786889243339,0.7198190977452937,0.531882493636211,0.5321426686999917
3552,normal,0.0193151771887177,0.0288192355787785,0.005840189311705925,0.006474965537034107,0.6081938221944194,0.6138098888763268,0.006620953508471489,0.0026127006831662327,0.7257106154525083,0.7248486634494723,0.6073130246934421,0.6062699343431904,0.7669640978418489,0.77249092622646,0.6335559664734403,0.6381620296069467,0.6795740099717652,0.6857111357043908,0.4460987761393603,0.4493916073733432,0.7141966549437748,0.7219658668796789,0.5608408406243532,0.5673694156106694,0.6988171938727042,0.7108714727142745,0.4704789115427608,0.47872335576109937,0.5747834994224797,0.5792732615853601,0.3908210095994109,0.3944538529478085,0.5879391918517429,0.594897390291849,0.5061026860512854,0.5121682676324254,0.7639492988627135,0.7741093133460424,0.6962502047812891,0.7031083103584777,0.5158989951802507,0.5209533070660672
3557,normal,0.0520858272805955,0.0540110512031533,0.0015896963448252467,0.0021432493844295375,0.6156149909531199,0.6164875054934056,0.004790624005913103,0.005638213630560273,0.7143507974158715,0.7133177078709416,0.6040112493185377,0.601893759769598,0.773501437982999,0.7721802394643482,0.63981091461549,0.641388779184319,0.6907071181257661,0.6912331357040131,0.4538025653081937,0.45391861460754834,0.7272429217220245,0.7282963125877467,0.5696473615771707,0.5727274082434062,0.7122421293820621,0.7176670826788868,0.4788099279430601,0.4830011185370953,0.5845571707023135,0.5842574752406493,0.3985167112711218,0.39744780857815165,0.5954548727668216,0.5981769344932127,0.514134532144907,0.5138788625734773,0.7776955022970221,0.7785859961872006,0.7073260567233414,0.7079166585232963,0.5236435769063346,0.5243996991440065
3563,normal,0.051719749552797,0.0286832186022424,0.007543102772868264,0.008207809775886749,0.6241425322848742,0.6165994295120061,0.011168902722814424,0.009249285462597715,0.7590327483599764,0.7443494530113212,0.6246635305850964,0.6166674755246879,0.7948735115213742,0.7802811466803076,0.6467686659195679,0.6414066844820326,0.6920703558589091,0.6868884165005267,0.4536050322525826,0.44786575467114065,0.7278716574703739,0.7166915396920771,0.5714820534423409,0.5642624584126288,0.7190683677766508,0.710414790725112,0.4854137824067121,0.4806106928456035,0.587000588522272,0.5835041547951597,0.400180646767708,0.3968651901215074,0.6017179401960537,0.5945799990400444,0.51895363980108,0.5102180871384518,0.7849729041151856,0.7767272208214369,0.7147099580180428,0.7086885819788897,0.5280376658289354,0.5221686552631734
3564,normal,0.0230228880274702,0.0342025201241357,0.006948792840711482,0.007673550497993826,0.6241425322848742,0.6171937394441628,0.011168902722814424,0.011269307270684321,0.7590327483599764,0.7482883919537656,0.6246635305850964,0.6182303901111829,0.7948735115213742,0.7824441249722337,0.6467686659195679,0.6430817593347268,0.6920703558589091,0.6868949770876457,0.4536050322525826,0.4464967844827569,0.7278716574703739,0.7145720997708461,0.5714820534423409,0.5630508131871437,0.7190683677766508,0.7113497778517387,0.4854137824067121,0.48216020021064365,0.587000588522272,0.5849422872370417,0.400180646767708,0.397622746108499,0.6017179401960537,0.5938692894142527,0.51895363980108,0.5087465551183276,0.7849729041151856,0.777668143451633,0.7147099580180428,0.7107769618012527,0.5280376658289354,0.5220982684570763
3565,t2 alarm only,3.831805087159679,0.0670837920413357,0.009202503787933898,0.009797857785409895,0.6250648281560516,0.6158623243681177,0.010144311380902897,0.007980538900171205,0.756760784752649,0.7408930781349015,0.6259583444576079,0.6143224165060478,0.7957116320522908,0.7785992514626756,0.6465578249709595,0.6405445032631799,0.694796831325195,0.6863085067705692,0.4547902305862493,0.4474435254893631,0.7296792727468784,0.7169024126770998,0.5726440249569488,0.5642005051080856,0.720585309642115,0.7099855906179151,0.4859217712116084,0.4799767081188787,0.5882222974322512,0.583141902075666,0.4022605661384407,0.396528091189356,0.602344246938977,0.5948046794973227,0.51895363980108,0.5103665325396797,0.7857815043172037,0.7754705884947618,0.7154483481475129,0.708065899966759,0.5296854491749107,0.5221053223457405
3573,normal,0.0738213142724113,0.0639583310749797,0.0016819239182309426,0.0019513916477610946,0.620152270823792,0.6188130658159618,0.006876700968441781,0.007290810012988458,0.7151081186183139,0.7119858542853535,0.6035580644631585,0.6012534921998076,0.7755129272571989,0.772417518468745,0.6431843697932248,0.643342641825509,0.6938122707401472,0.6932545502597446,0.4572593937813882,0.45543740053413745,0.7337660551111493,0.7306435367034212,0.5742340912400963,0.5748709303508847,0.7221022515075792,0.7210012698368684,0.4849057936018158,0.48584191074434085,0.5900548607972201,0.5883238994781482,0.4026765500125872,0.4002944072737841,0.6029705536819002,0.6013736322937614,0.5157409013636313,0.5166808451320397,0.7849729041151856,0.7829368591687722,0.7124947876296324,0.7127367263140326,0.5302347102902357,0.5274266440020008
3574,normal,0.0240465741055626,0.0638457402191053,0.001992117497651984,0.002224693843802325,0.6228898810202413,0.623514133635314,0.007940592167883254,0.008197797331242198,0.7166227610231989,0.7152364629726947,0.6055002852719259,0.6045357876300799,0.7775244165313989,0.7788647087709052,0.6452224989631061,0.6493089915289841,0.6978262485099571,0.6985712202421701,0.4598273235043327,0.4586945237159852,0.7378528374754204,0.7356254515059906,0.5766803470603235,0.5789197509199745,0.7236191933730433,0.726846699143273,0.486937748821401,0.4900269305746638,0.5937199875271578,0.5936304390397369,0.4055884371316129,0.4040637359282178,0.6067283941394396,0.6050495822555095,0.517882726988597,0.5201747842430048,0.7865901045192218,0.7894356481953442,0.7169251284064533,0.7192988255133431,0.5340795380975114,0.5314567296204621
3580,normal,0.0275001985211511,0.0366327491846424,0.0036276793565125955,0.004287109628674627,0.6087912996038886,0.6121698468270461,0.017105236736865186,0.014911812005116619,0.7507022151331093,0.7494440094893845,0.6155998334775157,0.6188563055396572,0.7746748067262823,0.7809621471654329,0.637280823232189,0.6399932418703042,0.6841938711785275,0.6833344536887344,0.4415061325964018,0.44428916391431567,0.7047656187185339,0.7100336557531435,0.5507500353659167,0.5575625422971323,0.6948731450224974,0.7009371260790012,0.4713932913915741,0.4738988673782937,0.5739893886309931,0.576914170361571,0.3906546160497523,0.3925317066963106,0.5870623624116504,0.5888167532394258,0.5009087589107434,0.5050137374847823,0.7576422172869719,0.7669483334160645,0.6992037652991697,0.7002927878194989,0.5142512118342755,0.5170583938667299
3587,normal,0.0354009458272974,0.0436076107377449,0.0026392493063560293,0.0033138903307056633,0.6079221024058313,0.6101959199714884,0.005680268464799186,0.0031136141790904398,0.7211666882378536,0.718060518441911,0.6003210297818797,0.6021343575648448,0.7683889027444072,0.7685853801068829,0.6337668074220487,0.636081039669312,0.6839666648896703,0.6841909130293228,0.4471358246813186,0.4475283438432406,0.7149039826606678,0.716974767280701,0.561635873765927,0.5635817939978609,0.7007133712045345,0.7067421240954846,0.4737808387745868,0.4764852863839978,0.5732563632850056,0.577433737631187,0.3914449854106308,0.3928353049525705,0.5885654985946662,0.5900107899547852,0.5028899476138368,0.5068522721935114,0.7599062978526228,0.7680448874416387,0.6969885949107592,0.7000709062936713,0.5158440690687182,0.5177182166343787
3588,normal,0.0328584125732624,0.0537239201938296,0.005067971309715376,0.005577325261052077,0.6093459040715637,0.6144138753812792,0.004571758873242733,0.0036507521930269175,0.7151081186183139,0.7199160087581283,0.5974076985687289,0.6049599991668718,0.7672993460542155,0.7735297112261486,0.6349615727974963,0.64096473026817,0.6837394586008132,0.6892138001598742,0.4488148556540131,0.4513179727664805,0.7200910525845503,0.7227189985217347,0.5664672290108754,0.5677715543291361,0.7040506433085557,0.7126000477768986,0.4750508107868276,0.4804590533965477,0.5753943538774693,0.5824278176789861,0.3926929370330704,0.3960531844170689,0.5916970323092823,0.593581881444834,0.5066381424575268,0.5095779739863507,0.7639492988627135,0.773212315120234,0.6984653751696995,0.7056522044994096,0.5170524435224334,0.5210786279648726
3590,normal,0.0488507313747812,0.0617568513262649,0.002076040935199948,0.002540310130158926,0.6191554315160352,0.6171913435793154,0.006267168340236297,0.006939903048932112,0.7158654398207563,0.7110077467607364,0.6024574726715238,0.6004384621198033,0.7758481754695656,0.7704927882443345,0.6450819383307005,0.6409319301514141,0.6934335935920519,0.6916405131516592,0.4550371469057632,0.454707132905695,0.7316440719604702,0.7295628388586366,0.5760687831052667,0.5737453773822625,0.720585309642115,0.718605185248172,0.4849057936018158,0.48393661734512167,0.5851680251573032,0.5861196256443848,0.400180646767708,0.39888448676973287,0.6035968604248234,0.6002377474645096,0.5168118141761142,0.515718219134491,0.7817385033071128,0.7802117979350742,0.7102796172412219,0.7098885436573391,0.5269391435982852,0.5261238280749949
3592,normal,0.1207696345828273,0.1383858130711388,0.003095312594887558,0.003942513964893144,0.5926930604092815,0.5955814521814984,0.017270800963088532,0.016650621382127202,0.7294972214647206,0.7322121047731417,0.6016158436543912,0.6040073331379529,0.7538894175595489,0.7609590892079267,0.620554107975921,0.6224606296052814,0.6563232330787159,0.6641132480641986,0.4258022546753183,0.43127168146895684,0.6816595799666942,0.6882017403074746,0.5385187562647815,0.5407073049460388,0.6809931269535002,0.6806234488102791,0.4610303197716895,0.4609879530933957,0.5624442394316894,0.5623004421391498,0.3807126014576502,0.38225660416592866,0.5669579159638152,0.5724798798919798,0.4883255333640695,0.49004481987982634,0.747453854741543,0.7462508698628965,0.6811870461400981,0.6827950291138394,0.4988169744936401,0.5032125086172065
3595,normal,0.0502706494670305,0.0349637760468565,0.002719307933675615,0.0032712015155421203,0.618883204410925,0.6179832021487998,0.009438373117256416,0.005775280311320592,0.7438863243111272,0.7393632607782493,0.6175420542862831,0.6142528897000671,0.7859056218405657,0.778524030177821,0.6464172643385538,0.6412631323706505,0.686541669496718,0.68787450982479,0.4465432255144853,0.44962316932316326,0.7182834373080459,0.7208280905831708,0.5681184516895287,0.5673740125926393,0.7175514259111866,0.7129949514766106,0.4849057936018158,0.4819146226581266,0.5851680251573032,0.5855526817513078,0.3968527757745357,0.3984488361449684,0.5954548727668216,0.5982433349023615,0.5119927065199412,0.5136940402079718,0.7817385033071128,0.7796144028677015,0.7110180073706921,0.7111326100030808,0.5230943157910095,0.5250158611669158
3601,normal,0.0454084019678053,0.0284827401767603,0.0033677833077450387,0.0037402448820413907,0.6120819769527817,0.6126188042686138,0.00871157899560963,0.0037940249498921606,0.7287399002622781,0.7245955025989139,0.6091257641149581,0.6061571262441068,0.7781949129561323,0.7724556886596893,0.6422707256825883,0.6380855727233828,0.6822247500084321,0.685158731521309,0.4443209786388603,0.44866493357829484,0.7141180629752311,0.7204130440850572,0.5654887266827847,0.5664478601236139,0.7121662822887889,0.7095575926573329,0.4788099279430601,0.4777652694504288,0.5760052083324589,0.5779994437606767,0.3912369934735575,0.393192216336419,0.586373424994435,0.5920410046356605,0.505567229645044,0.5098656524657452,0.7752697016909676,0.77189733667366,0.70068054555811,0.701560842171105,0.5148004729496005,0.5186618548810394
3611,normal,0.1099789044588101,0.0260319451535825,0.0038824744117315624,0.0043838035215719925,0.5946855076445272,0.5956639113036781,0.02093604974782463,0.016767499231221363,0.7370704334891451,0.7326441275783668,0.6088668013404558,0.6043823290367184,0.7569066514708488,0.7606975513678906,0.6287066246554467,0.6224978519843533,0.6709401709951932,0.6646305556071154,0.4299504488431516,0.43139654114655723,0.6871610177647512,0.688198635621778,0.5427997039501788,0.5407039002079971,0.6758355246109221,0.6804371870924394,0.4559504317227265,0.4610785542044553,0.5577406601282694,0.5621544001072886,0.3778839111134537,0.38212773924648347,0.5704652337241852,0.5727717628540779,0.4913776348796457,0.4902180034985785,0.737427212236518,0.7461940790620332,0.6788980367387405,0.6828381539300059,0.5016731322933308,0.5033151196163889
3614,normal,0.0570184523809483,0.0529187100575163,0.008394240702123953,0.009007050960054408,0.6092584095185849,0.6176526502207089,0.015191845237416582,0.011099932486809112,0.7461582879184546,0.7494121519028449,0.6162472404137715,0.6198396879270266,0.7713223246026155,0.7838264848999419,0.6400217555640985,0.6438378491686297,0.683436516882337,0.6883017463107287,0.4397777183598046,0.44845908987234745,0.7058659062781455,0.7175529447299153,0.5560094853794049,0.5645039515014959,0.6991205822457971,0.7096017938147643,0.471545688033043,0.4800034646376509,0.5741726449674901,0.5831820009553744,0.3889074837783369,0.39686286002250715,0.5837429366741573,0.595532613317602,0.505567229645044,0.5112712426361249,0.761523498256659,0.7767578232244738,0.6999421554286398,0.7084866205269451,0.5140315073881454,0.5226627283036788
3629,normal,0.089651412396964,0.0492718523192253,0.0019120540475422215,0.0021981982238114183,0.6182957844638611,0.6186234544907261,0.013536608020831505,0.011261781767681707,0.7552461423477641,0.7506635323104053,0.6201316820313061,0.6211655458369667,0.7880009231678573,0.7855067964575158,0.6473309084491904,0.6452424621603916,0.6901769701184327,0.6895424070337156,0.4487654723901103,0.4493677988713637,0.7160042702202792,0.7188610376919189,0.5662837598243584,0.5653790703281272,0.7122421293820621,0.7104430594277616,0.4793179167479564,0.4805270987048402,0.5815028984273655,0.5837291517013256,0.3956048241520961,0.3975106502872487,0.5942022592809751,0.5965019643770078,0.5098508808949754,0.5121073257703572,0.7785041024990402,0.7775403438950312,0.7080644468528114,0.7089126292512844,0.5197987490990589,0.5235978522370821
3639,normal,0.043644981263017,0.0525071630598341,0.0026980636352228926,0.004566786036660745,0.6251029327655487,0.6227920474058086,0.003925263321861013,0.007682171216759755,0.7302545426671629,0.7154292968510618,0.6136576126687485,0.6046048414992272,0.7831398240885407,0.7789174404896458,0.650001560464897,0.6488244734734014,0.6990380153838619,0.698071414376997,0.458197675795541,0.45821322283383165,0.7358880382618286,0.7345650557561981,0.5779034749704369,0.5779488310225419,0.7274115480367038,0.725766611156704,0.4904936704556751,0.48920961763132603,0.5955525508921267,0.5925679647023934,0.4035085177608802,0.40335397166147496,0.6061020873965164,0.6041440757212881,0.5184181833948386,0.5192875029289691,0.7857815043172037,0.7881422970342817,0.720617079053804,0.7178999431248928,0.5307839714055609,0.5305182456345108
3641,normal,0.0893788381248532,0.0494586397217206,0.0032085986436935793,0.0036641109979896557,0.593442885662625,0.5944007546538499,0.01803481690622326,0.01743557248958807,0.7287399002622781,0.7323464123034608,0.5987025124412403,0.6035162886114187,0.7608458179661571,0.7600100142304723,0.6214677520865576,0.6217165902317956,0.662154861159383,0.6631417696715787,0.432320845510485,0.43049150525262786,0.68071647634417,0.6864918721612041,0.5335650882288218,0.5391574255038308,0.6732567234396332,0.6785599441305924,0.4573728003764361,0.4599614876545328,0.5659261098251303,0.5608622936452992,0.3839988740634078,0.38124255027720644,0.5748493809246477,0.571447819810022,0.4870939836297142,0.488825250175373,0.7390444126405543,0.7438124450618072,0.6825161483731442,0.6811645234154375,0.5059573689928665,0.502064636978788
3652,normal,0.027393868092905,0.0297148739006702,0.0021436721036917268,0.0031440721305973558,0.609573232841407,0.6109325989895198,0.005405303129311956,0.0033658081031059726,0.7249532942500658,0.7200778853408868,0.6014216215735145,0.6036519858086252,0.7692270232753239,0.769891531137246,0.6371402625997834,0.6364233965609983,0.6828306334453845,0.6843184761952423,0.4467407585700964,0.4480101324245708,0.709088176988436,0.7183869546843518,0.5596788691097454,0.5651231189577183,0.7058709735471127,0.7078936005052592,0.4777939503332675,0.4769438479772275,0.5760052083324589,0.576953194627962,0.3912785918609721,0.39249400508439036,0.5898181120805126,0.5905741144996428,0.5050317732388026,0.5081503394404989,0.7696095002768405,0.7693852769584233,0.6992037652991697,0.6997994524040339,0.5170524435224334,0.5177768702147593
3655,normal,0.0315945932106654,0.0269076474866003,0.0019966400962174364,0.0025634753681387378,0.607924441478723,0.6090583770666138,0.0047694384852785725,0.0037916271923224567,0.7158654398207563,0.7121709446969902,0.5961776253898429,0.5988820138404365,0.7665450375763906,0.7656233800102861,0.6363671791215525,0.6341174580102883,0.6824519562972893,0.6830267779134253,0.4460000096115547,0.44734816453999393,0.7109743842334841,0.7178849630299975,0.5613300917883987,0.5648603432715991,0.706781138666391,0.7084231899061975,0.4770319671259231,0.4765648526062819,0.5736839614034984,0.5749674732070597,0.389614656364386,0.39119070735648864,0.5879391918517429,0.588902113855711,0.5039608604263196,0.507003342913088,0.7688009000748224,0.7690292313214632,0.6955118146518189,0.6977067462045002,0.5156792907341207,0.5162907074486295
3657,normal,0.1244303487024232,0.177610397583124,0.0010131438377379222,0.001633547738533827,0.620358539041388,0.6199805542874617,0.006641028038699956,0.007978157204125766,0.7173800822256412,0.7117626923681069,0.6025222133651493,0.6014850531323889,0.7732500018237239,0.7736374460782411,0.6461361430737426,0.6447113051817567,0.6944938896067188,0.694318572479148,0.4565186448228465,0.45608692034838216,0.7305437844008588,0.7321419106922863,0.5741117784490849,0.5762783302270698,0.7228607224403112,0.7229401864786381,0.4884617152360899,0.48723181113557584,0.5900548607972201,0.5897306519782691,0.4014285983901476,0.40119429119360067,0.6017179401960537,0.6021885984559375,0.5173472705823556,0.5177050277451911,0.7857815043172037,0.7852366031661041,0.7154483481475129,0.7146435059697946,0.5280376658289354,0.5283765162563586
3659,normal,0.0305274156545453,0.0727738273469323,0.0023357101537865594,0.0027403495534174794,0.6199488760626535,0.6222325772676482,0.007472807109963016,0.007645820785433456,0.7151081186183139,0.7149113515236662,0.6011626587990123,0.6041318251613085,0.7719090089742573,0.7781935418259213,0.6455036202279174,0.6483664723951972,0.6941909478882425,0.6971879723989823,0.4566667946145549,0.45788241613082514,0.7303080084952278,0.7340266305232024,0.5741729348445906,0.5776190024379759,0.7221022515075792,0.7253553177342463,0.4889697040409862,0.4887243950709028,0.5894440063422305,0.591817072641141,0.4014285983901476,0.4028527263080045,0.602344246938977,0.6036284756099776,0.5168118141761142,0.5188851603111994,0.7849729041151856,0.7876207137668775,0.7154483481475129,0.7168531099239477,0.5285869269442605,0.5298976297866442
3661,normal,0.0417816978043501,0.1033063245983155,0.0034049257739947637,0.00363505434430593,0.6253895732309123,0.6219846474569174,0.011249509600863076,0.01111469719682935,0.7124574944097652,0.7069281187840335,0.6016158436543912,0.5999526139777774,0.7766024839473907,0.7734148764477861,0.6504232423621138,0.646164642509696,0.7010071365539573,0.6972192606054067,0.4599260900321382,0.4583111189243621,0.7397390447204685,0.7355449980539034,0.5809612947457207,0.5786406646833765,0.7312039027003642,0.7263277087911147,0.4925256256752603,0.4897667540730409,0.5979959687120852,0.5932686475423304,0.4060044210057595,0.4036241670029877,0.607981007625286,0.6054721341738037,0.5216309218322871,0.5204404199140986,0.7922503059333489,0.7884764282299965,0.7235706395716845,0.718700468910591,0.5357273214434868,0.5314859841432917
3663,normal,0.0502224970533457,0.1015456951199026,0.00488358396055417,0.00609214303909389,0.5975804024530778,0.602463986413632,0.015260282121363532,0.015540243409347666,0.7325265062744903,0.7387155496783104,0.6097731710512139,0.610637328221423,0.7528836729224487,0.7675881900043992,0.6184456984898368,0.6291266886109217,0.6628364800259545,0.6722554481645497,0.4359752070392906,0.43746431590697293,0.691326392097566,0.6973606897280223,0.546530244076025,0.5478734856506875,0.6824342217256913,0.6888317497867856,0.4634686660351917,0.46636754014061227,0.5637270337871676,0.5683648280088399,0.3843732595501397,0.386616321639598,0.5757262103647401,0.5797906063878303,0.4938407343483563,0.49648868660840556,0.7535992162768811,0.7552145624564012,0.6866511330981772,0.6903664744412681,0.5047489945391512,0.5088253035967152
3665,normal,0.0254921813535694,0.0217036903592537,0.0037977369675120044,0.004642512738986178,0.5975804024530778,0.6013781394205898,0.015260282121363532,0.015119549654923757,0.7325265062744903,0.7368151223163606,0.6097731710512139,0.6108318018038362,0.7528836729224487,0.7639981411450698,0.6184456984898368,0.626352118183167,0.6628364800259545,0.6697005941078867,0.4359752070392906,0.43723016420738875,0.691326392097566,0.6967857163801535,0.546530244076025,0.5486559796003678,0.6824342217256913,0.6880065543489385,0.4634686660351917,0.46583136158480337,0.5637270337871676,0.5667053595653682,0.3843732595501397,0.38562776252164566,0.5757262103647401,0.5784647675128654,0.4938407343483563,0.496156583150104,0.7535992162768811,0.7555878837286866,0.6866511330981772,0.689242903350581,0.5047489945391512,0.5074355566428029
3674,normal,0.0237483812339668,0.0447492907233224,0.003587883678874474,0.0045314316729696755,0.6106094724369348,0.6141973561158093,0.0034528615317616124,0.002355750223285191,0.7211666882378536,0.7235916744234838,0.6058887294336793,0.6063270050587481,0.7633601795589071,0.7721062142343365,0.6315178373035589,0.637990757283786,0.676468857357384,0.6867538647637266,0.4489630054457214,0.4502161053833997,0.7163186380944541,0.7231238090340962,0.5643267551681768,0.5682413760320316,0.70746376250585,0.7112924321568866,0.4772859615283712,0.47899808959817014,0.5778377716974278,0.5797793873864149,0.3943568725296565,0.394819673634023,0.593575952538052,0.5957111967779474,0.509315424488734,0.5128876388808637,0.772035300882895,0.7743508314601413,0.70068054555811,0.703465785135536,0.5197987490990589,0.521699212725165
3681,normal,0.0307680319238981,0.0267020064760912,0.003863671865164982,0.004496534191821901,0.5913413399778735,0.5942273208917929,0.02180291967031772,0.01716493573261835,0.7370704334891451,0.7317731071638156,0.6045291748675422,0.6034720744532521,0.7626058710810821,0.7606499247351151,0.6187971000708509,0.6216243607225086,0.6601100045596685,0.6619570341216323,0.4269874530089849,0.43076783161452636,0.6849604426455284,0.6882657731662718,0.5358890312580374,0.5404684310368072,0.6700711455221583,0.6780023907488593,0.4562044261251746,0.4596949843152176,0.5526705681518556,0.5586644651645519,0.3787990756365761,0.3805127679789204,0.5685863134954156,0.57175958500709,0.490735087192156,0.4909437048367935,0.7358908718526834,0.7438053739197152,0.6706280672886747,0.678185971364006,0.4982677133783151,0.5013166748113972
3682,normal,0.0276036425396245,0.0221602025692517,0.0036715510534887706,0.004288007071822946,0.5913413399778735,0.5941179068530078,0.02180291967031772,0.017454242641263096,0.7370704334891451,0.7322951987350425,0.6045291748675422,0.6036414131988578,0.7626058710810821,0.7606615019878562,0.6187971000708509,0.6214317497830103,0.6601100045596685,0.6620430602056301,0.4269874530089849,0.4305803764777383,0.6849604426455284,0.687915423074644,0.5358890312580374,0.5402058339707154,0.6700711455221583,0.6776192758378212,0.4562044261251746,0.45957172068927454,0.5526705681518556,0.558509233233651,0.3787990756365761,0.3804625637499844,0.5685863134954156,0.571570076539561,0.490735087192156,0.490877034316371,0.7358908718526834,0.7434889376809386,0.6706280672886747,0.6779873220790423,0.4982677133783151,0.5011436949409933
3686,normal,0.0481454916013692,0.0260624277174361,0.004586434543534364,0.005386234104334008,0.6131239253531194,0.6169057137726858,0.014201218600462752,0.009606959430050903,0.7507022151331093,0.7453703195763995,0.6194842750950503,0.6179766785980312,0.778027288849949,0.781072985927778,0.6367185807025665,0.641646741808413,0.6864659340670991,0.6872052118597937,0.4428888639856796,0.44823923700654705,0.7100312806109602,0.7171246855276174,0.559923494691768,0.5641352325312935,0.7007892182978077,0.7097207344919122,0.4767271738429853,0.48013316026081765,0.579059480607407,0.583397773523292,0.394772856403803,0.3969940850895821,0.5929496457951288,0.5956025361965224,0.5087799680824926,0.5109244783189335,0.7647578990647317,0.7766079008318423,0.70068054555811,0.7082713235255192,0.5203480102143839,0.5229740490613637
3697,normal,0.0263045761231869,0.0234699416577338,0.008263787831162299,0.009169737506369529,0.6313036841220645,0.6230398962909023,0.018826647346339605,0.014112021040112553,0.7794804208259227,0.7615089090002494,0.644733145609025,0.6295300533536473,0.8057690784232908,0.7926509868757702,0.6597705244170872,0.6504846637970269,0.7018402262797669,0.694006824370884,0.4570124774618743,0.4519727861071375,0.7291291289670727,0.7225371943551118,0.5723382429794204,0.5680931260841185,0.7198268387093829,0.7144500903611584,0.4879537264311936,0.483310277026252,0.5973851142570955,0.5877944932646967,0.4076683565023456,0.4004276972849387,0.6042231671677467,0.5988862875282688,0.5184181833948386,0.5139160781594004,0.7882073049232582,0.7819087983568295,0.7265242000895652,0.7142799484465615,0.531882493636211,0.5259200225732867
3702,normal,0.0263474665183359,0.0657817472677695,0.0029815086971281906,0.0038635296263767557,0.6206743457057414,0.6209435681471811,0.017763282214062523,0.012733671143739985,0.7643339967770736,0.7562952786382785,0.6337272276926771,0.6249572865631717,0.7915210293977074,0.7891605265932073,0.6462064233899455,0.6485738962221935,0.6882078489483373,0.6917180368716611,0.4498519041959714,0.45016517534701755,0.7173403336855216,0.7203259467798965,0.5639598167951428,0.566636662154469,0.7086014689049481,0.7129796124556435,0.4808418831626453,0.48244449334170497,0.587000588522272,0.5862862661089172,0.4005966306418545,0.39901205927372874,0.5973337929955913,0.5974429102439053,0.509315424488734,0.5127656536161679,0.7744611014889494,0.7802165458411966,0.7139715678885726,0.7123851905695018,0.5241928380216597,0.5246751178814181
3705,normal,0.0794487024568071,0.0347194254466861,0.014633615989728333,0.015338546449378014,0.6306257975694904,0.6159921815797622,0.006436706061045698,0.005527774041419014,0.7347984698818179,0.7132764149347702,0.6188368681587946,0.6010625951543546,0.7890066678049574,0.7718886377410645,0.6611058504249404,0.6416654500528396,0.7104740652563389,0.6904839030538178,0.4634323017692355,0.45299989078780584,0.7405249644059053,0.7269154070590068,0.5834075505659477,0.572015735234871,0.7372716701622208,0.7170673097646987,0.4950655696997419,0.4830219532725178,0.5979959687120852,0.5844769179307628,0.4047564693833199,0.39748352534175224,0.6073547008823628,0.5966768173129334,0.5210954654260457,0.5132669452931939,0.7995277077515123,0.7780690587993464,0.7213554691832742,0.7082268855177425,0.5346287992128366,0.5232696396044771
3706,normal,0.0713132396969226,0.0441421977792519,0.012384918678468007,0.01328894296682824,0.6369993998428345,0.6246144811643665,0.006773892949159528,0.00958146541295909,0.7370704334891451,0.7130701581975916,0.6220739028400734,0.6041938910082135,0.7940353909904574,0.7791064080992872,0.664900987499892,0.6500668821651269,0.7154726036111966,0.7005972354086367,0.4694076767014717,0.4600059866908424,0.7491700809457094,0.7376301409023976,0.5901347540715721,0.5800537241860098,0.7448563794895416,0.7284306300009623,0.5016694241633938,0.4910997334539863,0.6041045132619812,0.5953866454354393,0.4089163081247852,0.4052036466818164,0.6161229952832878,0.6069089615183778,0.5301982243321502,0.5216821326317299,0.8092309101757301,0.7909716555775648,0.7309545408663862,0.7210997634794766,0.5406706714814126,0.5329385843567713
3707,normal,0.1123049369236868,0.0564520946562802,0.004738363667789295,0.0051891450631500234,0.6169993591756898,0.6208982643152287,0.006733757041985608,0.00978548483852754,0.7135934762134291,0.7084817882481996,0.6023927319778982,0.6003690224529985,0.7698975197000573,0.7736636211670322,0.6442385745362669,0.6455346738845902,0.6922975621477662,0.6960280625075678,0.4545926975306382,0.4574614616334218,0.72543530644552,0.7341695781845734,0.5728274941434658,0.5771979293921209,0.720585309642115,0.7244586578860518,0.4859217712116084,0.48813596646874874,0.5851680251573032,0.5913111553931184,0.3960208080262427,0.4024378535843327,0.5960811795097448,0.6039971717966816,0.514134532144907,0.5193317369208262,0.7833557037111492,0.7863893271851756,0.7088028369822816,0.7162030628812941,0.5236435769063346,0.5300994237721541
3711,normal,0.0221187436229603,0.0166264649774151,0.0036106148773568138,0.004467628370044678,0.5920781774139293,0.595377519726463,0.018467270098375108,0.015182012765338048,0.7294972214647206,0.7292061997087657,0.6014216215735145,0.6031939893297974,0.7620191867094405,0.7596643916643988,0.6204838276597182,0.621885279205298,0.6546570536270967,0.6633417873965293,0.429654149259735,0.43227240917615795,0.6885756731985373,0.6906129507482167,0.5360113440490487,0.5425410827983413,0.6769732310100203,0.680842712297521,0.4579315880618221,0.46088039458406505,0.5598175652752341,0.5605310723062684,0.3790902643484786,0.3809908107134792,0.5685236828211232,0.5732720668906723,0.4847379754422519,0.4923005212483976,0.7378315123375271,0.7464689255420527,0.6793410708164226,0.6807155848544201,0.4987620483821077,0.5026976568854901
3716,normal,0.0322068003501461,0.0388811576878637,0.0024320158251543954,0.00300191901980794,0.6106906094437327,0.6105698155168474,0.007143657139355687,0.0032447671039365247,0.7226813306427384,0.7170051809740031,0.607766209548821,0.6017215252025964,0.7727471295051739,0.768897555203411,0.6382647476590283,0.636476529110804,0.6875262300817658,0.6845360774603442,0.4485185560705965,0.4481172903704792,0.7191479489620262,0.7181991112561744,0.5635928784221087,0.5646184423598275,0.7061743619202054,0.7077394593265331,0.4753048051892757,0.4770541919601509,0.5778377716974278,0.5781022981736863,0.3922769531589238,0.3931320156117207,0.5871249930859429,0.589991952859242,0.5034254040200782,0.5070735930953609,0.7639492988627135,0.7686253311750756,0.6999421554286398,0.7006716044600729,0.5154595862879906,0.5177247051869233
3718,normal,0.0999190663317221,0.2460843050028971,0.006827070003582729,0.007518959419546567,0.6111619003231039,0.6170313027907565,0.0047816948513104114,0.006944066273267355,0.7158654398207563,0.7106614300326969,0.6034285830759074,0.6004924188085599,0.7693946473815072,0.7709093671664675,0.634399330267874,0.6417075769858306,0.6842696066081465,0.6914475318964557,0.4497531376681659,0.454370528551275,0.7222916277037731,0.7293259089139519,0.5664672290108754,0.5735921950545065,0.709284092744407,0.7190990252572216,0.4770319671259231,0.48409866257895867,0.5815028984273655,0.5856473790989347,0.3951888402779495,0.39840643780367274,0.5904444188234359,0.5993680073971068,0.5061026860512854,0.5149191881631427,0.7647578990647317,0.7804075557090663,0.7014189356875801,0.7095307296961114,0.5181509657530836,0.5255482043289009
3721,normal,0.07828982411824,0.182524549307876,0.011945427323684954,0.012791010292229722,0.5994960044752509,0.6099300545192795,0.025691171071202244,0.015464086028202885,0.7560034635502065,0.7476471709265152,0.6104205779874696,0.6170821309221719,0.7828883879292657,0.7783979736758778,0.6197810244976901,0.6386804792843495,0.6738938527503363,0.6800783823137178,0.431431946760235,0.4424186091344576,0.691797943908828,0.7065189498524763,0.5399865097569178,0.5555653331482041,0.6872125886019034,0.698431941026945,0.4563060238861539,0.47237325972004657,0.5632994356686749,0.574738025321006,0.3817525611430165,0.39077876558650876,0.5772919772220483,0.5861862352056667,0.4927162758952493,0.5028044624305824,0.7440577338930668,0.764638630194913,0.6797102658811577,0.6981340084585443,0.5028815067470459,0.5143365696257686
3722,normal,0.074952699208239,0.0857093520279192,0.006812354990590774,0.00799612671143914,0.6062239411331838,0.6095794240176869,0.024667755264878168,0.01587026252817367,0.7620620331697462,0.747660677108945,0.6162472404137715,0.6170047439468207,0.7906829088667908,0.777537187184352,0.6268793364341737,0.6388499178647028,0.6823004854380512,0.6804641502795454,0.4367159559978322,0.4421602746403635,0.7008360202913503,0.7053826168277373,0.5470806516355762,0.5542137516116632,0.6957074630485027,0.6977594607388905,0.4613859119351169,0.47216160301225474,0.56946906566407,0.5753759044077199,0.3857044079474086,0.39121790820806673,0.5833045219541112,0.5855896669039206,0.4977495661139188,0.5012302030106739,0.7532757761960738,0.7633715403139261,0.6875372012535412,0.6987596228990021,0.5088684529040896,0.5141109793420922
3738,normal,0.0229703599219009,0.0448273953481416,0.0028091061906680426,0.0033698617879950074,0.5946904706825691,0.5937595207101983,0.018323296109743523,0.016200924770977156,0.7332838274769329,0.7290992563611735,0.6091257641149581,0.6025627028310953,0.7550627863028322,0.7584101561447895,0.6164778496361583,0.6205063026623566,0.6631394217444307,0.6615136584563268,0.4307405810655961,0.43046248830416234,0.6833100113061114,0.6872622758743052,0.5421269835996163,0.5405719712964367,0.6788694083418505,0.6788324086829789,0.4635194649156814,0.45990841897416884,0.5615279577492049,0.5594871710238535,0.3819605530800898,0.38015550656368513,0.5709036484442314,0.5706868944996121,0.485166340567245,0.489802580986423,0.7499605153677994,0.7441240696320097,0.6811870461400981,0.6793370184676443,0.5033758417508385,0.5011889713123518
3739,normal,0.0685978302010308,0.0778837140786958,0.002541608198797184,0.003808044438737218,0.6153362166935513,0.6135370986480665,0.01735160814233196,0.013752693404380187,0.7575181059550915,0.748915826280572,0.6285479722026309,0.6191517923660448,0.782804575876174,0.7815333891113423,0.6403028768289097,0.6407316276475046,0.6855571089116704,0.6849645442149206,0.4463456924588741,0.4457678195343714,0.7097169127367854,0.7122592433757878,0.561635873765927,0.5594987683124767,0.7046574200547413,0.7024420749672147,0.4798259055528527,0.47498514401719033,0.5784486261524174,0.5783342011676004,0.3939408886555099,0.3937907587307765,0.5923233390522055,0.591139202645234,0.5039608604263196,0.5068956102645212,0.7744611014889494,0.7687918007711839,0.7014189356875801,0.7018242706949351,0.5192494879837338,0.5191046029154525
3742,normal,0.0467645246019339,0.0551254960060818,0.002637653442723049,0.0033112155554505026,0.6112229175759607,0.6108066625595483,0.005977600923963641,0.002991444394219719,0.7264679366549508,0.7201241957198243,0.6104205779874696,0.6032927332031052,0.7729985656644489,0.769150710016952,0.6317286782521673,0.6363344626321531,0.6813159248530035,0.6842665318411526,0.4468395250979019,0.4475986600000427,0.7155327184090172,0.7171604288741181,0.5645713807501995,0.5638377394104906,0.7086773159982213,0.7073018424978447,0.4772859615283712,0.47704223823179454,0.5760052083324589,0.5782420972425117,0.394772856403803,0.3932178671978901,0.5910707255663591,0.5904823534174587,0.505567229645044,0.5074111453053518,0.772035300882895,0.7690826268914144,0.6962502047812891,0.7011080500991909,0.5192494879837338,0.5180595809310249
3749,normal,0.0356666295318833,0.0306710595407558,0.002185783996332503,0.002577085669218777,0.6099002733944511,0.6098538867635972,0.005850084255650699,0.0027048758401351466,0.720409367035411,0.7167440127606691,0.6059534701273049,0.6015723991976613,0.7701489558593322,0.7673917849222727,0.6332045648924262,0.6345639018829227,0.6872232883632896,0.6834131909902309,0.4483704062788881,0.4477086325911897,0.7193837248676572,0.7177637201332496,0.5626755324895236,0.5642299689006642,0.7043540316816485,0.706133146515226,0.475660397352703,0.4759344774033093,0.5747834994224797,0.5766836879939334,0.3901138370133618,0.39244468117874265,0.5916970323092823,0.5905348684790711,0.505567229645044,0.5078570039870564,0.7623320984586772,0.7677648178156788,0.6977269850402293,0.6989913679251282,0.5187002268684087,0.5177844123041454
3755,normal,0.0592451437525983,0.0953802610757502,0.0049788214297480145,0.005557135335552902,0.5921023302677019,0.5957482900026351,0.023031063867148524,0.01744499058486977,0.7378277546915876,0.7343868761735686,0.6084783571787024,0.6053319819476577,0.7660421652578405,0.761300094600979,0.6206946686083268,0.6230411890071411,0.6615489777224305,0.6649185368343369,0.4284195676621655,0.4318353075051844,0.6833886032746549,0.6887740199945608,0.5394361021973666,0.5413724420417901,0.6760630658907417,0.6799945580403023,0.4567632138105606,0.4605246861249675,0.5528538244883525,0.5612895221069117,0.3780087062756977,0.3817880731583353,0.565392149106507,0.5728229190540064,0.4850057036453726,0.4904593044604431,0.7399338728627742,0.7454106031527058,0.6693728040685756,0.6815586148181787,0.4965100778092748,0.502912201023728
3757,normal,0.0257500220173863,0.0297690881946345,0.007732621968706029,0.008055321838543373,0.6097586006989132,0.6174912226676194,0.011088947619183477,0.010826297034319058,0.7363131122867027,0.748046539588935,0.6117153918599811,0.6182583609564949,0.7753453031510157,0.7825010717842777,0.634399330267874,0.6429129053124862,0.6813159248530035,0.6874420735261421,0.4435802296803185,0.4470757929687006,0.705472946435427,0.7155560220151838,0.5568656749164843,0.5636613502252242,0.703823102028736,0.7115916126186881,0.4761683861575994,0.48225814838952846,0.5778377716974278,0.5852122131094533,0.3935249047813635,0.3977067806286417,0.5850581808342962,0.5944825186251544,0.5011764871138641,0.5094046973792629,0.7704181004788587,0.7778424436594469,0.6984653751696995,0.7109500591930538,0.514415990168873,0.5224481953688536
3758,normal,0.0591427327497363,0.0476396666724078,0.00260868168481742,0.0031819936953210856,0.6100263802434911,0.6092782945218629,0.006668354768079227,0.0027028910496134004,0.7114729768465902,0.7166912719090105,0.5995441414583729,0.6008481728269672,0.7721604451335322,0.766841443099141,0.6393189524020704,0.6347310961034357,0.6872990237929086,0.6828104551528026,0.4500000539876798,0.446745002760381,0.7125462236043577,0.715868914263762,0.5643267551681768,0.5628450232820144,0.7108768817031444,0.7052880320410282,0.4777939503332675,0.4757858244810811,0.5766160627874485,0.5769968276709285,0.3914449854106308,0.39266189193794576,0.5885654985946662,0.5893117439714924,0.5034254040200782,0.5064191694900118,0.7688009000748224,0.7669975627209294,0.6992037652991697,0.6995960100202551,0.5170524435224334,0.5172925651404817
3761,normal,0.1022217703526771,0.0561919216047514,0.004189609514596665,0.0051069377112263675,0.5909998086518065,0.5948106429774915,0.020611574541993066,0.01628215145494561,0.7294972214647206,0.7302802753921285,0.6014863622671401,0.6025186030362412,0.7583314563734072,0.7593471167936698,0.6244195253670755,0.6211999362613282,0.65920117940424,0.6638559153233051,0.4229380253689571,0.4312764395077846,0.675215038546113,0.6867326594478129,0.5340543393928671,0.5392186232690532,0.6760630658907417,0.6785941806928815,0.4572712026154569,0.46021754283504435,0.5625664103226874,0.5625695839118002,0.3786742804743321,0.3827309064091314,0.5662063478723073,0.5731580594747967,0.4829709693016551,0.4894656130930595,0.7393678527213615,0.7439411827504568,0.6803009779847338,0.6826461805225882,0.4984324917129127,0.5040281118962755
3765,normal,0.040370971670575,0.1048008757239082,0.0028844977108687486,0.003306789943535395,0.6149538310247467,0.6140259733234452,0.0043273004779578635,0.004963393103881305,0.7188947246305262,0.712698992138299,0.6049823597229212,0.601214677092551,0.7743395585139156,0.7698524960209874,0.641286801255749,0.6384717854426822,0.6894196158222422,0.6887008349917442,0.450839569474027,0.45246636069219504,0.7217414839239674,0.7259832457117361,0.565427570287279,0.5704588457699761,0.7167929549784546,0.7134992227734346,0.4813498719675417,0.47998744433597,0.5845571707023135,0.5810852910470596,0.3964367919003892,0.39547834620885586,0.5948285660238984,0.5960090755109462,0.509315424488734,0.512450392775365,0.7728439010849132,0.774260034903923,0.7080644468528114,0.7037163963704861,0.5230943157910095,0.5221081047123578
3768,normal,0.1295463172391581,0.2249282491194221,0.006451872400400333,0.0074438273309424974,0.5951042818211677,0.6008437067318502,0.023709010289128578,0.016936407813894078,0.7454009667160121,0.7393451630534102,0.6082193944042001,0.6100200417972866,0.7678022183727655,0.7678122695829961,0.6266684954855652,0.6284241548567994,0.6659416326403356,0.6706139032191778,0.4307405810655961,0.4354093640055129,0.6862179141422271,0.6951631634460533,0.5362559696310715,0.5462886282598859,0.674318582745458,0.6862050218689455,0.4555948395592991,0.4645747336039565,0.5557859258723026,0.5660283722680884,0.3807957982324794,0.38504538788610143,0.5731583527187549,0.5775501013841584,0.4897712656609214,0.4948392402358692,0.7390444126405543,0.7522023520099583,0.6777904515445352,0.6875842938469751,0.5032659895277735,0.5072368231162784
3771,normal,0.052085573471435,0.0842617008181765,0.0029151186281090296,0.0035738068492195737,0.6159453552525757,0.6173027954675622,0.006974350957990503,0.007138869084374178,0.7103369950429264,0.7105470337499203,0.6022632505906471,0.6000466632160364,0.7727471295051739,0.7710473828343599,0.639108111453462,0.6414901683397124,0.6944938896067188,0.6916679890829455,0.4529630498218465,0.4545209459852251,0.7232347313262971,0.7293591544360797,0.567690356920989,0.5737483544192893,0.7116353526358764,0.7191873430049207,0.4818578607724379,0.4843463174495313,0.5888331518872408,0.5862758762312766,0.401012614516001,0.39897965342578073,0.599212713224361,0.6000377849781723,0.5114572501136998,0.5157867910487615,0.7760783018929858,0.780867579959581,0.7117563975001623,0.7101301877445849,0.5263898824829601,0.5261082970423782
3778,normal,0.0367290730118932,0.0341137086382645,0.0038845397209764,0.004695003389829622,0.6229186151158609,0.6190340753948845,0.005941169998277511,0.008267163146404681,0.7196520458329686,0.7099628578198569,0.6076367281615699,0.6004476187045342,0.779787341964874,0.7719030093553707,0.645995582441337,0.6426761583106593,0.7007041948354811,0.6932120341431036,0.4574075435730966,0.4561343390997952,0.7333730952684311,0.7319405677210543,0.5760687831052667,0.5755216638069703,0.7221022515075792,0.7213188728080309,0.4899856816507788,0.48572437581151445,0.5931091330721682,0.5886892741802722,0.4035085177608802,0.4006723517493228,0.6048494739106699,0.6026304510332742,0.5194890962073214,0.5180285793018263,0.7865901045192218,0.7833797979901844,0.7169251284064533,0.7129887549553164,0.5324317547515361,0.5283485749219489
3781,normal,0.1142182493107909,0.0609244131098587,0.0024750527595190624,0.0034906192574971195,0.5926603881614488,0.5933250591798094,0.019862831733486526,0.017925164693899667,0.7302545426671629,0.7318016647307297,0.601810065735268,0.6029956642310642,0.7633601795589071,0.7597176349884472,0.6213974717703548,0.6202348129665741,0.6622305965890021,0.6616175052110906,0.4300492153709572,0.42991080364353884,0.6747434867348509,0.6849719270168269,0.5369286899816339,0.5380116434177219,0.6749253594916436,0.6766557863173365,0.4588967667911249,0.4585647066471507,0.5612225305217102,0.559931578619377,0.3826261272787242,0.38091844021248855,0.5727199379987088,0.5705440615809603,0.4830245149422792,0.4878745524036434,0.7355674317718761,0.7416305053193681,0.6823684703472503,0.6797217233906743,0.503101211193176,0.501422995359766
3784,normal,0.0386876586550869,0.0816202528872416,0.004652118153802663,0.006313417222585526,0.6075006054130185,0.6118349077835499,0.018658110565783124,0.013350864204353032,0.7461582879184546,0.7460968032273321,0.6162472404137715,0.616904039108778,0.7807930866019741,0.7781531371352898,0.6363671791215525,0.6388299395650243,0.6792710682532891,0.6826477783479467,0.4420987317632352,0.4441748465901599,0.6941557029651382,0.7096218106830093,0.5509335045524337,0.5573404642695857,0.692901120597394,0.7007454310503168,0.4699709227378645,0.47430309013964955,0.5760052083324589,0.5778576902740752,0.3926929370330704,0.39321178389727685,0.5866239476916042,0.5897167871152043,0.494804555879591,0.5051728848067246,0.7548121165799083,0.7670758505119755,0.6992037652991697,0.7014658632257723,0.5144709162804054,0.5178752323722261
3799,normal,0.0290641349425522,0.0260615015519359,0.00508721212872543,0.006389349930546713,0.5914381445163767,0.5959961409576763,0.020954993592962802,0.01690994744718681,0.7378277546915876,0.7334851363728512,0.6022632505906471,0.6053388813711791,0.7576609599486738,0.7620681465510258,0.6160561677389415,0.623517630992325,0.6567019102268111,0.6637141194501299,0.4289134003011933,0.43234066614844957,0.6814238040610631,0.6904301114121282,0.5367452207951169,0.5426828687015185,0.6689334391230601,0.6802580893850247,0.4563060238861539,0.4611013696243943,0.5595732234932382,0.5605134903354864,0.3816693643681872,0.381513649343806,0.5699015576555543,0.5732787302973065,0.4867727097859693,0.49208679247054704,0.7317670108223909,0.7466294788417059,0.6797102658811577,0.6804197584844696,0.5022223934086558,0.5025554764981511
3803,normal,0.0330162556723443,0.0362271489138685,0.0029014307409937455,0.0036713216850856717,0.6120620616638167,0.6120998693064617,0.007198583173583102,0.0027852638900883317,0.7302545426671629,0.7225232268313619,0.6091257641149581,0.6049239282907282,0.7676345942665822,0.7709857029987418,0.6419896044177771,0.6368379648757622,0.6898740283999565,0.6850163816332527,0.4486667058623047,0.44851664209203657,0.7148253906921241,0.7190848523675109,0.5630424708625577,0.5653036011092216,0.7026095485363646,0.7083792724038871,0.475660397352703,0.47754770928184587,0.5784486261524174,0.5788112239409775,0.3943568725296565,0.39362815263168005,0.5923233390522055,0.5923592488812246,0.5071735988637682,0.5093937702454223,0.7663750994687679,0.7712112102795866,0.7028957159465203,0.7019408075460996,0.5197987490990589,0.5192340828005079
3805,normal,0.0195948283002349,0.0271164422099201,0.004138522323009146,0.004828628138113847,0.6063462831581062,0.6098979143220286,0.006127870157578243,0.002727921324692376,0.720409367035411,0.7182083208509563,0.6014216215735145,0.6022287718809748,0.7615163143908905,0.7675321610046708,0.637280823232189,0.6344932945644053,0.6808615122752891,0.6833389868806036,0.4442222121110546,0.44724650706970287,0.7096383207682417,0.7169779248960719,0.5601681202737908,0.5638477537536545,0.6972244049139669,0.7067790143297852,0.4718504813159807,0.47639688491994564,0.5713627144745378,0.5761493834375446,0.3902386321756058,0.3919929977301192,0.5885654985946662,0.5902006535807666,0.5039608604263196,0.5078968070730256,0.7590976976506045,0.768246694456585,0.6947734245223488,0.6991562994428092,0.5152948079533931,0.5175720876028622
3807,normal,0.0853374967124131,0.3075507693353883,0.0022379070215962867,0.003133939083633613,0.6127233797496793,0.6139660492963417,0.005154970143895578,0.0044755792352762615,0.7151081186183139,0.7138705993804005,0.5994146600711218,0.6014533060258375,0.7621868108156238,0.7704466873452784,0.6401623161965041,0.6394815852296196,0.686541669496718,0.6887821261550054,0.451284018849152,0.45183191502609976,0.7193837248676572,0.7244927604578787,0.5670176365704266,0.5695634698407859,0.7075396095991231,0.7134418748843737,0.4788099279430601,0.4803975170870869,0.5827246073373447,0.5817923177443778,0.3989326951452684,0.39581342167370165,0.5973337929955913,0.594844087727984,0.510386337301217,0.5108991559598316,0.7736525012869313,0.7739858981201528,0.7043724962054607,0.704747250310525,0.5214465324450341,0.5215788650688681
3810,normal,0.0450458371265946,0.0682832115493655,0.007826815640135413,0.009143904279702327,0.5985715867859477,0.6030469193980977,0.024678619239699634,0.015393869467582779,0.7507022151331093,0.7388577445469979,0.6078309502424466,0.6106236987623975,0.7818826432921656,0.7692044058748926,0.6252628891615091,0.6302793091187018,0.6681379600992882,0.6729017410009354,0.4343455593304989,0.43755141965150973,0.6880255294187316,0.6980810529795265,0.5415154196445596,0.5487081555982869,0.6775041606629327,0.690151053587359,0.4556964373202783,0.4668727828968368,0.559939736166232,0.5685688891042089,0.3821685450171631,0.38656546838735406,0.5818013857710954,0.5796581622309751,0.4942690994733494,0.4971246415816956,0.7405807530243889,0.7567008799489072,0.6754276031302308,0.6911438102183183,0.5106260884731298,0.508804414278761
3816,normal,0.1059447510971693,0.185182886246846,0.005297222679384924,0.005864995688475228,0.5919776658651773,0.5959321346525809,0.02182010722126347,0.016281743527511865,0.7302545426671629,0.7319086086053301,0.6058239887400537,0.60378303750123,0.7623544349218071,0.7612255336274343,0.6258954120073343,0.6223285817705966,0.6694254624028122,0.6647487370909049,0.4275306689119155,0.4318616193822612,0.6805592924070828,0.6883744680403182,0.530874206826572,0.540761623123757,0.673635958905999,0.6805191154703726,0.4543248675470582,0.4610892901514314,0.5551139859718139,0.5629318059846665,0.3789654691862347,0.38286598526933535,0.569087358889754,0.5738340209996309,0.4858088882547348,0.4906745237227497,0.7367803320749035,0.7462435709544655,0.6768305443762241,0.6834901445242996,0.5003549056165505,0.5042056228750901
3826,normal,0.0416459619916773,0.0562828276382255,0.0013178658490846226,0.0015795590255925581,0.6159905411281131,0.6154134437682273,0.003646585771363863,0.0038762661978731417,0.7219240094402961,0.718671090444159,0.6074425060806932,0.6046586018050093,0.7744233705670073,0.7740661221997812,0.6400920358803014,0.6414032003063271,0.6932821227328139,0.690669930027001,0.4519753845437909,0.45260122177846795,0.7237848751061029,0.7251644871460634,0.569769674368182,0.5699794769485901,0.7160344840457226,0.7145689319640584,0.4798259055528527,0.48123373263934893,0.5845571707023135,0.5828415197645779,0.3960208080262427,0.39649044194610034,0.5960811795097448,0.5951585697330002,0.510386337301217,0.5112789921719813,0.7752697016909676,0.7751380400564669,0.7073260567233414,0.7059624450365003,0.5236435769063346,0.5221417400924317
3831,normal,0.1210578459518108,0.1373810898637061,0.002209113504915052,0.003079810077946655,0.5951247140202888,0.5940296855931004,0.020466030415307406,0.017752025349359747,0.7370704334891451,0.7322927298939546,0.6059534701273049,0.6035380308787195,0.7695622714876905,0.7598652903795198,0.6232950403078305,0.6207750829494669,0.6620033903001449,0.6628333340242584,0.4288146337733877,0.43038763847067874,0.6865322820164018,0.685598096843341,0.539925353361412,0.5383882257823756,0.6777317019427523,0.6773278334900753,0.4567632138105606,0.4591663330241633,0.558351514583259,0.5611202458258387,0.384331661162725,0.3817162876667217,0.5724067846272471,0.5714491863540061,0.489610628739049,0.4882198407890707,0.7415510732668105,0.7424040079429465,0.6800056219329458,0.6810476115398996,0.503211063416241,0.502374879227669
3833,q alarm only,0.4830490642500177,1.007335401857797,0.005086323668034067,0.005668086077843284,0.6093927737080336,0.6119616051231749,0.02100542861618689,0.014515633561710853,0.7560034635502065,0.7480875434094115,0.6194842750950503,0.617908389231539,0.789844788335874,0.781018629785503,0.6369997019673778,0.6401685940383607,0.6785894493867175,0.6834873899677896,0.439678951831999,0.4444625435669747,0.704294066907272,0.7103063305785465,0.5541747935142346,0.5578029144188719,0.6916117200117494,0.7005158333236192,0.4665165988645696,0.473272243379517,0.5721568252660244,0.576573871466708,0.394772856403803,0.3923496478278661,0.5843692434170806,0.5889050991481009,0.500748121988871,0.5050735890112839,0.7573187772061645,0.7667700408997249,0.6955118146518189,0.6997004334213723,0.5176017046377586,0.516944193618784
3836,normal,0.0791475309491988,0.0446589593795018,0.0036648726020824677,0.004267887400417835,0.6115006604716292,0.6130822699411032,0.007306889493109569,0.0028656848997906745,0.731769185072048,0.7252293409764239,0.6022632505906471,0.6058636741226517,0.7755967393102906,0.771975145529547,0.6377025051294058,0.637903958334001,0.6794225391125271,0.6852198996320763,0.4447160447500825,0.4479947605740341,0.7096383207682417,0.7181948208203479,0.5605350586468248,0.5649581167759942,0.7043540316816485,0.7091481929813817,0.4760667883966202,0.47881440552471644,0.5778377716974278,0.5810727575020473,0.3976847435228288,0.3951534176103633,0.5942022592809751,0.5932365624179426,0.510386337301217,0.5094044747323981,0.7712267006808768,0.77263535065292,0.6984653751696995,0.70501754731206,0.5236435769063346,0.5205761634998458
3837,normal,0.0449318101457045,0.064313855981164,0.004661982195089891,0.006851589044441908,0.6165415944010194,0.6128086320780399,0.008159849034263235,0.0010619978039043984,0.740099718298915,0.7206440505457188,0.6091257641149581,0.6037279376404603,0.7818826432921656,0.7691797536751239,0.6473309084491904,0.6356431937845822,0.6862387277782419,0.6849362867287176,0.4476790405842492,0.44903092123383764,0.7150611665977552,0.7201813545433486,0.5645102243546938,0.5659348246724503,0.7120904351955156,0.7088833625297676,0.4798259055528527,0.4781387425612665,0.5815028984273655,0.5807215933755925,0.3993486790194149,0.39534696972801486,0.5967074862526681,0.5951624446397213,0.5130636193324242,0.5113180988014725,0.7768869020950039,0.7728917252693454,0.7051108863349309,0.7042128702222651,0.5247420991369848,0.5217926153749932
3844,normal,0.273543851946731,0.3011628545149122,0.011061228185736079,0.012811445986094383,0.6144759498393962,0.6093456691161451,0.027083411729321664,0.01373504887916126,0.7461582879184546,0.7411965352453672,0.6246635305850964,0.615845848080726,0.7800387781241489,0.7753662124135027,0.6328531633114122,0.6356378462967891,0.6953269793325283,0.6826867871186831,0.4615063544770272,0.445680442451285,0.7359666302303722,0.7125191581005915,0.5688523284355969,0.5571727598153464,0.6854681054566196,0.6944018726921676,0.4566108171690916,0.46796164829364634,0.5637881192326666,0.57151804204234,0.3901138370133618,0.3899429264747747,0.6129914615686717,0.5905583698766527,0.5264500294884602,0.5071780972029006,0.7556207167819264,0.7610365375856802,0.6788980367387405,0.6930960652109555,0.5307839714055609,0.5170772260730576
3848,normal,0.0455801338629084,0.121119070085515,0.0028860581470734337,0.003469196357696945,0.6044920369950311,0.6066692477152309,0.021433468802276135,0.018262062937152802,0.7491875727282244,0.747436251988535,0.6143050196050043,0.6162430806445142,0.7763510477881156,0.7774286498310753,0.6417084831529658,0.6380545700854275,0.6785894493867175,0.6793893151999391,0.4373579384285684,0.4404724244739481,0.696356278084361,0.7023094862790082,0.5464079312850136,0.550615661245075,0.6871367415086301,0.6915605823761666,0.4659070122986941,0.46767821975382823,0.5713627144745378,0.5713347153146227,0.3880339176426292,0.3885806500812846,0.5776677612678022,0.5825075537882005,0.4929304584577459,0.4982222555455567,0.7502839554486066,0.7562047494777898,0.6944042294576136,0.6938122592963321,0.508374117900297,0.5115267857776231
3856,normal,0.0782098746865138,0.0613900338852652,0.0020713735113444707,0.002752949801302049,0.6097826295236785,0.6088182325566354,0.020967272176877712,0.01986346550684614,0.7544888211453217,0.7532207039967913,0.6194842750950503,0.6193942421899344,0.781044522761249,0.7820648235257145,0.647471469081596,0.6418046606135606,0.6861629923486229,0.6825480971227061,0.4426419476661657,0.44219475210650916,0.7029580034420295,0.7050273508589779,0.550505409783894,0.552557120397291,0.6934320502503065,0.6935828025686177,0.4707329059452089,0.46853533307109047,0.5766160627874485,0.5722879428276996,0.3911537966987282,0.38927126896330305,0.5828034765597725,0.5838019323852943,0.497428292270174,0.49930037466597166,0.7565910370243483,0.7574394981185975,0.70068054555811,0.6943717663683627,0.5121090934845076,0.5125072836823781
3861,normal,0.086712825820214,0.0665787475108125,0.002641129910598633,0.003487450488451978,0.6136410461942973,0.6121347034446163,0.021182301959737537,0.0200013704162642,0.7605473907648613,0.7578075046722444,0.6227213097763291,0.6224272865573435,0.7890066678049574,0.7877187349657699,0.6522505305833868,0.6448558960434305,0.6879049072298612,0.6861113908955503,0.444123445583249,0.44537272536363776,0.7075163376175626,0.7113319207230109,0.5563152673569333,0.5575160686655022,0.6988930409659775,0.6979959280777469,0.4728664589257734,0.4697917663200143,0.579059480607407,0.573231023033483,0.3931089209072169,0.39031161514546314,0.5868744703887735,0.5870414748392422,0.5002662112232537,0.5032792904266291,0.7623320984586772,0.7625320414782271,0.7021573258170503,0.6945002500728694,0.5159539212917832,0.5144650412783118
3862,normal,0.0502296643140288,0.0855798982362126,0.004128442746784442,0.005293834404687901,0.6167053655640218,0.613533141738666,0.02175063060369884,0.019061918003811667,0.765091317979516,0.7574189929213527,0.6272531583301194,0.6233747098805892,0.7906829088667908,0.7884453117646039,0.6547806219666878,0.6456921573170302,0.6950240376140522,0.6873917599553241,0.4480741066954714,0.44689374329207615,0.7123890396672704,0.7146381474152428,0.5581499592221035,0.5596578766355996,0.7009409124843541,0.6998914789932494,0.4750000119063378,0.4708154321485282,0.5827246073373447,0.5740881255088867,0.3951888402779495,0.39101124656523795,0.5879391918517429,0.5888989510801236,0.5023544912075952,0.5057655676498886,0.7647578990647317,0.7645752788900696,0.7065876665938712,0.6954676782964827,0.5170524435224334,0.5160369512430361
3864,normal,0.0506603807824915,0.0564310649967481,0.008881571800386519,0.009788243999146403,0.6233899907303487,0.6145084189299622,0.017839923031033947,0.014449673202294453,0.7658486391819586,0.751065725394359,0.6304901930113982,0.6196586918143061,0.8015784757687076,0.784709367787776,0.6573107133499889,0.6443326742495272,0.6942666833178616,0.6856997844056589,0.4514321686408603,0.4466641448531237,0.7214271160497927,0.7153499797241096,0.565611039473796,0.5618656996796629,0.708904857278041,0.7050219626931106,0.4813498719675417,0.47538166872258214,0.5894440063422305,0.5776177110317364,0.401012614516001,0.39321639422713023,0.5998390199672842,0.5901794630575028,0.5114572501136998,0.5072896653505833,0.7752697016909676,0.7702968553069052,0.7154483481475129,0.700588782688094,0.5269391435982852,0.5177045508231887
3866,normal,0.0630549372881655,0.0807319876702802,0.014588195831573624,0.014974163308233725,0.6287969726175211,0.6142087767859474,0.012286365080882329,0.011669463456683285,0.7620620331697462,0.7453970236280512,0.6285479722026309,0.6157041356923711,0.8015784757687076,0.7821767649161987,0.6596299637846815,0.6426212472582886,0.6988865445246238,0.6849173297024554,0.4545433142667354,0.44602944782547893,0.7289719450299853,0.7144921654470013,0.572215930188409,0.5619679948426178,0.7190683677766508,0.706282484001507,0.4879537264311936,0.4767397896135702,0.5973851142570955,0.5794991362643375,0.406420404879906,0.39458218984268667,0.6073547008823628,0.5905882585972873,0.51895363980108,0.5073154540896205,0.7873987047212401,0.7713437039770614,0.7250474198306249,0.7031980422950352,0.5335302769821864,0.5186940373675393
3868,normal,0.0670958347088483,0.0736118026570545,0.014540738826505839,0.014970943770168228,0.6292100848943937,0.6146693460678878,0.011030103644643435,0.010498808967053963,0.7597900695624189,0.7436646251704848,0.6253109375213521,0.6147702298892169,0.8007403552377909,0.7817204993492459,0.6613869716897517,0.6427581505993386,0.6985836028061476,0.6852434766356474,0.4544445477389298,0.4464084587040679,0.729522088809791,0.7158894882495315,0.573744840076051,0.5632230296194531,0.720585309642115,0.7076517463960299,0.4889697040409862,0.47737117535277795,0.5979959687120852,0.5799544261402729,0.4072523726281991,0.395015657390781,0.607981007625286,0.591205016209457,0.5200245526135628,0.5083511419998601,0.7898245053272944,0.7728523572081996,0.7257858099600951,0.7040965543038398,0.5346287992128366,0.5192028499358896
3879,normal,0.0603212693607691,0.0669165803071115,0.0037120277320459695,0.004555527979447003,0.6036876094875181,0.607177099652217,0.006554724215983541,0.004975333295005952,0.7173800822256412,0.7199860298075077,0.5945591080492035,0.6005849207067404,0.7584990804795905,0.7668088806203778,0.630393352244314,0.6342129932763101,0.6741210590391934,0.6790479494263002,0.4385431367622351,0.4432244015679733,0.7033509632847479,0.711523724128007,0.5526458836265927,0.5598701405977764,0.7003341357381684,0.7039488496286788,0.4748984141453586,0.47481909339274847,0.5747834994224797,0.5744564131196676,0.3922769531589238,0.3907917908918961,0.5811750790281722,0.5842880314283498,0.4977495661139188,0.5027650653937127,0.7623320984586772,0.7655736195878786,0.6969885949107592,0.6970834471843966,0.5126583545998327,0.5130253433293688
3880,normal,0.0811889879003799,0.1176890382393384,0.012349316149371318,0.012743664293562752,0.6192657070181243,0.6069163908687532,0.005261644830649425,0.004519315293619499,0.7340411486793753,0.716673265165063,0.6086078385659536,0.5988607042093762,0.7792006575932323,0.7660335332889966,0.6466281052871623,0.6344008128359163,0.6897225575407184,0.6800282794622364,0.4496049878764575,0.4436477332325049,0.7249637546342581,0.7119493576965767,0.5687911720400911,0.5601100897056988,0.7175514259111866,0.7041820317080241,0.4864297600165047,0.47481157498355686,0.5888331518872408,0.5744815953579848,0.4014285983901476,0.3906419394097379,0.5967074862526681,0.5843724280624847,0.5125281629261826,0.5026122230941372,0.7817385033071128,0.764789841407316,0.7154483481475129,0.6968823162346375,0.5252913602523099,0.5131009189145543
3881,normal,0.0485202432121787,0.1040053208620113,0.012614838529862246,0.01315717220485045,0.6192657070181243,0.606650868488262,0.005261644830649425,0.004431738368715185,0.7340411486793753,0.7162441611714528,0.6086078385659536,0.5993672894553013,0.7792006575932323,0.7663230316905569,0.6466281052871623,0.6333593748522399,0.6897225575407184,0.680351278890146,0.4496049878764575,0.4443040928231858,0.7249637546342581,0.7125937869125637,0.5687911720400911,0.5604452218273442,0.7175514259111866,0.7031879444963101,0.4864297600165047,0.4739564311515066,0.5888331518872408,0.573242369096186,0.4014285983901476,0.3899473772069914,0.5967074862526681,0.5847074674786837,0.5125281629261826,0.5034868358053365,0.7817385033071128,0.7636365105899883,0.7154483481475129,0.6950826793586423,0.5252913602523099,0.512828911494021
3882,normal,0.0665029656469975,0.1306608419733805,0.00826834320765594,0.009127264477285008,0.596560792894434,0.6048291361020901,0.007396027947588747,0.0037903901317889502,0.7034453721007001,0.7083864771794716,0.5853011888607461,0.5940882844967775,0.7455920243034737,0.7611684390309817,0.6256845710587259,0.6313593054946658,0.6703342875582406,0.6783495266766841,0.4341480262748878,0.4431863602838853,0.696356278084361,0.7113073518997542,0.5464690876805194,0.5593327878601575,0.6938871328099457,0.7028741690500913,0.4712408947501053,0.4738268488726252,0.56946906566407,0.5731037456036874,0.3869939579572628,0.38973476520444145,0.5735341367645089,0.5836727646905525,0.4913240892390216,0.501917828577997,0.751820295832441,0.7626230778736445,0.6901954057196338,0.6948462482408598,0.5057376645467364,0.5123173326992542
3887,normal,0.057580985692054,0.0576365249406815,0.009768495763971345,0.010979648587204785,0.5951072522690499,0.6045514257117286,0.007878028819342558,0.006316215624512102,0.7007190157719072,0.6979622760409191,0.5847185226181159,0.5888051930659234,0.7454244001972904,0.7549476235919197,0.6247709269480894,0.6278440340132695,0.6697284041212883,0.6780250183286364,0.4343949425944017,0.4450007380956992,0.6958061343045553,0.714216761212862,0.545979836516474,0.5612860219658784,0.6925977322243012,0.7033955655410654,0.4698185260963956,0.4742339639259732,0.5683695276450886,0.57427547994422,0.3858292031096525,0.3908018779715,0.5709036484442314,0.5875918296517981,0.4887538984890627,0.5047556774285764,0.7480198748829557,0.7631434751036512,0.6878325573053294,0.6957106547940926,0.5031561373047085,0.5153780464233999
3902,normal,0.0727004598458411,0.0719636009300052,0.0050795319183671635,0.005565674940781834,0.6068706853244817,0.6115850787544521,0.019527029556357267,0.015412090992713555,0.7522168575379943,0.7492816604689536,0.6143050196050043,0.6183081946400263,0.7771891683190323,0.7808031934488466,0.6411462406233434,0.6409777605410114,0.6804070996975748,0.6842832834268329,0.436765339261735,0.4443374229742737,0.69997150863737,0.709901998161335,0.5518508504850188,0.5572581436848653,0.6945697566494047,0.6998513068910702,0.4701741182598229,0.47253226082480193,0.5693468947730721,0.5752179217925802,0.3876179337684826,0.39158322329365336,0.5825529538626032,0.5884920319177739,0.496303833817067,0.5042204692087535,0.7589359776102008,0.765507322518904,0.6912291519008921,0.6981177195179553,0.5122189457075725,0.5162724255140501
3905,normal,0.0688899912914003,0.0617375350328439,0.011688771293623623,0.01206436532458086,0.5994041819348963,0.6110929532285202,0.017284556592133588,0.013251028900064299,0.7393423970964725,0.7453121181018924,0.6056945073528026,0.615154803576866,0.7641983000898238,0.7774896757287457,0.629268867185069,0.6392146234563576,0.6715460544321455,0.6821088254592211,0.4325183785660961,0.44328886129155604,0.6911692081604787,0.708987035473123,0.5451848033749002,0.557749114498617,0.6869092002288105,0.701421426449027,0.4647386380474325,0.47410056190664485,0.564704400915151,0.5761576330355799,0.3850388337487741,0.3921147655916906,0.5762898864333711,0.5882960158818418,0.4901996307859145,0.5040825289910346,0.7514968557516338,0.7673830781842185,0.6851743528392369,0.6995279190395309,0.5063967778851266,0.516191218218894
3926,normal,0.1651181697857436,0.2493801813277635,0.002543895867336433,0.0030937008994250214,0.61270174706474,0.612534880899496,0.00685478145095201,0.0032932527843780434,0.7302545426671629,0.7247337371303706,0.6067303584508118,0.6053419051447645,0.7754291152041073,0.7719582586218648,0.6379836263942171,0.6382865584413705,0.6813916602826225,0.6844893874425468,0.444370361902763,0.44745942913198605,0.7121532637616393,0.7182031800927448,0.5615135609749157,0.5648774012916051,0.708222233438582,0.7092501680587247,0.4783019391381638,0.4784091398067941,0.5851680251573032,0.5797876782634618,0.3972687596486822,0.39460799925946016,0.593575952538052,0.5917399170055173,0.5061026860512854,0.5085977969450436,0.7736525012869313,0.772469132787182,0.7051108863349309,0.7035100357984275,0.5187002268684087,0.5193712500695685
3939,normal,0.0320470340267216,0.1233561841446967,0.003674553384271633,0.004430395285176594,0.5939891149138884,0.5948839118270906,0.020048325595275904,0.016464074128479184,0.7347984698818179,0.7310375911846646,0.605629766659177,0.604316543131758,0.7579123961079487,0.7595746230060607,0.6258251316911315,0.622431527421495,0.6611703005743352,0.6627146425447741,0.4286171007177766,0.4326047811484318,0.6807950683127137,0.6906486040639316,0.5382741306827589,0.5420699776938154,0.6825100688189645,0.6785012030319748,0.4636210626766607,0.4597698368755914,0.5588401981472506,0.5590059147181908,0.3799638304841864,0.38064334074474415,0.5673963306838614,0.5729660044017959,0.4840954277547621,0.4919863068236797,0.7506073955294139,0.7448590694587501,0.6797102658811577,0.6781584600299988,0.498048008932185,0.5017380747808818
3940,normal,0.032099912093169,0.1224850249310429,0.0037363503509374877,0.004488128230803947,0.5939891149138884,0.5950584122499363,0.020048325595275904,0.016340593224020258,0.7347984698818179,0.731094473793464,0.605629766659177,0.6043926852781374,0.7579123961079487,0.7596536656203221,0.6258251316911315,0.6223616176317203,0.6611703005743352,0.6627495105801902,0.4286171007177766,0.4327488923434556,0.6807950683127137,0.6907415449490021,0.5382741306827589,0.5421970340547543,0.6825100688189645,0.6786342899201883,0.4636210626766607,0.4599552308945644,0.5588401981472506,0.5593849763467325,0.3799638304841864,0.3809729098333892,0.5673963306838614,0.5732455047621199,0.4840954277547621,0.49214705444006807,0.7506073955294139,0.7449793249898152,0.6797102658811577,0.6786145880038723,0.498048008932185,0.5021197048071209
3942,normal,0.0308134796446147,0.1171250579276677,0.0037494073258166043,0.004473270820732241,0.5939891149138884,0.5945923144235278,0.020048325595275904,0.01644141767075793,0.7347984698818179,0.7306067462500486,0.605629766659177,0.6040117060512007,0.7579123961079487,0.7593067846876594,0.6258251316911315,0.6218620352443658,0.6611703005743352,0.6624948020572198,0.4286171007177766,0.4324463382865445,0.6807950683127137,0.6901426167130471,0.5382741306827589,0.5416251328818718,0.6825100688189645,0.6778663742674617,0.4636210626766607,0.4595199230158959,0.5588401981472506,0.5589123712021641,0.3799638304841864,0.38071493971487264,0.5673963306838614,0.5728918193232826,0.4840954277547621,0.49181085336437746,0.7506073955294139,0.744150417356444,0.6797102658811577,0.6779421925154004,0.498048008932185,0.5017642922681156
3944,normal,0.0304792692966972,0.1462102915893835,0.004321822542990422,0.005318136042040511,0.5939891149138884,0.5962550525315874,0.020048325595275904,0.0155709182480453,0.7347984698818179,0.7308887971841885,0.605629766659177,0.6050920714293341,0.7579123961079487,0.7607290964888598,0.6258251316911315,0.6224952265943926,0.6611703005743352,0.6645196675682168,0.4286171007177766,0.43392215144269175,0.6807950683127137,0.6928873965733643,0.5382741306827589,0.5438169172072407,0.6825100688189645,0.6799670762500277,0.4636210626766607,0.46054851029336286,0.5588401981472506,0.5604028867341329,0.3799638304841864,0.38168197067551257,0.5673963306838614,0.5750818494230213,0.4840954277547621,0.49415800632247026,0.7506073955294139,0.746525191640883,0.6797102658811577,0.6799540981183673,0.498048008932185,0.5036649790909193
3946,normal,0.0313181081968949,0.0453573487376898,0.011921444038094404,0.012578499637360388,0.5927490037967506,0.604670447834845,0.01884605410720072,0.01515412972506927,0.7310118638696055,0.740657896992094,0.6033638423822819,0.6131239355249671,0.7543084778250071,0.7709366815451981,0.623857282837453,0.6306886925670352,0.6595798565523352,0.673692148183969,0.4277775852314294,0.4393704860839308,0.6804021084699954,0.7018172682266318,0.5380906614962417,0.5518137611162042,0.6809172798602271,0.6920511895817008,0.4626050850668681,0.46794804974934,0.5596343089387372,0.5691568377465018,0.380255019196089,0.38689821304138955,0.5652042570836301,0.581541164793196,0.4838276995516414,0.4994189632875993,0.7493136352061849,0.7587345299469204,0.6794149098293697,0.6916604954928832,0.4971691911476649,0.5098872993128052
3970,normal,0.0682544855019727,0.2419019181587482,0.00717894800570135,0.0075366509364155196,0.5869292408509376,0.5941081888566389,0.02064689213640049,0.019006673328598497,0.7249532942500658,0.7344186079381474,0.5980551055049846,0.6042819922512964,0.7517941162322571,0.7608580521231698,0.6211163505055436,0.6228071381480803,0.6568533810860492,0.6634111878932775,0.4219503600909015,0.42955869332953217,0.6738003831123268,0.6843124589731275,0.5282444818198279,0.537745983442122,0.6690851333096066,0.6778377438806403,0.4553408451568508,0.4596654358132115,0.5541977042893296,0.5611278576469292,0.3767191562658434,0.3814289784888308,0.5597553884201981,0.5700177273961557,0.4806685067548169,0.48676668135607476,0.7344353914890508,0.7427184427382363,0.676239832272648,0.6814688516297976,0.4945876639056369,0.5014133775142312
3978,normal,0.0434407115277903,0.0722403170730374,0.004140030134165777,0.005824437739256042,0.6214813384765114,0.6173691365331575,0.015793019319051613,0.010400045405987332,0.7605473907648613,0.7471377723721235,0.6272531583301194,0.6187925864566439,0.7948735115213742,0.7831284563125621,0.6540075384884569,0.6435090558248934,0.6897982929703375,0.6872208766867788,0.4475802740564436,0.4478168136783455,0.7184406212451332,0.7173086071153972,0.5644490679591881,0.564386260403014,0.7122421293820621,0.7105002308769638,0.4828738383822306,0.48067881017259745,0.5863897340672825,0.5834211011910171,0.3989326951452684,0.39716238028502565,0.5967074862526681,0.5951485029348135,0.5119927065199412,0.5106891164765937,0.7809299031050947,0.7771922712687233,0.7139715678885726,0.708624698764014,0.5241928380216597,0.522557780244173
3984,normal,0.0674016230060922,0.0703594000412467,0.0035695519653504574,0.00463894925365446,0.6214201850062887,0.6178946337123529,0.012353990200967899,0.00859800590741227,0.7537314999428791,0.7435709725131532,0.6233687167125849,0.6164315605611538,0.789844788335874,0.7820197020636144,0.6524613715319952,0.6441082158861097,0.6893438803926231,0.6868679438281317,0.4478765736398603,0.44805860838741524,0.7207197883328996,0.7185090592776098,0.5670176365704266,0.5657683986049259,0.7160344840457226,0.7131653093909294,0.4854137824067121,0.48232189487784305,0.587000588522272,0.5852774729050879,0.3993486790194149,0.398132764467115,0.5960811795097448,0.5955793323494557,0.5146699885511484,0.5110634414888381,0.7841643039131674,0.7789768717679628,0.7139715678885726,0.7110709379901735,0.5230943157910095,0.5232862867504787
3985,normal,0.0248698793149154,0.0413187019243815,0.003377340769397242,0.004673548359387021,0.6214201850062887,0.618670179830464,0.012353990200967899,0.007192090308932025,0.7537314999428791,0.7425892851948346,0.6233687167125849,0.6164709571783742,0.789844788335874,0.781976122823103,0.6524613715319952,0.6428784324866825,0.6893438803926231,0.6877312158582346,0.4478765736398603,0.4491910179317337,0.7207197883328996,0.7214938331755796,0.5670176365704266,0.5681496676753792,0.7160344840457226,0.7149072952833724,0.4854137824067121,0.48277018573853125,0.587000588522272,0.5849448507602629,0.3993486790194149,0.3978747023623777,0.5960811795097448,0.5973739452688321,0.5146699885511484,0.5134780343993421,0.7841643039131674,0.7812181268516137,0.7139715678885726,0.7104320017918504,0.5230943157910095,0.5239133823377824
3986,normal,0.0630864933531265,0.0558275103744265,0.0028055394039618515,0.0035141043703269884,0.6178183990806854,0.6159905342536885,0.010186580861408832,0.006204546174159013,0.7438863243111272,0.7369555107513568,0.6181894612225387,0.6121393156091115,0.7847322530972823,0.7776137150808858,0.6471200675005819,0.6415003344716517,0.683436516882337,0.6862442690384485,0.4460000096115547,0.448006340621241,0.7203268284901813,0.7187734776964699,0.5662226034288527,0.5658455608556279,0.7130006003147942,0.7115496362766741,0.4823658495773342,0.480628209364633,0.5845571707023135,0.5832332047033362,0.3972687596486822,0.39661530099762365,0.5923233390522055,0.5945465178625925,0.5130636193324242,0.5108048045581448,0.7785041024990402,0.7767474348458338,0.7110180073706921,0.7084652063213468,0.5208972713297091,0.522170243257727
3989,normal,0.040036060597966,0.0332047686657748,0.0024468760845771063,0.0028093352931251683,0.613406055782248,0.6143238508612633,0.00827253771629711,0.0050396977467589785,0.7340411486793753,0.7283386221877604,0.6110679849237254,0.6078112104374422,0.7741719344077322,0.775286974388563,0.6445196958010782,0.6417682777399267,0.6851026963339562,0.686934041326151,0.4448641945417908,0.4480848930741401,0.7152183505348425,0.7180378319903049,0.561635873765927,0.5653088488210538,0.7086773159982213,0.7117950529829161,0.4793179167479564,0.48070570960149506,0.5802811895173862,0.5825735372657878,0.3951888402779495,0.39568554892193053,0.5873128851088198,0.5917988306523534,0.5087799680824926,0.5077411100505662,0.7744611014889494,0.7742134900126494,0.7051108863349309,0.7071694509058079,0.5181509657530836,0.5202520342826278
3995,normal,0.03638124155626,0.1034642292230637,0.001495473610082689,0.0017353918182910284,0.625223408581118,0.6249594787073703,0.009814281276294879,0.010363520103330266,0.7151081186183139,0.7127856115204375,0.6069245805316885,0.6035694113638713,0.7792006575932323,0.7785630242871562,0.65182884868617,0.6514796927770053,0.7016130199909099,0.7005437210628513,0.4580001427399299,0.4588200707220051,0.7353378944820229,0.7366081597672889,0.5772919110153801,0.5797501208244713,0.7281700189694358,0.730277747237234,0.493541603285053,0.4930225595231462,0.5986068231670747,0.5970638529400695,0.4080843403764922,0.40573421709374646,0.6035968604248234,0.6058034501376782,0.5210954654260457,0.5205858733713922,0.7914417057313308,0.7925795622729246,0.7265242000895652,0.7242247642123126,0.5324317547515361,0.532899298911706
4006,normal,0.0186199099231656,0.0478300309270838,0.0077289843133874474,0.0080708709892672,0.6258747300699915,0.6181457457566041,0.006770316470873637,0.006166457515669344,0.7446436455135698,0.7391290037968598,0.6188368681587946,0.6142394926843807,0.789844788335874,0.7801521129873072,0.6495095982514774,0.6433041036800818,0.6988865445246238,0.6880995577813224,0.4557285126004021,0.449365347993658,0.7266141859736751,0.7207328871735446,0.571848991815375,0.5672516074284026,0.7221022515075792,0.7138894980108033,0.4894776928458825,0.48263165265569746,0.5967742598021059,0.5858227918648004,0.4076683565023456,0.39863266829915694,0.6067283941394396,0.5969484889948734,0.5162763577698728,0.5124756278429847,0.7882073049232582,0.7796438599027103,0.7220938593127443,0.711686734814831,0.5346287992128366,0.5244722419508551
4008,normal,0.0217929944784153,0.085806547501629,0.005681704521838569,0.006303921639668324,0.6199282569127459,0.6142465523909072,0.0050534479884340126,0.0029643143298268932,0.731769185072048,0.7250898884971365,0.6104205779874696,0.6065287300770321,0.7857379977343825,0.7733100640275349,0.6450819383307005,0.6401903729009368,0.6907828535553852,0.6871802956571577,0.4522223008633048,0.449217359895769,0.7226059955779479,0.7203354726190426,0.5685465464580685,0.5665429020125429,0.7167929549784546,0.7116362033845609,0.4849057936018158,0.4801444000187989,0.5894440063422305,0.5816640775036236,0.4018445822642941,0.39566837071909106,0.6029705536819002,0.593749242274747,0.5130636193324242,0.5097299335377821,0.7793127027010583,0.7742304610259384,0.7124947876296324,0.7056483530705883,0.5307839714055609,0.5213252634231396
4013,normal,0.0222456618571781,0.051451294930028,0.0030784602081972,0.0036413380013062303,0.6191697967520775,0.6160913365438803,0.005933673665849987,0.004877397130022036,0.7211666882378536,0.7165774192409231,0.6049823597229212,0.6031278439769836,0.7789492214339574,0.772648994507837,0.6502826817297083,0.6434394341217247,0.6937365353105281,0.6911188180113716,0.453506265724777,0.4525631040678373,0.7262212261309567,0.7248394814796305,0.5705035511142501,0.570243870006058,0.7213437805748472,0.7164727960244676,0.486937748821401,0.4832800805203391,0.5882222974322512,0.5854450142872798,0.3989326951452684,0.39794530267581746,0.5985864064814377,0.5955424177667711,0.5119927065199412,0.5107614130361016,0.782547103509131,0.7769843144863295,0.7132331777591026,0.709409321456552,0.5247420991369848,0.5231530955799412
4021,normal,0.0905609006583749,0.0832100472567928,0.004749329451332809,0.0060117712409879795,0.6009146425599464,0.6034201667163782,0.023496939664183897,0.01589051081512962,0.7491875727282244,0.7398135744116565,0.6104205779874696,0.6109383103991919,0.7771053562659407,0.7700132173173764,0.6338370877382514,0.6317540757879028,0.6716217898617647,0.6734448805115799,0.4335060438441516,0.43741144469413046,0.68456748280281,0.6974133225386754,0.5382741306827589,0.5481756166926618,0.6852405641767999,0.690615813142859,0.4640782526010673,0.46762552054356726,0.5695912365550679,0.5698887508887932,0.3864115805334577,0.38724827195799916,0.5757888410390325,0.5795194421567046,0.4887003528484385,0.49613979729661234,0.7484241749839649,0.7566660134692701,0.6930012882116203,0.6924780924204419,0.505792590658269,0.5089966899490057
4023,normal,0.0537246449223773,0.0464561351971858,0.004123121715703788,0.0056051407835894665,0.6052113999285015,0.6064492442283367,0.023342343586349644,0.016265480998904472,0.7552461423477641,0.7437453398994698,0.6143050196050043,0.6145750027103939,0.777272980372124,0.7752225698332251,0.6396000736668817,0.6355656087839356,0.6832850460230989,0.678427784320812,0.4378023878036934,0.44036832090852474,0.6903046965064982,0.7024668020815178,0.5424939219726505,0.5512922061385518,0.6920668025713886,0.6928394850734475,0.4679389675182793,0.4685104701497167,0.5722789961570223,0.5716076186738951,0.3887410902286782,0.38873449662840104,0.5776051305935098,0.5828791132706936,0.4906279959109078,0.4991478577961664,0.7549738366203119,0.7583922420681249,0.6955118146518189,0.6941078672727662,0.5085388962348945,0.511754366272082
4024,normal,0.0596245382133815,0.0768423887268351,0.002698569844067163,0.0034465195006302555,0.6117232269116203,0.6130126249380345,0.016494177969667033,0.012778583067113582,0.7514595363355518,0.7463955910111232,0.6162472404137715,0.6165391211846197,0.7799549660710573,0.7792066407791658,0.6383350279752312,0.6403907909215741,0.6857085797709086,0.6827885156407509,0.4428394807217768,0.4440096183412268,0.7037439231274664,0.7099691842537957,0.5515450685074905,0.5587854137950211,0.7013959950439933,0.7045000139570529,0.4755080007112341,0.47711090813537216,0.5802811895173862,0.5793417761945188,0.3943568725296565,0.3940027301490074,0.5879391918517429,0.5898583591353522,0.5009623045513676,0.5054372790019557,0.7655664992667498,0.7709949085181159,0.7058492764644011,0.703897206464347,0.5176017046377586,0.5179865664635896
4026,normal,0.039220104546508,0.0722126571780841,0.0018129144099682869,0.002207563397152751,0.6169675001557025,0.617654552900517,0.009251793606101705,0.007077306595556675,0.7423716819062424,0.7400065144126597,0.6136576126687485,0.6143963824054242,0.782301703557624,0.7800752278295757,0.6447305367496864,0.6433196877878214,0.6902527055480518,0.6875423180211105,0.4471358246813186,0.44859900976104977,0.7155327184090172,0.7189599464577426,0.563531722026603,0.5660902641282681,0.710725187516598,0.7130114586318376,0.4798259055528527,0.48236473017952125,0.5851680251573032,0.5857627116096754,0.3989326951452684,0.39849547147717623,0.5948285660238984,0.5959421250982831,0.5098508808949754,0.5112280552003186,0.7736525012869313,0.7788039815617792,0.7117563975001623,0.7115551814888215,0.5241928380216597,0.5239743332577225
4030,normal,0.0917442088781471,0.116497580514408,0.002015459590880381,0.002653581344375564,0.6207161717492603,0.6217017565224278,0.009781923608156003,0.010411669470531421,0.7124574944097652,0.7087676619511634,0.6010979181053867,0.6001622580254672,0.7739204982484572,0.7739536305565773,0.6496501588838829,0.647311630370771,0.6938122707401472,0.6965034179813947,0.4526667502384298,0.45668773596329554,0.7270857377849372,0.7335390441444711,0.5754572191502099,0.5773921430811626,0.7266530771039716,0.7265672240297254,0.4915096480654677,0.49023345732497253,0.5937199875271578,0.5936105011796929,0.4035085177608802,0.40334782402330216,0.5998390199672842,0.60352249669581,0.5157409013636313,0.5186592876533079,0.7865901045192218,0.7886220483564502,0.7198786889243339,0.7197209979251926,0.5285869269442605,0.5303285016185171
4035,normal,0.0848040963490558,0.1110693512973799,0.005761629042821015,0.00789990281857095,0.6097994688710308,0.6047193067273333,0.025097009687039644,0.01711841286638843,0.763576675574631,0.7442231885930282,0.6233687167125849,0.613507364941449,0.786073245946749,0.7723562840016176,0.6462064233899455,0.6336286437544756,0.6791195973940509,0.6752203962598701,0.4380493041232073,0.4384518805397782,0.6981638933608656,0.6988942810946761,0.546346774889508,0.5488166106496073,0.6923701909444815,0.6913504919366108,0.4731712522087112,0.4680614409244049,0.5784486261524174,0.5705895241422195,0.3931089209072169,0.38790033783798067,0.5802982495880797,0.5806757527353982,0.4952864666452082,0.4967967544165864,0.7564293169839446,0.7567311947973167,0.7021573258170503,0.6930985441961403,0.514415990168873,0.5099255235435072
4037,normal,0.0506810442555861,0.0443430847084781,0.0073947303545150965,0.00997192352675499,0.6223781283300758,0.6189077272416271,0.02442931742612939,0.011513323069869599,0.7772084572185953,0.7509902173106682,0.6369642623739559,0.622710489321367,0.8032547168305408,0.7862609954529746,0.6584351984092338,0.6448020281660168,0.6905556472665281,0.6907968311373973,0.4467901418339992,0.45011377135789227,0.712939183447076,0.7200860595112878,0.5579664900355865,0.5657681087004732,0.7089807043713142,0.7095170753306794,0.4828738383822306,0.4796573862416768,0.5882222974322512,0.5834002544965343,0.4014285983901476,0.3975198816411355,0.5954548727668216,0.59749209612698,0.5050317732388026,0.5129556046504383,0.7728439010849132,0.7771899659914563,0.7161867382769831,0.7080761318924627,0.5252913602523099,0.524094465778219
4041,normal,0.0514136228226785,0.0515327740605972,0.004503435539249906,0.006014585066044163,0.6160645805065822,0.6198590014435389,0.016199719682922005,0.009732151843404164,0.7522168575379943,0.7483128116790413,0.6188368681587946,0.619878868750694,0.7866599303183908,0.785943026579636,0.6469795068681764,0.6459818639673538,0.683587987741575,0.6891695682557171,0.4429876305134852,0.4492345790921409,0.7061016821837766,0.7198451317492213,0.5567433621254729,0.5666048482924343,0.7079946921587624,0.7143439483968286,0.4823658495773342,0.4834156294966515,0.5851680251573032,0.5868058010880041,0.3997646628935615,0.3993566312725989,0.5948285660238984,0.5974919031451292,0.5023544912075952,0.5125626940211345,0.772035300882895,0.7808635990965824,0.7102796172412219,0.7128931444201754,0.5241928380216597,0.5248989752368166
4047,normal,0.0258328961318162,0.0422636115187382,0.0036266361318706224,0.004310855174665376,0.6147472854492205,0.613486248632231,0.008957700448777379,0.0031068786850466518,0.7310118638696055,0.7233344000738112,0.6055002852719259,0.605559851543192,0.7746748067262823,0.7721162106722712,0.6472606281329876,0.6397231667190835,0.6896468221110993,0.6870575109951194,0.4457530932920408,0.44920819760054237,0.7130963673841634,0.7192737765096674,0.5612077789973873,0.5656185814706843,0.7113319642627836,0.7107006860390813,0.4833818271871268,0.47953667514021636,0.5851680251573032,0.5812682241864522,0.3985167112711218,0.3954764963605701,0.5929496457951288,0.5932958013609345,0.5028899476138368,0.5085485040459514,0.7736525012869313,0.7726929812799058,0.7110180073706921,0.7048997019924506,0.5236435769063346,0.5209554607579949
4048,normal,0.8446740006765888,0.1273371527529195,0.004257432569096246,0.005183249823149053,0.6140462214836282,0.6122733777202584,0.007796263830870348,0.0035900586075007855,0.7249532942500658,0.7138469919325992,0.6027811761396517,0.5998789305943224,0.7717413848680739,0.7675532857777687,0.645995582441337,0.637071012542829,0.6883593198075755,0.6870582437891952,0.4462469259310685,0.44977237564382033,0.7149039826606678,0.7210060902901263,0.5622474377209837,0.5670060715901667,0.7108010346098712,0.7109328484722485,0.4828738383822306,0.4791754820457792,0.5857788796122928,0.5807085445435649,0.3989326951452684,0.3953579601696827,0.5923233390522055,0.5933532955251241,0.5039608604263196,0.5095319037283057,0.772035300882895,0.7719483789685637,0.7117563975001623,0.7037841857733426,0.5230943157910095,0.5206618198569538
4050,normal,0.0437332619982353,0.1498194770579217,0.003900767693553993,0.0047505712418497974,0.6211297974130988,0.6172290297195449,0.00618867665941028,0.006423093068128791,0.723438651845181,0.7132538586145658,0.6055650259655514,0.6010202541934858,0.7793682816994156,0.7713910245502997,0.6516882880537644,0.6438038893225756,0.698962279954243,0.6915476703139104,0.4543457812111243,0.4530690697720909,0.7299936406210531,0.7266979149456664,0.5736836836805452,0.5722339980494514,0.7228607224403112,0.719703434026112,0.4899856816507788,0.48551586894372717,0.5882222974322512,0.5872173548090185,0.4018445822642941,0.3989538961083273,0.599212713224361,0.5978050626170405,0.5146699885511484,0.5128765847240644,0.7833557037111492,0.7808570931831046,0.7139715678885726,0.7118461814939804,0.5280376658289354,0.5251003495648412
4051,normal,0.0848042877372995,0.1399469179729825,0.0027014726441177157,0.0030702299554332276,0.618585047663516,0.6206478128277402,0.007241983034226297,0.008172617549398764,0.7173800822256412,0.7137154323750101,0.602133769203396,0.6018234478832021,0.7722442571866239,0.7749972625819788,0.6469795068681764,0.6480076852933956,0.6961600690583379,0.6954809617155394,0.4527655167662353,0.45505444654220717,0.7281860253445486,0.7299264740185865,0.5711151150693068,0.5748951755183939,0.7213437805748472,0.7245430928196367,0.4899856816507788,0.48921074658530717,0.587000588522272,0.5919838742652757,0.4005966306418545,0.402211092627557,0.5973337929955913,0.6007526664524289,0.5125281629261826,0.5158114566229275,0.7809299031050947,0.7864257040304975,0.7139715678885726,0.717774497276911,0.5252913602523099,0.5283988014627258
4073,normal,0.0403168020228684,0.066565773060429,0.0026617643215225383,0.003512614518580299,0.6189961120322959,0.6174119247817522,0.005440794303157547,0.006460231830670177,0.7226813306427384,0.712792496918204,0.6039465086249121,0.60093799687568,0.778278725009224,0.7716197177094437,0.6462767037061483,0.643091352720393,0.6922218267181471,0.6918775677092357,0.4520247678076937,0.45354302061017504,0.72543530644552,0.7275569837735697,0.5706870203007671,0.5726145187807923,0.7198268387093829,0.7191402882455268,0.4859217712116084,0.48515478179209603,0.5894440063422305,0.5875910206678818,0.4018445822642941,0.3994727991294357,0.599212713224361,0.5982846154918953,0.510386337301217,0.5139783137939821,0.782547103509131,0.7807454394345412,0.7147099580180428,0.7121970894008554,0.5274884047136102,0.5254047182360806
4074,normal,0.7770342208848723,0.1539046653675877,0.0027745486311179335,0.0036020582093430702,0.6255936981723231,0.6235536512655324,0.012115138998268361,0.011967187907597767,0.7128361550109865,0.7073531792604648,0.5992851786838705,0.6002051303538236,0.7799549660710573,0.7744601019934122,0.6511963258403447,0.6484070969417556,0.6980534547988142,0.6989023635807243,0.4567655611423604,0.45863452139134353,0.7355736703876539,0.736512797359777,0.5821844226558343,0.5796537672800881,0.7342377864312924,0.7289561532720257,0.4945575808948456,0.49189425392970065,0.5961634053471162,0.5960725487268784,0.4060044210057595,0.4052050782123917,0.6086073143682093,0.6064541583894166,0.5194890962073214,0.5211554131911332,0.8003363079535305,0.7911710674386214,0.7235706395716845,0.72258647062832,0.5362765825588118,0.5327879695641738
4082,normal,0.0778358228101861,0.1044876975933274,0.0036239740167052976,0.004346809542174161,0.6160789969257074,0.6125680192952214,0.008279537391641374,0.005250164826765434,0.7279825790598357,0.7249802352806973,0.6097731710512139,0.6055901367649515,0.7730823777175406,0.7725465101140867,0.6478931509788127,0.6407901464012569,0.6934335935920519,0.6864851305104197,0.4486667058623047,0.44737418888603014,0.7178118854967838,0.716012773364725,0.5643879115636825,0.5633014525557591,0.7167929549784546,0.7097685277231918,0.4854137824067121,0.47953253426711834,0.5863897340672825,0.5813052696420065,0.3960208080262427,0.39496831741719224,0.5916970323092823,0.5900615215084021,0.5044963168325611,0.5054567861154243,0.7744611014889494,0.7710010927156792,0.7124947876296324,0.7052931124860387,0.5225450546756844,0.5191885922657841
4087,normal,0.0283984741142691,0.0819352310441764,0.004405109864490383,0.005389453471958554,0.6204218381606317,0.616832887384686,0.00739748735626505,0.006449668837047298,0.7219240094402961,0.7118577403969575,0.6048528783356701,0.6004650007032364,0.774255746460824,0.7705143558202976,0.650352962045911,0.6417298588224059,0.6946453604659568,0.6911057771062336,0.4520741510715965,0.4535278271706782,0.7259854502253258,0.7278583660500764,0.5711151150693068,0.5726927913887357,0.7258946061712396,0.7186264943712277,0.4884617152360899,0.48436171844799164,0.5918874241621889,0.5863695731296182,0.4005966306418545,0.39871954315097985,0.5985864064814377,0.5985223445952873,0.5119927065199412,0.5140257905293101,0.7890159051252763,0.7799967715781724,0.7191402987948637,0.710550460943259,0.5263898824829601,0.5252346713351953
4096,normal,0.0243172665408829,0.018299653273183,0.0006505489294271749,0.0007613356245055228,0.6039570520525689,0.6038974391311775,0.02270883659153794,0.021672928338767838,0.7484302515257819,0.7472445774989146,0.6162472404137715,0.6156327387303258,0.7786139732215906,0.7774484266792066,0.6371402625997834,0.6364766604755843,0.6812401894233844,0.6802199619716599,0.43454309238611,0.435145396221248,0.6948630306820311,0.6953163750573065,0.5449401777928775,0.5453538793442246,0.6922943438512084,0.6917877113040127,0.4684977552036652,0.46815673050026324,0.5715459708110348,0.571153520837377,0.3872851466691654,0.38723075669758683,0.572782568673001,0.5740332579329388,0.488164896442197,0.4894962124559666,0.7533566362162756,0.7535740778586199,0.6924105761080442,0.6923182494005414,0.5049137728737488,0.5056679322642412
4099,normal,0.0246067428462824,0.0169365101226828,0.0004273926411075954,0.0004978281877562247,0.6039570520525689,0.6038008870408946,0.02270883659153794,0.022115248926531023,0.7484302515257819,0.7475157535785026,0.6162472404137715,0.6158926480066065,0.7786139732215906,0.7778766479924902,0.6371402625997834,0.6366336770963276,0.6812401894233844,0.6805821097109218,0.43454309238611,0.43479491734075293,0.6948630306820311,0.6949792581755931,0.5449401777928775,0.544998629928243,0.6922943438512084,0.6917671927310088,0.4684977552036652,0.46811677494549114,0.5715459708110348,0.5710985044152048,0.3872851466691654,0.38714632499035173,0.572782568673001,0.5734981187546254,0.488164896442197,0.48891896335428403,0.7533566362162756,0.7532498599836716,0.6924105761080442,0.6922226125444831,0.5049137728737488,0.5053230861466507
4105,normal,0.0244257661135214,0.0149351347761027,0.0001701778839482252,0.00019933707827804312,0.6039570520525689,0.6039018382388253,0.02270883659153794,0.02245091280777533,0.7484302515257819,0.7480672522468833,0.6162472404137715,0.6160547052732692,0.7786139732215906,0.7783201179640983,0.6371402625997834,0.6369214157377492,0.6812401894233844,0.6809861391322549,0.43454309238611,0.43463704633194594,0.6948630306820311,0.6949153893583858,0.5449401777928775,0.5449963263208979,0.6922943438512084,0.6921307251170901,0.4684977552036652,0.4683738691650956,0.5715459708110348,0.5713746788185647,0.3872851466691654,0.38722510891614204,0.572782568673001,0.5730749925339462,0.488164896442197,0.4884814749140455,0.7533566362162756,0.7533516711329432,0.6924105761080442,0.6923408331092332,0.5049137728737488,0.5050795039874824
4106,normal,0.0243378853653742,0.0147889634571774,0.00011505123878846286,0.00013447927563349754,0.6039570520525689,0.6039196263392802,0.02270883659153794,0.022530752680182342,0.7484302515257819,0.7481649106190837,0.6162472404137715,0.6161089038526777,0.7786139732215906,0.7784142659501712,0.6371402625997834,0.6369981283762256,0.6812401894233844,0.6810893981794343,0.43454309238611,0.4346071545639194,0.6948630306820311,0.6949045998038469,0.5449401777928775,0.5449840639782308,0.6922943438512084,0.6921873479820239,0.4684977552036652,0.4684140661310831,0.5715459708110348,0.5714349013109445,0.3872851466691654,0.38724836307499877,0.572782568673001,0.5729749713471014,0.488164896442197,0.4883691474924268,0.7533566362162756,0.7533547425302186,0.6924105761080442,0.6923512639441892,0.5049137728737488,0.5050274186311892
4125,normal,0.0263876987170999,0.0340387455757,6.824583315220355e-05,7.926264861352744e-05,0.6039570520525689,0.6039370561263249,0.02270883659153794,0.022619045733275705,0.7484302515257819,0.7483005324135694,0.6162472404137715,0.6162065516783115,0.7786139732215906,0.7784971424217989,0.6371402625997834,0.6370964361578735,0.6812401894233844,0.6811450531975418,0.43454309238611,0.4345834012491553,0.6948630306820311,0.6948921286586682,0.5449401777928775,0.5449423195081442,0.6922943438512084,0.6922179091127474,0.4684977552036652,0.4684408271213992,0.5715459708110348,0.5714523826378264,0.3872851466691654,0.3872628725633238,0.572782568673001,0.5729148670730018,0.488164896442197,0.48829360307102104,0.7533566362162756,0.7533221251341459,0.6924105761080442,0.6923704586502997,0.5049137728737488,0.5049913434986945
4126,normal,0.026563064819321,0.0358212985143368,8.465298162886195e-05,9.953411351285165e-05,0.6039570520525689,0.6039384705105378,0.02270883659153794,0.022596320763794177,0.7484302515257819,0.7482637149520354,0.6162472404137715,0.6162180089629684,0.7786139732215906,0.7784830224957164,0.6371402625997834,0.6370841611299964,0.6812401894233844,0.6811453315414283,0.43454309238611,0.4346024571593192,0.6948630306820311,0.6949143759434195,0.5449401777928775,0.5449402911916961,0.6922943438512084,0.6921984099271186,0.4684977552036652,0.46842574859948855,0.5715459708110348,0.5714265497595542,0.3872851466691654,0.38726255836598006,0.572782568673001,0.572955383842692,0.488164896442197,0.4883388842460286,0.7533566362162756,0.7533224300129524,0.6924105761080442,0.6923549168453583,0.5049137728737488,0.5050177537033924
4127,normal,0.0267357222257794,0.0377062002055785,0.00016544208196534883,0.00019992236160220535,0.6039570520525689,0.603996395259039,0.02270883659153794,0.022453665610981128,0.7484302515257819,0.7482357421514311,0.6162472404137715,0.6161783444980073,0.7786139732215906,0.7784421638981097,0.6371402625997834,0.6370498898076558,0.6812401894233844,0.6810228266790032,0.43454309238611,0.43472843634776287,0.6948630306820311,0.6950717557366826,0.5449401777928775,0.5450861229850933,0.6922943438512084,0.6922253071524073,0.4684977552036652,0.46843088183980086,0.5715459708110348,0.5713996686082973,0.3872851466691654,0.38724751790776213,0.572782568673001,0.5731728332359047,0.488164896442197,0.4886099351119706,0.7533566362162756,0.7534975317449534,0.6924105761080442,0.6924015268432454,0.5049137728737488,0.5051382348555747
4128,normal,0.0269347065567705,0.0396694486454974,0.00018512764025526446,0.0002152845027670038,0.6039570520525689,0.6039670131984062,0.02270883659153794,0.022416245595893447,0.7484302515257819,0.7481300938401954,0.6162472404137715,0.616086786684764,0.7786139732215906,0.7783312046110542,0.6371402625997834,0.6370567572915167,0.6812401894233844,0.6810536278574766,0.43454309238611,0.4347119586680638,0.6948630306820311,0.695042048908192,0.5449401777928775,0.5450960856531424,0.6922943438512084,0.6921832289708768,0.4684977552036652,0.46840589604758276,0.5715459708110348,0.5713710867606685,0.3872851466691654,0.3872406055873622,0.572782568673001,0.5731812519252191,0.488164896442197,0.4885969256461259,0.7533566362162756,0.7534433940361899,0.6924105761080442,0.69235750697338,0.5049137728737488,0.5051507649110949
4130,normal,0.0266071046805348,0.0363854310184521,0.00018819169486587167,0.00022786422246251774,0.6039570520525689,0.6039903400560956,0.02270883659153794,0.02239537694624826,0.7484302515257819,0.7481407011916522,0.6162472404137715,0.6161110634238309,0.7786139732215906,0.7783181521544399,0.6371402625997834,0.6370293488191703,0.6812401894233844,0.6810095217795733,0.43454309238611,0.4347618591447773,0.6948630306820311,0.6950240205199594,0.5449401777928775,0.5451200038708874,0.6922943438512084,0.6922086231920137,0.4684977552036652,0.4684244132681109,0.5715459708110348,0.5714514818450459,0.3872851466691654,0.3872928906208204,0.572782568673001,0.5732391973050638,0.488164896442197,0.48861060874206347,0.7533566362162756,0.7534549022155993,0.6924105761080442,0.6924392169185714,0.5049137728737488,0.5051997759420451
4133,normal,0.0273801433735264,0.0429968908181769,0.00017054450697962618,0.00021880357608128215,0.6039570520525689,0.6040544024346495,0.02270883659153794,0.022433225711176397,0.7484302515257819,0.7482377242807298,0.6162472404137715,0.6161755058544199,0.7786139732215906,0.7784933671573762,0.6371402625997834,0.6371462751702891,0.6812401894233844,0.6810670476511709,0.43454309238611,0.43478588840385385,0.6948630306820311,0.6950529536412418,0.5449401777928775,0.5451421684097014,0.6922943438512084,0.6922557855815391,0.4684977552036652,0.4684721730525246,0.5715459708110348,0.5715687662580751,0.3872851466691654,0.3873666156092935,0.572782568673001,0.5732687858487999,0.488164896442197,0.48861087786601537,0.7533566362162756,0.7534860802815466,0.6924105761080442,0.6925477158650224,0.5049137728737488,0.505247110457442
4145,normal,0.1010951885936368,0.0473939518166586,0.004057505120999283,0.004816874573250434,0.5962267606673272,0.5934412268900373,0.02034560854517696,0.018855285038734897,0.73858507589403,0.7329987312593155,0.6104205779874696,0.6034135838500674,0.7540570416657321,0.7605550267583727,0.6197810244976901,0.621788669351141,0.6683651663881452,0.6621940478606302,0.4283208011343599,0.42933139361792133,0.6863750980793145,0.6835734899624627,0.537479097541185,0.5370708258301925,0.680158808927495,0.6766844990189913,0.4657038167767355,0.4590295218402685,0.5662926224981241,0.5610386560744985,0.3837908821263345,0.38129596412920747,0.5688994668668771,0.5695629422490676,0.4856482513328622,0.48628030994254845,0.7456749342971031,0.7414169340977488,0.6905646007843689,0.6810129624867124,0.5057376645467364,0.5012532988014884
4148,normal,0.0468203116807346,0.0643215317724923,0.004156311122492451,0.004802422092771711,0.6191902241740138,0.6192234914752142,0.014816149721811748,0.010750000519664373,0.7529741787404367,0.749294289076689,0.6220739028400734,0.6200394181926785,0.7781111009030406,0.7852864813417424,0.63981091461549,0.6456246300831379,0.6923732975773853,0.6885729524526031,0.4477778071120547,0.44830601030933404,0.7107386083278532,0.717706789954248,0.5593119307367114,0.565101040368773,0.7111044229829641,0.7133677128777657,0.4864297600165047,0.48325244611318435,0.5931091330721682,0.586876710740597,0.4026765500125872,0.39913541554374565,0.5948285660238984,0.5961691818499463,0.5066381424575268,0.510951701738842,0.7785041024990402,0.7799234637361789,0.7228322494422145,0.7130659450515743,0.5269391435982852,0.5241251656476001
4151,normal,0.0226188543963668,0.0177419978466926,0.003246184774125079,0.003908365406766396,0.6191902241740138,0.6183615567270232,0.014816149721811748,0.012003223687459885,0.7529741787404367,0.750511239045109,0.6220739028400734,0.6196537937053546,0.7781111009030406,0.7833315640723558,0.63981091461549,0.6444321586788212,0.6923732975773853,0.6884492270127752,0.4477778071120547,0.44698873936210864,0.7107386083278532,0.7145035783205551,0.5593119307367114,0.5628621337299685,0.7111044229829641,0.7123043148294187,0.4864297600165047,0.48359169710806527,0.5931091330721682,0.5871517583913344,0.4026765500125872,0.3992264725073755,0.5948285660238984,0.5946180539713758,0.5066381424575268,0.5086624329806702,0.7785041024990402,0.7786719371914809,0.7228322494422145,0.713701961729161,0.5269391435982852,0.5234854017234667
4154,normal,0.0327133404762199,0.0323753172278848,0.005617940285979097,0.006497846836553184,0.6142442718907644,0.6090117944285118,0.007006789768722382,0.0032408974899128394,0.7241959730476234,0.7125322147993777,0.6057592480464281,0.5986021575379056,0.773501437982999,0.7652540063541418,0.6403028768289097,0.6346951198688849,0.6929791810143376,0.6833661042709583,0.4489136221818187,0.4472948850719122,0.7168687818742597,0.7169788359850846,0.5649994755187392,0.5632444857557547,0.7130006003147942,0.7060230414419958,0.4833818271871268,0.4761391037653334,0.5863897340672825,0.5771317098433735,0.3964367919003892,0.3928047178492835,0.5898181120805126,0.5893202122600504,0.5028899476138368,0.5060563275046867,0.7728439010849132,0.7667803548957047,0.7073260567233414,0.699716490831404,0.5225450546756844,0.5172607372488496
4155,normal,0.1345704726765824,0.1958843342229345,0.003676361839921659,0.004135638745283082,0.6254797271560236,0.6224509922437769,0.011136268558747353,0.010474253653001468,0.7143507974158715,0.7091009946213712,0.6043349527866655,0.6009341321635602,0.7798711540179657,0.7747376291581293,0.6509854848917364,0.6475770654257184,0.7035064057313861,0.6975163967440253,0.4582470590594438,0.4576293309642575,0.7313297040862955,0.734699311253963,0.5785150389254936,0.5780362122811379,0.7327208445658284,0.7268060384744626,0.4950655696997419,0.49033542446423706,0.6010502409870332,0.5942567269850602,0.4072523726281991,0.4041124309709706,0.6042231671677467,0.6049057241339549,0.5184181833948386,0.5198708481462003,0.7930589061353671,0.7891333993633857,0.7250474198306249,0.7203268220750333,0.5351780603281616,0.531688380918739
4174,normal,0.0307702815623215,0.0553734764746664,0.004332246663957547,0.005270497282738756,0.6132224908918299,0.6159220776623019,0.01703331270415338,0.012911923488254727,0.7484302515257819,0.7501661943720506,0.6194842750950503,0.6203668184527739,0.7870789905838491,0.7837215798172217,0.6422707256825883,0.642890623371609,0.6774534179424316,0.6868329773975036,0.4414073660685962,0.44693472224378117,0.7039011070645537,0.714306928338254,0.557110300498507,0.5616958798595864,0.7086014689049481,0.7063470177056373,0.4808418831626453,0.47805436051212763,0.5802811895173862,0.5814731516731123,0.3926929370330704,0.3957944427697887,0.5848702888114192,0.5932408834712223,0.5008016676294952,0.5085916373785012,0.7752697016909676,0.7732734297107197,0.7095412271117517,0.7060592746138276,0.514745546838068,0.5209253985714151
4182,normal,0.1113375458252731,0.0786315278157907,0.0027492235505440286,0.003073104383935115,0.6064255317353255,0.6059781682865081,0.015029071929377752,0.015648590262975343,0.7363131122867027,0.741974543233121,0.6162472404137715,0.6137084841953081,0.770735640230974,0.773833913960544,0.6317989585683701,0.6342626319640189,0.6797254808310033,0.6771631673024852,0.437901154331499,0.4398732305120711,0.7016219399767871,0.7016053720328612,0.5510558173434451,0.5506866606247828,0.6944180624628582,0.6925808761532133,0.4716472857940223,0.46859381484988255,0.5766160627874485,0.5718530308748146,0.3926929370330704,0.388878641070771,0.5799224655423258,0.5826052329455279,0.4952864666452082,0.49897405585447274,0.761523498256659,0.7586561666573758,0.6984653751696995,0.6946653955701646,0.5132625418266903,0.5117136430692234
4187,normal,0.0548217922195495,0.0676813298915959,0.003472666548278821,0.00428196286235738,0.6239348134060305,0.6210593377308212,0.010580084716587735,0.00921589203747938,0.7166227610231989,0.7107925811098661,0.6059534701273049,0.6009120677591405,0.7756805513633823,0.7747208148109552,0.6491581966704634,0.6473871021989404,0.6966144816360522,0.6958093492813485,0.4538025653081937,0.45589844182680556,0.7320370318031886,0.731875392454363,0.5760687831052667,0.5763047035890777,0.7304454317676321,0.7254291687086442,0.4940495920899492,0.48944831466137195,0.6004393865320435,0.5924209786724091,0.4068363887540525,0.4025273116110901,0.6035968604248234,0.6021236805925647,0.5146699885511484,0.5174143139698172,0.7930589061353671,0.7874844401879282,0.7265242000895652,0.7182364469116119,0.5313332325208859,0.5292236330780272
4190,normal,0.03216505627839,0.0563500667100822,0.006397184202403803,0.00738751890183442,0.610142926605861,0.6158163483401803,0.021413723490727246,0.014525649586429943,0.756760784752649,0.7532909438456095,0.6233687167125849,0.6220019995748494,0.7858218097874741,0.7845063868535308,0.6384755886076368,0.6439056716967959,0.6811644539937655,0.6865260905125469,0.435678907455874,0.446412971043254,0.7042154749387283,0.7137980125392557,0.5490376562917577,0.5612986690773414,0.6937354386233994,0.7064964538960272,0.4729680566867527,0.47791631577096705,0.5766160627874485,0.5810557295825381,0.3922769531589238,0.3951375524919109,0.5839308286970344,0.5917041790324945,0.5004803937857503,0.5071675800806744,0.7607148980546409,0.7727519150727737,0.70068054555811,0.7053939390820363,0.5165031824071084,0.5195135116304607
4192,normal,0.106143834507619,0.0800056897591249,0.004544504826167172,0.005611560033140373,0.614805405238107,0.614997839272492,0.010060623382603533,0.002374197032275333,0.7347984698818179,0.72567346887113,0.6082193944042001,0.6072023433714107,0.7803740263365158,0.7738723117725899,0.63981091461549,0.6401274423536475,0.6897982929703375,0.687836200346688,0.4445678949583741,0.45010890483713706,0.7094811368311544,0.7218064223027265,0.5602292766692964,0.567530295820875,0.7108768817031444,0.7120738504862097,0.4823658495773342,0.48028546991807164,0.5888331518872408,0.5820620038203805,0.3993486790194149,0.3962166915702252,0.5929496457951288,0.5953653133913097,0.5039608604263196,0.5112529080088698,0.7712267006808768,0.7751021547937036,0.7117563975001623,0.7060118597972673,0.5230943157910095,0.522435626170122
4193,normal,0.0180736046182129,0.0157237532828834,0.006067931643343075,0.007125293426716845,0.614805405238107,0.6121355072112638,0.010060623382603533,0.0027314330733934173,0.7347984698818179,0.7222245561021643,0.6082193944042001,0.6046740362422036,0.7803740263365158,0.770379823268944,0.63981091461549,0.6360072945812556,0.6897982929703375,0.6842543409056175,0.4445678949583741,0.4486083260997503,0.7094811368311544,0.7205328010649492,0.5602292766692964,0.5663615913425902,0.7108768817031444,0.708911931395824,0.4823658495773342,0.4773806717790215,0.5888331518872408,0.5775753169630896,0.3993486790194149,0.39318914766249663,0.5929496457951288,0.5932380437261388,0.5039608604263196,0.5108809265710895,0.7712267006808768,0.7716771122968801,0.7117563975001623,0.7009717598877552,0.5230943157910095,0.519435942701711
4198,normal,0.0338233702354779,0.0501664633841279,0.00446193347035197,0.005510161540590597,0.6049490531083639,0.6065612236434895,0.02041950591577786,0.015272010872782673,0.7476729303233396,0.7421396584183909,0.6136576126687485,0.6139560739480013,0.7687241509567738,0.774221158127423,0.6335559664734403,0.6345558405588769,0.6769990053647175,0.676885050779751,0.4373579384285684,0.43988649072766806,0.6903046965064982,0.7018854353788683,0.542188139995122,0.5520103964160401,0.6891846130270068,0.6946918515462852,0.4712408947501053,0.4699122715560952,0.579059480607407,0.5723213842811048,0.3931089209072169,0.38893191084303075,0.5799224655423258,0.5825865893388132,0.4921808194890079,0.4992972199116742,0.7558632968425318,0.7607550396105415,0.7021573258170503,0.6958252969420409,0.5109556451423248,0.5116791335547173
4202,normal,0.0212598758446101,0.0297215302763244,0.00316357230736193,0.0037876960608831337,0.6204619185396646,0.6187086225718912,0.013687131712902773,0.011349166597337356,0.7522168575379943,0.7499893875174959,0.6181894612225387,0.619640536412927,0.7808768986550656,0.7836900240434809,0.6470497871843791,0.6445249346352564,0.6916916787108137,0.6889944907253697,0.4467901418339992,0.44763759178625245,0.7133321432897943,0.7159478432965936,0.5615135609749157,0.5639349502950477,0.7160344840457226,0.7127763344568596,0.4879537264311936,0.4836446975887725,0.594941696437137,0.5871445755041571,0.4047564693833199,0.39914640339153257,0.5942022592809751,0.5952704140687001,0.5087799680824926,0.5095504223232825,0.7841643039131674,0.7790375700774872,0.720617079053804,0.7134626829292252,0.5247420991369848,0.5236537246697104
4212,normal,0.075713292142392,0.0500668852807815,0.006681740864444994,0.009073899094104117,0.6239294258531597,0.6188241813810504,0.01845119755117992,0.009724144701649961,0.7681206027892858,0.7471566295107013,0.6298427860751424,0.6186971303559627,0.8007403552377909,0.7833167958335484,0.6568187511365693,0.6445434614595302,0.701915961709386,0.6888719404365382,0.4525679837106243,0.4486343893211344,0.7250423466028016,0.717973474589788,0.5672622621524492,0.5653388688330071,0.7137590712475262,0.7131318728659571,0.4859217712116084,0.4829206764599193,0.5906657152522097,0.5866009497890301,0.3993486790194149,0.3990139059163335,0.5985864064814377,0.5963715465736052,0.5082445116762511,0.5111523091741552,0.7696095002768405,0.7795085929078993,0.7147099580180428,0.712541633338522,0.5236435769063346,0.524236906112225
4214,normal,0.049712957855432,0.0618601632220521,0.014460839147559008,0.015463198207706332,0.6309947679291921,0.6165339287816329,0.008839091006723292,0.004081849411479355,0.7423716819062424,0.722939173312599,0.6194842750950503,0.606680799646521,0.7982259936450408,0.7762048131766364,0.6641981843378639,0.6442996830264682,0.713427747011482,0.6917267506917123,0.4574569268369993,0.45203826668088765,0.7405249644059053,0.7237675832661231,0.5797381668356072,0.5689802999921859,0.7312039027003642,0.7153482657205316,0.4955735585046382,0.48271886941928926,0.5986068231670747,0.5851639999480849,0.4039245016350268,0.39766616345003647,0.6054757806535931,0.5947161102447412,0.5200245526135628,0.5105091705876728,0.7873987047212401,0.7761421500561996,0.7346464915137368,0.7094690929099507,0.5346287992128366,0.5227055971581213
4217,normal,0.0482445718354929,0.0356912368182476,0.004011268234441554,0.004754829028786946,0.6183522967809081,0.6199331613154571,0.012984755617089056,0.008271882371670944,0.7026123187780133,0.7116427456931576,0.597083995100601,0.6008288907033413,0.7749262428855573,0.7726491770755914,0.6492987573028689,0.644864129221204,0.6993409571023382,0.6948193834391406,0.4528642832940409,0.4557812456703497,0.7262212261309567,0.7308786071483426,0.5715432098378466,0.5753103398974821,0.7213437805748472,0.7224433788572665,0.4884617152360899,0.4875886324188991,0.5924982786171785,0.5911565543431356,0.4018445822642941,0.4019538815800369,0.5948285660238984,0.6020498674497123,0.5087799680824926,0.5170327626358996,0.7809299031050947,0.7847357006084357,0.7235706395716845,0.7163602827686587,0.525840621367635,0.5287681628521145
4220,normal,0.0354706234903846,0.0571620409623416,0.005982186190838522,0.007438017510717512,0.5999462949941996,0.5955444423931799,0.02241979094653347,0.014309701154385493,0.7446436455135698,0.7278514018613346,0.6136576126687485,0.602038391840861,0.7691432112222323,0.7592593446371132,0.6313772766711532,0.6212523728342625,0.6716217898617647,0.663841849956738,0.4299998321070544,0.4321400109262521,0.687475385638926,0.6902041810446591,0.5393137894063552,0.5424651540610704,0.68122066823332,0.6815292843798294,0.4632654705132332,0.4613593853812295,0.5676365022991011,0.561847663818975,0.3869939579572628,0.38183365570185485,0.5732836140673397,0.5735891602242739,0.4876294400359556,0.49242777436632734,0.7499605153677994,0.747363920757284,0.6923367370950974,0.6818949189695954,0.5095275662424796,0.5033570499224004
4224,normal,0.0312843019907737,0.0526113656272139,0.007675802240052827,0.008156962813008364,0.6242877672370414,0.6166119649969886,0.006002887640672036,0.0050156330817966175,0.7332838274769329,0.7206058999645002,0.6149524265412599,0.6053330734680001,0.786827554424574,0.7751718456276444,0.6529533337454149,0.6453031885610429,0.7043394954571957,0.6918623503544545,0.4582964423233466,0.45209301121212464,0.7292077209356164,0.72348428643982,0.5754572191502099,0.5693068148552147,0.7228607224403112,0.7165251163003122,0.4889697040409862,0.4838274729068537,0.5906657152522097,0.5863590740462908,0.4030925338867338,0.3982999168555608,0.6004653267102074,0.5942547439834565,0.5135990757386656,0.5095821900245839,0.7857815043172037,0.7770496482381153,0.7213554691832742,0.7107225814651831,0.5307839714055609,0.5226221906456469
4232,normal,0.0823587555823169,0.1648600886246385,0.003871034390687599,0.0050054034276443065,0.6181817064636529,0.6215792164914705,0.011163768858598764,0.0109750526075262,0.707459174473645,0.707148168207789,0.5961128846962173,0.599417532994515,0.767969842478949,0.7729877995818323,0.6469092265519736,0.6463366668267853,0.6996438988208145,0.6965084098486986,0.4552840632252771,0.4570621872158956,0.7229203634521225,0.733860741283791,0.5694027359951479,0.5773655674464543,0.7175514259111866,0.7259024382416165,0.4849057936018158,0.48979760470035266,0.5937199875271578,0.5937140854059237,0.4030925338867338,0.40373790672743004,0.602344246938977,0.6043968196601593,0.5130636193324242,0.5194144905494639,0.7817385033071128,0.7882433449036829,0.7161867382769831,0.7196657990247141,0.5307839714055609,0.5312871177358953
4236,normal,0.0303539721823769,0.045397498460225,0.007398487393352408,0.008228953506134605,0.6065029044924171,0.6139013918857694,0.007406554472275132,0.003726105337960525,0.7219240094402961,0.7261660903309279,0.6036875458504097,0.6067507250074807,0.7617677505501654,0.7734429820653361,0.6326423223628038,0.6401486856686279,0.6748026779057649,0.6864617114776599,0.4422468815549435,0.4483121855287533,0.7066518259635821,0.7186249003777659,0.5567433621254729,0.565510511227265,0.6994998177121632,0.7110295183902491,0.4760159895161304,0.4801128163394933,0.5778377716974278,0.5820506906571086,0.3935249047813635,0.3956306688050789,0.5844318740913729,0.5927709456987219,0.5005874850669986,0.5085938689427365,0.7607148980546409,0.7738389674960847,0.7043724962054607,0.7062347020423639,0.5130977634920927,0.5206436920024262
4245,normal,0.0362117723825901,0.0422274350852004,0.0026043470149328916,0.0029725616029335454,0.6175529779040225,0.618513109758294,0.011466017077770016,0.009385657552466436,0.7446436455135698,0.7459134663727233,0.6155998334775157,0.6183776838986907,0.7838941325663658,0.7829892483697142,0.6415679225205602,0.6437831764139266,0.68639019863748,0.6885078764956741,0.4448148112778881,0.44858951270498315,0.7128605914785323,0.7178373683618795,0.5604739022513192,0.5648474889151024,0.7073879154125767,0.7122624210140758,0.4808418831626453,0.48244890294708115,0.5894440063422305,0.5862978940119399,0.401012614516001,0.3989899131476473,0.5960811795097448,0.5969268673115348,0.5098508808949754,0.5113160700893735,0.7793127027010583,0.7790044477340533,0.7161867382769831,0.7119390262810987,0.5280376658289354,0.524691501821499
4248,normal,0.0691537811993768,0.1822425857257332,0.005915608540562445,0.006833773645239163,0.6068920802047044,0.6126665966596049,0.00815768350771221,0.0049403409795932334,0.7051114787460735,0.711251978872257,0.5940411825001989,0.5991608927619722,0.7589181407450488,0.7672616661759274,0.6399514752478956,0.6387521925197671,0.6860115214893848,0.6874358127526757,0.4445185116944713,0.4505050013670129,0.7115245280132899,0.7218725283901082,0.5582111156176092,0.5677397385846502,0.699803206085256,0.7121722131111884,0.4760667883966202,0.4803368093332066,0.5796703350623966,0.5820930729627711,0.3935249047813635,0.3957108652823666,0.5843692434170806,0.5933246246845947,0.4999984830201329,0.5090922004682922,0.7647578990647317,0.7726361639710075,0.7036341060759905,0.7052078392824442,0.5170524435224334,0.52077854269304
4252,normal,0.0514715423362225,0.0701016822943413,0.004415314362822563,0.005658307314959247,0.6136725874984899,0.6171351144410523,0.016543964380859224,0.010114722352256177,0.7507022151331093,0.7458845982213955,0.6155998334775157,0.6176860283295992,0.781295958920524,0.7819511342002212,0.642762687896008,0.6426972368067042,0.6816946020010987,0.6871268875508479,0.4413085995407907,0.4475349653758204,0.7034295552532915,0.7158168740604054,0.5541747935142346,0.5632697800537179,0.704202337495102,0.7101484761967787,0.4777939503332675,0.48113184631474987,0.587000588522272,0.5848671532279892,0.3981007273969753,0.39787738000647643,0.5885654985946662,0.5952074427243029,0.4999449373795088,0.5098560024692731,0.7728439010849132,0.7768650382117677,0.7110180073706921,0.7101591649842793,0.5219957935603593,0.5232169367635595
4256,normal,0.0603269814492018,0.243775310314182,0.0026246379753416425,0.0034474693908457363,0.6110304845991859,0.6092683813981483,0.005775323943082092,0.004957953499343387,0.7135934762134291,0.7074876067029469,0.6003210297818797,0.5956870307926213,0.7671317219480321,0.7644107810337775,0.6366483003863638,0.6352849739678498,0.6861629923486229,0.6830440618029912,0.4474815075286381,0.44742771241667395,0.7163186380944541,0.7180778688113825,0.5620639685344668,0.5649555479998521,0.7091323985578606,0.7092032323397013,0.4793179167479564,0.4780094684649613,0.5851680251573032,0.5783297260960016,0.394772856403803,0.3930557986068016,0.5885654985946662,0.5890865294086237,0.5044963168325611,0.5065851876360347,0.7712267006808768,0.7691406296713746,0.7080644468528114,0.700824494511903,0.5170524435224334,0.5169518335050247
4259,normal,0.0675639310005554,0.2082660524918145,0.00442339462794175,0.006148599574256208,0.5940358107868127,0.5961882349516516,0.02462037684267469,0.0173701369188523,0.7408570395013574,0.7343684829553183,0.6086725792595791,0.605567949176378,0.7668802857887572,0.7618683915695301,0.6283552230744326,0.6236973182147195,0.6656386909218595,0.665678289910047,0.4308887308573044,0.4319497141310264,0.6848818506769848,0.688758368385061,0.5325865859007309,0.5413628247463875,0.669616062962519,0.6805846709615654,0.4574235992569258,0.46103920548083455,0.5622609830951926,0.5623385586309984,0.382542930503895,0.3825026672757011,0.5700268190041389,0.5731647868363972,0.4842025190360104,0.49015371720851153,0.7295837902769419,0.7459640469500645,0.6827376654119853,0.6827500089249435,0.5014534278472007,0.5034509928205928
4260,normal,0.0375972614749464,0.0488838471616365,0.003431213493309,0.004669186088666386,0.6153784725508795,0.617657334992234,0.014457854018154396,0.010142474821622935,0.7484302515257819,0.7466323737614265,0.6175420542862831,0.618132968675205,0.7811283348143406,0.7823759269745726,0.6438871729552529,0.6431258475859283,0.6898740283999565,0.6877620542805639,0.4463950757227769,0.44789043953673807,0.7106600163593095,0.7163474038302244,0.5557648597973821,0.5635348485211866,0.7007133712045345,0.7104412297501497,0.4783019391381638,0.48142233149938185,0.5863897340672825,0.5855186225217157,0.400180646767708,0.39847972018030703,0.5948285660238984,0.5959729929989743,0.5050317732388026,0.5103490601649431,0.7663750994687679,0.7772862681751832,0.7095412271117517,0.7110644924840908,0.5263898824829601,0.5238381139273858
4263,normal,0.0395474848899227,0.0623443391675827,0.0025382770993902124,0.0030694028872642735,0.614144263068644,0.615891108925422,0.0062529509024567935,0.006591862666149321,0.7143507974158715,0.7111413990058547,0.5994794007647473,0.5994502927106763,0.7658745411516571,0.7695212876778166,0.6405839980937209,0.6420345263080697,0.6929034455847186,0.6898916411537651,0.4494568380847492,0.45206181019556413,0.720169644553094,0.7255395450383048,0.5677515133164946,0.5713680578381624,0.7137590712475262,0.7183415770837573,0.4828738383822306,0.48450726379911707,0.5863897340672825,0.5859128794001184,0.3968527757745357,0.39799387353472987,0.5904444188234359,0.5965658074367086,0.5098508808949754,0.5121720842181918,0.7768869020950039,0.7795212896752995,0.7102796172412219,0.7102809564571619,0.5225450546756844,0.5238445601988744
4264,normal,0.0887190948569046,0.1703441920436209,0.0018808471716004324,0.0023586960388696757,0.6224668705516346,0.6216211888005762,0.010541712063803261,0.010858977149534061,0.709579673840484,0.7078510105059059,0.601810065735268,0.599511146970042,0.7778596647437657,0.7734332952326443,0.6496501588838829,0.647131773290562,0.7021431679982432,0.6962701082391443,0.4563211117672354,0.4565130366722984,0.7323513996773633,0.7332506279160973,0.5779034749704369,0.5773778247726271,0.7243776643057754,0.7268531338627664,0.4910016592605714,0.4904641850226427,0.5961634053471162,0.5938546337873395,0.4043404855091733,0.40346707781383084,0.602344246938977,0.6034130270695197,0.5168118141761142,0.5186043433431581,0.7865901045192218,0.7889610785954537,0.7213554691832742,0.7200946163263363,0.5313332325208859,0.5305092901894257
4270,normal,0.048991472001449,0.0605262609792684,0.0017641858021905427,0.0020438334811824343,0.6207298949671971,0.6223495180114967,0.00958051272217824,0.009280239930096449,0.7108671198846361,0.7124237211909481,0.5985082903603637,0.6020835647007213,0.773501437982999,0.7763091522134337,0.6466983856033651,0.6491126026135984,0.6979777193691952,0.6974053523225341,0.4575063101009021,0.4568498937054908,0.7316440719604702,0.7328339269115545,0.5748456551951531,0.5772702765739811,0.7251361352385075,0.7267345594792841,0.4874457376262973,0.49070428448177156,0.5924982786171785,0.5938695230066329,0.4022605661384407,0.40361688078076324,0.6029705536819002,0.6031493169548152,0.5173472705823556,0.518092177872807,0.7865901045192218,0.7890234202922016,0.7169251284064533,0.720120468288796,0.5296854491749107,0.530342684806111
4277,normal,0.0358453761639568,0.0423783064200037,0.01956145184984404,0.02021509968383198,0.6383232365951143,0.6187617847452701,0.01008773941824381,0.005608126562910392,0.7590327483599764,0.7381003809546365,0.6324324138201656,0.6138564386321821,0.8057690784232908,0.7798163800735972,0.6705234127961165,0.6434344775666077,0.7096409755305293,0.6893151731809047,0.4644693503111939,0.4499340489124879,0.7345519747965861,0.7210581211056353,0.5846306784760612,0.5678726242398164,0.7425809666913454,0.7151356740800293,0.5021774129682901,0.4837656454614088,0.6114347667218567,0.587393306147057,0.4143240984886902,0.3995222300389113,0.6154966885403647,0.5974000710857057,0.5216309218322871,0.5126929477949579,0.8019535083575667,0.780893014145159,0.7390768322905578,0.7133822635009482,0.5417691937120628,0.5253775437495475
4278,normal,0.0326108249746701,0.0409300361346529,0.004188374023833897,0.005199707163400638,0.6179349919932512,0.6169311514575063,0.010277652693558048,0.002937756571347066,0.731769185072048,0.7306984378913762,0.6117153918599811,0.6098050974704887,0.7802064022303323,0.7765952401323224,0.6501421210973026,0.6415765649164912,0.6882078489483373,0.6885569413838046,0.4501482037793881,0.4503407542360722,0.7123890396672704,0.7222751105099536,0.5665895418018868,0.5682389095336583,0.7183098968439188,0.7135237418393533,0.4864297600165047,0.4817843621486563,0.5924982786171785,0.5846682581172246,0.4018445822642941,0.39789704327460046,0.5948285660238984,0.5971000817492581,0.5044963168325611,0.5127125406807646,0.7736525012869313,0.7781562148955188,0.7169251284064533,0.7096271322476048,0.5247420991369848,0.5242731437504609
4291,normal,0.0819535334104503,0.0670243133197879,0.0037212599094955797,0.004680362288466064,0.6208712464375616,0.6178141633603343,0.009023320075753528,0.004813580964588166,0.73858507589403,0.735601504305496,0.6136576126687485,0.6122300896447457,0.7854027495220157,0.7778727690706698,0.6447305367496864,0.6420235359602787,0.6867688757855753,0.6883260819673123,0.4492099217652353,0.44955822967387044,0.7180476614024147,0.720678262516235,0.5678126697120003,0.5674814847838323,0.7198268387093829,0.7141186298094134,0.4899856816507788,0.4829721302923268,0.5943308419821475,0.5864399370154557,0.4035085177608802,0.3989104868431948,0.5979600997385145,0.5971104876506723,0.5114572501136998,0.5125666379837871,0.7857815043172037,0.7798906995651047,0.7213554691832742,0.7122095332132647,0.5263898824829601,0.5248502768300227
4295,normal,0.0560002303237236,0.0946398491622865,0.00788324599739304,0.008922395788515614,0.6209145767927291,0.6131406617071664,0.009468269547576177,0.006515261348223372,0.7166227610231989,0.707435874293858,0.6023279912842726,0.5970940282889476,0.7824693276638074,0.7658237103646556,0.6507746439431278,0.6378687816235725,0.6978262485099571,0.6874520343535786,0.456419878295041,0.4511432190585946,0.7233919152633845,0.7238166204190051,0.573377901703017,0.5695124122177911,0.7251361352385075,0.7141836267096476,0.4915096480654677,0.4813297342194529,0.5924982786171785,0.5827226054860867,0.4039245016350268,0.3961892568129491,0.5985864064814377,0.5949579711847318,0.510386337301217,0.5108909448961536,0.7849729041151856,0.774872357501156,0.7161867382769831,0.7060644048807819,0.5291361880595856,0.5220336667108656
4301,normal,0.1027633849077297,0.086800102821535,0.007946695991335836,0.008986451301451872,0.6157880114601297,0.6086227398282203,0.017640556415724082,0.01021171935947971,0.7446436455135698,0.730141423491713,0.6110679849237254,0.6055818741683131,0.7735852500360907,0.7665824651732703,0.6386864295562452,0.6334404405059066,0.6992652216727191,0.6835380895839092,0.4504445033628048,0.444209022712969,0.69997150863737,0.7035237754394038,0.5498326894333315,0.5523017987007939,0.7027612427229111,0.6956315043239412,0.4798259055528527,0.4725988849571659,0.5961634053471162,0.5816103933331924,0.4043404855091733,0.39585888230912053,0.5998390199672842,0.5917730585634571,0.5018190348013538,0.5024397657869826,0.7688009000748224,0.7618562238200371,0.7176635185359235,0.7043124611921169,0.5296854491749107,0.5211865130174522
4309,normal,0.0943432425482658,0.0989885487569059,0.002888915992791795,0.0032905532072942507,0.6214940961574223,0.6186051801646306,0.0166030862182116,0.014975011864177325,0.7499448939306669,0.74415325803991,0.6155998334775157,0.6131683906687073,0.7814635830267074,0.7773635703403968,0.6450116580144978,0.6434984262574106,0.703354934872148,0.698972140379753,0.4541482481555132,0.45201605146403806,0.707909297460281,0.707907392856949,0.5570491441030013,0.5565506307448567,0.708904857278041,0.7047923335642547,0.4843978047969195,0.48111281903399394,0.6022719498970125,0.5971630166749196,0.4085003242506387,0.40580107687509454,0.6054757806535931,0.602958528974262,0.5077090552700096,0.5065522681240094,0.7752697016909676,0.7713274662395562,0.7243090297011548,0.7204899356312695,0.5340795380975114,0.5324607569293376
4321,normal,0.0943361996005844,0.0950325406833677,0.005194920987870388,0.006198659444229941,0.5933122716818389,0.5979536344265005,0.021010955267244908,0.02084709597711193,0.6734554524839788,0.6715072027062376,0.5705403107141147,0.5677833154245818,0.7238847025527319,0.7298581568846875,0.6167589709009695,0.6215762194851837,0.6731364984541457,0.6751605225940233,0.436567806206124,0.4401115393571224,0.6892044089468868,0.6986848650650352,0.5415765760400654,0.5491760893219101,0.6879710595346354,0.6963691075467839,0.4726632634038149,0.47430311362053496,0.5802811895173862,0.5832776400720077,0.3956048241520961,0.39679732140626955,0.5781061759878484,0.5867795170667103,0.4846844298016277,0.49534584777286206,0.7435725737718559,0.7550820100812823,0.7028957159465203,0.7048751660924448,0.5154046601764581,0.5185241507528313
4345,normal,0.0874488698787034,0.0782719742462676,0.005390944917796596,0.006116985839921502,0.604524918947657,0.6037983019973507,0.01985824198058309,0.010677838239966625,0.731769185072048,0.7253762438567393,0.6084783571787024,0.6019358619621635,0.7597562612759655,0.760972449383096,0.6348210121650908,0.6287547975527694,0.6811644539937655,0.6782724894143151,0.4379999208593045,0.440843335485474,0.6912478001290222,0.6980098253059404,0.5411484812715255,0.5474044844752748,0.6844062461507947,0.689612419688737,0.4702757160208022,0.4684174954227179,0.5851680251573032,0.5764505189492404,0.3981007273969753,0.3925917858455049,0.5871249930859429,0.5871235682475094,0.4893429005359283,0.4981985132138242,0.7469686946203322,0.7554760650141942,0.7088028369822816,0.6981281666957141,0.5203480102143839,0.5170031134417472
4350,normal,0.0639122684941897,0.086336248476301,0.006590223189475631,0.007604802474524765,0.5998211028990742,0.5987653102014778,0.019345369937360964,0.011486585794120388,0.7166227610231989,0.7236059759232092,0.5957891812280894,0.5992988089108193,0.7459272725158405,0.7557280194824468,0.623857282837453,0.6231216579738366,0.6788923911051938,0.671253680532263,0.4369134890534434,0.43546524752329485,0.6883398972929063,0.6927286179989077,0.5338708702063502,0.543547793578003,0.6786418670620309,0.6827027425307693,0.4657038167767355,0.4637405213884712,0.5827246073373447,0.5700674682380629,0.3972687596486822,0.3884247335192747,0.5885654985946662,0.5817043383410143,0.4910028153952767,0.49482145399180816,0.7444620339940758,0.7492659454827788,0.7036341060759905,0.6910614521023642,0.5247420991369848,0.5124718159078003
4354,normal,0.0741248491304842,0.0979166931379599,0.0017299476522479123,0.002151398634115524,0.6001433667634263,0.5984134191111783,0.019854172909162558,0.018918796701143867,0.6873144304886758,0.6841573376356301,0.5757843068977864,0.575440410944253,0.7354507658793819,0.734547295873228,0.628214662442027,0.6255075215676448,0.6826034271565273,0.6803001850370747,0.4412592162768879,0.44066103314047816,0.6958061343045553,0.6943748193517872,0.5454905853524286,0.5440436437444206,0.6919151083848423,0.6905747781587902,0.4733236488501801,0.4716925899495507,0.5851680251573032,0.5841802625621324,0.3993486790194149,0.3982633112253229,0.5891918053375894,0.5856246813585163,0.4908421784734043,0.490815756247278,0.7493944952263866,0.7487184284389755,0.7065876665938712,0.7045526722755971,0.5247420991369848,0.5195733973793524
4369,normal,0.1630714567167595,0.0655202237574562,0.0031326768675447036,0.0039793868586621645,0.5953592587842848,0.5962784903828011,0.021293778877264143,0.015760786301723978,0.7272252578573932,0.7179444153078817,0.5991556972966194,0.5965467658851378,0.746262520728207,0.7486040637184206,0.6240681237860614,0.6218862686499174,0.6741210590391934,0.6722183163232138,0.431431946760235,0.4347935102316049,0.6789088610676656,0.68516923889912,0.5279386998422995,0.5355827193253335,0.6739393472790919,0.6766193481916751,0.4601159399228762,0.46160095170358906,0.5722789961570223,0.5740141848416069,0.3918609692847773,0.39135003330137846,0.5819266471196801,0.5820240352126826,0.4848986123641243,0.48822131161442506,0.7366994720547015,0.7415943583027216,0.6932228052504614,0.6938413484667023,0.5170524435224334,0.514723466532206
4371,normal,0.1080501271766464,0.1872858023003828,0.00544307164632205,0.006886657250229891,0.6090930282020719,0.6142858375987963,0.018004794678997762,0.01173622075407597,0.7219240094402961,0.7276885487941477,0.5999325856201263,0.6049505610203542,0.7513750559667987,0.7656037022647446,0.630744753825328,0.6376697246747152,0.6897982929703375,0.6908757952184403,0.4456543267642353,0.4490143054048163,0.7021720837565929,0.7096370376459903,0.5443897702333264,0.5564775633078526,0.6930528147839404,0.7020978866914177,0.4751524085478067,0.4785570389052747,0.5912765697071993,0.5917831212078362,0.4035085177608802,0.403583557488689,0.6004653267102074,0.601630926378142,0.50112294147324,0.5073843507297587,0.7565101770041464,0.7683209482537123,0.7139715678885726,0.7161811233330371,0.5335302769821864,0.5314030478606062
4373,normal,0.1049987255708373,0.1092537555620724,0.003975228581181496,0.005303429208652216,0.6040403782396702,0.6072279605167169,0.018361124514444972,0.012419913919002254,0.707762102954622,0.7081748656408782,0.5899625188017876,0.5918893409353659,0.742490978339082,0.7521453913279428,0.6284957837068382,0.6319280042093008,0.6860872569190039,0.6853999045530268,0.4438765292637352,0.4455549411094419,0.6973779736754288,0.7048219808162424,0.5418823580175937,0.5523824373744782,0.6884261420942748,0.6980036422637745,0.4730696544477319,0.47555204342686525,0.5900548607972201,0.5871979201975871,0.4014285983901476,0.40033323102841034,0.5929496457951288,0.5938231489107064,0.4960896512545704,0.5006805417764864,0.7520628758930464,0.7603737687472971,0.7102796172412219,0.7094064593363278,0.5263898824829601,0.5252077071300563
4377,normal,0.1726983133146798,0.2093997851743499,0.00651196993884971,0.008031680254456193,0.5934078785234758,0.5986866587035157,0.02101807890762388,0.013701435370931471,0.7143507974158715,0.7184233993850924,0.5974724392623544,0.5974832197120467,0.7464301448343903,0.7512290501255724,0.627863260861013,0.623291545109916,0.6795740099717652,0.6736636127729789,0.4359258237753878,0.43660188323716387,0.6842531149286353,0.6895942471323055,0.5262874771636463,0.5394645433409665,0.6646101548064873,0.6808617315289205,0.4555948395592991,0.4637720283283882,0.5681251858630928,0.5751795710408059,0.3901554354007764,0.3922452956188436,0.5802356189137874,0.5845732801948306,0.4848986123641243,0.492428569446905,0.7305541105193636,0.7467383915791227,0.6872418452017531,0.6957167930606105,0.5143610640573405,0.5164060363452977
4378,normal,0.0903337176356783,0.1137393901961559,0.0033000616867852016,0.0039633870082332705,0.6113286452919109,0.6120458899848666,0.018293870938250485,0.013198192439088947,0.7196520458329686,0.72454052341283,0.6031696203014051,0.6028849540593189,0.7549789742497404,0.7617501636182221,0.6393892327182733,0.6358394666505186,0.6939637415993853,0.6893755079892455,0.4496543711403603,0.44749281276510117,0.705472946435427,0.7061373166527346,0.5478145283816442,0.5529333090231062,0.691460025825203,0.699008810046354,0.4755587995917238,0.4768803487342068,0.5931091330721682,0.590699140144126,0.4072523726281991,0.40316159176696903,0.6017179401960537,0.6001485158597663,0.5028899476138368,0.5043220046254672,0.7578847973475773,0.7642866933929972,0.7161867382769831,0.7146655051744579,0.5324317547515361,0.5306534658273094
4382,normal,0.1590617282835836,0.1274462674154999,0.004019957017858981,0.0050967985828143745,0.5934971069938735,0.5965165610489949,0.01869880311073803,0.015255634306783002,0.7173800822256412,0.7179460747788572,0.5904157036571667,0.5965277806076453,0.7433290988699987,0.7492037044032118,0.6204135473435155,0.6220438507398771,0.6726820858764313,0.672177859431335,0.4353826078724573,0.43489404033773593,0.6835457872117423,0.6858484650005354,0.5308130504310663,0.5362376566044704,0.6655203199257658,0.6773117941383198,0.4553916440373406,0.46185325269799005,0.5683084421995898,0.5738302041282235,0.390571419274923,0.39128029904149036,0.5865613170173118,0.5821053451008409,0.4889145354109351,0.48884418478797964,0.7350822716506653,0.7423776480331932,0.6875372012535412,0.6936828320274752,0.5176017046377586,0.514616545973733
4385,normal,0.1155131587715044,0.0695869367090471,0.008795784255702165,0.010521436065408613,0.5948901194552634,0.6036363725152344,0.017533736726885348,0.010453107928164243,0.6921612861843076,0.697694543534345,0.5851717074734949,0.5864205919571657,0.7325173440211736,0.7484227576013782,0.6181645772250257,0.6287722816798651,0.676468857357384,0.6819226674196192,0.4366665727339296,0.44445993439046544,0.6919551278459154,0.7062681225476614,0.5376625667277021,0.5535072233962695,0.6820549862593253,0.6971042476609928,0.4640274537205777,0.4730578583356735,0.5802811895173862,0.5807755166415484,0.3964367919003892,0.39601577673667593,0.5800477268909104,0.5890977292070105,0.4832922431454,0.4997218518178435,0.7410659131455997,0.7570833706845616,0.6992037652991697,0.7016952384985022,0.5159539212917832,0.5197986206494067
4391,normal,0.0298734483244083,0.0836628055074326,0.006111574742532051,0.007205999727270723,0.593988663240085,0.5967206977352978,0.022799461200797497,0.013262279022609751,0.7196520458329686,0.721374877700916,0.5934585162575687,0.5972146265565563,0.7458434604627486,0.7522693652204966,0.6186565394384453,0.621052772730595,0.6760144447796698,0.6706452787688957,0.4347900087056239,0.43445348576509607,0.6803235165014516,0.6886801338489029,0.5264097899546576,0.5391730006420905,0.6658995553921319,0.6784075299649079,0.4564076216471331,0.4615705208510219,0.5760052083324589,0.5703350634994707,0.3931089209072169,0.3886332040055584,0.582678215211188,0.5808982563211059,0.4823819672547895,0.491449759659308,0.7316052907819872,0.7446163948699174,0.6947734245223488,0.6908769648328912,0.5197987490990589,0.5126006262623327
4395,normal,0.084881329887075,0.0997479462417951,0.008519312669458065,0.010307314327784643,0.597498951111403,0.6059736243019348,0.01969459038142909,0.011923510386574443,0.7007190157719072,0.7037022048919627,0.5805751182260791,0.5891503707229736,0.739976616746332,0.7508640867530385,0.6280038214934186,0.6317529306534938,0.677756359660908,0.6845404973411783,0.4347406254417211,0.4451405252978629,0.6919551278459154,0.7050253677453712,0.535399780093992,0.5528382313893252,0.6798554205544021,0.6983185636531207,0.4653482246133081,0.4751296243921262,0.5845571707023135,0.585334656423059,0.3993486790194149,0.3989692434485401,0.5834297833026958,0.5915352714192056,0.4890216266921834,0.49970367907988467,0.7411467731658015,0.7593813528926353,0.7058492764644011,0.7070749394030006,0.5197987490990589,0.5230900676261118
4398,normal,0.2489132495981367,0.2602591818896771,0.006731276512203471,0.008428747850754868,0.5899089008893977,0.5963782581893817,0.02337601015396789,0.016263825950764366,0.7166227610231989,0.7182436377041571,0.5919047396105548,0.596953488885889,0.7413176095957986,0.7486793178593898,0.6158453267903331,0.6224892924884521,0.6666232515069072,0.6727308454994918,0.4333578940524434,0.4348394783960855,0.6728572794898028,0.6846809467556726,0.524452785298476,0.5351328690667664,0.6592250111840895,0.6766215819624157,0.4564076216471331,0.46169629459770023,0.5702020910100576,0.5743932596457633,0.3939408886555099,0.39171457535164506,0.5789203747536487,0.5820995108704099,0.4807755980360653,0.4876642355444261,0.7224681084991821,0.7413837663475884,0.6900477276937398,0.6942293203655239,0.5134822462728202,0.5148779678781135
4400,normal,0.1777955848821379,0.4072888949185616,0.00423362761800059,0.005040546018950896,0.5931737543997297,0.5971973846195198,0.02385828959887354,0.019905370447352876,0.6717893458386054,0.6787813906960318,0.5658142400794477,0.5719551262277819,0.7249742592429235,0.7316671829313215,0.619078221335662,0.6234792748469811,0.6785137139570986,0.6784065800264986,0.4384443702344295,0.43978934631269556,0.6866894659534892,0.6937974544973582,0.5372956283546679,0.5440009454720818,0.6826617630055108,0.6905780864831859,0.468650151845134,0.4717404328909604,0.5851680251573032,0.5838550651680933,0.3981007273969753,0.39773584343199503,0.5808619256567107,0.5846125869828538,0.4869333467078418,0.49062280483993354,0.740904193105196,0.7488006796778006,0.7043724962054607,0.7043875256962508,0.5137019507189503,0.5181452123500125
4404,normal,0.1374349241647601,0.182939489357925,0.005194042279785195,0.006409123142237495,0.6064444002953666,0.6114749686572857,0.01841109071946969,0.014694237379087845,0.7287399002622781,0.7318104274898432,0.6062124329018073,0.6065572746400684,0.7647011724083738,0.7658221983836129,0.6382647476590283,0.6380837348833874,0.6876777009410039,0.6900941993198298,0.4479753401676659,0.4467668246414444,0.6958061343045553,0.7026656503457599,0.5441451446513036,0.5508395155750808,0.6858473409229856,0.6950613824641475,0.4667197943865281,0.4746323608084099,0.5821137528823551,0.5893036445874801,0.3989326951452684,0.4019790916534797,0.5942022592809751,0.5977573450366558,0.4919666369265113,0.5016649631698478,0.7489901951253776,0.7605611077298349,0.7014189356875801,0.7128970122098091,0.525840621367635,0.5285777342351645
4406,normal,0.8206598795015402,0.6772743042205429,0.003464888378921524,0.004763686181538657,0.6103122423536776,0.6132581768902788,0.018607648362302488,0.013919817794070982,0.731769185072048,0.7348013579323384,0.6069893212253141,0.6084427389405208,0.7694784594345989,0.7694278670091437,0.6410759603071405,0.6396561065809262,0.6908585889850042,0.6916659725291879,0.4503457368349992,0.4479868606991092,0.6994213648575643,0.7048544183457096,0.5474475900086102,0.5529236953724785,0.6882744479077283,0.6980660682309386,0.4705297104232503,0.4762280867846362,0.5888331518872408,0.5904438141280735,0.4026765500125872,0.4023807840394837,0.5985864064814377,0.5985975687480876,0.4964109250983152,0.5033524154270246,0.753194916175872,0.7639252588941456,0.7102796172412219,0.7137858248124094,0.5291361880595856,0.5288501686605264
4414,normal,0.0475633649428918,0.0880020450185414,0.008212438954396897,0.009804031555054183,0.6056905391020128,0.6130795883514253,0.019624890120833533,0.00959044849006269,0.7085194241570645,0.7183669719688002,0.5908041478189201,0.5998762397903826,0.745256776091107,0.7611964668658373,0.6304636325605169,0.6348407746204779,0.6860115214893848,0.6882139808608955,0.4437283794720268,0.44896144501173524,0.696592053989992,0.7130099991328125,0.5448790213973719,0.5594830060502446,0.6922184967579351,0.7044494751116797,0.4732220510892008,0.47896879446555424,0.5912765697071993,0.5899046020459329,0.4055884371316129,0.40226677432792635,0.5973337929955913,0.6004419645638135,0.4958219230514497,0.5088790786473162,0.7535992162768811,0.7698877517487561,0.7095412271117517,0.7140283651532681,0.531882493636211,0.5295773116087967
4416,normal,0.0771345274274672,0.1507964804647703,0.005207799169312048,0.006960296432733943,0.5978194548397789,0.6024482630823799,0.018302282914165212,0.012363752797950048,0.6982955879240913,0.6969719596498433,0.5851717074734949,0.5852363809363977,0.7383003756844986,0.74606785263583,0.6256142907425232,0.6288561837597435,0.6823004854380512,0.6821406995996359,0.4413085995407907,0.4435104392058986,0.6918765358773717,0.7023699549614111,0.5382129742872531,0.5500963700315906,0.6837236223113358,0.694700498466948,0.4667197943865281,0.4723660943241837,0.5796703350623966,0.5816629720747729,0.3981007273969753,0.3967370049328583,0.5870623624116504,0.5879633969467732,0.4869868923484659,0.49643260239834536,0.739125272660756,0.754182721391349,0.6984653751696995,0.7024038338247808,0.5219957935603593,0.5199215072600948
4418,normal,0.0664132964647583,0.1165333604221401,0.010728697568234897,0.01281969164844896,0.5938935745176279,0.6046222720858627,0.018613712227270773,0.00970958960296902,0.687087234127943,0.6982066901807126,0.5772733428511746,0.58698864720227,0.7333554645520902,0.7505134521626735,0.6244898056832782,0.6301224815680111,0.6776806242312889,0.6823631318722043,0.4380493041232073,0.4450108221782769,0.6873182017018385,0.7082358293041512,0.5349716853254523,0.5556949165567936,0.6818274449795055,0.6997030112360014,0.4651958279718392,0.4743176532137858,0.5766160627874485,0.5808087955096596,0.3951888402779495,0.3957693437988916,0.5833671526284036,0.5890595040221925,0.4847379754422519,0.5005467613806838,0.7357291518122798,0.7595650745233969,0.6962502047812891,0.7021896539654159,0.5170524435224334,0.5194828567845461
4424,normal,0.75633741595846,0.0924717647164593,0.0011074705560102927,0.0014115205287163056,0.6202094370285876,0.6197032542948512,0.007974957309409638,0.006945756259635045,0.740099718298915,0.7395869114189693,0.6188368681587946,0.6159439298016849,0.781044522761249,0.7807758036591691,0.6466983856033651,0.6455605532338201,0.6938880061697663,0.6930204624329079,0.4514815519047631,0.4515478145840067,0.7224488116408605,0.720686843713015,0.5668953237794152,0.5665301443900866,0.708222233438582,0.7099519794806333,0.4808418831626453,0.4814197595503929,0.5912765697071993,0.5898961849352964,0.4005966306418545,0.4012738028817603,0.6010916334531305,0.6010809830988145,0.5168118141761142,0.5154267398121458,0.7768869020950039,0.7783238316319723,0.7184019086653937,0.7152689529554479,0.5280376658289354,0.5286606254323478
4430,normal,0.1157769259975907,0.1356381680389825,0.0013526417417498258,0.0016986956675238017,0.6209526490769862,0.619656566286317,0.007515652864886905,0.007228267835556297,0.7408570395013574,0.7395111706079229,0.6188368681587946,0.6161031705964354,0.781798831239074,0.7805847594397854,0.6474011887653932,0.6457938898345542,0.6950240376140522,0.6930640694439226,0.4520741510715965,0.4513516221553105,0.7242564269173649,0.7204513059951938,0.5682407644805401,0.5663002138848648,0.7093599398376802,0.7093182157324518,0.4813498719675417,0.4811763649380898,0.5918874241621889,0.5901515518950473,0.401012614516001,0.40138136649838446,0.6017179401960537,0.6011737447406199,0.517882726988597,0.5155393437557545,0.7776955022970221,0.777807501398824,0.7176635185359235,0.7156624906696978,0.5291361880595856,0.528790845280531
4431,normal,0.049565828505264,0.131187599839815,0.0012367488870331234,0.0016083407486510541,0.6209702779826043,0.6198152571937369,0.0069282921597504,0.006971189534409974,0.7408570395013574,0.7400432751784363,0.6188368681587946,0.61617360361419,0.781044522761249,0.780901486131372,0.6476823100302044,0.6457472671572682,0.6955541856213855,0.69287567657712,0.4520741510715965,0.45145149660177425,0.7237848751061029,0.7206298845270934,0.5687911720400911,0.5666012625876264,0.7104976462367784,0.7104938215918318,0.4818578607724379,0.481736699381739,0.5900548607972201,0.5899159406488,0.4005966306418545,0.4012913194762637,0.602344246938977,0.6010218900067472,0.517882726988597,0.5153243976663201,0.7793127027010583,0.7786574383556288,0.7161867382769831,0.7154214158564393,0.5291361880595856,0.5285724969348781
4438,normal,0.0290379942763125,0.0595021267188146,0.003212461854756357,0.005317388508155871,0.5950805595262623,0.5971630621646355,0.007612852770716948,0.011031325841791647,0.7117759053275672,0.724327988999066,0.5952065149854593,0.6007823540868799,0.7429100386045403,0.7556216487264986,0.6105040227589197,0.620592211553041,0.6651842783441452,0.666325193759845,0.43365419363586,0.4338400085671684,0.692505271625721,0.6940487765276422,0.5452459597704059,0.5454850387057705,0.6835719281247894,0.6842300575806944,0.4633670682742125,0.46324058065328333,0.5687971257635814,0.5646155294351672,0.3837076853515052,0.3832641120719661,0.5779809146392638,0.5768690765274089,0.497053472785805,0.4962664252406435,0.7506073955294139,0.7509194283918171,0.6872418452017531,0.6852939494741718,0.5070558912235167,0.5060496764977401
4447,normal,0.3667234216972597,0.2388407929037363,0.003125577602182523,0.0037694142648397612,0.5952617427356341,0.5964401126072484,0.00968154578145551,0.010034932647454706,0.7120788338085441,0.7193105412348179,0.5937174790320711,0.5985501937608744,0.7479387617900404,0.7537162459168728,0.6149316826796966,0.6196059124832055,0.6683651663881452,0.6670515373239416,0.4322220789826794,0.43497679526764843,0.6930554154055267,0.6941605602461789,0.5387633818468042,0.5434922006759315,0.6831926926584234,0.6811020946748099,0.4604715320863036,0.4609471020194138,0.5705075182375524,0.5650709147299261,0.3857044079474086,0.3846136314803786,0.5783566986850177,0.5790718587593746,0.4955006492077048,0.4961498596305504,0.7444620339940758,0.7481008310508683,0.6902692447325808,0.6851790124699849,0.5099120490232072,0.5083826225984459
4449,normal,0.0889479113471597,0.0498175728360931,0.004257857213375156,0.006224895241057425,0.6026276592315658,0.6055999003915272,0.00893056131322791,0.013091343071292432,0.7211666882378536,0.7367233322461906,0.6012921401862634,0.6103965073247356,0.7571580876301238,0.7702132568270672,0.6232950403078305,0.6322993452890732,0.6769990053647175,0.6769606586240515,0.4386419032900407,0.44015647341320363,0.7020148998195055,0.7016107994343317,0.546346774889508,0.5507718033471476,0.6923701909444815,0.6928418703667337,0.4661102078206525,0.4689027532256778,0.5753943538774693,0.5729273656712935,0.3895314595895567,0.38973238957109396,0.5861229022972657,0.5839181237111927,0.5012835783951124,0.4997977735440184,0.7541652364182938,0.7594958338770409,0.6969885949107592,0.6956277186347236,0.5157891429571857,0.5128223015483858
4453,normal,0.1398589300184094,0.0999067014481388,0.0037686893545574307,0.004275743470698125,0.5945961572320175,0.5980615182689671,0.011761725771704546,0.009090240469632983,0.7219240094402961,0.7193457187406299,0.5984435496667381,0.5988197174514918,0.7481063858962237,0.7543927284397286,0.612612432245004,0.6205806472464789,0.6620791257297639,0.6686199562502708,0.4355307576641656,0.43624584665390725,0.6912478001290222,0.6959839920070034,0.540108822547929,0.5452532344740909,0.6778833961292988,0.6834728385232326,0.4599127444009176,0.4626280887330001,0.5650098281426458,0.5672878826046394,0.3834164966396026,0.3861831560303768,0.5785445907078947,0.5812024016339792,0.4958754686920738,0.49800808002115765,0.7462409544385159,0.7509233958127115,0.6843621236968196,0.6877679595723727,0.5068361867773866,0.5103301663773704
4457,normal,0.1056605965515807,0.0388691107649605,0.017121177998805828,0.018915772735627452,0.5900082578608545,0.6071294358596603,0.026452107896920974,0.01693785812732695,0.6484638528033777,0.6811475508361522,0.5536429896778394,0.5796430036102904,0.7160901816152068,0.7457451179054483,0.6041787943006672,0.625208009991314,0.6626092737370973,0.6803288713901332,0.4379999208593045,0.4489834650845003,0.7003644684800884,0.7203662184494992,0.5483037795456897,0.5659548965033381,0.6866816589489909,0.7086020796571012,0.4667197943865281,0.47842402688190644,0.5742337304129891,0.58244719093315,0.3914449854106308,0.3967467907923103,0.5879391918517429,0.5970704141733373,0.4987669332857776,0.5118888510722722,0.7434917137516541,0.7699438485007297,0.6927059321598323,0.7049308642570743,0.5165031824071084,0.5237692095756671
4462,normal,0.0284650631011875,0.1048987806025734,0.008430139391256409,0.010547279790764296,0.5960032682961959,0.6038872970688098,0.015531743562515517,0.006925979992590469,0.6727738634017806,0.696195753181175,0.5728062349910099,0.5884716630605284,0.7356183899855652,0.7535808491039998,0.6121204700315843,0.6253247682800811,0.6680622246696691,0.6767238644150216,0.4399752514154156,0.4453944758762855,0.7063374580894075,0.715501739411231,0.5540524807232232,0.5620862404782442,0.6926735793175745,0.7022932422784851,0.4678881686377896,0.47285821021998536,0.5736839614034984,0.5726961664458318,0.3918609692847773,0.3897773408642262,0.5856844875772194,0.5878849514044769,0.5023544912075952,0.5059354629695855,0.7485050350041668,0.762545600532567,0.6911553128879451,0.6938810561211778,0.5165031824071084,0.5149326655268656
4467,normal,0.0459371180963863,0.0723298129721562,0.0076636869042021475,0.010811654537853882,0.6075392775468225,0.6148016644301643,0.008139572191203034,0.008856098915656255,0.7151081186183139,0.7411214542430387,0.6018748064288936,0.614494023015146,0.7517941162322571,0.7772672112047411,0.6264576545369568,0.6396304146249233,0.6803313642679558,0.6853838832452586,0.4451111108613046,0.4468105674484975,0.7084594412400868,0.7147108841107634,0.5553367650288424,0.5618909934775183,0.6990447351525239,0.7062981311482593,0.4715964869135326,0.47813152248247254,0.5821137528823551,0.5824656093726744,0.3968527757745357,0.3963573063748346,0.5973337929955913,0.5944182122179795,0.5071735988637682,0.5097788121447542,0.7639492988627135,0.7737518227779846,0.7036341060759905,0.7069938037122576,0.5219957935603593,0.5221236437116882
4468,normal,0.116761640653439,0.1276004580509898,0.008149541689066694,0.01068377855104307,0.6114384582314973,0.6190131022093766,0.009162019051054491,0.0053583947875874205,0.7181374034280837,0.7392123868926629,0.6050471004165469,0.6159276670721362,0.7538894175595489,0.7794869974380252,0.6289877459202579,0.6410752454539118,0.6854813734820514,0.6897677184269219,0.4490123887096242,0.4518341401375515,0.7152183505348425,0.7246397294280222,0.5605350586468248,0.569315574168684,0.6999549002718024,0.7123257871403706,0.4739840342965453,0.4808678449534933,0.5876114429772616,0.5848036262799267,0.3997646628935615,0.3985828071079484,0.6004653267102074,0.6011308153208458,0.5119927065199412,0.5174239348694923,0.7688009000748224,0.7807094173732524,0.7102796172412219,0.7093826591790775,0.5252913602523099,0.5267363863170801
4477,normal,0.0476677844241501,0.1332872423224905,0.013342754195677242,0.013969866890537733,0.5871488448191667,0.6004915990148438,0.023224949731533048,0.01950550252943552,0.6505843521702166,0.6702429911078825,0.5533840269033371,0.570912610743724,0.71525206108429,0.7339649636911373,0.601718983233569,0.6168218687546779,0.6599585337004304,0.673503013714276,0.4364196564144156,0.4446164279943119,0.693212599342614,0.7124315756422746,0.5441451446513036,0.5590860026731458,0.687819365348089,0.7000879307260137,0.4649418335693911,0.4734496989644662,0.5683084421995898,0.5782567040713417,0.3882835079671171,0.3940088929760599,0.5814256017253415,0.5928575143287703,0.4943761907545978,0.5070183329753855,0.7450280541354886,0.761285298169341,0.6842882846838726,0.6994107041984261,0.51238372404217,0.5204026525211125
4478,normal,0.1403717060878157,0.1060891717777753,0.008476618513924917,0.00950335481959389,0.5892228056943031,0.5976994242082279,0.011658046833795054,0.009286606790433504,0.7089738168785299,0.7195154211315927,0.5922931837723083,0.5990327682395179,0.7454244001972904,0.7547876375167609,0.6063574841029542,0.6202884904013211,0.6561717622194778,0.6679513788413538,0.434098643010985,0.4358970513854409,0.6907762483177602,0.6960205633685207,0.5376625667277021,0.5451643922717381,0.6686300507499673,0.6830594680664839,0.4538676776226517,0.46215425588213294,0.5557248404268036,0.566327471207029,0.3806710030702355,0.3854486075794108,0.5780435453135562,0.5804581462205863,0.4943761907545978,0.4980005101860513,0.7358908718526834,0.7505847687285012,0.6722525255735091,0.6867061711610861,0.5055728862121389,0.5094931093523474
4484,normal,0.1096274983437191,0.4015824132602305,0.005651734547526001,0.006770408706289362,0.6136831326799528,0.6091019909128744,0.0129700629194117,0.01442329720431098,0.7408570395013574,0.7442503526027618,0.6201316820313061,0.6165114036903193,0.7764348598412072,0.7764053360357686,0.6320800798331813,0.6357765022175595,0.6851784317635752,0.6801329388783723,0.4531111996135548,0.44315914755813085,0.7193051328991135,0.7086434247777106,0.5598623382962624,0.5558405748134728,0.6945697566494047,0.6965800597974278,0.4717488835550016,0.470473655429026,0.5784486261524174,0.5726180552132515,0.3960208080262427,0.3897732370063333,0.6004653267102074,0.5870974227383692,0.5135990757386656,0.50436859529802,0.7655664992667498,0.7633889902155506,0.6999421554286398,0.6952529993812981,0.5252913602523099,0.5144611498654938
4485,normal,0.0355934806736944,0.0477902334127553,0.007790888174885226,0.009198900110299068,0.6136831326799528,0.6058922445050675,0.0129700629194117,0.014061644037370794,0.7408570395013574,0.7402222051875069,0.6201316820313061,0.6130813375770479,0.7764348598412072,0.7715686429049,0.6320800798331813,0.6314568379490472,0.6851784317635752,0.6750632441846333,0.4531111996135548,0.440731667070834,0.7193051328991135,0.7042062328226014,0.5598623382962624,0.5533873662743422,0.6945697566494047,0.6934125798919815,0.4717488835550016,0.4689217134463711,0.5784486261524174,0.5699931682901069,0.3960208080262427,0.387809395185831,0.6004653267102074,0.5836308807834046,0.5135990757386656,0.5017451797376832,0.7655664992667498,0.7608050493198578,0.6999421554286398,0.692664585966254,0.5252913602523099,0.5114680699937448
4487,normal,0.0288087885564333,0.0419165869829246,0.007124960973089171,0.008626894759468302,0.6136831326799528,0.6066380248585768,0.0129700629194117,0.014013283705886115,0.7408570395013574,0.7410111267247219,0.6201316820313061,0.6137070893117501,0.7764348598412072,0.7722617358204139,0.6320800798331813,0.6326047443993791,0.6851784317635752,0.6761607153914414,0.4531111996135548,0.4412272948240297,0.7193051328991135,0.704757846237995,0.5598623382962624,0.5539631394953733,0.6945697566494047,0.694280923324745,0.4717488835550016,0.4695577662786998,0.5784486261524174,0.570944589540267,0.3960208080262427,0.3885317859203653,0.6004653267102074,0.5843348700892694,0.5135990757386656,0.5019955679332883,0.7655664992667498,0.7614504468100499,0.6999421554286398,0.6938400121564277,0.5252913602523099,0.5122167683375887
4489,normal,0.0642440174244975,0.067547465648505,0.00872860223502983,0.009534376659080123,0.6249181466678184,0.6161895444327884,0.010424326956984318,0.007522605638849188,0.7476729303233396,0.7398562122304009,0.6266057513938637,0.6149893054532249,0.7847322530972823,0.777664148040094,0.6424815666311967,0.6396734242673143,0.6984321319469095,0.6873331625766067,0.4617038875326382,0.4486901353136568,0.7330587273942564,0.7180443709843346,0.5695862051816649,0.5639040248495776,0.7090565514645873,0.7071458784763911,0.4823658495773342,0.4784091275130518,0.5924982786171785,0.5835327065073596,0.4051724532574664,0.397500542017528,0.6123651548257486,0.5976680469683622,0.5248436602697358,0.5128696758516803,0.7809299031050947,0.7753782511118564,0.7169251284064533,0.7080415123437416,0.5351780603281616,0.5245217308522239
4497,normal,0.0182955801344207,0.0858201867678682,0.004624748966232602,0.005047265085531491,0.6176103192629493,0.617126356222703,0.007891578417638951,0.0076904550791643995,0.7332838274769329,0.74115927303816,0.6091257641149581,0.6168056835778573,0.7744233705670073,0.7798418040714437,0.6373511035483918,0.6405801112307986,0.6940394770290045,0.6889732829931111,0.4517778514881798,0.45011822790527106,0.7256710823511511,0.7206471598862791,0.5651217883097506,0.5659027104539,0.7027612427229111,0.7081729298054998,0.4763207827990683,0.47845464397709186,0.5900548607972201,0.582751349171487,0.4014285983901476,0.39708859866065327,0.6048494739106699,0.598529670649242,0.517882726988597,0.5143970531215353,0.7736525012869313,0.776319905042083,0.7124947876296324,0.7068757087336851,0.5291361880595856,0.5245299434678528
4503,normal,0.0861610277490986,0.1252969804101638,0.004659374024873855,0.005316751925375102,0.6054441777409556,0.6057279242210658,0.009922766279332083,0.011958415391781843,0.7241959730476234,0.7352297926631134,0.6044644341739166,0.6102300568326702,0.7627734951872656,0.7691777129436758,0.6244898056832782,0.6310194519705713,0.6754085613427173,0.6766267998301329,0.4446666614861796,0.44070700403176566,0.7061802741523201,0.7036268475382966,0.5502607842018713,0.5522155722484187,0.6869850473220838,0.6934323712517365,0.4670245876694658,0.4688291272975089,0.5778377716974278,0.5720114414558648,0.3931089209072169,0.3893111737476362,0.5910707255663591,0.5848020843580551,0.5061026860512854,0.5015891521137633,0.7599062978526228,0.7607646257353805,0.6977269850402293,0.6945953691654361,0.5203480102143839,0.5132061285740922
4506,normal,0.2410021542437105,0.1671920324610755,0.006938763033133533,0.008613032603830697,0.599656577506838,0.6052935550187731,0.013825270660138346,0.0063986641004891666,0.6816345214703573,0.7000778141296129,0.5814814879368371,0.5915351914767963,0.7386356238968653,0.7551829632338461,0.6138774779366545,0.6262977716619427,0.6723791441579552,0.679147686938723,0.441901198707624,0.4471299028759188,0.7081450733659119,0.7173438806680383,0.5551532958423253,0.5622682588888093,0.6920668025713886,0.7017858356771156,0.4703265149012919,0.4724611134483713,0.5766160627874485,0.5735623283282497,0.3935249047813635,0.39090955840766767,0.5904444188234359,0.5905906626864271,0.505567229645044,0.5076718303761485,0.7556207167819264,0.7626343886089503,0.6969885949107592,0.694444683235566,0.5197987490990589,0.5169465646769593
4509,normal,0.1459273094337363,0.4588996030460436,0.005361269709952256,0.006918465400829259,0.5955277799803667,0.6006798977080913,0.017364541265366365,0.012018890764889455,0.670123239193232,0.6833044351646259,0.5731299384591378,0.579041390329046,0.7291648618975068,0.7426515914655286,0.6095200983320804,0.6202171471358385,0.6690467852547168,0.6738699993152304,0.4397777183598046,0.4432438235102233,0.7039011070645537,0.7103521302706701,0.550505409783894,0.5578175821811738,0.6879710595346354,0.6986800001129603,0.4676849731158312,0.4721299560528277,0.5747224139769807,0.5749974529586495,0.3914449854106308,0.391412275121558,0.5873128851088198,0.5882211752928206,0.5028899476138368,0.5039991971666592,0.7531140561556703,0.7593253449732488,0.6955118146518189,0.6958888757932694,0.5181509657530836,0.5164058841932209
4512,normal,0.0517019828639333,0.1048370025296487,0.004810764427087055,0.00593997951921109,0.6063372342445299,0.6021057468393005,0.013316886936646115,0.011741027690584896,0.7302545426671629,0.7303700982507635,0.6080899130169489,0.6066876809441386,0.7724956933458988,0.7644700530395623,0.6319395192007757,0.6261813146362791,0.6788166556755747,0.6726939114375932,0.4449135778056935,0.4391044640737742,0.7089309930513487,0.702038450448715,0.5591896179457,0.5505429988090362,0.6860748822028052,0.6878636606415645,0.4627574817083369,0.4647780943473581,0.5675754168536022,0.5665609603796891,0.3914449854106308,0.3862669829387419,0.5948285660238984,0.5829789823066776,0.509315424488734,0.5011175817691823,0.7554589967415228,0.7557043874843588,0.6869464891499651,0.6877000064315384,0.5187002268684087,0.5107380683291353
4513,normal,0.0482540267190203,0.0549032277949813,0.0038637291484445134,0.004633814793214164,0.615047586326814,0.6127533557826511,0.008770950009797197,0.0034806878520663056,0.7158654398207563,0.715363506265642,0.6019395471225191,0.6014211319066262,0.7606781938599739,0.7658113475708523,0.6295499884498803,0.6333077426992719,0.6882835843779564,0.6846198829323742,0.4531605828774576,0.4502002399809152,0.724727978728627,0.7228285304895536,0.5669564801749208,0.5673343411670321,0.7047332671480145,0.708805236332027,0.4798259055528527,0.47794807589676436,0.5888331518872408,0.5809794288590384,0.4005966306418545,0.3959304969192147,0.6048494739106699,0.5974199324811744,0.5168118141761142,0.5140508303112694,0.7760783018929858,0.7733889755652854,0.7132331777591026,0.7040528909635508,0.5296854491749107,0.5233444579644758
4522,normal,0.1722290366398395,0.1367239827083179,0.0035567623835215194,0.004497841627813206,0.6006806742716074,0.6014022195268358,0.010456932112003929,0.011209064408292314,0.7196520458329686,0.7291173331614351,0.6025222133651493,0.604587769835519,0.7603429456476071,0.7629969950106091,0.6192187819680677,0.6267531040186276,0.6797254808310033,0.6710141335219572,0.4406666171100546,0.4371133163092333,0.7015433480082434,0.6994964451979517,0.5500161586198485,0.5496735164402223,0.6827376100987841,0.6880663397176057,0.4614875096960962,0.4652477191477178,0.5697134074460659,0.5673262454892721,0.3890322789405809,0.3862962689000876,0.5834297833026958,0.5813382168455115,0.500373302504502,0.4997543064869801,0.7506882555496157,0.7561978240265416,0.6905646007843689,0.6889531827656561,0.5098571229116746,0.5099050150812819
4525,normal,0.2547732605905082,0.2612121462325912,0.0035551882202964347,0.004647284570592051,0.6074894541199712,0.6070944870519711,0.010110800906374687,0.004720703108621758,0.7005675515314187,0.7058007461488914,0.5900272594954131,0.594971627451599,0.7521293644446237,0.7588506046942683,0.627863260861013,0.6283987580184659,0.6832093105934798,0.6804257499005341,0.4490123887096242,0.4475842130197905,0.7191479489620262,0.7178839263359906,0.5618804993479497,0.5630779378378123,0.6954040746754099,0.7030976347043286,0.4733744477306696,0.473606816396223,0.583946316247324,0.575009217177494,0.3972687596486822,0.39197572338124465,0.5923233390522055,0.5917168086080586,0.5098508808949754,0.5087178227322695,0.7647578990647317,0.765062111694159,0.7051108863349309,0.6963451717837875,0.5214465324450341,0.5180814099985916
4534,normal,0.0373660595894851,0.0522421406906573,0.002803381644342498,0.0036252780976489957,0.614862283620788,0.6170184547013788,0.00934777229300737,0.008452240729385706,0.73858507589403,0.7424727643933627,0.6162472404137715,0.6174367258205861,0.7750100549386488,0.7804187969866065,0.6360157775405385,0.6412305517107785,0.682149014578813,0.688992856879943,0.4476296573203464,0.44976398918326427,0.7192265409305698,0.7198507296395541,0.5641432859816597,0.5650781990572142,0.6995756648054363,0.7075723437360584,0.4741364309380141,0.47816998912110886,0.5821137528823551,0.5828151110045292,0.3989326951452684,0.3971126858944458,0.5967074862526681,0.5977967075458158,0.5162763577698728,0.5135664385030638,0.7736525012869313,0.7757250092649097,0.7080644468528114,0.7070930855785545,0.5241928380216597,0.5242177456036451
4535,normal,0.7199502922356947,0.7246732153585813,0.0036941213576181485,0.004571043594714468,0.6138824819997823,0.6164928330137984,0.009560017593373495,0.008848239634345011,0.7378277546915876,0.7425456483616625,0.6123627987962369,0.6172631729456403,0.7721604451335322,0.7798926683000286,0.6360860578567413,0.6411355554283481,0.6807100414160511,0.688638581174847,0.4465432255144853,0.4493413352480129,0.7156113103775609,0.7188668925832867,0.561268935392893,0.5641856852531381,0.6966176281677812,0.7066159530175892,0.4750508107868276,0.47761504712214436,0.5821137528823551,0.5824631746507477,0.3989326951452684,0.3968318632645864,0.5967074862526681,0.5971461690492412,0.5168118141761142,0.5127637171198356,0.7736525012869313,0.7745908805798545,0.7088028369822816,0.7067134500321646,0.5247420991369848,0.5237683671034434
4536,normal,0.0272191613166008,0.0707652009889098,0.0034139234039775885,0.004081952146348427,0.6158418367892416,0.6187543591850578,0.007564363917559644,0.007015023979356009,0.7355557910842602,0.7416912854534603,0.6136576126687485,0.617329890222682,0.7737528741422739,0.7807081601658882,0.6378430657618115,0.6418518821664788,0.6829821043046227,0.6911018225087983,0.4484197895427909,0.45147649921544525,0.7193837248676572,0.7226716666314391,0.5643267551681768,0.5672837207997983,0.7027612427229111,0.7097652515824765,0.476625576082006,0.4797546241642659,0.583946316247324,0.584998461699193,0.3997646628935615,0.3988152503880139,0.599212713224361,0.6006694778720995,0.517882726988597,0.5160420140389845,0.7768869020950039,0.7783952146334944,0.7110180073706921,0.70954622425648,0.5252913602523099,0.5267226603469848
4542,normal,0.1439367862023053,0.1133253694697528,0.006651837022662673,0.007550848577816206,0.6013292775428976,0.600858411443682,0.010646416818053193,0.009912635703025913,0.7089738168785299,0.7258540069214658,0.5935232569511942,0.6022753592039104,0.751291243913707,0.76044669687188,0.6197107441814874,0.6250467107183219,0.6760144447796698,0.6710415004022088,0.4409629166934712,0.4369413150770958,0.704294066907272,0.6986143770324857,0.5493434382692861,0.5486043668293143,0.6802346560207682,0.6877110261792789,0.4625542861863784,0.465032890515417,0.574111559521991,0.5679972670613656,0.3939408886555099,0.3868016563161026,0.5910707255663591,0.5821404255746616,0.5050317732388026,0.4999664925679376,0.7532757761960738,0.7557353427671655,0.6984653751696995,0.6895955936923511,0.5197987490990589,0.5107879668116321
4543,normal,0.0506359952571179,0.0563544186246625,0.008368882335141655,0.009593449650646537,0.6013292775428976,0.5999225262676344,0.010646416818053193,0.012316649089386617,0.7089738168785299,0.7301476206019422,0.5935232569511942,0.6041080354288075,0.751291243913707,0.7617177578909148,0.6197107441814874,0.6254863299963925,0.6760144447796698,0.6691870565974437,0.4409629166934712,0.43523957619137965,0.704294066907272,0.6968708499693943,0.5493434382692861,0.548113328568855,0.6802346560207682,0.6875811723585431,0.4625542861863784,0.4650055848533858,0.574111559521991,0.5652409887206072,0.3939408886555099,0.38430995185643274,0.5910707255663591,0.5787169272928565,0.5050317732388026,0.4982178663788502,0.7532757761960738,0.7546953932071202,0.6984653751696995,0.6867916785384568,0.5197987490990589,0.507252828098403
4546,normal,0.0290722921644837,0.0691634844329198,0.005537397616430299,0.007644264129916244,0.6148634596285347,0.6153743549348974,0.01120783326268281,0.0022648037254918373,0.7088223526380415,0.727489003126702,0.5961776253898429,0.6073207113133468,0.7552304104090155,0.7714823878838571,0.6329234436276151,0.6369008686686306,0.689116674103766,0.6857132015732033,0.4511358690574437,0.4493695461096277,0.7258282662882384,0.7206627462738304,0.566161447033347,0.5667632902646343,0.709663328210773,0.7104328358952062,0.4808418831626453,0.4801451299733225,0.5863897340672825,0.5843663251088128,0.4014285983901476,0.3978164574070257,0.6073547008823628,0.5978393528665166,0.5205600090198043,0.513919826658219,0.7785041024990402,0.7773153887054106,0.7117563975001623,0.7092511726926496,0.5307839714055609,0.5245757893722626
4550,normal,0.6289000891158564,0.500981919354341,0.015841715730654373,0.017025307363189666,0.6220122556405997,0.6061705399099453,0.012694411124951179,0.008516068403773547,0.7272252578573932,0.7256952301220918,0.6091257641149581,0.6031077199004505,0.7759319875226574,0.7632474045017834,0.6525316518481981,0.6301719289560246,0.7051725851830052,0.6790890248539005,0.4583458255872493,0.44231306150294464,0.7236276911690155,0.702369097714198,0.5653052574962676,0.5516678495417189,0.7105734933300515,0.6945040915727433,0.4833818271871268,0.4710446955159555,0.5998285320770539,0.577975204750217,0.4097482758730783,0.39345291915708214,0.6073547008823628,0.5888831549428183,0.5114572501136998,0.5018761791447782,0.7736525012869313,0.7609173586027168,0.7235706395716845,0.7005253733706677,0.537375104789462,0.5180588843189796
4553,normal,0.0677503985200504,0.0636382675827637,0.006881276888132308,0.00807435768712037,0.6243090838305824,0.6179443330753148,0.005656635296234243,0.007015590630703974,0.7355557910842602,0.7392500303002091,0.6136576126687485,0.6143538455821506,0.7789492214339574,0.7785812553956624,0.647471469081596,0.6427061775469357,0.6974475713618619,0.6904989302289515,0.4571112439896799,0.4502696370649177,0.7243350188859086,0.7176702424059448,0.5713597406513296,0.5646862817533929,0.7243776643057754,0.7098146971657866,0.4894776928458825,0.48096824622314766,0.5967742598021059,0.5876588066990945,0.4043404855091733,0.39981437719790963,0.6042231671677467,0.5989256631827289,0.51895363980108,0.512669896872711,0.7946761065394033,0.7776535537792427,0.7243090297011548,0.7129796721449674,0.5302347102902357,0.5265523487365994
4554,normal,0.0828319356311788,0.0889663179723905,0.00697948238704781,0.00823494068822851,0.6243456538235358,0.617783782640115,0.005101177601922927,0.007787837485484457,0.7363131122867027,0.7394248325926693,0.6136576126687485,0.6140955875936127,0.7793682816994156,0.7786602205243495,0.6483851131922325,0.6432131494424046,0.697901983939576,0.6914334746872332,0.4571606272535826,0.4502403528046801,0.7253567144769764,0.7164796126163671,0.5715432098378466,0.5636427065014946,0.7236191933730433,0.7085512123504423,0.4889697040409862,0.48047442162432125,0.5955525508921267,0.5883872169034683,0.4039245016350268,0.4001123350258219,0.6042231671677467,0.5988127324208646,0.5194890962073214,0.5119993841766252,0.7938675063373852,0.7762559278170726,0.7243090297011548,0.7136950350645002,0.5302347102902357,0.5268461027360293
4573,normal,0.1769549361864132,0.2694912467489163,0.014890891034706899,0.01759412414915884,0.5921738695426545,0.6070647605773614,0.008205078698280101,0.008728606882025758,0.6895863940960031,0.7287196527425538,0.577532305625677,0.6053113455995857,0.7389708721092318,0.7650484942541051,0.6050221580951007,0.6314838692756447,0.6661688389291928,0.6790240092534292,0.4312837969685266,0.44241885268129605,0.6899117366637799,0.7036777847111424,0.5454905853524286,0.5528668751865237,0.6869850473220838,0.6957380241045186,0.4628590794693162,0.4717784362946568,0.5620777267586956,0.5778805930234734,0.3847892434242862,0.393386186572984,0.5823650618397264,0.5889280651953648,0.4961967425358187,0.5026473232251789,0.7529523361152665,0.7624939994292925,0.681556241204833,0.7007324872915319,0.5132076157151578,0.5179649309738604
4580,normal,0.037627197506187,0.0920636452840588,0.012186949134250332,0.013332657973116389,0.6326526792966957,0.6204657301624454,0.009226566174018236,0.004193634063049098,0.7408570395013574,0.7368082873566018,0.6188368681587946,0.6131022927434607,0.784816065150374,0.7784569427191507,0.643465491058036,0.641857845634672,0.7089593566639579,0.6912723179908288,0.4643212005194856,0.452106906268844,0.7397390447204685,0.7232482075999267,0.5809612947457207,0.5695979268653613,0.7258946061712396,0.7153022459218594,0.4925256256752603,0.4841957232080756,0.6065479310819397,0.5902891625846507,0.4105802436213713,0.40192466593883236,0.6205071424837504,0.6029530721084784,0.5334109627695989,0.5172214207955981,0.8019535083575667,0.7836689484526946,0.7339081013842668,0.7160268913464701,0.5478110659806389,0.5298845552260665
4581,normal,0.0581557437756203,0.11055793011043,0.004999948996016938,0.007241923833693037,0.6163058211929036,0.6197571387971705,0.00972056517597297,0.004784959701640494,0.720409367035411,0.7365322787221807,0.6023927319778982,0.6125533786469547,0.7629411192934488,0.7777207268138149,0.6269496167503764,0.6416664372212841,0.6896468221110993,0.690866102210102,0.4517778514881798,0.45154399648137455,0.7200910525845503,0.7215601338507939,0.5657333522648074,0.5682297471453671,0.7082980805318552,0.7139018678625546,0.4808418831626453,0.4836461115144338,0.5918874241621889,0.5901096405169829,0.4005966306418545,0.4018016490830703,0.6042231671677467,0.6021953629684567,0.5200245526135628,0.5159914524417518,0.7809299031050947,0.7821878924908988,0.7169251284064533,0.7159021008832956,0.5335302769821864,0.5294624806985823
4583,normal,0.1056631426450602,0.1063611817100787,0.006854257949796085,0.008508325216752297,0.6036585273781683,0.6105127853279643,0.017876996809714878,0.011988314158435449,0.675348755490085,0.6938863959358047,0.5792803043535675,0.5879937888061642,0.7393061203215987,0.755877091863143,0.6182348575412285,0.6311502896105367,0.6791195973940509,0.6845407388535527,0.4488148556540131,0.45070370087166123,0.7210341562070743,0.7233298358018899,0.5624920633030065,0.5686129216861487,0.6993481235256167,0.7108713106072209,0.4755587995917238,0.4796914038974873,0.5808920439723758,0.5832698964393053,0.3943568725296565,0.3970921630375937,0.5916970323092823,0.5971381663666687,0.5087799680824926,0.5128886243213419,0.7639492988627135,0.7722411856454641,0.7036341060759905,0.7056827895049804,0.5203480102143839,0.5237470473264303
4586,normal,0.0409321603344643,0.1006855370013207,0.0031132216887857825,0.0038866625489756097,0.6008774472041436,0.6004593893462532,0.009375981857352644,0.010003918320139374,0.7128361550109865,0.7219373282174897,0.5968250323260986,0.5987158546819448,0.7599238853821488,0.7565156992640814,0.6204135473435155,0.6232122683527272,0.6704857584174788,0.672639905396951,0.436567806206124,0.43711533866713165,0.7005216524171757,0.6959970327045898,0.5494045946647919,0.5460520938770802,0.6854681054566196,0.6847998736849676,0.4643830458840052,0.4648974880397296,0.5705075182375524,0.5718955308361305,0.3911537966987282,0.3901174412958957,0.5916970323092823,0.5851488656419622,0.5044963168325611,0.4984731298455957,0.7506073955294139,0.7520287461715044,0.6898262106548987,0.6929189018090766,0.5197987490990589,0.5153441203994472
4590,normal,0.0530625267908364,0.1048198911851174,0.003552316240745097,0.004940124173574147,0.6061235030433428,0.6087605780271059,0.018578858207331305,0.01384182323878286,0.6795897542237627,0.6885094671616845,0.5812872658559604,0.5844041219618028,0.7384679997906819,0.751600723288641,0.6206243882921239,0.628117901389118,0.6794225391125271,0.68257998104602,0.4507901862101242,0.44977491054865143,0.720876972269987,0.721719000722817,0.5649994755187392,0.5673067789038085,0.7054917380807466,0.7092943573194083,0.4743904253404623,0.4787308296775917,0.5827246073373447,0.5823378228660635,0.3964367919003892,0.3965737557276336,0.6017179401960537,0.596758857976038,0.5125281629261826,0.512287188850797,0.7663750994687679,0.7707989960683346,0.7036341060759905,0.7045704680715976,0.5247420991369848,0.5235646648807923
4592,normal,0.1663302989851721,0.0888113956000844,0.01761367690653578,0.018480590949932735,0.5851757612400689,0.6027894381466046,0.009438407461514609,0.0079334151191633,0.705262942986562,0.7188815729400014,0.5821936355667184,0.598031459720821,0.742490978339082,0.7574653613995205,0.6014378619687577,0.6249000515211579,0.6574592645230016,0.6739415986745055,0.4266911534255683,0.43893327967767676,0.6778871654765978,0.6995549146271973,0.5441451446513036,0.5489245587237965,0.669616062962519,0.6901334764502018,0.4551376496348924,0.4680195609459134,0.5526094827063567,0.575082182612065,0.377967107888283,0.3922757312666543,0.5689620975411694,0.5879475522094554,0.4875223487547073,0.5015858960647149,0.7306349705395654,0.7575143979520834,0.6693728040685756,0.6966148614302987,0.4985972700475102,0.5176139922762146
4609,normal,0.0909439119710602,0.0823700748122561,0.0065539980814141975,0.007594323523749975,0.622997371346887,0.6200064184987275,0.009635022019800966,0.004677744593378108,0.7219240094402961,0.7359958218112734,0.6088020606468303,0.6124612438831945,0.7665450375763906,0.7778622936729896,0.6403028768289097,0.6415405096076341,0.6924490330070043,0.6913902625492047,0.4546914640584437,0.45202621918752073,0.7330587273942564,0.7221722879921121,0.5712985842558239,0.5685974281985093,0.7221022515075792,0.7136852222312561,0.4874457376262973,0.4834835292724181,0.5979959687120852,0.5904867669756696,0.4051724532574664,0.4021998928981917,0.6086073143682093,0.6028307311312934,0.5269854858947016,0.5167603544873162,0.7922503059333489,0.78227578321854,0.7250474198306249,0.716147049272505,0.5362765825588118,0.5301937180887396
4618,normal,0.0397153512146972,0.0916053618118772,0.006786778092890646,0.007921610465342085,0.6009394947907587,0.6077262728836492,0.016468278228876206,0.011627619606703993,0.6770148621354584,0.6918623564934483,0.5752016406551562,0.5860010005957434,0.7375460672066736,0.7523516901396766,0.6157750464741303,0.6275405621165359,0.6718489961506218,0.6819134756415545,0.4445185116944713,0.4489716934267069,0.712231855730183,0.7197397511446934,0.5586392103861489,0.5654687901105104,0.7013959950439933,0.706829758759767,0.4735268443721386,0.47710151426862996,0.5760052083324589,0.5802377760584572,0.3935249047813635,0.3953499059889179,0.5916970323092823,0.5949637204783786,0.5066381424575268,0.5107616010500977,0.7623320984586772,0.7683118258015738,0.6977269850402293,0.7020296392386859,0.5203480102143839,0.521911577708661
4620,normal,0.0897476067399162,0.1674409652723415,0.005208186723476158,0.0076045769757268926,0.6058999676733514,0.6094668350392939,0.025012419014818318,0.015489648709778085,0.6692901858705453,0.6865193134559445,0.5707345327949915,0.5833120937528045,0.7340259609768235,0.7502453864270402,0.6167589709009695,0.6285519517641913,0.6757115030611935,0.6833098640532826,0.4496543711403603,0.45028017638280904,0.7229989554206663,0.7224177992648969,0.5675680441299776,0.5675835887279083,0.7068569857596643,0.7102740540272466,0.4767271738429853,0.47970870491831213,0.5845571707023135,0.5843886561124825,0.4005966306418545,0.39806408894143225,0.602344246938977,0.5985324432739026,0.5168118141761142,0.5131843810719778,0.7712267006808768,0.7721200443481457,0.7058492764644011,0.7070864875251627,0.5285869269442605,0.525357161620458
4624,normal,0.0569518661213721,0.1288683704059867,0.0059346676655545084,0.008649758681232605,0.6157400705098665,0.6184405419237281,0.012397994299916705,0.006304156379792935,0.7099583344417053,0.7332132640385101,0.5923579244659339,0.6101368454697439,0.7591695769043237,0.7739256740452459,0.6342587696354683,0.640264984394037,0.683512252311956,0.6909627217834773,0.4519753845437909,0.45093615899325407,0.720405420458725,0.7187679515059808,0.5670176365704266,0.5653643456660213,0.7130006003147942,0.7109547386079492,0.4854137824067121,0.48239824243512286,0.5900548607972201,0.5909498444146275,0.4039245016350268,0.4026428748680573,0.607981007625286,0.6027216532291048,0.517882726988597,0.514267551873647,0.7833557037111492,0.7788361563396032,0.7132331777591026,0.7164902443451062,0.5340795380975114,0.5306559606938898
4627,normal,0.0624984657359373,0.123011832650872,0.008288584173425553,0.009856179510494589,0.5983795487932289,0.6065630147100313,0.023502134444389432,0.01642070208814406,0.6629286877700287,0.6819930073625762,0.5634188344153014,0.5801057891800971,0.7270695605702152,0.7454500759851421,0.6168292512171724,0.6241337765729638,0.6685923726770026,0.6802269685440706,0.444370361902763,0.448990729433102,0.7101098725795038,0.7200360094701992,0.5580276464310922,0.5653270141438173,0.6966176281677812,0.7062324825123145,0.4703773137817815,0.47704933938418964,0.5772269172424381,0.581636737356059,0.3935249047813635,0.3963876524200845,0.5979600997385145,0.5970665945572178,0.509315424488734,0.511886816275115,0.7589359776102008,0.7678114210671676,0.6962502047812891,0.7033129565562296,0.5208972713297091,0.5239238792501859
4628,normal,0.1266571014180442,0.1192916539888363,0.013684206588721123,0.014459404437631065,0.5876541807477336,0.6013383873364546,0.006013366241558977,0.008722521854773754,0.6967809455192064,0.7191844652146027,0.5836179308264812,0.5980786744334831,0.7360374502510235,0.7565413885148422,0.6083253329566327,0.6237140831160489,0.6576107353822398,0.673142928862493,0.4302961316904711,0.43793245082314997,0.6850390346140721,0.6975893637222337,0.5405369173164688,0.5469569093782579,0.673635958905999,0.6877071379068623,0.4556456384397887,0.4663606907595958,0.5570076347822819,0.5734703280569746,0.3824181353416509,0.39113123184195425,0.5722815232786624,0.5860138319496948,0.4918060000046388,0.4995295837793287,0.7400955929031778,0.7546151496389605,0.6731385937288734,0.6946661387760054,0.5058475167698014,0.5161182279452414
4632,normal,0.1255339031498656,0.4500309233904541,0.00310706831365057,0.004207475233438643,0.615515398020938,0.6156968489494778,0.014216859067690806,0.008273864057508197,0.7026880508982576,0.7098991137696603,0.5936527383384455,0.5971916858326424,0.7528836729224487,0.7641238349033673,0.6331342845762233,0.6351995279101256,0.6879806426594802,0.6886701317832549,0.4533581159330687,0.4522008081570548,0.7252781225084327,0.7256645294013625,0.5731944325164998,0.570507128145665,0.7108768817031444,0.7136860416927012,0.4823658495773342,0.4823731727206801,0.5906657152522097,0.5887493638549569,0.4047564693833199,0.40098407501271455,0.607981007625286,0.6018759779102715,0.5194890962073214,0.5162084992114172,0.7785041024990402,0.7785087212276303,0.7139715678885726,0.7125956669128485,0.5329810158668612,0.5284081536947688
4641,normal,0.2971850756873337,0.3691948493767159,0.0038736427336864,0.004578187364846957,0.6124438883140539,0.6092848536056092,0.01850596399715133,0.01437026178301357,0.6864813771659891,0.6881841103531925,0.5859485957970019,0.5843642723370275,0.7496988149049654,0.7515485984266969,0.629268867185069,0.6287572615841314,0.687601965511385,0.6830332440045955,0.4547408473223465,0.45022464617590574,0.7245707947915397,0.7224697249541492,0.5723382429794204,0.5678823625548045,0.7072362212260304,0.7097578727316506,0.4808418831626453,0.4792758347734671,0.5900548607972201,0.5833097432555803,0.4018445822642941,0.39726159477930845,0.6061020873965164,0.5974981134427502,0.51895363980108,0.5130534911781826,0.772035300882895,0.7713205182713465,0.7124947876296324,0.7056783489247903,0.5313332325208859,0.5242227735477788
4654,normal,0.2116962521045788,0.0995658727866271,0.007951845642122469,0.00930994883940518,0.610762069858033,0.6044677483076759,0.006907082879185895,0.00799180313489535,0.7124574944097652,0.7206447462165619,0.5939764418065733,0.5998781447797823,0.7607620059130654,0.7597471765693726,0.6290580262364607,0.6269593854719813,0.6794982745421462,0.6758435802288478,0.4445678949583741,0.44002565677499206,0.7144324308494058,0.7015564320810115,0.5636540348176144,0.550073080487508,0.7066294444798447,0.6921730113427358,0.4777939503332675,0.4692626657413921,0.5802811895173862,0.5767148812554769,0.3985167112711218,0.39340657039632027,0.5967074862526681,0.5894312874761463,0.5135990757386656,0.502824549214756,0.7793127027010583,0.7597552772153964,0.7080644468528114,0.6986832748334719,0.5236435769063346,0.5189720011447397
4657,normal,0.1192296307059664,0.0218827402117591,0.004826485789526625,0.006116722120474842,0.6063033840901861,0.6110625114859349,0.01673299558508218,0.011879753332066586,0.6832248959954864,0.6952582903674035,0.5774675649320514,0.5889097166129923,0.7469330171529402,0.7561500617326421,0.6256845710587259,0.6309570874454383,0.6829063688750036,0.6851696115920585,0.4508889527379298,0.45105908490626345,0.7233133232948409,0.7238899946730418,0.5655498830782902,0.5688919945481535,0.702382007256545,0.7105252365380029,0.4740348331770349,0.4798696723185145,0.5784486261524174,0.5842009827104333,0.3951888402779495,0.3978566084815735,0.5960811795097448,0.5978484901315781,0.514134532144907,0.5136767308367626,0.7647578990647317,0.7723881013876742,0.7014189356875801,0.7067836768803429,0.5247420991369848,0.5246273540980179
4668,normal,0.0986075814005643,0.1461034737733473,0.006880468048930852,0.007494575213387706,0.6108197626037158,0.6045932597261819,0.00924787677956966,0.00940530105023153,0.7287399002622781,0.7273604427033022,0.5980551055049846,0.603613809461858,0.7713223246026155,0.7630829119381962,0.6361563381729441,0.6292243213248239,0.6810887185641463,0.6768989161417577,0.4463950757227769,0.4406896042282666,0.7112101601391152,0.7006151646733253,0.5577218644535638,0.5502505358019466,0.6967693223543276,0.6923539274030249,0.4708345037061881,0.4695678384078022,0.5827246073373447,0.5749806065408581,0.3993486790194149,0.39160795893613265,0.599212713224361,0.5861789823056144,0.509315424488734,0.5001201542420901,0.7655664992667498,0.7588091346609914,0.7036341060759905,0.6970907917434894,0.525840621367635,0.5156403148316128
4669,normal,0.1175505560468632,0.2118802773307933,0.0020837919181341943,0.002974596032125208,0.6154930933869219,0.6160819565636504,0.007800197639590544,0.0072311262560966925,0.7363131122867027,0.7367655680903259,0.6045939155611678,0.6124763145225517,0.778027288849949,0.7774938258365872,0.6447305367496864,0.6412989489160518,0.6872990237929086,0.6891574122073924,0.4490617719735269,0.4487232074811859,0.7167115979371724,0.7160926361790263,0.5627978452805349,0.5628654528008551,0.7057192793605662,0.7065797416615726,0.4757619951136823,0.47895718905794915,0.5833354617923343,0.5858192442702039,0.400180646767708,0.39866311786718883,0.6017179401960537,0.5970930612491568,0.5125281629261826,0.5112702718134209,0.7736525012869313,0.7741597684614986,0.7051108863349309,0.7105208980437427,0.525840621367635,0.525456603123348
4679,normal,0.0648955561417445,0.1667142506711051,0.004795435982921125,0.005242829438384281,0.6189761393065898,0.6154802588854985,0.013748682916320934,0.0079739859039192,0.7051872108663177,0.7106080652933027,0.5954007370663359,0.597564078334834,0.7620191867094405,0.7639847202820308,0.6333451255248319,0.6348416185323121,0.694721095895576,0.6882770927529414,0.4541482481555132,0.45204975294955746,0.7303866004637715,0.7253920653729253,0.5729498069344771,0.5701448450607209,0.7183098968439188,0.7127661921570895,0.4859217712116084,0.48179664864926025,0.5931091330721682,0.5883798634661923,0.4051724532574664,0.4008086263577371,0.611112541339902,0.6019718934713468,0.5232372910510115,0.5162963268295475,0.7841643039131674,0.7778438350703277,0.7198786889243339,0.7120849839819365,0.5335302769821864,0.5283537924914122
4683,normal,0.0484327908653407,0.1215546337161437,0.002524286641385017,0.002884848293874085,0.6113494041857122,0.6105529390111663,0.021153477672862714,0.017388766060111503,0.6798926827047397,0.684259206675673,0.5791508229663164,0.5822247914949127,0.7488606943740487,0.7495516689231195,0.6254737301101175,0.6288539351546787,0.6825276917269083,0.6843870246675848,0.454197631419416,0.45164405374832256,0.7271643297534809,0.7251118109375057,0.5711762714648125,0.5698232327254042,0.7122421293820621,0.7119478691773169,0.4823658495773342,0.4809151506444717,0.5882222974322512,0.5858191403174083,0.4022605661384407,0.39908515971152336,0.602344246938977,0.6005846353676717,0.5205600090198043,0.5154784748741567,0.7728439010849132,0.774159378519208,0.7139715678885726,0.7085945054382353,0.5296854491749107,0.5269599248126334
4686,normal,0.0449821746269995,0.0666769561020644,0.006842046268760308,0.00787817874591616,0.6247892574081843,0.6180198505859685,0.006132338731432173,0.00545256408247288,0.73858507589403,0.7353376562535043,0.6181894612225387,0.6118451889433977,0.781044522761249,0.7784327488667528,0.6414976422043575,0.6421150774999866,0.6997953696800525,0.6906241480081984,0.4563211117672354,0.4504153778235697,0.7334516872369747,0.7196697305779218,0.5760687831052667,0.565806068626019,0.7152760131129905,0.710259351219434,0.4833818271871268,0.4813329878853343,0.5924982786171785,0.5881493293401305,0.4030925338867338,0.40039048942231925,0.611112541339902,0.5993564801095358,0.5264500294884602,0.5136606955463693,0.7873987047212401,0.7781549210605941,0.7198786889243339,0.7131439500827703,0.537375104789462,0.5276432586956274
4688,normal,0.111420979981179,0.0853798454748345,0.00678227292917434,0.008941703142343336,0.6139576072184468,0.6204777698297569,0.01404579217362928,0.00573202128613835,0.707762102954622,0.7257610202672852,0.5955949591472127,0.6066326024045344,0.7544761019311904,0.7718570598845089,0.6224516765133968,0.6384210156212471,0.6791195973940509,0.690384730427179,0.4482716397510825,0.4531370464472725,0.7234705072319282,0.7269515927450348,0.569769674368182,0.5724680899499587,0.7087531630914945,0.7172535796653055,0.4798259055528527,0.48525875970010957,0.5894440063422305,0.5924057635509277,0.4022605661384407,0.40372987786774944,0.6073547008823628,0.6065115894458061,0.5200245526135628,0.5204752661904919,0.7776955022970221,0.7860185759893239,0.7169251284064533,0.718160805116911,0.5340795380975114,0.5326947118322216
4694,normal,0.1326580687526186,0.3962795928129734,0.003965004341640175,0.004500050637871009,0.611634913652024,0.613968676684574,0.005679724998127244,0.0076609607521032404,0.7272252578573932,0.7340481529107351,0.6061476922081815,0.6102753251872177,0.7733338138768155,0.7744183357551737,0.6338370877382514,0.6390178967402088,0.6782107722386223,0.6872359073757042,0.4431357803051935,0.44739927777256727,0.7171045577798907,0.7130611552433641,0.5620028121389611,0.5602576917042605,0.7065535973865714,0.7033622633583997,0.4742380286989934,0.4770121413115351,0.579059480607407,0.5845103479890589,0.3960208080262427,0.39791321003265573,0.593575952538052,0.5957330793197043,0.514134532144907,0.5092488380170402,0.7696095002768405,0.7707387804325427,0.7021573258170503,0.7087441271055491,0.5214465324450341,0.5244909733820421
4698,normal,0.1233289657774111,0.9349574967645892,0.012192512474061952,0.012752403551984964,0.6130351889702014,0.6252277014442633,0.009690649966880674,0.00859657893166192,0.7355557910842602,0.7494444517583531,0.6104205779874696,0.6226364461020212,0.7689755871160489,0.7894961543833917,0.639459513034476,0.6518919543298981,0.6885865260964326,0.699055576846415,0.4481728732232769,0.4545366960736542,0.7096383207682417,0.7245777409074883,0.5568045185209786,0.5699518658102907,0.6976794874736061,0.7166773964098191,0.4769811682454334,0.48654459855870763,0.5845571707023135,0.5952145384886055,0.3968527757745357,0.4052963793664721,0.5954548727668216,0.6059591274770219,0.5109217937074584,0.5184828517252189,0.7679922998728043,0.78379142589759,0.7088028369822816,0.7218516742273668,0.5247420991369848,0.5334620461901629
4700,normal,0.0622621167951687,0.297894017203577,0.0021271086272387236,0.0022913982236976447,0.6186613556579355,0.617777420147314,0.009189783825316645,0.009855743162631332,0.7423716819062424,0.7447421402010916,0.6155998334775157,0.6182052839383334,0.779787341964874,0.7824468531934372,0.647471469081596,0.6444489733820062,0.6939637415993853,0.6909154904375576,0.4511358690574437,0.4500252534123743,0.7161614541573667,0.7179319773924887,0.5640821295861541,0.5634304772330645,0.7053400438942001,0.7065010721660953,0.4803338943577491,0.478476843401972,0.5882222974322512,0.5856403253159498,0.3997646628935615,0.39874908854782576,0.6010916334531305,0.5982450401591488,0.5152054449573898,0.512517346826024,0.7752697016909676,0.7739238877959507,0.7117563975001623,0.7100932257501854,0.5296854491749107,0.5259228633508319
4701,normal,0.0918192666491482,0.1955419634177621,0.0027691175937452823,0.0032532884061513873,0.6241835756247496,0.6229703057609325,0.009705187203744433,0.009883726044729445,0.7476729303233396,0.751115029860713,0.6194842750950503,0.6227440243213704,0.786073245946749,0.7888330296036051,0.652883053429212,0.6503482107579232,0.7016130199909099,0.6970204264528896,0.4575556933648049,0.4538527477143612,0.7246493867600833,0.7234786225558268,0.5685465464580685,0.568292225541281,0.7083739276251284,0.7121370009089678,0.4828738383822306,0.4827780321746655,0.5937199875271578,0.590713295970044,0.4039245016350268,0.40240368032714763,0.6086073143682093,0.6033749757773968,0.5216309218322871,0.5165337452077169,0.7801213029030766,0.7799943431717754,0.7176635185359235,0.7162835813037598,0.5357273214434868,0.5305922262864083
4703,normal,0.0636817803699709,0.2610389406987948,0.0022244625398377647,0.002819130701747884,0.620809294841469,0.6200503813567273,0.0109402703108059,0.009001248796595217,0.7446436455135698,0.7445013756850266,0.6194842750950503,0.6185811333774858,0.7847322530972823,0.7840181411396843,0.6464172643385538,0.6468690061632394,0.6958571273398617,0.6942395968430254,0.4550371469057632,0.4523247530426878,0.7234705072319282,0.7206742857168199,0.5662837598243584,0.5655392163178868,0.7019269246969058,0.7081946267303125,0.4783019391381638,0.4803256913172438,0.5906657152522097,0.58878086846318,0.4022605661384407,0.4010668408799526,0.6061020873965164,0.6015424575686804,0.5184181833948386,0.515173822874628,0.7728439010849132,0.7763067693331279,0.7132331777591026,0.7134842804420333,0.5340795380975114,0.5292336171693488
4705,both alarms,1.992792758611833,1.3212376721193873,0.008009720968727214,0.008790787799563032,0.6070235403279005,0.6150332612966277,0.011589354040357725,0.010413552983912422,0.7287399002622781,0.7398367341746558,0.6058887294336793,0.6135758558366088,0.7676345942665822,0.7775918916021706,0.6318692388845729,0.6420786827023913,0.6797254808310033,0.6902143192945496,0.4440246790554435,0.448721596688259,0.7063374580894075,0.712807391289272,0.553135134790638,0.559126853368652,0.684937175803707,0.7013601800356617,0.4671261854304452,0.47619389010732066,0.5784486261524174,0.5855295869404158,0.3943568725296565,0.3987478927260977,0.5923233390522055,0.597057186351858,0.5077090552700096,0.5091781831764445,0.7559441568627338,0.7683527002327302,0.6992037652991697,0.7093998711084114,0.5219957935603593,0.5257926264071727
4712,normal,0.0597499188826127,0.07137818415226,0.00531877546668178,0.005758369579229279,0.6246955550524609,0.6195365365915204,0.009905416870830264,0.007069369663715306,0.746915609120897,0.7395268305091891,0.6207790889675618,0.6152457230055423,0.7890066678049574,0.7814619421846188,0.650352962045911,0.6448288096408354,0.6990380153838619,0.6931167682591435,0.456864327670166,0.45186688922654356,0.7269285538478499,0.7207145539963588,0.5711151150693068,0.5660913631574226,0.7079188450654892,0.7092767796142905,0.4818578607724379,0.4810522872446063,0.5955525508921267,0.5893463487907951,0.4060044210057595,0.4013963679579225,0.6092336211111324,0.6017544959858995,0.5232372910510115,0.5153032610018584,0.7785041024990402,0.7772822196246985,0.7191402987948637,0.7142964101583686,0.537375104789462,0.5295600716977541
4722,normal,0.1769196650342734,0.2785505458869773,0.011215383069382807,0.011738745622930612,0.5953052014225357,0.6065205844919186,0.009344332110630732,0.007767268122531528,0.7054901393472948,0.7234339126161836,0.5872434096695135,0.6019241192142224,0.7556494706744737,0.7622295463361642,0.619499903232879,0.6289626622660366,0.6685923726770026,0.6780767083849458,0.433209744260735,0.4416962299960064,0.6923480876886337,0.7041551153114087,0.5423716091816391,0.5526159730933045,0.6798554205544021,0.6944796386144472,0.4601667388033658,0.47076454889121444,0.5701410055645585,0.5782687049096904,0.386245186983799,0.3945731985804043,0.5794840508222795,0.5912510736719906,0.4925020933327527,0.504699961415314,0.743087413650645,0.7623527527099536,0.6926320931468853,0.7007715658914039,0.5116696845922475,0.5205942244599236
4727,normal,0.0611973020277005,0.1199712948194217,0.0021353036558880564,0.002843568599381377,0.6103755217437675,0.6123786123947424,0.009167078626870287,0.007959772011477356,0.7249532942500658,0.7302055444290436,0.6037522865440353,0.6075161557755342,0.7738366861953655,0.7742581745852296,0.6351021334299021,0.6384062738432222,0.6872990237929086,0.6870392643410244,0.4454074104447213,0.4467037850315215,0.7128605914785323,0.7124576642486482,0.5579053336400808,0.5586214328951781,0.696921016540874,0.7009763886540219,0.4705297104232503,0.4748374691826681,0.583946316247324,0.5834851923873301,0.3964367919003892,0.3969370675612013,0.5923233390522055,0.5946349593124917,0.5034254040200782,0.5068872018656049,0.7607148980546409,0.7661301456520246,0.7073260567233414,0.707477916974555,0.5236435769063346,0.5238617739713228
4732,normal,0.0527610887308936,0.1474864717138481,0.003312518716950149,0.003923629734665797,0.6096929697946218,0.6129412064927956,0.008781675221911362,0.007511228840574588,0.723438651845181,0.7302691643339367,0.6028459168332772,0.6078912819678216,0.7751776790448323,0.7746312818852326,0.6350318531136991,0.6385507813596687,0.683587987741575,0.687514353576482,0.4441728288471518,0.44717081942720144,0.712939183447076,0.7137732533282201,0.5572937696850241,0.559556346743438,0.6968451694476009,0.7018796466792377,0.47058050930374,0.475160873621121,0.5827246073373447,0.5837962183588217,0.3956048241520961,0.3971961748241188,0.5923233390522055,0.5954563787545681,0.5044963168325611,0.5078766773880818,0.7587742575697973,0.7671527503640886,0.7058492764644011,0.7077504441561825,0.5230943157910095,0.5243740636093043
4734,normal,0.0854935591311474,0.1003985556542985,0.0016959300073428835,0.001992194393937652,0.6130657737078488,0.6135113998343648,0.008090240676561574,0.0079500146368752,0.7287399002622781,0.7310123330873223,0.6069893212253141,0.6081428442311928,0.7762672357350239,0.7742163022867278,0.6410759603071405,0.6390212496862169,0.6906313826961471,0.6884395129488005,0.447283974473027,0.44764525061755195,0.716790189905716,0.713211962039915,0.5600458074827794,0.5593189032657849,0.7021544659767254,0.702129528889059,0.4743396264599727,0.475872142349832,0.5845571707023135,0.5852029868894717,0.3960208080262427,0.3982182376062453,0.5942022592809751,0.5964563640052376,0.5071735988637682,0.508208937310029,0.7639492988627135,0.767795092547034,0.7088028369822816,0.7093826787478366,0.5230943157910095,0.5254194706759435
4742,normal,0.1424792884963187,0.5422034533897712,0.02877391565670299,0.029627778927013303,0.6549800288789385,0.6262061132222355,0.015436904647623192,0.008759615053719213,0.783267026838135,0.750935209369029,0.647322773354048,0.6234506236787729,0.8166646453252077,0.7895443095392987,0.6852822791987059,0.6533447528282779,0.7404652953854841,0.7002572217541979,0.4782966642039719,0.45524712202428275,0.7499560006311461,0.72527546435116,0.5919694459367424,0.5706324938605403,0.7403055538931491,0.7179816161434325,0.5097972450417346,0.4877163210527787,0.6303712548265348,0.5964493451253909,0.4284675502096723,0.40595690844261084,0.6411752650002166,0.606829433958305,0.5403718960507377,0.5184974792646119,0.813273911185821,0.7853568978552455,0.7700892177283043,0.7236680719246659,0.5675844661323423,0.5343606536054022
4747,normal,0.114333315103388,0.1649726893406595,0.012314362000587442,0.01281931444811834,0.6314664911307739,0.6191521291301864,0.015099360747550439,0.011854106512823058,0.756760784752649,0.7418632339515067,0.6233687167125849,0.6136965414494879,0.7931972704595408,0.7784459773093608,0.6620897748517798,0.6455588376131017,0.711837302989482,0.6967731606196349,0.4607162222545827,0.4520821090447574,0.7255924903826073,0.713206669088281,0.5733167453075112,0.5610204130431113,0.7109527287964176,0.705117705524734,0.4879537264311936,0.4809638367825163,0.6059370766269502,0.5938849148862587,0.4134921307403971,0.4043276744870608,0.6173756087691342,0.603143408955053,0.5221663782385286,0.5104475400178051,0.782547103509131,0.7727142425567837,0.739815222420028,0.7199400587997468,0.5478110659806389,0.5323998710839701
4754,normal,0.3441804064381386,0.5487761021296433,0.0033848776980691894,0.004267667569461831,0.610277547466531,0.6124706388268238,0.015069647212993035,0.011324134481842479,0.731769185072048,0.7347062430955135,0.6045291748675422,0.6083797917963485,0.7654554808861989,0.7707427413787685,0.6386864295562452,0.6400549967407262,0.6886622615260516,0.6876917136557908,0.4459012430837491,0.446232350866402,0.7013861640711562,0.7065987457388377,0.5523401016490643,0.5559047250221961,0.6883502950010015,0.6978771476257086,0.4712408947501053,0.4756012336869933,0.5851680251573032,0.5861368406279851,0.3989326951452684,0.39945359558964694,0.5985864064814377,0.5955731041091985,0.5044963168325611,0.505286050718225,0.7561058769031374,0.764800157084106,0.7139715678885726,0.7112474444568297,0.5291361880595856,0.5257139778627289
4762,both alarms,9.063758343514625,4.328269168295203,0.025289680839623453,0.026230854331336918,0.5835397715927328,0.6088294524323563,0.017256454324319038,0.012706675875944944,0.6984470521645799,0.7290366287105496,0.5760432696722887,0.6038953297686834,0.72933248600369,0.764754296962229,0.6068494463163737,0.6361704586067912,0.6561717622194778,0.6852226005666927,0.4255059550919016,0.4441285952814034,0.6687704971255318,0.7014645891987409,0.52708251030522,0.5511628652035638,0.6558118919867952,0.6920420960830186,0.4514293313591494,0.47227994522521244,0.5632383502231759,0.5842257524170718,0.3848308418117008,0.3984303343546915,0.5739725514845552,0.5935676391407556,0.4825961498172861,0.5016574106568051,0.7240044488830165,0.7584450206726397,0.6869464891499651,0.7089637550446234,0.509143083461752,0.5246533734565864
4764,normal,0.4044150651268889,0.8391973979007507,0.016529770252394785,0.01722769491256649,0.5932122027674342,0.609741973019829,0.01654127037656915,0.01269728053393736,0.7113215126061017,0.7301991591232178,0.5872434096695135,0.6048261452365812,0.7423233542328986,0.7663335826977863,0.6189376607032565,0.6370506973856565,0.6695011978324311,0.6862903509485835,0.433209744260735,0.44478257750066924,0.680244924532908,0.7025427707868726,0.5362559696310715,0.5520206004404248,0.66703726179123,0.6929493636594237,0.4583379791057391,0.4728562735772691,0.5709351163560451,0.5850446329713833,0.3900722386259472,0.3989505590652044,0.5811750790281722,0.5944474958621767,0.4889680810515592,0.5025962683101102,0.7363760319738943,0.759396471426619,0.6969885949107592,0.709933415550772,0.5156792907341207,0.5253931767943439
4767,normal,0.1689694059350291,0.3792788826068817,0.003817714068636121,0.004539454048283627,0.6096476008242462,0.60931766562159,0.012044015082533863,0.009303589405674124,0.7241959730476234,0.732628324464741,0.6025222133651493,0.607993085132255,0.7691432112222323,0.7693590460323748,0.6360157775405385,0.6353158878434406,0.689116674103766,0.6818947229862357,0.4482222564871797,0.4438603848979591,0.7060230902152328,0.7066975023698894,0.548609561523218,0.5549294190643134,0.6942663682763117,0.6977057857136154,0.4706313081842296,0.473231073364998,0.583946316247324,0.5794402860695482,0.3993486790194149,0.39454506883452645,0.5960811795097448,0.5905585265825298,0.5039608604263196,0.5038888206936065,0.761523498256659,0.7640171083092988,0.7051108863349309,0.7028000755569418,0.5252913602523099,0.5195351976507557
4768,normal,0.1423294066578579,0.2504782097427603,0.0037495864436369744,0.004535173679167765,0.6119827789683622,0.6087167047946461,0.012343684453469155,0.009100537497297495,0.7287399002622781,0.7291391421822998,0.6062771735954328,0.6054201889584162,0.7731661897706322,0.7671422061167279,0.6393892327182733,0.6334196231393503,0.6919946204292899,0.6826866352636951,0.449506221348652,0.4440385817427172,0.70767352155465,0.7051067914694757,0.5499550022243429,0.5536656145986488,0.6963900868879616,0.6962978112947279,0.4728156600452837,0.472745248326059,0.5857788796122928,0.5805081042451287,0.400180646767708,0.3954028483790222,0.5973337929955913,0.5915956357642277,0.5061026860512854,0.5035118198448552,0.7639492988627135,0.7628473166297461,0.7080644468528114,0.7036496747293011,0.5263898824829601,0.5210067388245868
4769,both alarms,6.460411512538921,4.152810580788325,0.0035557542988220513,0.00424328081275195,0.6103633529855285,0.6118431301088988,0.012407262894734105,0.008833456270070183,0.7272252578573932,0.7343167754802726,0.6053708038846748,0.6098437282383731,0.7717413848680739,0.7724226860568714,0.6373511035483918,0.6370769168743105,0.6900254992591945,0.6846193026899452,0.4486173225984019,0.44572718353274127,0.7060230902152328,0.7094677985672413,0.5490376562917577,0.557395614989772,0.6944939095561314,0.7007371535015333,0.4712916936305948,0.4751864347710018,0.5845571707023135,0.5822514085243286,0.3993486790194149,0.3964555920584343,0.5948285660238984,0.5935260876726441,0.5039608604263196,0.5067016407712637,0.761523498256659,0.7673983396991427,0.7065876665938712,0.7060377968953585,0.5241928380216597,0.5221687515280433
4770,normal,0.1209515524393073,0.2723457538180108,0.003981459452580053,0.004710363635007363,0.6118754686093414,0.6158569280619213,0.01192404510273897,0.009131533078787274,0.7272252578573932,0.7347960815461508,0.6051118411101724,0.6105503395108438,0.7717413848680739,0.7757439585526276,0.6392486720858676,0.6419948053581639,0.6915402078515757,0.6919107942377563,0.4491605385013325,0.44987902942030883,0.7084594412400868,0.7136101050165349,0.550505409783894,0.559333381500235,0.6966934752610544,0.7039369743890538,0.4725616656428356,0.4779931621901926,0.5863897340672825,0.5879796633918446,0.4005966306418545,0.40092035853436936,0.5973337929955913,0.5997073103871033,0.5061026860512854,0.5100883905020986,0.7647578990647317,0.7706335760131819,0.7080644468528114,0.7122562202604314,0.5263898824829601,0.5282336262417668
4773,normal,0.0824130122161619,0.2728627513878119,0.004610009675083251,0.0051452962084622255,0.6129775164126957,0.617587526087779,0.010497865963383883,0.00862433650126853,0.7279825790598357,0.7353568413622079,0.6059534701273049,0.6109751452410426,0.7734176259299073,0.7771171308277768,0.6410759603071405,0.6442490677501216,0.6918431495700518,0.6934875963435955,0.4500494372515825,0.45093334869809504,0.7105028324222221,0.7156930836894954,0.5521566324625472,0.5615752968013934,0.7011684537641736,0.7065557642716843,0.4752032074282964,0.4799912557772084,0.5845571707023135,0.5898747584557766,0.3997646628935615,0.4021804242354258,0.599212713224361,0.6011935366798168,0.5077090552700096,0.511554464786399,0.7655664992667498,0.7734769955408567,0.7080644468528114,0.7150925935453042,0.5263898824829601,0.5296806394860443
4776,normal,0.0672931206872519,0.2673346015067449,0.004259948221894402,0.004742655814665049,0.6124935190295084,0.6166410107104594,0.010965311990524631,0.008989557996527214,0.7264679366549508,0.7335788584269256,0.6057592480464281,0.6095577215552788,0.7704842040716989,0.7751024923759242,0.6397406342992873,0.6429244438866841,0.6935850644512901,0.6926291838532708,0.449950670723777,0.450318549091357,0.7094025448626107,0.7142553263368253,0.5517285376940075,0.5601810364099142,0.7002582886448953,0.7052213777180095,0.4746444197429104,0.47923994847055906,0.5857788796122928,0.5896470510375919,0.4005966306418545,0.402102332631677,0.5973337929955913,0.6009998652315408,0.5066381424575268,0.5108155384125782,0.7655664992667498,0.7721148616095805,0.7080644468528114,0.714607349601103,0.5263898824829601,0.5296012454289891
4779,normal,0.0672583315986225,0.0926059306409145,0.0021604078176602776,0.002815248708522983,0.6176155852578837,0.6160406309659939,0.011474036621828462,0.00847490282457438,0.7340411486793753,0.7316638055589111,0.6123627987962369,0.6086901175244321,0.7774406044783073,0.7749070405874428,0.6459253021251342,0.6423528704441257,0.6997953696800525,0.6923491281384131,0.4540000983638048,0.4503611073466524,0.7154541264404736,0.7147005014032435,0.5559483289838992,0.55963203885442,0.7046574200547413,0.7050897050559648,0.4783019391381638,0.4784595368278535,0.5900548607972201,0.5883962062939231,0.4035085177608802,0.4015289657340726,0.602344246938977,0.6006751286089144,0.510386337301217,0.5107958566233517,0.7712267006808768,0.7715199437663571,0.7132331777591026,0.7125874520730334,0.5307839714055609,0.5289813215807856
4782,normal,0.0980593841804237,0.2556225737521043,0.0023517861394677995,0.002994347602203622,0.6181675135559064,0.6179978231110065,0.009975037748154714,0.007360396548697048,0.7310118638696055,0.7360039959164787,0.6080899130169489,0.6116873456344848,0.7755967393102906,0.7771932153096198,0.6484553935084353,0.6433773258044624,0.697674777650719,0.6924836405858216,0.4518766180159853,0.45097399322741116,0.7155327184090172,0.7175063613658361,0.5574772388715411,0.5629632847250152,0.7086773159982213,0.7089369683257469,0.4808418831626453,0.4808517120551941,0.5906657152522097,0.589310185022066,0.4039245016350268,0.4018050536835713,0.6048494739106699,0.6013956358303602,0.5135990757386656,0.5123730091515596,0.7752697016909676,0.7756454282530675,0.7139715678885726,0.7142284440361948,0.5313332325208859,0.5292273939602204
4788,normal,0.0288081990404511,0.0427855338703342,0.01228146332100708,0.013915216050846226,0.6053321308754634,0.5967036119464365,0.013426406312929797,0.014763618883542065,0.7166227610231989,0.7302712874073435,0.5941059231938244,0.6035248977329843,0.7523808006038987,0.760363327012425,0.6301825112957056,0.6233476248453503,0.6792710682532891,0.665124063503719,0.4415555158603046,0.4321240882085454,0.6949416226505749,0.6909396020911137,0.5478145283816442,0.5438128930916053,0.6917634141982959,0.6839533668472719,0.4722568723598979,0.4629402885304885,0.5851680251573032,0.5620533531160847,0.3985167112711218,0.3817828296467592,0.5967074862526681,0.573946934438895,0.5009623045513676,0.49275387357738215,0.7572379171859628,0.7499497588443663,0.7080644468528114,0.6834920550656896,0.5230943157910095,0.503581159129396
4792,normal,0.1066848000955985,0.1005442591522862,0.006225015685194339,0.007632558846002969,0.619307397560017,0.6175003380491757,0.01566061410905374,0.00479501474508885,0.7158654398207563,0.7279328147419836,0.5965013288579708,0.6069345369852849,0.7590019527981405,0.7717513333121994,0.6413570815719518,0.638886472136881,0.6943424187474807,0.6894401662121293,0.4544939310028326,0.45061635922829735,0.7196980927418319,0.7203275708574728,0.5651829447052563,0.5663183771353771,0.7122421293820621,0.7120344182204309,0.4854137824067121,0.4823821514868632,0.5998285320770539,0.5896292839690179,0.4105802436213713,0.4015896702809199,0.6123651548257486,0.6017836949034049,0.5184181833948386,0.5146376916376199,0.7785041024990402,0.7790418558726788,0.7243090297011548,0.7149642160196913,0.5401214103660875,0.5292351338357351
4803,normal,0.9702290921047424,0.55475188625805,0.002711414388462367,0.0032840817169303743,0.6120787499205944,0.6126227892137389,0.011994574158587288,0.00976702503491906,0.7363131122867027,0.735953852136986,0.6123627987962369,0.6104840890102039,0.782553139716899,0.7756474585715133,0.643465491058036,0.6407571147124034,0.6819218082899559,0.68468097882464,0.4413085995407907,0.44472206713879897,0.7072805617119315,0.7089803386346734,0.5569879877074957,0.5577423700085781,0.7065535973865714,0.7019004525312023,0.4783019391381638,0.4764913515469814,0.5808920439723758,0.5834140781387539,0.3964367919003892,0.3972784880938384,0.5872502544345274,0.5924921725003517,0.5050317732388026,0.5066016871345976,0.7679922998728043,0.7678853714359226,0.7036341060759905,0.7074939766634893,0.5170524435224334,0.5220615695506304
4807,normal,0.1905196828515033,0.2326121767818783,0.00555005172920691,0.006262216687837013,0.6158608036895595,0.6188390361191755,0.01159533645712462,0.00664038513678966,0.73858507589403,0.7338504287613233,0.6117153918599811,0.6106827320756504,0.7880009231678573,0.7772013028804513,0.6482445525598268,0.6429510157177464,0.6827548980157654,0.6912333989721762,0.4426913309300685,0.44981304074637,0.7112101601391152,0.718032019320871,0.5602292766692964,0.5646860226338221,0.7117111997291496,0.7123839017437192,0.4818578607724379,0.48289822776751257,0.587000588522272,0.5918333705596132,0.3985167112711218,0.40266052536393293,0.5916970323092823,0.6017176116423574,0.5098508808949754,0.5139085979240804,0.7736525012869313,0.7793938452244961,0.7110180073706921,0.717231472071322,0.5208972713297091,0.5297861006205378
4808,normal,0.0428937711670615,0.2791527484108339,0.003910433423086814,0.0045003139986701255,0.6202684320374395,0.6215382699340296,0.010776740683799383,0.006827590881742987,0.7438863243111272,0.7413624847018082,0.6168946473500273,0.6166001002425674,0.7931972704595408,0.7836937661616425,0.6515477274213587,0.6473632927440511,0.6878291718002421,0.6944735501177549,0.446592608778388,0.4527493689843649,0.717261741716978,0.7222467824111466,0.5645713807501995,0.5679444608806645,0.7175514259111866,0.7128318533068361,0.4849057936018158,0.4836866299229276,0.5894440063422305,0.5919025419047584,0.401012614516001,0.4029154075772091,0.5973337929955913,0.6027874550147192,0.5135990757386656,0.516492227572602,0.7793127027010583,0.7807453294086454,0.7132331777591026,0.7176899108474308,0.5263898824829601,0.5306654270793735
4810,normal,0.1320285096942894,0.7203779367551144,0.008569452695288571,0.009200963184059278,0.6103480011071143,0.6189174538024028,0.011497521037935988,0.007862142300406228,0.7325265062744903,0.7404249226491864,0.6097731710512139,0.6153725101373976,0.7781949129561323,0.7820556756272807,0.6422004453663854,0.6454980028100821,0.6804070996975748,0.6918027731837519,0.4412098330129851,0.4504826547644352,0.705001394624165,0.7185918841690315,0.5536855423501892,0.564862330292195,0.7047332671480145,0.7092791605963316,0.4777939503332675,0.48118445468931365,0.5802811895173862,0.5889972009870451,0.394772856403803,0.4010169833685681,0.5872502544345274,0.5996104325119671,0.5034254040200782,0.5137445431910757,0.7655664992667498,0.7765614539772066,0.7036341060759905,0.7141395375368501,0.5154595862879906,0.5279721941491312
4811,normal,0.1832533085593105,0.4961997768802753,0.006976371336965561,0.007915289331214652,0.6119137709596267,0.6180739770043935,0.011298753677857883,0.006562100601434619,0.7340411486793753,0.7319980127162918,0.6104205779874696,0.609713521085499,0.7799549660710573,0.7757677539524203,0.6413570815719518,0.6416236765819456,0.6810887185641463,0.6906324193087695,0.4417036656520129,0.4496496447936647,0.7061802741523201,0.7178002756590832,0.5547252010737856,0.5641873875844103,0.7057192793605662,0.7105271681944012,0.4783019391381638,0.48166152979132665,0.583946316247324,0.5913438109618383,0.3968527757745357,0.4022421089671594,0.5891918053375894,0.6016456376456928,0.5050317732388026,0.5142582673148818,0.7679922998728043,0.7779425906136436,0.7073260567233414,0.7164854414897864,0.5187002268684087,0.5297783624138727
4817,normal,0.0578368401576579,0.0522522543647675,0.0022110852848368223,0.0028165110180680708,0.6145961529766628,0.6154874648838964,0.009658155262152565,0.008721920439041233,0.7363131122867027,0.740300852628525,0.6117153918599811,0.6145806542759165,0.7807092745488823,0.7786027521949367,0.6424112863149939,0.641087286740464,0.6908585889850042,0.6876683553438439,0.4477284238481519,0.4476916639778874,0.7134107352583381,0.7148812713834497,0.5607796842288476,0.5622330404631428,0.7045057258681948,0.706177241768627,0.4813498719675417,0.47869845175799336,0.583946316247324,0.5840097659949748,0.3960208080262427,0.3973457484109512,0.5873128851088198,0.5949000609103036,0.5061026860512854,0.5095611880252814,0.7752697016909676,0.7736156289293201,0.7088028369822816,0.70854777168375,0.5208972713297091,0.5233851685368717
4819,normal,0.132976714786676,0.0376638206700728,0.004771405999060145,0.005302808579710258,0.6137043799025661,0.6093702663051445,0.009415754422784464,0.008999796839136187,0.7363131122867027,0.7324951468949363,0.6110679849237254,0.6082027622564109,0.779033033487049,0.7709963598580464,0.6401623161965041,0.6345061726798731,0.689268144963004,0.6819748241509561,0.4471358246813186,0.44361550098546854,0.7139608790381439,0.7072964206346455,0.5608408406243532,0.5556074048537634,0.7029129369094576,0.6979473630898437,0.4798259055528527,0.473135958134692,0.5833354617923343,0.578811685187346,0.3951888402779495,0.3940086328236564,0.5863107943201425,0.5900277797340702,0.5061026860512854,0.5045558122223387,0.7736525012869313,0.7648456559262382,0.7080644468528114,0.7020749920983939,0.5197987490990589,0.5191920556567781
4824,normal,0.0458638187085054,0.0466067117375531,0.0019580724702731866,0.0024718596226225133,0.6171758172003726,0.6168635764075391,0.009283468603736736,0.007089930676498843,0.7393423970964725,0.7371849776899673,0.6155998334775157,0.612683178778121,0.7872466146900323,0.7806153746698787,0.6457847414927286,0.6430598018618828,0.6907071181257661,0.689807440857821,0.4489630054457214,0.44889876021691616,0.7185978051822205,0.717167129164926,0.5649383191232336,0.5641961061305966,0.7098150223973194,0.7086840748165854,0.4813498719675417,0.48099202354032544,0.583946316247324,0.5860077992311327,0.3964367919003892,0.39856181068162094,0.5916970323092823,0.5952094667165474,0.5087799680824926,0.5108506887254055,0.7768869020950039,0.7766451006301278,0.7088028369822816,0.7111777490418327,0.5230943157910095,0.5249393161744765
4830,normal,0.0661624628333371,0.2319333146100995,0.004011155654998505,0.004479925213936302,0.6147636015381776,0.6149467364266363,0.00823889872313249,0.008781997198556823,0.7104127271631707,0.7082755949251287,0.5955302184535871,0.5963144572253666,0.7682212786382239,0.7623908197139503,0.6383350279752312,0.6339749910280388,0.6871475529336706,0.6879687008959332,0.4476790405842492,0.45197533618260594,0.7189907650249389,0.7253048880319464,0.5715432098378466,0.5699853386545162,0.7190683677766508,0.7123502811146168,0.4874457376262973,0.4816131749038386,0.583946316247324,0.5881193934362178,0.3989326951452684,0.4007058262963763,0.5960811795097448,0.6018047747921824,0.510386337301217,0.5161513118732115,0.7833557037111492,0.7772536758728943,0.7080644468528114,0.711624684381239,0.525840621367635,0.5282812699247558
4836,normal,0.0797320606744752,0.1257953043571105,0.00457953602927851,0.005731544075380865,0.6168051127877464,0.612372549271761,0.01996167180109612,0.018565087452317778,0.685875520204035,0.6839256272411671,0.5819346727922161,0.5825956383936909,0.7615163143908905,0.7505645451457786,0.6391783917696647,0.6304855132380176,0.6876777009410039,0.6865159886984994,0.4547408473223465,0.4532781765250682,0.7298364566839657,0.7273753155719408,0.5785150389254936,0.5717589695662834,0.7243776643057754,0.7152660372325073,0.4910016592605714,0.4830798146455584,0.5918874241621889,0.5881284041677671,0.4030925338867338,0.40080112199203183,0.602344246938977,0.6025118945483712,0.5237727474572529,0.5169646243358084,0.7849729041151856,0.7769752777191009,0.7169251284064533,0.7116480696172888,0.5280376658289354,0.5284583189810578
4844,normal,0.143596293592074,0.126383702628319,0.003916746365735433,0.004889194078477772,0.6202073060467935,0.6162905596810582,0.008011650269621673,0.00811852945630762,0.740099718298915,0.7391097999253773,0.6181894612225387,0.6138118248515085,0.7864084941591157,0.7782547779013007,0.6450116580144978,0.6419260542283918,0.6944181541770997,0.6889476646884256,0.4504445033628048,0.448600305537272,0.7188335810878516,0.7154615817140374,0.5641432859816597,0.5625187220923852,0.7190683677766508,0.7066766420443897,0.4838898159920232,0.4792335772199984,0.5882222974322512,0.5859770763320342,0.3997646628935615,0.3987917341622986,0.5998390199672842,0.5967744651457472,0.5119927065199412,0.5106141784894447,0.7817385033071128,0.7743801037594137,0.7139715678885726,0.7106467243680085,0.5274884047136102,0.5252142821179551
