observation_index,primary_split,grouped_sensitivity_split,target_profile_group,all_zero_output,pc1_score,pc2_score,t2,q,t2_limit,q_limit,t2_ratio,q_ratio,t2_alarm,q_alarm,alarm_category
0,train,test,0,False,-7.6543821109550025,4.2237457405141425,583.4315433152246,32.97604682710242,258.8188405579229,60.37935625873294,2.2542081637393565,0.5461477046193739,True,False,t2 alarm only
1,train,train,1,False,-5.922623555327869,2.7399236486654397,568.7120362084498,26.492599755655554,258.8188405579229,60.37935625873294,2.1973363105348342,0.43876916544342603,True,False,t2 alarm only
2,train,train,2,False,-4.928493880865469,1.5709111611751094,569.4851156509619,27.468024376241004,258.8188405579229,60.37935625873294,2.2003232624926037,0.454924101186789,True,False,t2 alarm only
3,train,train,3,False,-5.566644182651457,4.237735716475206,568.4666807151134,32.72207395632263,258.8188405579229,60.37935625873294,2.1963883289551025,0.5419414181248394,True,False,t2 alarm only
4,train,train,4,False,-3.4405544086453093,-1.1939174345417187,573.3973110620244,39.24968576975057,258.8188405579229,60.37935625873294,2.215438836778576,0.6500514116374619,True,False,t2 alarm only
5,train,train,5,False,-1.5553324329939404,-0.5601182471006004,107.76188091858472,224.80890345679435,258.8188405579229,60.37935625873294,0.4163602645243592,3.723274267672889,False,True,q alarm only
6,train,train,6,False,-1.700321975364335,-0.7432489855705552,113.61979497631523,227.8081593943357,258.8188405579229,60.37935625873294,0.438993524317591,3.77294780053881,False,True,q alarm only
7,train,test,7,False,-2.831154252291833,2.341039149403661,124.99424748798508,223.79160966679638,258.8188405579229,60.37935625873294,0.4829410688130014,3.7064258967555386,False,True,q alarm only
8,test,train,8,False,-2.2263696611252985,-1.0932491512091673,31.277712928046526,18.503069305755183,258.8188405579229,60.37935625873294,0.12084789832387285,0.3064469456492259,False,False,normal
9,train,train,9,False,-1.7800645106948039,-1.3700735311532137,27.888947559409097,10.899446694500396,258.8188405579229,60.37935625873294,0.10775470402112257,0.1805161129541516,False,False,normal
10,train,train,10,False,-2.3438898655166773,0.5637893551230904,17.709917934497582,12.377379074501514,258.8188405579229,60.37935625873294,0.06842592253454653,0.20499355808735237,False,False,normal
11,train,train,11,False,-1.8558892440970716,-1.4098467898997409,26.620432136084915,17.750237805118903,258.8188405579229,60.37935625873294,0.10285353291398946,0.29397858647344566,False,False,normal
12,test,train,12,False,-1.8565624138275079,-1.2310782372673132,24.51229104364742,8.063261016138403,258.8188405579229,60.37935625873294,0.0947082947702242,0.13354334189298644,False,False,normal
13,train,train,13,False,-1.8226674275269028,-0.9349645043664416,28.0534565583782,8.68712719085299,258.8188405579229,60.37935625873294,0.10839031848649333,0.1438757835315035,False,False,normal
14,train,test,14,False,-1.9338084663036215,-0.9740748882079204,44.468569392662616,28.491826722633835,258.8188405579229,60.37935625873294,0.17181349432214416,0.4718802665027243,False,False,normal
15,train,train,15,False,-2.0314715820850893,-1.2091447043823382,36.374946772531096,8.861423565515976,258.8188405579229,60.37935625873294,0.14054211314029316,0.14676247172201853,False,False,normal
16,train,train,16,False,-2.072755696183577,-0.9518503817891166,31.769759689980003,7.795328773049292,258.8188405579229,60.37935625873294,0.12274902252670444,0.12910586094434914,False,False,normal
17,test,test,17,False,-2.064803754428387,-0.6873967244988728,38.18161331631679,16.594074086754933,258.8188405579229,60.37935625873294,0.14752254215346375,0.27483025846859466,False,False,normal
18,train,train,18,False,-2.0323711251335963,-0.7857677673860622,32.364987237409586,8.48851267328583,258.8188405579229,60.37935625873294,0.12504880698654702,0.14058633942553997,False,False,normal
19,test,train,19,False,-2.6201955155233643,-0.3568985015387955,50.12966566934092,29.693457034674253,258.8188405579229,60.37935625873294,0.19368630800323075,0.49178161004953663,False,False,normal
20,train,train,20,False,-1.9693472206378275,-0.6918551024432253,59.21832667965919,13.523091779432768,258.8188405579229,60.37935625873294,0.22880222534033917,0.22396879690940497,False,False,normal
21,train,train,21,False,-1.108653856968364,-0.981419637675202,35.05040913541399,9.784223013393072,258.8188405579229,60.37935625873294,0.13542448864950316,0.16204583188112304,False,False,normal
22,train,train,22,False,-2.204490059811678,4.129031968045319,42.722749274868235,13.097984777308127,258.8188405579229,60.37935625873294,0.16506815803197686,0.21692819514639503,False,False,normal
23,test,train,22,False,0.007864236812140468,-1.050407131741277,4.779228617689876,1.1072964052559966,258.8188405579229,60.37935625873294,0.018465535999572253,0.018338989910907558,False,False,normal
24,train,train,23,False,-0.5526681720240328,-1.1797511184326372,47.43001249361334,15.454071617746783,258.8188405579229,60.37935625873294,0.183255640862044,0.2559495922997952,False,False,normal
25,train,train,24,False,-0.6964051188249848,-0.05069379575232932,48.81020189642472,18.118480684200573,258.8188405579229,60.37935625873294,0.18858828743381664,0.30007740736023525,False,False,normal
26,test,test,25,False,1.0324681978890902,0.5161296687028495,47.79655169764235,8.810195247039745,258.8188405579229,60.37935625873294,0.18467184071534246,0.14591403077050008,False,False,normal
27,train,test,26,False,1.6869320329213104,0.4670780321268117,39.562220786483344,10.769968365735114,258.8188405579229,60.37935625873294,0.15285680401473492,0.17837169908841824,False,False,normal
28,train,train,27,False,2.074053326706224,-0.7678644807600699,96.21961200121629,28.406931652735587,258.8188405579229,60.37935625873294,0.37176432671516674,0.470474238430241,False,False,normal
29,test,train,28,False,2.989905434718014,0.917648719216235,64.09355712589502,17.82874714317204,258.8188405579229,60.37935625873294,0.2476386842153057,0.29527885436164103,False,False,normal
30,train,train,29,False,0.7077901114867632,6.8065221052258424,48.535143799302176,8.38390405607465,258.8188405579229,60.37935625873294,0.1875255437149683,0.1388538165287585,False,False,normal
31,test,train,29,False,0.061276032514480834,0.6285313237924609,4.19391259497521,4.537278108890776,258.8188405579229,60.37935625873294,0.01620404676079454,0.07514618223897558,False,False,normal
32,train,train,29,False,0.5862610757435887,-1.7949386629711246,9.692279195874814,6.068772926768737,258.8188405579229,60.37935625873294,0.03744812075883522,0.10051072589716428,False,False,normal
33,test,test,30,False,3.945333398323606,-0.9801191950954877,31.83477476003313,5.673951341882505,258.8188405579229,60.37935625873294,0.12300022166627626,0.09397170976068259,False,False,normal
34,train,test,31,False,3.6757778063283313,0.9331244905584398,30.1118809141499,8.929963036363374,258.8188405579229,60.37935625873294,0.11634346575867203,0.1478976191481305,False,False,normal
35,train,test,32,False,4.172731380684895,1.1734469556698701,51.942721042218594,19.62384671142632,258.8188405579229,60.37935625873294,0.20069142157598827,0.325009207241888,False,False,normal
36,train,test,33,False,2.0057232101721447,2.4250702284916015,60.233247133793455,13.64059709586619,258.8188405579229,60.37935625873294,0.23272357995249357,0.225914914319632,False,False,normal
37,train,train,34,False,4.371516256730171,1.0358700519871564,40.11367287070615,15.202060412387231,258.8188405579229,60.37935625873294,0.15498745293903293,0.25177579481378604,False,False,normal
38,train,train,35,False,5.204292702222499,0.8780285006490369,45.21802699456044,8.577225064271008,258.8188405579229,60.37935625873294,0.17470917842412936,0.14205558978662422,False,False,normal
39,train,train,36,False,4.484983952452183,4.258738316962698,52.667099720826414,21.676783356526002,258.8188405579229,60.37935625873294,0.20349020808259,0.3590098454120367,False,False,normal
40,train,train,37,False,5.6082250896787595,-0.14611064235996216,49.07625152542876,31.518784341776758,258.8188405579229,60.37935625873294,0.18961622507711387,0.5220125932895824,False,False,normal
41,train,train,38,False,6.55711837593023,0.7644032247787561,47.83494861364499,9.858378271867398,258.8188405579229,60.37935625873294,0.1848201951238541,0.1632739877123406,False,False,normal
42,train,train,39,False,6.451630794914708,1.4010549465389215,49.991098586610946,17.60107311244783,258.8188405579229,60.37935625873294,0.19315092548458845,0.29150812799369824,False,False,normal
43,test,train,40,False,6.831918043012144,2.2044344818855506,62.87160866762484,16.34119978139554,258.8188405579229,60.37935625873294,0.2429174341871544,0.2706421663618191,False,False,normal
44,train,train,41,False,6.747077445847005,2.13118774229565,60.54092059692773,13.82251079156774,258.8188405579229,60.37935625873294,0.23391233986839086,0.2289277602155377,False,False,normal
45,test,train,42,False,6.692149754545167,2.2222667086285273,50.11429593652772,19.489376184039553,258.8188405579229,60.37935625873294,0.19362692386882974,0.32278211282222335,False,False,normal
46,train,test,43,False,7.533785135579315,2.2912080575170224,66.55102552160336,29.28234266473207,258.8188405579229,60.37935625873294,0.2571336204819658,0.4849727535890519,False,False,normal
47,test,test,44,False,-3.27081480102146,-1.4029603827140809,32.726735200086104,16.285813628801783,258.8188405579229,60.37935625873294,0.12644649489016607,0.2697248635612324,False,False,normal
48,train,test,45,False,0.464824137664918,-2.10232946342356,55.617573802807705,11.483971840074588,258.8188405579229,60.37935625873294,0.21488997355414957,0.19019699035651128,False,False,normal
49,train,train,46,False,1.0131634023248028,0.2665736926465979,38.74008123354622,25.520102880933507,258.8188405579229,60.37935625873294,0.14968029819636064,0.4226627188865138,False,False,normal
50,train,train,47,False,1.284665446359457,3.2439806229756614,51.003125469686566,14.156376760879942,258.8188405579229,60.37935625873294,0.1970611001878444,0.2344572323729013,False,False,normal
51,test,train,48,False,2.2558878153378528,-0.6287843153751288,53.586827605309786,25.24550391119094,258.8188405579229,60.37935625873294,0.20704376655808876,0.4181148239310612,False,False,normal
52,train,train,49,False,1.4902559646267508,5.368385919792673,54.44589322198478,15.227478331930183,258.8188405579229,60.37935625873294,0.21036294384372667,0.2521967651771339,False,False,normal
53,train,train,49,False,0.36515362743285523,0.7510023508445071,4.326731068095182,2.462969981351777,258.8188405579229,60.37935625873294,0.016717218339933303,0.040791590602550463,False,False,normal
54,train,train,49,False,0.5858447473058318,-0.20448253098556668,2.714009753266604,2.021868980196731,258.8188405579229,60.37935625873294,0.01048613674111262,0.03348609699535011,False,False,normal
55,train,train,50,False,3.5339508776379085,-0.31899382693308503,45.308625340702584,17.508264225656447,258.8188405579229,60.37935625873294,0.1750592238302012,0.28997103166571353,False,False,normal
56,train,test,51,False,4.289874921913962,-1.4303443435750383,43.52709697118998,29.080427995926115,258.8188405579229,60.37935625873294,0.16817592134081422,0.48162865253668685,False,False,normal
57,train,test,52,False,4.559380401519436,1.987549156460586,48.437142112782844,16.631387836151788,258.8188405579229,60.37935625873294,0.1871468939756059,0.2754482469949539,False,False,normal
58,train,train,53,False,4.88491282823513,0.8697395627274911,47.87255412254374,20.199316837984966,258.8188405579229,60.37935625873294,0.18496549176770616,0.3345401158539753,False,False,normal
59,train,train,54,False,2.266180784108599,2.802141692413336,69.82826456251149,23.225662678252892,258.8188405579229,60.37935625873294,0.2697959098031124,0.38466231038847254,False,False,normal
60,train,train,55,False,4.792960399990317,1.2224355506917592,56.994144178741756,23.617448531433897,258.8188405579229,60.37935625873294,0.2202086372687642,0.39115104888217483,False,False,normal
61,test,train,56,False,5.965189757630541,1.3692489132043426,50.79221281254619,14.44755341129056,258.8188405579229,60.37935625873294,0.19624619561333304,0.23927968607980885,False,False,normal
62,train,train,57,False,-5.941785823328517,1.6331770528547103,36.30695176672097,16.343527353874947,258.8188405579229,60.37935625873294,0.14027940040398867,0.2706807155054938,False,False,normal
63,train,test,58,False,-3.75095051322363,-0.4758529563097815,34.54194861079146,13.342195316185714,258.8188405579229,60.37935625873294,0.1334599464874006,0.22097279836858102,False,False,normal
64,train,train,59,False,-0.499412129945659,-3.3871470255318967,49.52169738375399,8.9922690220844,258.8188405579229,60.37935625873294,0.1913372970723558,0.14892952789280206,False,False,normal
65,test,train,60,False,2.709971237998463,-2.10122570236596,32.265281295971995,7.359637523166025,258.8188405579229,60.37935625873294,0.1246635725066202,0.12188996337803068,False,False,normal
66,train,test,61,False,3.1360474759756825,0.07208292285358459,42.11465320427664,7.618083843643725,258.8188405579229,60.37935625873294,0.16271865337736688,0.1261703389317253,False,False,normal
67,train,train,62,False,4.166895317613551,0.8630092333516834,25.882955365832704,7.390329933735966,258.8188405579229,60.37935625873294,0.10000413922741522,0.12239828960857908,False,False,normal
68,test,test,63,False,5.528687499747144,0.7102707748700893,12.978202962572125,6.677274145991124,258.8188405579229,60.37935625873294,0.05014396531023653,0.11058869388037504,False,False,normal
69,test,train,64,False,5.312384217314474,2.8793345736795724,15.619928114994437,6.445953550652879,258.8188405579229,60.37935625873294,0.060350815579435155,0.10675757328433874,False,False,normal
70,test,train,65,False,-4.71296124440624,-1.2615958074456533,57.060941020505076,12.109549742625662,258.8188405579229,60.37935625873294,0.22046672065102232,0.20055778154928908,False,False,normal
71,train,train,66,False,-3.354565757796866,-1.1105632278189612,42.35191527386432,9.526833882985095,258.8188405579229,60.37935625873294,0.16363536434429737,0.15778296545861542,False,False,normal
72,train,test,67,False,-2.8005918906926435,-1.6644290677623548,12.002492756992439,10.419047286374933,258.8188405579229,60.37935625873294,0.04637410758474639,0.1725597610171271,False,False,normal
73,train,train,68,False,-0.10531132066834113,-0.8765146401510521,24.10269173022413,3.0900907407011133,258.8188405579229,60.37935625873294,0.09312572329845523,0.051177934515560186,False,False,normal
74,train,train,69,False,2.567808608892864,0.6925799025376614,20.900218535779388,2.4961428266771613,258.8188405579229,60.37935625873294,0.08075230725369847,0.04134099767445157,False,False,normal
75,train,test,70,False,4.042722541488704,3.2478277180407717,21.683795781476718,3.271677610590484,258.8188405579229,60.37935625873294,0.08377981964038644,0.05418536753805298,False,False,normal
76,train,train,71,False,5.012801274640597,0.11315348743779932,13.51498060568001,7.490960075003918,258.8188405579229,60.37935625873294,0.05221791650308934,0.1240649211777654,False,False,normal
77,train,train,72,False,4.314957851175481,2.3285348539842174,19.437702085090677,9.082636062652707,258.8188405579229,60.37935625873294,0.07510157314355397,0.15042618248085485,False,False,normal
78,train,train,73,False,5.546400132284875,2.527335145586593,20.6835865857383,4.32908622990453,258.8188405579229,60.37935625873294,0.07991530501083971,0.071698118332926,False,False,normal
79,test,train,74,False,6.454135915310751,0.6066010506540629,16.89213261779877,2.4084023127963525,258.8188405579229,60.37935625873294,0.06526624020641325,0.0398878434953174,False,False,normal
80,test,train,75,False,7.000075779720031,3.1286785837710402,14.387858765977134,3.854703271683936,258.8188405579229,60.37935625873294,0.05559046140134908,0.06384141055042157,False,False,normal
81,train,test,76,False,-5.908253032058002,2.8945642606185302,31.941156641976068,10.316815798285255,258.8188405579229,60.37935625873294,0.1234112500199835,0.17086660801874792,False,False,normal
82,train,train,77,False,-4.3140620128808305,3.445945813693025,18.958728772471975,8.877343943846693,258.8188405579229,60.37935625873294,0.07325096090996926,0.1470261442637147,False,False,normal
83,train,train,77,False,-0.08808053129158855,-1.8179459218009149,7.054158464649971,2.422540809265484,258.8188405579229,60.37935625873294,0.027255196914736473,0.04012200459515666,False,False,normal
84,test,train,78,False,0.8912653633693166,-2.448952960927464,33.72046060591489,3.928827485775301,258.8188405579229,60.37935625873294,0.13028595805941084,0.06506905222605874,False,False,normal
85,train,train,79,False,1.300429143879043,5.733890820435547,58.60857048549055,6.236070685166113,258.8188405579229,60.37935625873294,0.22644630645570846,0.10328150334103904,False,False,normal
86,train,train,79,False,0.45751967644223734,0.6288886170712815,15.673070577952249,3.7710848693857,258.8188405579229,60.37935625873294,0.06055614245147915,0.06245652658544651,False,False,normal
87,train,train,79,False,0.5998482593390665,-0.40784255997814617,4.863763322186328,0.9091543797781934,258.8188405579229,60.37935625873294,0.018792153274861115,0.015057371196247197,False,False,normal
88,train,test,80,False,2.648394928425177,0.9100821749166152,38.08546019710823,3.2258598351041683,258.8188405579229,60.37935625873294,0.14715103473537436,0.05342653573981418,False,False,normal
89,train,train,81,False,4.985570771622966,0.9796348695798169,18.933486982816525,3.692266650998586,258.8188405579229,60.37935625873294,0.07315343404677399,0.06115114303598686,False,False,normal
90,test,train,82,False,4.035002152016508,5.160642503107811,30.93378175035895,3.3363171407663463,258.8188405579229,60.37935625873294,0.11951904924570612,0.05525592433396968,False,False,normal
91,train,train,82,False,1.2464942154439014,0.6342170707202764,12.713040300141596,2.714700603663046,258.8188405579229,60.37935625873294,0.04911945464532925,0.04496074108558265,False,False,normal
92,train,train,82,False,1.6610919483379945,-0.9861898702292563,8.99729801870673,3.12076246348051,258.8188405579229,60.37935625873294,0.03476291756547437,0.05168591811591466,False,False,normal
93,test,train,83,False,5.9488149162874615,0.16113537164690933,24.507393536362148,1.7917026103363816,258.8188405579229,60.37935625873294,0.0946893722401846,0.029674092626273064,False,False,normal
94,train,train,84,False,-7.332884850715213,1.090050118689555,64.65784736886869,9.06349369861936,258.8188405579229,60.37935625873294,0.2498189360152027,0.15010914756661498,False,False,normal
95,test,train,85,False,-5.089847542501276,-1.0947405406408532,34.455744652914056,11.993858479097787,258.8188405579229,60.37935625873294,0.13312687970720957,0.1986417083962047,False,False,normal
96,test,train,86,False,-3.065165970645753,1.1345528412612034,25.398945135034946,2.3322578426881995,258.8188405579229,60.37935625873294,0.09813406582103414,0.03862674243650742,False,False,normal
97,train,train,87,False,-0.8003500487691608,0.49387417246385507,26.355026243520687,3.4694345223317464,258.8188405579229,60.37935625873294,0.101828082479268,0.057460608017495154,False,False,normal
98,train,test,88,False,0.12712335772668604,-0.7540840973181514,23.101416062879174,2.9767733054534364,258.8188405579229,60.37935625873294,0.089257088135781,0.049301176592502875,False,False,normal
99,test,train,89,False,4.23924076021325,-0.3250176406427761,40.006874326676595,6.26620431301324,258.8188405579229,60.37935625873294,0.15457481472537227,0.10378057503895516,False,False,normal
100,test,train,90,False,4.622864522689496,0.44747506933031767,31.84763977471463,7.393273643956061,258.8188405579229,60.37935625873294,0.1230499283053052,0.12244704319593898,False,False,normal
101,train,train,91,False,4.1177082907256235,1.8799462960827726,17.238121332736576,4.029536765082452,258.8188405579229,60.37935625873294,0.06660303900433684,0.06673699447565146,False,False,normal
102,train,train,92,False,5.494133421572344,-1.5456404985860428,50.52264466036818,3.8748959174899102,258.8188405579229,60.37935625873294,0.19520466342967546,0.06417584018096362,False,False,normal
103,train,test,93,False,7.335206693272797,-0.8514294660007291,40.00434617266734,5.130552114655746,258.8188405579229,60.37935625873294,0.15456504668065107,0.08497195784384817,False,False,normal
104,train,train,94,False,-7.777281303305391,4.90422212705089,45.245134436966104,13.686744597280228,258.8188405579229,60.37935625873294,0.17481391362171864,0.22667920702285813,False,False,normal
105,train,train,94,False,-0.009365224035708658,-1.1412621975237287,22.0850547750906,8.781404240920322,258.8188405579229,60.37935625873294,0.08533016656547471,0.14543719550918907,False,False,normal
106,test,train,95,False,-1.2851422623014666,-0.9773841023688681,50.12860805773962,4.510439007187657,258.8188405579229,60.37935625873294,0.1936822217025618,0.07470167432491119,False,False,normal
107,train,test,96,False,-1.777203103793412,3.877335141835583,40.16214059567222,4.629543420031918,258.8188405579229,60.37935625873294,0.15517471799617327,0.07667427589313401,False,False,normal
108,train,test,96,False,0.06769468866363988,0.6585005575939316,23.311675321154148,6.130445324568617,258.8188405579229,60.37935625873294,0.09006946816894137,0.10153214118909959,False,False,normal
109,test,test,96,False,0.6260262953201117,-1.99852287371498,26.350469100893104,11.298931565950873,258.8188405579229,60.37935625873294,0.10181047501832056,0.18713236221886115,False,False,normal
110,train,train,97,False,-0.08192015014455553,0.02996171764954794,42.98219999010664,7.623686917165644,258.8188405579229,60.37935625873294,0.1660705994101977,0.12626313676643408,False,False,normal
111,train,train,98,False,1.3057923254282748,0.4809841161733838,47.01999265833638,4.765233096069076,258.8188405579229,60.37935625873294,0.18167144461731502,0.0789215617942243,False,False,normal
112,train,train,99,False,2.913377494990756,5.422691911301743,31.910836534452304,2.431465523040887,258.8188405579229,60.37935625873294,0.12329410202774922,0.040269815276296736,False,False,normal
113,train,train,99,False,1.3859271387739314,-0.6652190806390619,25.506393631547706,7.11118828679005,258.8188405579229,60.37935625873294,0.09854921526023701,0.11777515905134425,False,False,normal
114,train,train,100,False,4.157305859981339,2.4176967146184625,30.809695511915866,1.803525613339903,258.8188405579229,60.37935625873294,0.11903961645721362,0.029869904634484253,False,False,normal
115,train,train,101,False,3.9515231998593947,5.913791979993458,35.82540741422323,3.2283189321582824,258.8188405579229,60.37935625873294,0.138418854427275,0.05346726318718173,False,False,normal
116,train,train,101,False,2.0264013252847253,-1.1600586648894535,23.98285990884568,6.818762486133329,258.8188405579229,60.37935625873294,0.09266272832822765,0.11293201697802302,False,False,normal
117,train,test,102,False,6.80875978608235,1.6854828726798032,33.119277558166246,4.52438515757924,258.8188405579229,60.37935625873294,0.12796316329511664,0.0749326497982472,False,False,normal
118,train,train,103,False,6.10491340368636,4.795110613035716,34.6514354949036,3.6404560541279185,258.8188405579229,60.37935625873294,0.13388297165773258,0.060293058417650536,False,False,normal
119,train,train,104,False,-5.216639996043187,3.395553397366755,37.51866789986394,11.90687436092306,258.8188405579229,60.37935625873294,0.1449611157324823,0.19720108160644584,False,False,normal
120,test,train,105,False,-0.0296409443972652,-0.2547482045719804,39.32099048818689,5.939519171294039,258.8188405579229,60.37935625873294,0.15192476097730978,0.09837003140348949,False,False,normal
121,train,train,106,False,3.098067026716924,-0.29887496236662614,39.315926754035615,3.21090700223235,258.8188405579229,60.37935625873294,0.15190519619547105,0.053178887639563764,False,False,normal
122,test,train,107,False,6.124215213182566,0.6418847876238704,39.78364303183332,4.61443336655714,258.8188405579229,60.37935625873294,0.1537123145520384,0.07642402391280437,False,False,normal
123,train,train,108,False,7.6170962221241805,2.6683434572992586,43.49512140012675,5.583317019391979,258.8188405579229,60.37935625873294,0.168052377123576,0.09247062846226417,False,False,normal
124,train,test,109,False,-7.053385744889519,3.342915345572947,58.34130115184962,4.643434740145052,258.8188405579229,60.37935625873294,0.22541365623184997,0.07690434327003033,False,False,normal
125,train,train,110,False,0.20055157662593834,-0.7094007676214316,35.71961176312729,5.094425373754757,258.8188405579229,60.37935625873294,0.13801009109741896,0.08437362849521814,False,False,normal
126,train,train,111,False,2.886515507390241,0.4719631255171332,34.64097201596644,6.229331985250342,258.8188405579229,60.37935625873294,0.13384254384762956,0.10316989731650816,False,False,normal
127,train,train,112,False,4.061226299166394,0.4481344688525045,34.9427364076657,4.223093429444291,258.8188405579229,60.37935625873294,0.13500847284664974,0.0699426706596178,False,False,normal
128,train,train,113,False,-6.919331722671955,1.3607487263459004,51.966387679946706,6.055293546072648,258.8188405579229,60.37935625873294,0.20078286251466604,0.10028748104111898,False,False,normal
129,train,train,114,False,-5.377231467931783,4.361149828397574,49.242376105106786,6.922281233512556,258.8188405579229,60.37935625873294,0.1902580816719426,0.1146464895029641,False,False,normal
130,train,train,114,False,0.06335824336796882,-1.7973537271204603,25.222462532174433,11.372450907529744,258.8188405579229,60.37935625873294,0.09745218886617228,0.18834998602498176,False,False,normal
131,train,train,115,False,-1.2215204133575328,-0.9373684793540866,35.763554909880504,4.25305173649644,258.8188405579229,60.37935625873294,0.13817987451294808,0.0704388387029433,False,False,normal
132,test,train,116,False,-1.5022955813161412,-1.227765972583428,28.149268761795078,2.9128048979114882,258.8188405579229,60.37935625873294,0.10876050870607062,0.048241734897433525,False,False,normal
133,train,train,117,False,-0.7646830514153845,-0.6320463906734298,35.3674769591133,3.35921607769763,258.8188405579229,60.37935625873294,0.13664954561605092,0.055635175428220496,False,False,normal
134,test,train,118,False,2.621859588781506,-0.3954115742070781,33.42371301362615,4.103542452161402,258.8188405579229,60.37935625873294,0.12913941250017313,0.06796267311259861,False,False,normal
135,test,train,119,False,3.6936548753296554,-0.9167744833207541,25.917784608813996,3.2292881378778415,258.8188405579229,60.37935625873294,0.10013870919498873,0.05348331512578482,False,False,normal
136,train,test,120,False,4.547784102678169,2.5267802804127437,29.992485526127275,2.4729666430374113,258.8188405579229,60.37935625873294,0.1158821570387765,0.04095715483352367,False,False,normal
137,train,train,121,False,3.8855035846699937,2.670931484445253,1124.0746476050447,277.25071429990953,258.8188405579229,60.37935625873294,4.343094363539891,4.591813021521069,True,True,both alarms
138,train,train,121,False,-7.363607480944839,-1.4088827712429224,3380.05389685007,82.16876940401467,258.8188405579229,60.37935625873294,13.05953573381233,1.360875214566903,True,True,both alarms
139,test,train,121,False,-6.626469871251541,-1.072429939550823,46771.488375833025,94717.93043196041,258.8188405579229,60.37935625873294,180.71129704085706,1568.713817121244,True,True,both alarms
140,train,train,121,False,-0.5147702481289894,0.9415965595935298,25.662197212620587,9.763011920658656,258.8188405579229,60.37935625873294,0.0991511945471275,0.16169453478144008,False,False,normal
141,train,train,121,False,-0.6339773242785562,0.9001149824453262,28.98997658311097,41.550913763277904,258.8188405579229,60.37935625873294,0.11200875686104891,0.6881642392016759,False,False,normal
142,train,train,122,False,-9.166139032351468,7.618102752969004,65.39186939868227,5.989152973327931,258.8188405579229,60.37935625873294,0.25265498159917676,0.09919206405023062,False,False,normal
143,train,train,122,False,-0.38910033386860343,0.5409449618030143,30.620886775775432,9.001122792934366,258.8188405579229,60.37935625873294,0.11831011494282066,0.1490761636206165,False,False,normal
144,test,train,122,False,0.10638248753399711,-1.6176004714936918,26.01467939403761,10.84842943494657,258.8188405579229,60.37935625873294,0.10051308219277647,0.17967116755037468,False,False,normal
145,train,train,123,False,-0.18108929720430328,-2.7364081792588912,31.57006893844772,4.800232124073987,258.8188405579229,60.37935625873294,0.12197747610024716,0.07950121401600249,False,False,normal
146,train,test,124,False,2.8923792471753025,0.3244255378563965,28.35756857363982,3.1031856708868824,258.8188405579229,60.37935625873294,0.10956531801359909,0.051394812120708136,False,False,normal
147,train,train,125,False,3.1156242249727453,0.5125990612310299,31.107549440362074,4.090040172451115,258.8188405579229,60.37935625873294,0.12019043657449774,0.06773904900417936,False,False,normal
148,train,train,126,False,3.1086216307429497,1.2373778074105202,25.419567447385255,1.807668790748574,258.8188405579229,60.37935625873294,0.09821374438039193,0.02993852373984399,False,False,normal
149,test,train,127,False,5.45630337410079,-1.275928992816993,35.64814368859812,3.446962273939811,258.8188405579229,60.37935625873294,0.13773395944342068,0.05708842371835094,False,False,normal
150,test,train,128,False,-6.878837250165225,-0.8887010747507919,71.2959045152333,9.487785797944543,258.8188405579229,60.37935625873294,0.2754664396206407,0.15713625294857764,False,False,normal
151,test,train,129,False,-3.5494557076074,-0.7504198036174217,40.940994417407666,9.764443215478003,258.8188405579229,60.37935625873294,0.15818398045966514,0.16171823981753247,False,False,normal
152,test,train,130,False,1.3795020088700642,0.17148843635876254,38.62039941476821,2.411359754722888,258.8188405579229,60.37935625873294,0.1492178827921342,0.039936824506540215,False,False,normal
153,train,train,131,False,3.1089664673146022,4.098697526325269,34.778659907204705,1.515354332465355,258.8188405579229,60.37935625873294,0.13437452942851486,0.025097225713567994,False,False,normal
154,train,train,132,False,4.012127896985619,0.5813664187064492,32.361195573623476,2.6275815084185328,258.8188405579229,60.37935625873294,0.12503415711106677,0.04351787881207319,False,False,normal
155,train,train,133,False,4.962658170270364,2.073836046831787,36.36258698801711,3.9585912484625627,258.8188405579229,60.37935625873294,0.14049435856227502,0.0655619982349516,False,False,normal
156,train,test,134,False,5.559198179499569,0.4495290156757638,35.08515437610939,7.425477383292994,258.8188405579229,60.37935625873294,0.1355587340569105,0.12298039998097882,False,False,normal
157,test,train,135,False,-9.757290538594372,8.457780796669214,229.74376179864063,35.32931725360255,258.8188405579229,60.37935625873294,0.8876624333197438,0.5851224564603189,False,False,normal
158,train,train,135,False,0.1220072262960734,-1.848020659358956,28.64541459095493,10.471548379798246,258.8188405579229,60.37935625873294,0.11067747050100925,0.1734292816062228,False,False,normal
159,train,train,136,False,-5.610602253976045,1.0978385191788966,78.01641643715342,9.571836988740563,258.8188405579229,60.37935625873294,0.3014325242666929,0.15852830473587806,False,False,normal
160,train,train,137,False,-5.568269049012738,4.887380976991508,52.41304028777822,9.502871997508823,258.8188405579229,60.37935625873294,0.20250859703564872,0.15738610986158666,False,False,normal
161,train,train,137,False,-0.239694424466262,0.00955925107327425,26.51738339656806,10.257323363706437,258.8188405579229,60.37935625873294,0.10245538284386815,0.16988129717303624,False,False,normal
162,train,train,138,False,-0.8776009969592473,0.3728496835671744,70.40816491277756,5.816142351430753,258.8188405579229,60.37935625873294,0.2720364744738141,0.09632667043530359,False,False,normal
163,train,test,139,False,-1.515330409442947,3.5309153573686234,35.268228068822175,3.393129816628593,258.8188405579229,60.37935625873294,0.13626607704754495,0.05619685314445248,False,False,normal
164,train,train,140,False,-6.52647562734964,3.7570013542495166,44.59988722589324,7.159546322732704,258.8188405579229,60.37935625873294,0.1723208678694004,0.1185760625213222,False,False,normal
165,train,train,141,False,-1.231623647193652,-2.5021038188132922,35.47208205221522,3.595362954274994,258.8188405579229,60.37935625873294,0.13705370897941518,0.05954622866246574,False,False,normal
166,test,train,142,False,1.4405585361376945,5.369334288068165,39.51316543360888,5.557321508993546,258.8188405579229,60.37935625873294,0.15266726853590842,0.09204009206689356,False,False,normal
167,train,train,143,False,3.8667579818485467,1.63090400964255,38.33410378649289,3.273517986654893,258.8188405579229,60.37935625873294,0.14811172055271543,0.05421584775808916,False,False,normal
168,test,test,144,False,4.69798772869649,1.781318541828057,33.43383757431607,3.68346664270578,258.8188405579229,60.37935625873294,0.12917853082968928,0.06100539772106337,False,False,normal
169,train,train,145,False,6.602873170243525,4.086353553300037,49.38721423626308,7.415892181342858,258.8188405579229,60.37935625873294,0.190817693680265,0.12282165032639387,False,False,normal
170,train,train,146,False,-7.772939395361499,7.146977276689056,43.607638082525106,5.1797119131418885,258.8188405579229,60.37935625873294,0.16848710854481186,0.08578614006658482,False,False,normal
171,train,train,146,False,0.07480945405166839,-1.5667994003920331,28.28909605305412,12.663521437667251,258.8188405579229,60.37935625873294,0.10930076030041988,0.20973263417056834,False,False,normal
172,train,train,147,False,-0.3248567780294981,-1.0817795156086036,31.506809753374547,3.8009015422912347,258.8188405579229,60.37935625873294,0.12173306118463743,0.06295034889083458,False,False,normal
173,train,train,148,False,-0.4191272269510914,4.534090846729671,80.96003769211924,17.96925815232839,258.8188405579229,60.37935625873294,0.31280581242693817,0.2976059909504155,False,False,normal
174,train,test,149,False,4.918819693021261,0.16642897955548058,32.03639182579007,2.5008642490147985,258.8188405579229,60.37935625873294,0.1237792108052521,0.04141919364456767,False,False,normal
175,test,train,150,False,6.6570341988979145,4.885602865705108,40.90139516351701,2.467503805814691,258.8188405579229,60.37935625873294,0.15803098057061035,0.04086667958567056,False,False,normal
176,train,train,151,False,-6.6262849039262175,0.5699617488641257,62.2114561137435,7.309037482969345,258.8188405579229,60.37935625873294,0.2403667985670493,0.12105192794121925,False,False,normal
177,test,test,152,False,-2.1642931627527737,-0.8462418042270432,33.7975278710113,5.862817702168335,258.8188405579229,60.37935625873294,0.130583723341607,0.09709970535368814,False,False,normal
178,train,train,153,False,-1.148235039103269,3.3132150352126057,34.55688198872842,9.80954662655909,258.8188405579229,60.37935625873294,0.13351764467469165,0.1624652403467831,False,False,normal
179,test,train,154,False,1.0058246693627522,0.020041402267221307,71.25080744144681,23.609489929320123,258.8188405579229,60.37935625873294,0.27529219776989566,0.39101923889599893,False,False,normal
180,test,train,155,False,3.6923578116299725,0.7182567528372223,34.1449896858866,6.423502197180449,258.8188405579229,60.37935625873294,0.131926213765126,0.10638573504584836,False,False,normal
181,train,train,156,False,5.022482022088885,0.488882655415205,37.93713222673776,2.718912085332931,258.8188405579229,60.37935625873294,0.14657793901308952,0.045030491442837835,False,False,normal
182,train,test,157,False,7.625929274016901,1.6764065326124749,35.51489052642306,12.537423494294732,258.8188405579229,60.37935625873294,0.13721910835341575,0.2076442060854431,False,False,normal
183,train,train,158,False,-8.875157101461452,7.581399642037267,61.593128982562746,11.705855333848618,258.8188405579229,60.37935625873294,0.23797776409858534,0.19387181412944507,False,False,normal
184,test,train,158,False,0.16837833887318684,-1.9094257610129888,31.091962240051668,10.82537737985669,258.8188405579229,60.37935625873294,0.12013021220954499,0.17928938052053123,False,False,normal
185,train,train,159,False,-2.4839383378838353,-3.369119795148107,41.70394207272323,5.4073121301301965,258.8188405579229,60.37935625873294,0.16113178616681892,0.08955564393497674,False,False,normal
186,train,train,160,False,-1.031157027365531,1.6523740786324885,285.34806135652684,34.140477135718,258.8188405579229,60.37935625873294,1.102501119089384,0.5654329434951554,True,False,t2 alarm only
187,train,train,161,False,-1.186236118529528,0.7826255596514623,33.081289601453875,7.4450311926582335,258.8188405579229,60.37935625873294,0.12781638898521525,0.12330424923305514,False,False,normal
188,train,train,162,False,4.2218422718630135,-0.9566486710692075,41.14082522862952,3.626380881302323,258.8188405579229,60.37935625873294,0.1589560680356356,0.06005994608095582,False,False,normal
189,train,train,163,False,4.122360808270435,3.756845375571436,32.513974691186306,4.451244569047869,258.8188405579229,60.37935625873294,0.125624450759062,0.0737212988819182,False,False,normal
190,train,train,164,False,6.86421742847309,1.6015543435530768,44.47848587684512,5.675964516479546,258.8188405579229,60.37935625873294,0.17185180870513544,0.09400505186172145,False,False,normal
191,test,train,165,False,-4.479231413065783,3.5299786267843127,38.28896398466754,5.721582318062716,258.8188405579229,60.37935625873294,0.147937313613375,0.0947605717017756,False,False,normal
192,test,test,166,False,1.3316672220981198,-1.4930075670310505,204.91611359609658,20.35779100034127,258.8188405579229,60.37935625873294,0.7917356910894474,0.33716475732377205,False,False,normal
193,train,train,167,False,3.2349434815255873,2.7561768501883557,30.677144853943844,3.59557507081806,258.8188405579229,60.37935625873294,0.11852747963716494,0.059549741726469894,False,False,normal
194,train,train,168,False,3.767437075584819,5.885731437871248,34.252796874161,3.0683467832446016,258.8188405579229,60.37935625873294,0.13234274908396912,0.0508178121359287,False,False,normal
195,train,train,168,False,1.2367497539136145,1.6136271525757477,34.56820868630246,8.671969500355512,258.8188405579229,60.37935625873294,0.13356140770813088,0.14362474258909055,False,False,normal
196,test,train,168,False,1.6597609053442597,-0.3039559431969612,35.07798213510222,8.601873584259401,258.8188405579229,60.37935625873294,0.13553102262372538,0.1424638173914826,False,False,normal
197,train,train,169,False,6.508856474015991,6.91069503936082,37.864852214322916,3.6757184600257027,258.8188405579229,60.37935625873294,0.14629867026951957,0.060877072691447695,False,False,normal
198,train,train,169,False,2.3365352365992558,-0.0847548606705044,38.67941423376513,9.489424494010454,258.8188405579229,60.37935625873294,0.14944589872354672,0.15716339295415982,False,False,normal
199,test,test,170,False,-8.896251960575066,7.906963972870525,51.37147340610731,6.381904149923845,258.8188405579229,60.37935625873294,0.1984842884519859,0.10569679018399275,False,False,normal
200,train,test,170,False,-0.10399347337794645,-0.7718222464153258,24.839050913982483,9.389229514226683,258.8188405579229,60.37935625873294,0.09597079895898682,0.15550396850858567,False,False,normal
201,train,train,171,False,-0.2190711641760279,-2.7582789912125,37.73348274873032,3.6412078533531247,258.8188405579229,60.37935625873294,0.14579109722997802,0.060305509680330195,False,False,normal
202,train,train,172,False,3.4320986209117876,-2.0638474269222824,40.4660477928721,4.495426096314805,258.8188405579229,60.37935625873294,0.1563489261664315,0.07445303121569156,False,False,normal
203,test,test,173,False,4.141371732989084,1.6841386953652144,24.93769938548305,3.6900358898235246,258.8188405579229,60.37935625873294,0.09635194768559388,0.06111419727648749,False,False,normal
204,train,test,174,False,-8.818477852447927,6.877882690260086,52.52033881901744,4.207614308927715,258.8188405579229,60.37935625873294,0.20292316705307062,0.06968630620865801,False,False,normal
205,test,test,175,False,-1.3372391564575166,-2.041917211475125,43.579822301980876,4.685629771350767,258.8188405579229,60.37935625873294,0.16837963653665253,0.07760317535139442,False,False,normal
206,train,train,176,False,-0.5538590936468654,-0.3782730055251907,31.8462751302057,3.1618477753774066,258.8188405579229,60.37935625873294,0.12304465571963877,0.05236637107935536,False,False,normal
207,train,train,177,False,-0.8897849163807868,7.155746682325698,56.35572259631655,16.793047786519733,258.8188405579229,60.37935625873294,0.2177419637412536,0.27812565133287387,False,False,normal
208,train,train,177,False,-0.10806816008735654,1.3160500747691877,25.32548597302236,9.586362389799142,258.8188405579229,60.37935625873294,0.0978502411896656,0.15876887373095538,False,False,normal
209,train,train,177,False,0.11593264990587307,0.40649221092325516,25.898875413642006,9.326018498221538,258.8188405579229,60.37935625873294,0.10006564961736591,0.15445707069579223,False,False,normal
210,train,test,178,False,-0.0957970883985902,2.771027477331762,52.26552825145374,10.146778314828039,258.8188405579229,60.37935625873294,0.20193865384292556,0.1680504553799456,False,False,normal
211,test,test,179,False,1.9981052585741577,0.6740185655475682,28.64223079644176,6.741690787688469,258.8188405579229,60.37935625873294,0.11066516925390411,0.11165555920800974,False,False,normal
212,train,train,180,False,3.5752403582457055,-0.3183768728961612,37.356436051150226,8.251544907729382,258.8188405579229,60.37935625873294,0.14433429950703286,0.1366616906674278,False,False,normal
213,train,train,181,False,5.049813400043343,3.568095811336181,35.92139798386423,6.878194357331068,258.8188405579229,60.37935625873294,0.13878973380156662,0.11391632477592445,False,False,normal
214,test,train,182,False,8.894465452414282,1.5248860405275402,37.955175487635636,10.40104967748636,258.8188405579229,60.37935625873294,0.14664765287495127,0.1722616854826439,False,False,normal
215,train,test,183,False,-9.007681113502287,8.570061640979697,163.51510958851097,10.46229497395455,258.8188405579229,60.37935625873294,0.6317743686511754,0.1732760271428257,False,False,normal
216,train,test,183,False,-0.023748885352027554,-1.2889922638363644,34.699336506585475,10.314989720882883,258.8188405579229,60.37935625873294,0.13406804710115322,0.170836364612466,False,False,normal
217,train,test,184,False,-1.6816251264895279,-0.720114335757025,21.081276317474096,5.453161755924982,258.8188405579229,60.37935625873294,0.08145186135611394,0.09031500323649552,False,False,normal
218,train,train,185,False,-0.03504025128170554,-2.0135197804443536,30.075275930119034,2.9915588155167576,258.8188405579229,60.37935625873294,0.11620203484911398,0.04954605350043087,False,False,normal
219,test,train,186,False,1.335037620160193,-2.076947216363905,36.70030479875981,3.329485584303151,258.8188405579229,60.37935625873294,0.14179920101506827,0.0551427804237577,False,False,normal
220,train,train,187,False,0.6547232411285737,-0.23368955000870403,23.359522602440645,3.389950049094857,258.8188405579229,60.37935625873294,0.09025433601389174,0.056144189987195385,False,False,normal
221,train,test,188,False,3.804479868408978,-1.311522001718099,30.5148594852523,4.747046029439915,258.8188405579229,60.37935625873294,0.11790045662623684,0.07862034846973592,False,False,normal
222,train,train,189,False,1.245244942900038,6.458050620158811,97.61170044696453,18.13837436276876,258.8188405579229,60.37935625873294,0.3771429476947963,0.3004068855097362,False,False,normal
223,train,train,189,False,1.073756767811643,0.08373478438638933,26.836505823709043,8.912268459737147,258.8188405579229,60.37935625873294,0.10368837819479804,0.14760456241942999,False,False,normal
224,train,train,190,False,3.411215061292274,0.7588527681570064,26.277755106345328,3.5948557224483575,258.8188405579229,60.37935625873294,0.10152952949522406,0.05953782791330137,False,False,normal
225,train,train,191,False,-0.9632204706309495,6.307765957203873,75.08991531449637,26.510643558327867,258.8188405579229,60.37935625873294,0.29012538327050985,0.43906800603713814,False,False,normal
226,train,train,191,False,-0.10267947575551559,-0.929093250860671,28.1262258118436,8.573518799162517,258.8188405579229,60.37935625873294,0.10867147751382122,0.14199420680180722,False,False,normal
227,test,test,192,False,1.1994053329849748,0.6379509047853232,45.049063667540764,20.576607795167785,258.8188405579229,60.37935625873294,0.17405635374314612,0.3407887905759462,False,False,normal
228,test,train,193,False,2.2328949451515663,0.7802556146418413,35.82995542636071,12.932404367148287,258.8188405579229,60.37935625873294,0.13843642661068978,0.2141858603415934,False,False,normal
229,train,test,194,False,3.6852451781407245,3.749028926501632,26.204297315439547,8.326727178301347,258.8188405579229,60.37935625873294,0.10124571016140961,0.13790685582370737,False,False,normal
230,test,train,195,False,6.639593243115248,1.3770304971395024,31.162041076610524,10.272485637020258,258.8188405579229,60.37935625873294,0.12040097625596369,0.17013241401583346,False,False,normal
231,train,test,196,False,-10.214524915555632,7.619468469457158,102.10273478132208,12.218851696797124,258.8188405579229,60.37935625873294,0.39449498560933316,0.20236803526751507,False,False,normal
232,train,test,196,False,0.04816894409294541,-1.7067659092446081,30.042786939539802,8.829077296727183,258.8188405579229,60.37935625873294,0.11607650692962715,0.14622675437103874,False,False,normal
233,test,train,197,False,-5.035439814777138,-1.3982679174622679,38.86948180753792,7.142180389372615,258.8188405579229,60.37935625873294,0.15018026401690432,0.11828844876661979,False,False,normal
234,train,train,198,False,-5.850955832159976,1.4921482312916934,39.31936777738315,6.972305382446141,258.8188405579229,60.37935625873294,0.15191849129925913,0.11547498705632034,False,False,normal
235,train,train,199,False,-1.8464921575419477,0.7752403228257633,32.95003235069709,2.801906322793788,258.8188405579229,60.37935625873294,0.12730924951084838,0.04640503801973767,False,False,normal
236,train,train,200,False,-2.0400297379665555,3.344062740022644,32.616472340544526,3.2239571465656693,258.8188405579229,60.37935625873294,0.12602047157863322,0.05339502350357327,False,False,normal
237,train,train,200,False,0.030068911321901957,0.5152515966610113,23.05724824827078,7.2980488277683735,258.8188405579229,60.37935625873294,0.08908643666963123,0.12086993436126314,False,False,normal
238,test,train,200,False,0.5843937148409802,-2.0165275772369577,22.119106108821498,6.52909461955133,258.8188405579229,60.37935625873294,0.08546173092013101,0.10813455167645974,False,False,normal
239,test,train,201,False,-0.11515256876150372,3.322600816949906,42.52920964112073,4.005234227823492,258.8188405579229,60.37935625873294,0.16432037771841737,0.06633449702014994,False,False,normal
240,test,train,202,False,2.633053442213507,-1.4657151515966012,32.417657805452684,4.9848167354315835,258.8188405579229,60.37935625873294,0.12525231059520842,0.08255829548879311,False,False,normal
241,train,test,203,False,4.128510080727953,1.2770145967791733,27.887457382981655,4.304302337165596,258.8188405579229,60.37935625873294,0.10774894641698436,0.07128764869107138,False,False,normal
242,train,train,204,False,4.64302754261471,-0.3850925532718125,35.027463100290504,7.055065315626264,258.8188405579229,60.37935625873294,0.13533583190769088,0.11684565309696984,False,False,normal
243,train,train,205,False,6.933192415506098,1.6967013106598006,33.46970251283246,5.373543189014754,258.8188405579229,60.37935625873294,0.12931710242068734,0.08899636435321474,False,False,normal
244,train,train,206,False,-7.440716842627189,6.732772596687264,51.64463132519732,4.255063607920378,258.8188405579229,60.37935625873294,0.19953969044088735,0.0704721592208918,False,False,normal
245,train,train,206,False,-0.2735523482019012,-0.1002989860888129,24.83207760738373,8.150833399493834,258.8188405579229,60.37935625873294,0.09594385614994046,0.13499371150242997,False,False,normal
246,train,train,207,False,-3.762994019398094,-0.6818889186664336,32.87842186659428,6.259519620269762,258.8188405579229,60.37935625873294,0.1270325676280749,0.1036698634786193,False,False,normal
247,train,train,208,False,0.9682978577594015,-1.7468730690612944,25.755465075124334,2.9981600940300117,258.8188405579229,60.37935625873294,0.09951155418054018,0.04965538355828983,False,False,normal
248,test,train,209,False,2.705886334712974,0.8919661316917028,42.810740012028745,11.99812477161267,258.8188405579229,60.37935625873294,0.16540812840264552,0.1987123665280437,False,False,normal
249,train,train,210,False,3.7007107106690924,0.06409274892101005,37.55346607063926,3.961019853643938,258.8188405579229,60.37935625873294,0.14509556564617598,0.06560222067738654,False,False,normal
250,train,test,211,False,4.422639889215154,2.1353331600857963,32.234802992638656,4.933319112453419,258.8188405579229,60.37935625873294,0.12454581329223056,0.0817053943290409,False,False,normal
251,test,train,212,False,7.148970562526895,4.430901140468157,16.554433212613766,6.06251913416699,258.8188405579229,60.37935625873294,0.06396146886729033,0.10040715088429153,False,False,normal
252,test,train,213,False,-0.7154535411250552,1.9959557231998017,19.719815943298897,4.800124780514214,258.8188405579229,60.37935625873294,0.0761915782513741,0.07949943619711829,False,False,normal
253,train,test,214,False,3.868076872835981,-0.33554949585109833,19.106712130630225,4.344352907248073,258.8188405579229,60.37935625873294,0.07382272515185848,0.0719509643102518,False,False,normal
254,test,train,215,False,4.668357853168493,3.3883611359985615,30.965615929223713,9.135516015271559,258.8188405579229,60.37935625873294,0.11964204716500806,0.1513019777177609,False,False,normal
255,train,train,216,False,6.565355345961722,1.6557589969944264,43.769408628452524,12.36836518371108,258.8188405579229,60.37935625873294,0.1691121424317526,0.20484427046077008,False,False,normal
256,train,test,217,False,-7.185571789473288,6.101138642627216,39.20317917404246,5.656531438612512,258.8188405579229,60.37935625873294,0.15146957265372998,0.09368320215892302,False,False,normal
257,train,test,218,False,0.5898946098916554,-0.47280217406697966,16.498121222887526,6.759706235979682,258.8188405579229,60.37935625873294,0.06374389587451727,0.11195393019782311,False,False,normal
258,train,train,219,False,3.6230873120544422,0.6615722234543285,21.404412356151187,5.235656904144168,258.8188405579229,60.37935625873294,0.082700364123457,0.08671269832206784,False,False,normal
259,train,train,220,False,4.988062613992634,0.6751702873282514,21.67270143456027,3.4785825711459553,258.8188405579229,60.37935625873294,0.0837369543416604,0.05761211756282731,False,False,normal
260,train,test,221,False,6.926950852482477,2.1999139006506376,213.02421135691537,19.75470796425798,258.8188405579229,60.37935625873294,0.823062999964414,0.32717652502962496,False,False,normal
261,train,train,222,False,-6.221473007583457,2.1056274192698665,41.15544583088939,5.517332781128495,258.8188405579229,60.37935625873294,0.15901255774955425,0.09137780067554957,False,False,normal
262,train,train,223,False,-2.1855668319599717,-0.2723791088049165,23.139597125489992,10.336611757952511,258.8188405579229,60.37935625873294,0.08940460855017013,0.1711944677525024,False,False,normal
263,train,train,224,False,0.05118621812718945,0.41220427447059765,28.398436430158064,4.933289112002293,258.8188405579229,60.37935625873294,0.1097232194106927,0.08170489746300945,False,False,normal
264,train,train,225,False,4.017428044555193,0.13202129894360232,27.20869305902598,10.78105812976562,258.8188405579229,60.37935625873294,0.10512640038249747,0.17855536722795562,False,False,normal
265,train,train,226,False,5.095358955533948,0.8519843304963005,20.74078001244702,2.7076432499956558,258.8188405579229,60.37935625873294,0.08013628361728671,0.04484385753291361,False,False,normal
266,train,train,227,False,5.482545807151708,2.832728449678514,46.902612362726266,4.948045273742011,258.8188405579229,60.37935625873294,0.18121792162278696,0.08194928830541072,False,False,normal
267,train,train,228,False,5.493559533339613,1.817858880775826,22.119728904393273,7.838773229242979,258.8188405579229,60.37935625873294,0.08546413721934182,0.12982538594238857,False,False,normal
268,train,test,229,False,7.2049520077243505,2.405158126940106,21.77245676774191,3.5451264756825935,258.8188405579229,60.37935625873294,0.08412237965678275,0.05871421451549255,False,False,normal
269,train,train,230,False,-5.945455952933262,2.363799575344527,42.24665378028644,5.778295078171588,258.8188405579229,60.37935625873294,0.16322866484224033,0.09569984571234721,False,False,normal
270,train,train,231,False,-1.4211156287925482,-3.146427854447619,26.057255324761105,4.676051866648432,258.8188405579229,60.37935625873294,0.10067758308703793,0.07744454655347727,False,False,normal
271,train,train,232,False,-0.2547144582353191,0.3762154843049181,20.627732854540692,2.2914902102613577,258.8188405579229,60.37935625873294,0.07969950259445763,0.03795155086520037,False,False,normal
272,train,train,233,False,3.8585712300312407,-0.18279877939265415,30.047021710971293,4.86074470967904,258.8188405579229,60.37935625873294,0.1160928688429344,0.08050342055404092,False,False,normal
273,train,train,234,False,5.381534084552507,2.3589514187470524,17.39884534602074,4.3922886121813125,258.8188405579229,60.37935625873294,0.06722402939644932,0.07274487315432476,False,False,normal
274,test,train,235,False,8.11066583228054,1.7099486262174346,37.52448197349291,3.0891808829643153,258.8188405579229,60.37935625873294,0.14498357960573216,0.05116286549539874,False,False,normal
275,train,train,236,False,-7.67490527377687,7.840896776246169,61.107575426516036,5.833264730292851,258.8188405579229,60.37935625873294,0.2361017277366264,0.09661025045210149,False,False,normal
276,train,train,236,False,-0.24324644545639235,-0.8230573849503993,7.124770685265751,4.533949398531497,258.8188405579229,60.37935625873294,0.02752802180052749,0.07509105229779146,False,False,normal
277,train,train,237,False,-0.5967584798708111,-0.6895481569465742,18.92863984921962,4.272310717957346,258.8188405579229,60.37935625873294,0.07313470614587445,0.0707578050294205,False,False,normal
278,train,test,238,False,-0.5277369073177712,-0.8644519663036883,20.044911661062244,7.051834603719392,258.8188405579229,60.37935625873294,0.07744765264326363,0.11679214620145033,False,False,normal
279,train,test,239,False,-0.35981825823153907,-0.43611787988502115,18.729425259986883,4.674611744593344,258.8188405579229,60.37935625873294,0.07236499947072166,0.07742069532113029,False,False,normal
280,train,test,240,False,2.403864836858972,0.9254432830254092,24.150458854547846,6.431600515312754,258.8188405579229,60.37935625873294,0.09331028144043882,0.10651985900201648,False,False,normal
281,train,train,241,False,4.067964332582514,0.37604355006429174,18.076460063019667,4.966083493551967,258.8188405579229,60.37935625873294,0.06984213368722748,0.08224803643602444,False,False,normal
282,train,train,242,False,5.505240148129721,2.2244158318565486,22.53422512906516,2.99935359722647,258.8188405579229,60.37935625873294,0.08706562891823968,0.0496751503009385,False,False,normal
283,train,train,243,False,8.08834860972603,2.6698479385395206,35.46254046800296,6.7510755186364095,258.8188405579229,60.37935625873294,0.13701684309982276,0.11181098867147943,False,False,normal
284,train,train,244,False,-9.137175011358396,5.089266502138267,65.26199886331781,7.747411689221974,258.8188405579229,60.37935625873294,0.25215319998588887,0.12831226050213862,False,False,normal
285,train,train,245,False,-2.3070702193280184,-0.5106679915591661,21.624478190592406,3.5219860704569816,258.8188405579229,60.37935625873294,0.08355063388730741,0.05833096423494215,False,False,normal
286,train,test,246,False,-3.243098821592978,4.92370351770328,42.69403074790079,6.694565170002091,258.8188405579229,60.37935625873294,0.1649571980767219,0.11087506699003313,False,False,normal
287,test,test,246,False,0.1831927561565301,-1.8018100191131432,13.666128744645402,3.329641210221629,258.8188405579229,60.37935625873294,0.05280190852870683,0.05514535789274911,False,False,normal
288,train,test,247,False,1.3302515540329078,-0.2634926979985751,27.759570627145525,4.757564226896561,258.8188405579229,60.37935625873294,0.10725482954527421,0.07879455035111364,False,False,normal
289,train,train,248,False,5.119257471941808,0.5101667933780798,19.98296258610505,2.8191759014115414,258.8188405579229,60.37935625873294,0.07720829960843952,0.04669105595182279,False,False,normal
290,test,train,249,False,7.3528974445756035,1.860004515913318,22.167953461636813,6.174527591662611,258.8188405579229,60.37935625873294,0.08565046274780637,0.10226222958065342,False,False,normal
291,test,train,250,False,-9.17902053740766,7.382876113149388,50.97656195806051,9.173926984518742,258.8188405579229,60.37935625873294,0.19695846657906693,0.15193813834661204,False,False,normal
292,train,train,250,False,-0.026566551469355503,-1.6608529306269788,17.006110464296224,9.311328361221772,258.8188405579229,60.37935625873294,0.0657066171366698,0.15421377335196468,False,False,normal
293,train,test,251,False,-1.4553946013815733,-0.8808959105487215,33.15257601630817,9.803083130240635,258.8188405579229,60.37935625873294,0.12809181875957257,0.16235819223102052,False,False,normal
294,train,train,252,False,2.4736907923220617,-0.4484117011612,24.68364750361121,3.68312575644337,258.8188405579229,60.37935625873294,0.09537036581418068,0.06099975197914872,False,False,normal
295,train,train,253,False,3.9326101067883914,1.3955220633587535,19.601482034819977,3.826120716352195,258.8188405579229,60.37935625873294,0.07573437077674113,0.06336802764105001,False,False,normal
296,test,test,254,False,4.3896847754972494,1.3446111953836897,18.188507601752796,6.275808390986773,258.8188405579229,60.37935625873294,0.07027505247510087,0.10393963731733351,False,False,normal
297,test,train,255,False,6.018564500974,2.8304441192040017,21.374336559949885,3.1204859164049115,258.8188405579229,60.37935625873294,0.08258416007843282,0.051681337956523535,False,False,normal
298,test,test,256,False,7.735329757604739,1.9702065175129229,26.38999510296582,4.344001217321086,258.8188405579229,60.37935625873294,0.10196319188386062,0.07194513963856303,False,False,normal
299,train,test,257,False,-4.507241809418237,4.267586860944691,37.452191024455566,9.954324880431978,258.8188405579229,60.37935625873294,0.14470426860626429,0.16486305083771474,False,False,normal
300,train,test,257,False,-0.2670566235747648,-0.9753544487404737,5.149341128305095,2.448677895506786,258.8188405579229,60.37935625873294,0.019895542060249235,0.04055488576284088,False,False,normal
301,train,test,258,False,-3.592299723172312,2.211021022756009,28.01972631568285,7.616019446227725,258.8188405579229,60.37935625873294,0.10825999473331277,0.12613614848081764,False,False,normal
302,train,train,259,False,0.6672973120226677,-1.3563041943584166,26.72927732494017,3.7994171135404953,258.8188405579229,60.37935625873294,0.10327407876227711,0.06292576385312104,False,False,normal
303,train,train,260,False,3.245083317335443,-0.016421303864891018,36.51230978925791,7.89562688853746,258.8188405579229,60.37935625873294,0.14107284350146282,0.13076699351850873,False,False,normal
304,train,train,261,False,5.221607862740739,1.3284412757590809,34.847929482317234,5.900982620074713,258.8188405579229,60.37935625873294,0.13464216672633755,0.09773179089204395,False,False,normal
305,test,train,262,False,6.568039860429252,1.0565762744992921,33.49255824389936,2.8885863457205376,258.8188405579229,60.37935625873294,0.12940541025414193,0.04784062839859688,False,False,normal
306,train,test,263,False,6.848950820377849,2.7755736040299164,23.77509321485724,3.8373684416891773,258.8188405579229,60.37935625873294,0.09185997883155049,0.06355431192816272,False,False,normal
307,train,train,264,False,8.880869917475154,2.639829264428317,24.958224157389214,4.8726133182342215,258.8188405579229,60.37935625873294,0.0964312493773174,0.08069998787920951,False,False,normal
308,test,train,265,False,-6.441208441961038,2.7030889241306912,54.39400839849404,9.651646462714766,258.8188405579229,60.37935625873294,0.21016247612128847,0.1598501054127884,False,False,normal
309,test,test,266,False,0.4785122565008645,-0.8258511377315172,18.030497290628155,8.410730388627973,258.8188405579229,60.37935625873294,0.06966454703127758,0.1392981129607769,False,False,normal
310,train,train,267,False,3.3166441571249714,-0.5743809719146512,24.847059172527235,5.719423356272723,258.8188405579229,60.37935625873294,0.09600174051844783,0.0947248150802452,False,False,normal
311,train,train,268,False,4.689225259335066,2.746732436469391,23.23090057521305,4.212806137469872,258.8188405579229,60.37935625873294,0.08975737826943105,0.06977229302375272,False,False,normal
312,train,train,269,False,7.466254805300121,4.185821523947739,33.170500002389296,4.008016216411689,258.8188405579229,60.37935625873294,0.12816107177856642,0.06638057218160538,False,False,normal
313,train,test,270,False,-6.861890128878187,3.7902419544527564,52.593170804517044,5.646032825192256,258.8188405579229,60.37935625873294,0.20320456845855797,0.09350932462741592,False,False,normal
314,train,train,271,False,-2.0707546203499896,-0.8343782061811503,22.05762328102972,3.947167792817209,258.8188405579229,60.37935625873294,0.08522417932744462,0.06537280351090713,False,False,normal
315,test,train,272,False,-1.4607788579538652,-0.12431811501697639,23.137806769867254,4.165223520124218,258.8188405579229,60.37935625873294,0.08939769114176632,0.06898423199935627,False,False,normal
316,train,train,273,False,-0.9862806085216856,1.570113771041253,301.5403118489802,60.295665207870876,258.8188405579229,60.37935625873294,1.1650632202778002,0.9986139128329982,True,False,t2 alarm only
317,train,test,274,False,1.8965791113867294,0.13336456950746275,33.32514251195994,4.921555714118152,258.8188405579229,60.37935625873294,0.12875856502611088,0.08151056949048417,False,False,normal
318,test,train,275,False,2.2882089604662363,1.1745016012815208,30.789443466135626,8.782830038352497,258.8188405579229,60.37935625873294,0.11896136849915699,0.14546080949781898,False,False,normal
319,train,train,276,False,3.147875361554639,1.3039288786943455,27.72080658083485,4.168560386034944,258.8188405579229,60.37935625873294,0.10710505665305696,0.06903949701239198,False,False,normal
320,train,train,277,False,3.6346552395720804,0.493272842638672,36.11347704785303,5.557222344268434,258.8188405579229,60.37935625873294,0.13953187090246214,0.09203844970547641,False,False,normal
321,train,test,278,False,3.8923381224788782,1.2306763290073168,29.66748311708242,3.784535356073834,258.8188405579229,60.37935625873294,0.11462644316437591,0.06267929290031905,False,False,normal
322,test,test,279,False,4.126736039793072,1.6652441019106385,18.97368593886563,5.5142176277023225,258.8188405579229,60.37935625873294,0.07330875100887167,0.0913262076540403,False,False,normal
323,train,train,280,False,8.098722281181793,2.4453472080896606,22.0487191967909,5.749194858378941,258.8188405579229,60.37935625873294,0.08518977656055321,0.09521788926902329,False,False,normal
324,train,train,281,False,-6.976734670025305,6.342144762220524,63.08837708556993,12.617501562702415,258.8188405579229,60.37935625873294,0.2437549637019216,0.20897045521046753,False,False,normal
325,train,train,282,False,-0.5092055042646793,-0.2252382401242278,20.386176670067837,5.954566376915467,258.8188405579229,60.37935625873294,0.07876620042854056,0.0986192425006888,False,False,normal
326,train,test,283,False,1.0073269678754961,-0.6557210401660601,27.043230095154325,4.226251721345301,258.8188405579229,60.37935625873294,0.10448710007686682,0.06999497813847658,False,False,normal
327,train,train,284,False,2.3744803863925705,0.9989678536575368,28.444552178313316,5.000965447790769,258.8188405579229,60.37935625873294,0.10990139712007368,0.08282574968770814,False,False,normal
328,train,train,285,False,4.337617782588914,0.6865871286463647,32.57683842548864,12.200254487690758,258.8188405579229,60.37935625873294,0.1258673377690139,0.20206002918300706,False,False,normal
329,train,train,286,False,-6.45749472360101,2.2473208765355244,95.91905258569926,82.84498162426837,258.8188405579229,60.37935625873294,0.3706030533902839,1.3720746088989004,False,True,q alarm only
330,train,train,287,False,-5.2458590984400475,2.262013099539697,132.43181732610188,88.76875019106501,258.8188405579229,60.37935625873294,0.5116776546893773,1.4701837795467716,False,True,q alarm only
331,train,train,288,False,-4.3106574697972935,3.001751040880778,90.20563665200886,81.5616627464741,258.8188405579229,60.37935625873294,0.34852809191771766,1.350820343247324,False,True,q alarm only
332,train,test,289,False,-2.980578591863468,-1.6564896224236088,120.87905391598542,147.83424654949306,258.8188405579229,60.37935625873294,0.4670411692418236,2.448423694946418,False,True,q alarm only
333,train,train,290,False,-1.5722617591669414,-0.5664667692241725,85.78315076323267,41.508298802584264,258.8188405579229,60.37935625873294,0.3314409050682485,0.6874584522682905,False,False,normal
334,train,test,291,False,-2.6514843676873263,0.2902066503714677,65.14521014282171,34.55200680502184,258.8188405579229,60.37935625873294,0.2517019626638904,0.5722486781237325,False,False,normal
335,train,train,292,False,-2.433259049179464,1.3007761816037504,19.3430202154424,20.367361172467344,258.8188405579229,60.37935625873294,0.0747357502017458,0.33732325805513236,False,False,normal
336,train,train,293,False,-1.197475588423779,-1.2621502438016092,51.733592826991405,17.66985405141574,258.8188405579229,60.37935625873294,0.19988341156104353,0.2926472746032311,False,False,normal
337,train,train,294,False,-1.92912909497335,0.6992069674278475,54.66259608849417,13.73281701525884,258.8188405579229,60.37935625873294,0.21120022008699493,0.22744225619783087,False,False,normal
338,train,test,295,False,-1.0675389524822054,-1.4935150110258315,14.258034293133877,10.862725702947731,258.8188405579229,60.37935625873294,0.05508885776011724,0.179907941654754,False,False,normal
339,train,test,296,False,-1.2261269782759003,-0.9917733754589574,36.83511486701445,7.779293846958021,258.8188405579229,60.37935625873294,0.14232006753299267,0.12884029126814128,False,False,normal
340,train,train,297,False,-1.1858523120494517,-1.0908856824401534,33.91942639366433,7.6783582576284655,258.8188405579229,60.37935625873294,0.1310547034386906,0.12716860088282092,False,False,normal
341,train,test,298,False,-1.3374290340158828,-0.981832287510805,31.467802334178266,5.156757030973516,258.8188405579229,60.37935625873294,0.12158234797105455,0.08540596241000285,False,False,normal
342,train,test,299,False,-1.1529711300771976,-1.02562833098396,37.18691892517455,12.175509792231146,258.8188405579229,60.37935625873294,0.14367933510950193,0.20165020872461104,False,False,normal
343,train,train,300,False,-1.2011709386545604,-0.7390889765434682,107.02122952791919,8.521533403209808,258.8188405579229,60.37935625873294,0.4134986050367077,0.14113322716946491,False,False,normal
344,train,train,301,False,-1.2986085223417112,-1.2924034114725134,32.531576945384295,6.347522641560259,258.8188405579229,60.37935625873294,0.12569246070053322,0.10512736529287173,False,False,normal
345,train,train,302,False,-1.2880658097063278,-0.8427568087024626,31.476493959711753,6.016936772610152,258.8188405579229,60.37935625873294,0.12161592985989521,0.09965221800025229,False,False,normal
346,train,train,303,False,-1.4167577577818076,-0.6618728104593581,47.9614713457102,5.4618801658303875,258.8188405579229,60.37935625873294,0.1853090418082472,0.0904593971228438,False,False,normal
347,train,train,304,False,-1.3582397134110387,-0.6942607316200547,45.07278497855565,4.848576241641748,258.8188405579229,60.37935625873294,0.17414800592334967,0.08030188697052358,False,False,normal
348,train,train,305,False,-0.5060499044502018,-0.061580377283276914,25.42025344282511,2.706443233811185,258.8188405579229,60.37935625873294,0.0982163948653349,0.04482398292247012,False,False,normal
349,train,train,306,False,0.672257801938538,-0.15748860060276354,20.493144034939117,3.321808498439428,258.8188405579229,60.37935625873294,0.07917949091636091,0.05501563289620166,False,False,normal
350,test,train,307,False,1.3130452450223087,-0.27939858766290204,22.142067188937396,4.769197867764279,258.8188405579229,60.37935625873294,0.08555044579137609,0.0789872261527215,False,False,normal
351,test,train,308,False,1.7565625265601483,0.2428727780645884,18.867969999282806,6.4846067074196165,258.8188405579229,60.37935625873294,0.07290029566089572,0.10739774501126316,False,False,normal
352,train,test,309,False,3.5020497517658336,0.25599916628008684,9.440617086484465,3.7100254713717096,258.8188405579229,60.37935625873294,0.03647577226655446,0.06144526376653961,False,False,normal
353,train,train,310,False,3.54346607359889,0.5227648633675785,13.34519149655299,7.476780461711322,258.8188405579229,60.37935625873294,0.05156190124252711,0.12383007910306963,False,False,normal
354,test,train,311,False,3.8317607078618363,0.022867052258110192,7.692881349933433,4.045723149294229,258.8188405579229,60.37935625873294,0.029723034588016357,0.0670050725939808,False,False,normal
355,train,train,312,False,3.8075695733883266,0.6993166197910194,24.20146945898425,4.024585563735119,258.8188405579229,60.37935625873294,0.09350737143715791,0.06665499291660675,False,False,normal
356,train,train,313,False,3.8627819195471105,1.2348052579203315,79.37425952952174,26.693254606515634,258.8188405579229,60.37935625873294,0.3066788312567145,0.44209240145144585,False,False,normal
357,train,test,314,False,3.443370212666973,2.9396979998977124,13.625287132304184,15.003817547989525,258.8188405579229,60.37935625873294,0.05264410853140687,0.24849250600977474,False,False,normal
358,train,test,315,False,4.208571727897873,0.7757068183883908,18.35059171706974,3.4818176841080666,258.8188405579229,60.37935625873294,0.07090129790208581,0.05766569734841245,False,False,normal
359,train,train,316,False,4.418306091838019,1.0928942111045845,13.727120645948116,14.013346919944922,258.8188405579229,60.37935625873294,0.05303756332559579,0.23208837901311855,False,False,normal
360,train,train,317,False,4.154413421367362,1.8645839033003988,57.01707146214594,29.971777055019523,258.8188405579229,60.37935625873294,0.22029722155943934,0.49639113286645165,False,False,normal
361,train,train,318,False,5.973608507919311,1.3612724434631995,17.58041094704725,5.662728017049386,258.8188405579229,60.37935625873294,0.0679255455636461,0.09378582959354358,False,False,normal
362,train,train,319,False,5.493898040290498,2.953500329367227,7.700168240198356,2.8631261520259526,258.8188405579229,60.37935625873294,0.029751188992267665,0.04741895789277888,False,False,normal
363,train,train,320,False,5.241056119326101,3.1206257454559294,10.098395149165666,3.65601591272838,258.8188405579229,60.37935625873294,0.039017233549911046,0.06055076004888001,False,False,normal
364,train,test,321,False,5.233671672620793,3.1206456027497067,36.263914227201,6.788978141358621,258.8188405579229,60.37935625873294,0.14011311598888507,0.11243873008958588,False,False,normal
365,train,test,322,False,5.810534686834677,0.8599688079141142,28.37352124617612,6.443344882130697,258.8188405579229,60.37935625873294,0.10962695445591493,0.10671436864149685,False,False,normal
366,train,train,323,False,6.390784096253356,1.400935374783042,17.645517561538448,3.676068570949272,258.8188405579229,60.37935625873294,0.0681770984040454,0.06088287121175767,False,False,normal
367,train,test,324,False,-8.123457152581228,7.2627069721112605,92.39751722785245,22.671839392749973,258.8188405579229,60.37935625873294,0.3569968748359884,0.3754899157188487,False,False,normal
368,train,test,325,False,-2.947631871579252,2.864155929079905,18.68465526307423,15.598113474710471,258.8188405579229,60.37935625873294,0.07219202134897386,0.2583352066204655,False,False,normal
369,train,train,326,False,-0.19291687991801926,-0.9122243936319905,20.763828304372748,14.86592524637778,258.8188405579229,60.37935625873294,0.08022533544935599,0.24620874032964957,False,False,normal
370,train,train,327,False,0.1326068907750866,2.4743469575227257,12.465257833062111,12.358301247719966,258.8188405579229,60.37935625873294,0.04816209595171424,0.20467759203597885,False,False,normal
371,test,train,328,False,0.885194809746691,-2.1843548406955895,12.636218693052205,5.538943010480997,258.8188405579229,60.37935625873294,0.048822638513536874,0.09173570825674172,False,False,normal
372,train,train,329,False,2.4656862634531995,0.7899274895803935,14.29112058637036,4.762907916648269,258.8188405579229,60.37935625873294,0.05521669348167893,0.07888305228427121,False,False,normal
373,test,train,330,False,0.03401918311891609,1.8154626341735929,41.00938868556562,7.356614023321352,258.8188405579229,60.37935625873294,0.1584482358284417,0.12183988831873861,False,False,normal
374,train,test,331,False,2.9440879639641353,-0.9929783778066463,21.131052833631053,7.569652703508396,258.8188405579229,60.37935625873294,0.08164418319810063,0.12536822471361747,False,False,normal
375,train,test,332,False,3.9116012662877835,-0.04738024555551926,14.898276452321326,6.6094857029788985,258.8188405579229,60.37935625873294,0.05756256546164048,0.10946598494121802,False,False,normal
376,test,train,333,False,4.557451042407355,0.5591933019155261,45.170638637618936,14.638882142183755,258.8188405579229,60.37935625873294,0.17452608372808887,0.24244846333661377,False,False,normal
377,train,train,334,False,3.115879731041416,5.202541531850422,24.969779114060408,7.529299199841881,258.8188405579229,60.37935625873294,0.09647589433688172,0.12469989192295974,False,False,normal
378,test,train,334,False,0.8463251498333587,-0.7780170200461661,4.431504134236624,1.9220151008734492,258.8188405579229,60.37935625873294,0.01712203070179841,0.03183232183922894,False,False,normal
379,train,train,335,False,4.678338722729542,1.6092105903537295,12.952693400762126,4.740224036210481,258.8188405579229,60.37935625873294,0.050045403854065064,0.07850736294534245,False,False,normal
380,train,train,336,False,6.844084437370352,-0.17755835966006214,18.663568313036535,5.618660046103979,258.8188405579229,60.37935625873294,0.07211054756602885,0.09305597797411638,False,False,normal
381,train,train,337,False,-4.38568915189016,2.0444390469951226,27.675704805504438,12.516232418882197,258.8188405579229,60.37935625873294,0.10693079663692681,0.20729324051168427,False,False,normal
382,train,train,338,False,-3.2913386601406445,3.6319333048323017,37.29401994449437,10.03530450498739,258.8188405579229,60.37935625873294,0.14409314199886497,0.16620423149238095,False,False,normal
383,train,train,339,False,0.5608699841582236,-0.02305310859900317,8.387446655212788,4.134981807187722,258.8188405579229,60.37935625873294,0.03240663097451633,0.0684833702013784,False,False,normal
384,train,train,340,False,-1.8890636544508634,4.254568288300041,57.66969063049041,30.892660916786824,258.8188405579229,60.37935625873294,0.2228187503899435,0.5116427671803586,False,False,normal
385,train,train,341,False,3.1195121840844986,0.30999936985349635,23.30325780043354,4.605991888083184,258.8188405579229,60.37935625873294,0.09003694534060915,0.07628421655153036,False,False,normal
386,train,train,342,False,4.004033974338489,0.49708588585741903,18.99611290061512,4.793736728682936,258.8188405579229,60.37935625873294,0.07339540220358821,0.07939363758933081,False,False,normal
387,test,test,343,False,3.8771181829495434,5.083380282694277,15.61314993082138,4.262271885159164,258.8188405579229,60.37935625873294,0.06032462666614567,0.0705915423625056,False,False,normal
388,train,test,343,False,1.1823025828882123,-1.3115805317414457,5.727722871861673,2.1873774840582345,258.8188405579229,60.37935625873294,0.022130239280551234,0.03622724089149036,False,False,normal
389,train,train,344,False,4.871179725658164,0.5600311777662073,10.125053805089872,3.6321471702281367,258.8188405579229,60.37935625873294,0.039120234768318246,0.060155447081349143,False,False,normal
390,train,train,345,False,6.408427173639222,0.17808898795703387,1003.2616844225679,2.1556653636419414,258.8188405579229,60.37935625873294,3.876308549485372,0.035702026275415244,True,False,t2 alarm only
391,train,test,346,False,6.069956462143292,2.9997994641034444,7.996354107800925,4.808763383805468,258.8188405579229,60.37935625873294,0.030895564212263613,0.0796425083301539,False,False,normal
392,train,train,347,False,5.133365943926495,5.8931503710741096,12.812404486337709,9.116574000697247,258.8188405579229,60.37935625873294,0.04950336868335646,0.15098826098164428,False,False,normal
393,test,train,347,False,1.8021131117363867,-1.884739765396263,15.413668872972687,5.362416971886111,258.8188405579229,60.37935625873294,0.05955389043450704,0.08881209247921586,False,False,normal
394,train,train,348,False,6.706015026994773,2.068891914140233,16.619535726064996,5.15081364114061,258.8188405579229,60.37935625873294,0.06421300586247543,0.08530752827288755,False,False,normal
395,train,train,349,False,-2.8059496864325935,-1.2737540046654576,25.695572255185503,22.657868901049522,258.8188405579229,60.37935625873294,0.09928014591130552,0.3752585371059237,False,False,normal
396,train,train,350,False,-0.08701485033325645,-0.9346286573910325,55.75376914591016,30.662693237949615,258.8188405579229,60.37935625873294,0.21541619236731196,0.5078340535224691,False,False,normal
397,train,test,351,False,1.9829056467891681,1.7038072184797521,12.213563311014795,16.17644301193486,258.8188405579229,60.37935625873294,0.04718962222644466,0.26791347265474014,False,False,normal
398,train,train,352,False,3.3236572846775783,1.141506132173779,17.24560522928282,3.5811437553723775,258.8188405579229,60.37935625873294,0.06663195458300998,0.05931073097279702,False,False,normal
399,train,train,353,False,5.627390202624978,1.2202931061981792,10.026381683892389,5.851466108274422,258.8188405579229,60.37935625873294,0.038738994666226836,0.0969117008005215,False,False,normal
400,train,test,354,False,6.405281342682123,0.2725713156955002,24.111556187217246,5.6140971725893,258.8188405579229,60.37935625873294,0.09315997295730544,0.0929804078819954,False,False,normal
401,train,train,355,False,6.435531111801141,6.16469983631962,25.57615639903874,6.445772298309052,258.8188405579229,60.37935625873294,0.09881875810858859,0.10675457139172084,False,False,normal
402,train,train,355,False,1.8675863397530563,0.512224498290344,14.054810017124012,4.070376121460636,258.8188405579229,60.37935625873294,0.0543036588326675,0.06741337393559771,False,False,normal
403,train,train,356,False,-2.9731872799848684,-1.3603631941544663,37.33429504529161,11.247974088295447,258.8188405579229,60.37935625873294,0.1442487531619102,0.18628840692001583,False,False,normal
404,train,train,357,False,-2.4682638791476563,-0.6887049585191017,49.55392520765409,9.73890313143697,258.8188405579229,60.37935625873294,0.19146181592048384,0.16129524617163152,False,False,normal
405,train,test,358,False,-2.174927972435072,-1.0834593488224291,18.29430965435594,8.26726607153822,258.8188405579229,60.37935625873294,0.070683840538501,0.13692206382777536,False,False,normal
406,train,train,359,False,1.2891527437564252,-0.35649597318873194,9.69508592572131,3.5889967032690118,258.8188405579229,60.37935625873294,0.03745896513879011,0.05944079111890033,False,False,normal
407,train,train,360,False,4.24117445800115,-0.7051250906647836,11.55746918759803,3.645712125724986,258.8188405579229,60.37935625873294,0.04465466718993165,0.060380109223136844,False,False,normal
408,train,train,361,False,5.828810821635179,1.248325665378117,71.36888674253267,10.643480610474581,258.8188405579229,60.37935625873294,0.2757484215163251,0.17627681495751565,False,False,normal
409,train,train,362,False,5.443118975472067,4.344487096284561,17.487435347540107,6.114286506955287,258.8188405579229,60.37935625873294,0.0675663151486318,0.10126451962745049,False,False,normal
410,test,train,363,False,4.8106912810801825,5.827976948539159,16.358093339061647,7.340913555964503,258.8188405579229,60.37935625873294,0.06320286924939204,0.12157985793203539,False,False,normal
411,train,train,363,False,1.0000665855993447,1.0808130380494254,8.500096875453654,7.108892350321188,258.8188405579229,60.37935625873294,0.03284187834676339,0.11773713386175753,False,False,normal
412,train,train,363,False,1.373195167932529,-0.6462781721846245,7.635968917135139,8.190690246461077,258.8188405579229,60.37935625873294,0.0295031416595278,0.13565381868867507,False,False,normal
413,train,train,364,False,7.020986031392801,3.034443729681055,14.443086151607034,8.311757889960536,258.8188405579229,60.37935625873294,0.055803843802378496,0.1376589351887694,False,False,normal
414,test,train,365,False,-6.228671300394392,1.1575658008686753,61.397198909951314,42.56039715902649,258.8188405579229,60.37935625873294,0.23722074783118735,0.7048832547443861,False,False,normal
415,test,train,366,False,-2.9014371907813366,-0.6908755987670527,22.773198107346357,7.7706260528577955,258.8188405579229,60.37935625873294,0.08798895033396838,0.1286967356783287,False,False,normal
416,test,train,367,False,0.9935312805537249,4.162103378636703,14.812215619038327,3.1729704140343813,258.8188405579229,60.37935625873294,0.05723005167285492,0.05255058368687825,False,False,normal
417,train,train,367,False,0.7361476806444166,-2.023124777180626,10.210031318967303,4.47201010901259,258.8188405579229,60.37935625873294,0.03944856292902807,0.07406521675801707,False,False,normal
418,train,test,368,False,2.217998361770305,-1.2657765528352987,13.708864685897282,3.008122833786327,258.8188405579229,60.37935625873294,0.05296702765666427,0.04982038597589798,False,False,normal
419,train,train,369,False,2.7178527724512573,-0.14765456848761913,11.378181413324844,3.872505172740746,258.8188405579229,60.37935625873294,0.04396195187644557,0.06413624478118957,False,False,normal
420,train,train,370,False,4.196551751157668,-2.3466021087065023,26.217822006829415,3.9175079779560384,258.8188405579229,60.37935625873294,0.1012979655975313,0.06488157908092025,False,False,normal
421,train,test,371,False,5.399316714191793,-2.327449274016689,29.903942252876536,7.610040805802678,258.8188405579229,60.37935625873294,0.11554005183090263,0.12603713052508742,False,False,normal
422,test,train,372,False,-5.91076745102045,3.7908159389355003,28.125287799992257,6.463086528474393,258.8188405579229,60.37935625873294,0.10866785331146671,0.10704132884059371,False,False,normal
423,train,train,373,False,-4.328474262806204,3.9412142554571936,69.14865451764146,33.91545750208481,258.8188405579229,60.37935625873294,0.26717009615135107,0.5617061791244167,False,False,normal
424,train,train,373,False,-0.4607592781333379,0.0648093838612729,7.28483047834699,1.6182557928063597,258.8188405579229,60.37935625873294,0.0281464458408184,0.02680147476021333,False,False,normal
425,train,train,373,False,-0.048018493354704504,-1.6779293846740897,5.906629201384791,3.1093355185008695,258.8188405579229,60.37935625873294,0.02282148080353101,0.05149666560168323,False,False,normal
426,test,train,374,False,-0.6623084490023745,-1.1359253539124214,16.065447949698616,6.229353465011226,258.8188405579229,60.37935625873294,0.06207217339768283,0.10317025306327683,False,False,normal
427,train,train,375,False,0.4198897215034081,-0.45311263273890445,10.80619430527443,1.3479555557808203,258.8188405579229,60.37935625873294,0.041751961650009925,0.02232477520967043,False,False,normal
428,train,train,376,False,2.263796455331387,5.432768401099448,15.411561539393063,3.7896412600967015,258.8188405579229,60.37935625873294,0.059545748316355666,0.06276385663764987,False,False,normal
429,test,train,376,False,0.8308547782754448,-1.2575773391945964,5.543759375341143,3.10642718795827,258.8188405579229,60.37935625873294,0.02141945834928685,0.051448497970843686,False,False,normal
430,train,train,377,False,3.3504762615017425,1.7601315081430995,7.254129120402568,1.9683909346807136,258.8188405579229,60.37935625873294,0.028027824808909592,0.032600396172591126,False,False,normal
431,train,train,378,False,3.1754312693058333,5.411671708156681,14.32421945346885,3.2745592695840435,258.8188405579229,60.37935625873294,0.055344577784951214,0.05423309343597762,False,False,normal
432,train,train,378,False,1.419047555903404,-1.6807883477488312,10.167415424708393,3.9895109524022385,258.8188405579229,60.37935625873294,0.0392839076274007,0.06607408888737891,False,False,normal
433,train,train,379,False,5.226079216205147,0.9127655768874012,53.66294489863036,22.002026765815174,258.8188405579229,60.37935625873294,0.20733786142829408,0.3643965111442029,False,False,normal
434,train,train,380,False,7.688621417423683,1.4962714598101434,13.097113076432999,7.424285357144863,258.8188405579229,60.37935625873294,0.050603399073267635,0.12296065770113365,False,False,normal
435,train,train,381,False,-7.309992558408525,5.593422606864778,19.081581651356387,11.726736168265486,258.8188405579229,60.37935625873294,0.07372562835929243,0.194217641506726,False,False,normal
436,train,train,381,False,-0.026424816809707884,-1.7498832167033695,6.648281035162715,4.71972244155489,258.8188405579229,60.37935625873294,0.025687005709597286,0.07816781651878336,False,False,normal
437,train,train,382,False,-4.083053591870946,3.782016648118776,17.899258490308842,3.4071104805267765,258.8188405579229,60.37935625873294,0.06915747884398331,0.05642840022882806,False,False,normal
438,test,train,382,False,-0.5077137726007803,0.4583519022974921,6.201013859018866,3.1452330434562046,258.8188405579229,60.37935625873294,0.02395889667711844,0.052091198686824276,False,False,normal
439,train,train,382,False,-0.5247218143971446,0.42563294953540615,5.917606740202027,2.6918916897380236,258.8188405579229,60.37935625873294,0.022863894790061404,0.04458298094804022,False,False,normal
440,train,train,382,False,-0.18883836940392248,-0.9817875974884662,5.048809595253236,4.385860966032484,258.8188405579229,60.37935625873294,0.019507117736752736,0.07263841878735064,False,False,normal
441,train,train,383,False,-3.3369421103452863,1.1378617924084677,13.068646120417913,4.520817851233374,258.8188405579229,60.37935625873294,0.050493411114300966,0.0748735682417864,False,False,normal
442,train,train,384,False,2.8151949454760974,-2.268889291004434,17.12817188782689,5.651501378499859,258.8188405579229,60.37935625873294,0.06617822663491013,0.09359989454479248,False,False,normal
443,test,train,385,False,3.389844426846897,0.7621880947821531,9.8076441273522,4.021125867803733,258.8188405579229,60.37935625873294,0.03789385697814869,0.06659769359866502,False,False,normal
444,train,train,386,False,5.427953668722103,1.103728104828822,11.091580755021917,1.9947186456902433,258.8188405579229,60.37935625873294,0.04285461109056956,0.03303643445853628,False,False,normal
445,train,test,387,False,7.015942847028,1.8784495682507316,18.03635878332248,3.074637426998324,258.8188405579229,60.37935625873294,0.06968719411787179,0.05092199747581153,False,False,normal
446,train,train,388,False,-8.032907460095611,6.553694412122095,264.8244519098431,13.612650765007038,258.8188405579229,60.37935625873294,1.0232039187679467,0.22545206852943514,True,False,t2 alarm only
447,train,train,389,False,-4.53038841213759,3.4877912901170207,28.716334754947756,11.320931305815618,258.8188405579229,60.37935625873294,0.11095148518958427,0.1874967208544596,False,False,normal
448,train,train,390,False,-1.2935453647260045,-1.6256225449064268,16.911930043365118,3.6513608589689763,258.8188405579229,60.37935625873294,0.0653427316454587,0.06047366327197076,False,False,normal
449,train,train,391,False,-0.17353135435541384,2.1188133616655165,49.94936387272688,28.085948937833912,258.8188405579229,60.37935625873294,0.19298967480517848,0.46515813811399676,False,False,normal
450,test,train,392,False,4.94708968379997,0.022250029989649332,16.126409035933317,6.556466698915216,258.8188405579229,60.37935625873294,0.06230770913419757,0.1085878867409575,False,False,normal
451,train,test,393,False,3.673897595251157,1.9849208546399806,56.6361508060717,25.07681011746497,258.8188405579229,60.37935625873294,0.21882545599842718,0.4153209254170873,False,False,normal
452,train,train,394,False,6.145988661226086,1.4209770005794775,11.627622404261025,5.1515893135637745,258.8188405579229,60.37935625873294,0.044925718619231655,0.08532037492232582,False,False,normal
453,train,train,395,False,6.583733546191289,0.2802229432165008,19.640631737175585,2.3211115576394565,258.8188405579229,60.37935625873294,0.07588563373067143,0.03844213819857915,False,False,normal
454,train,train,396,False,-8.535001950559982,6.616320681064133,40.14988242832047,5.550736595355026,258.8188405579229,60.37935625873294,0.155127356037031,0.0919310330433044,False,False,normal
455,train,train,396,False,-0.18387177574925065,-1.0336357691009896,5.3654370942667144,1.8902396238762043,258.8188405579229,60.37935625873294,0.02073047341801203,0.03130605791450137,False,False,normal
456,train,train,397,False,-3.602373946470343,-3.8558455841578096,32.172916062385305,6.374450934911079,258.8188405579229,60.37935625873294,0.12430670036629385,0.1055733503947239,False,False,normal
457,test,train,398,False,-1.6190904264068708,0.11114715899537723,10.710101102538575,2.942355780836902,258.8188405579229,60.37935625873294,0.041380685731577126,0.048731155201929395,False,False,normal
458,train,train,399,False,1.5091564989796378,-2.7134868214138894,132.65417234448893,13.189298368520376,258.8188405579229,60.37935625873294,0.5125367691877953,0.21844052646077602,False,False,normal
459,train,train,400,False,5.9833022310622335,1.8576026046540404,9.059798947670895,4.024260514841943,258.8188405579229,60.37935625873294,0.03500440280213426,0.06664960947244111,False,False,normal
460,train,train,401,False,5.074034227188835,3.71130866272481,14.86341877569018,3.2380968835480948,258.8188405579229,60.37935625873294,0.05742788563479323,0.05362920514873416,False,False,normal
461,train,test,402,False,6.629430522483988,1.2338883541013885,17.459226099314556,5.063302788021995,258.8188405579229,60.37935625873294,0.06745732289689024,0.08385817772427255,False,False,normal
462,train,train,403,False,6.432201233809459,2.1098031586225265,15.907885605891213,4.064984760014268,258.8188405579229,60.37935625873294,0.06146339876803163,0.06732408246612154,False,False,normal
463,test,train,404,False,-7.705512438193427,1.7402644719018303,106.93495646346659,48.22477427914126,258.8188405579229,60.37935625873294,0.4131652712490027,0.7986963967037375,False,False,normal
464,train,train,405,False,-3.485767317796709,-4.898564742935166,207.56932601524173,48.82281002637239,258.8188405579229,60.37935625873294,0.8019869247841265,0.8086010360421974,False,False,normal
465,test,train,406,False,-6.905545952581418,5.466114928259725,75.94647436450894,31.827748404812247,258.8188405579229,60.37935625873294,0.29343487591859585,0.5271296412705436,False,False,normal
466,train,train,406,False,-0.5647784419934032,0.39958251819813506,12.202753604605292,21.628045249658044,258.8188405579229,60.37935625873294,0.04714785669505521,0.35820264722563816,False,False,normal
467,train,train,406,False,-0.06451058631513559,-1.5091195525017442,5.946273625702964,3.508979247461014,258.8188405579229,60.37935625873294,0.02297465521785384,0.058115545856842324,False,False,normal
468,test,train,407,False,-4.821172382993329,-0.8645228891758463,64.77488184037395,43.44457625289827,258.8188405579229,60.37935625873294,0.25027112284693787,0.7195269864543262,False,False,normal
469,train,test,408,False,-1.5246917940320905,-0.05164901324120635,12.726448905214474,9.400564197560698,258.8188405579229,60.37935625873294,0.04917126155800985,0.15569169298987104,False,False,normal
470,train,train,409,False,-2.7951110082521256,3.938802906960923,18.653657802934696,2.83351466865252,258.8188405579229,60.37935625873294,0.07207225626513099,0.0469285339265719,False,False,normal
471,test,train,409,False,0.25162231299765414,-1.568684405548581,5.118228863273611,3.1910343372409953,258.8188405579229,60.37935625873294,0.019775333404015334,0.05284975751591359,False,False,normal
472,test,test,410,False,0.269710932349189,3.12532348277671,39.57325178299576,11.447401133710946,258.8188405579229,60.37935625873294,0.1528994245461021,0.1895913080732002,False,False,normal
473,train,test,411,False,1.7872593696606487,0.167834901961648,29.631773283162268,4.9919583207289415,258.8188405579229,60.37935625873294,0.11448847085199257,0.08267657408167435,False,False,normal
474,train,train,412,False,2.936626635608593,1.2082024611236837,19.08689349887302,4.13223918317421,258.8188405579229,60.37935625873294,0.07374615177831859,0.0684379469941193,False,False,normal
475,train,train,413,False,4.065474277965373,-0.39796893946846795,11.826080607556037,3.9498897472433208,258.8188405579229,60.37935625873294,0.04569250284122726,0.06541788438945191,False,False,normal
476,train,test,414,False,6.213556623368825,0.36589853601018446,12.076666314442903,3.6335161590394063,258.8188405579229,60.37935625873294,0.046660692430310846,0.06017812020832657,False,False,normal
477,train,test,415,False,-7.244213473844686,4.567201326086048,20.803019928896106,2.1211936507201243,258.8188405579229,60.37935625873294,0.0803767603782324,0.03513110742073085,False,False,normal
478,test,test,416,False,-1.555990553725131,-1.324400144815632,109.27794735711484,8.420990537718641,258.8188405579229,60.37935625873294,0.4222179000630318,0.13946804105750424,False,False,normal
479,train,train,417,False,2.1504938599384977,-0.08649272566875288,16.9726687346867,2.6389885752420135,258.8188405579229,60.37935625873294,0.06557740811333349,0.043706802105236496,False,False,normal
480,train,train,418,False,2.414630958149602,3.8496065725095714,14.739133573777321,2.0708973784165208,258.8188405579229,60.37935625873294,0.05694768410987741,0.03429810297318295,False,False,normal
481,train,train,419,False,3.5941047420818024,0.4774882724966396,10.505091674847577,3.2373819867360454,258.8188405579229,60.37935625873294,0.04058858950222586,0.053617365062049796,False,False,normal
482,train,train,420,False,4.853406784784513,2.6604725831787857,11.385204670657046,2.3304491014953213,258.8188405579229,60.37935625873294,0.04398908768045837,0.038596786151694984,False,False,normal
483,train,train,421,False,6.936628899506397,4.870268148705377,12.565498159650593,5.0343008410919055,258.8188405579229,60.37935625873294,0.04854939513894651,0.08337784887138096,False,False,normal
484,train,train,422,False,-8.344461888951495,7.183825251648697,29.738015068119335,8.665761615076075,258.8188405579229,60.37935625873294,0.11489895791208467,0.14352192789108623,False,False,normal
485,test,train,422,False,-0.032754945657175426,-1.6880724334418813,6.042419187752493,2.623381755379277,258.8188405579229,60.37935625873294,0.023346133437299816,0.043448322703835474,False,False,normal
486,test,test,423,False,-0.605422923778028,-3.1308558624110896,12.90909537604699,4.278564514550221,258.8188405579229,60.37935625873294,0.04987695388874896,0.07086138010839414,False,False,normal
487,train,train,424,False,3.147680470553325,-1.5804940626393016,22.31821911767386,8.682914752179958,258.8188405579229,60.37935625873294,0.08623104511852223,0.1438060173244081,False,False,normal
488,train,train,425,False,3.534729823397024,1.0678948674517321,16.881818103462457,5.98792746232467,258.8188405579229,60.37935625873294,0.06522638795178574,0.09917176719582214,False,False,normal
489,train,train,426,False,4.42372111047611,0.7868388977141704,8.23442343061132,3.2767789095146385,258.8188405579229,60.37935625873294,0.03181539416860374,0.054269855005959974,False,False,normal
490,train,train,427,False,5.053599255789449,4.173022824411295,20.19777707274706,3.5337520877736996,258.8188405579229,60.37935625873294,0.07803827970640667,0.05852583244894396,False,False,normal
491,test,train,428,False,-7.720761678979737,6.460858777576287,19.49456380952039,4.221828966392193,258.8188405579229,60.37935625873294,0.0753212701497964,0.06992172868324628,False,False,normal
492,train,train,428,False,-0.4611991433341039,0.058477890664029385,7.249934559787335,1.584988862981754,258.8188405579229,60.37935625873294,0.02801161825838881,0.026250509465352404,False,False,normal
493,train,train,428,False,-0.44241190403388314,0.05280999522514187,7.6650433320535605,1.63951785638678,258.8188405579229,60.37935625873294,0.029615476661321905,0.02715361603660107,False,False,normal
494,train,train,428,False,-0.4623671245403547,0.03494093015999824,7.183881070243676,1.399410829615099,258.8188405579229,60.37935625873294,0.02775640697082848,0.023176974984934456,False,False,normal
495,test,train,428,False,-0.43759381002121317,0.07067520867150913,7.861063709267221,1.6789864978002442,258.8188405579229,60.37935625873294,0.03037284183918573,0.02780729378109931,False,False,normal
496,train,train,428,False,-0.3845610906542285,-0.3276514116305144,8.181988284544136,1.6621637804134213,258.8188405579229,60.37935625873294,0.031612800161327635,0.02752867674327043,False,False,normal
497,test,train,429,False,-3.872291758381683,-1.3274762763578962,17.917845345168633,8.375358900003636,258.8188405579229,60.37935625873294,0.06922929299329224,0.13871229206409882,False,False,normal
498,train,test,430,False,0.10389576178053408,1.4994503762457505,18.68951590613156,2.8596331905840904,258.8188405579229,60.37935625873294,0.07221080144646155,0.04736110763304948,False,False,normal
499,train,train,431,False,3.9142557055703,-1.4227071649458438,9.226244721955064,3.8905851989450944,258.8188405579229,60.37935625873294,0.03564750039860509,0.0644356853073004,False,False,normal
500,train,test,432,False,3.9548204269638125,4.7529050763362655,165.3576867219405,12.392026709595077,258.8188405579229,60.37935625873294,0.6388935456378955,0.20523615151664956,False,False,normal
501,test,test,433,False,5.444611528558038,1.3514638713031382,11.369231107799418,3.2034121530990025,258.8188405579229,60.37935625873294,0.043927370524075186,0.05305475830798839,False,False,normal
502,train,train,434,False,6.084764099595357,4.8920799505701495,19.536883749930208,3.2381419979635067,258.8188405579229,60.37935625873294,0.07548478197265517,0.05362995233151661,False,False,normal
503,train,train,435,False,7.723616941666528,0.8572922679113082,16.738694124866672,5.332261421580438,258.8188405579229,60.37935625873294,0.06467339892561107,0.08831265770259365,False,False,normal
504,train,train,436,False,-9.492600846048981,8.58237539052126,513.548800553909,20.688892482431935,258.8188405579229,60.37935625873294,1.984201766173117,0.3426484441764748,True,False,t2 alarm only
505,test,train,436,False,-0.12929895301162872,-1.291743777580183,5.356541560612747,2.002030703391795,258.8188405579229,60.37935625873294,0.02069610368806968,0.033157536407192684,False,False,normal
506,train,train,437,False,0.05089738086941518,-1.9874865072021775,11.260171243360222,3.054200225865875,258.8188405579229,60.37935625873294,0.04350599523236883,0.05058351753169167,False,False,normal
507,train,test,438,False,-1.4795594012229614,3.8327022860997944,15.660462538296835,1.577001780339611,258.8188405579229,60.37935625873294,0.06050742868849252,0.02611822778603278,False,False,normal
508,train,test,438,False,0.3551707798949881,-1.847603797345658,7.150630599481746,1.8167231869753366,258.8188405579229,60.37935625873294,0.027627936915517768,0.030088482215518415,False,False,normal
509,train,test,439,False,-0.18684123099780292,-2.5002189684139218,12.896847107833752,3.559141396818255,258.8188405579229,60.37935625873294,0.04982963017697112,0.0589463289665908,False,False,normal
510,train,train,440,False,2.3036952922575917,-1.7121978502450494,12.116076605892136,4.163826503562131,258.8188405579229,60.37935625873294,0.04681296222397918,0.06896109467811522,False,False,normal
511,test,train,441,False,4.671652580779766,0.3727072126837977,12.38350417953879,3.621563794892224,258.8188405579229,60.37935625873294,0.04784622384075397,0.059980165727063724,False,False,normal
512,train,test,442,False,7.460581794777854,0.40194780081133247,9.920909699656704,3.5427873911378986,258.8188405579229,60.37935625873294,0.03833148189007683,0.05867547470954511,False,False,normal
513,train,test,443,False,-8.602720641735889,7.271713920630295,67.71823701432554,35.99539957449657,258.8188405579229,60.37935625873294,0.2616433829482765,0.5961540798853812,False,False,normal
514,train,test,443,False,-0.10860923119863783,-1.4612442792865072,5.5220462700481185,1.653376125463686,258.8188405579229,60.37935625873294,0.021335565286300325,0.027383136023821895,False,False,normal
515,train,train,444,False,-4.742158049800027,3.5837133184233414,24.032182900793334,9.858091003917973,258.8188405579229,60.37935625873294,0.09285329788584305,0.1632692299943518,False,False,normal
516,train,train,444,False,-0.2880768261001526,-0.6844860896034649,5.048207464936528,2.253836413291985,258.8188405579229,60.37935625873294,0.01950479128201934,0.03732793048726819,False,False,normal
517,test,train,445,False,3.72921484471045,-1.4125497416992878,22.7684562092033,5.168318334009018,258.8188405579229,60.37935625873294,0.08797062903196101,0.08559744015590595,False,False,normal
518,train,train,446,False,3.368715137213829,2.66612153015325,13.741735107654899,8.086284313307457,258.8188405579229,60.37935625873294,0.053094029314220414,0.13392465263552558,False,False,normal
519,train,train,447,False,2.546890757438002,5.307730865114758,17.20373088248846,2.338882882653195,258.8188405579229,60.37935625873294,0.06647016440303663,0.038736466030389514,False,False,normal
520,train,train,447,False,0.824077663394969,0.5689272718555813,8.170071000275057,1.4770105608225836,258.8188405579229,60.37935625873294,0.031566755274319444,0.024462178008215464,False,False,normal
521,train,train,447,False,0.8374627461952592,0.561522180786943,8.50533423782927,1.4095925899300719,258.8188405579229,60.37935625873294,0.03286211397707657,0.023345604810521576,False,False,normal
522,train,train,447,False,1.214739757703352,-1.0197732208246324,6.319029921145212,2.128936394367985,258.8188405579229,60.37935625873294,0.024414876086777892,0.03525934236935604,False,False,normal
523,train,train,448,False,4.680180111315562,-0.13353614465494593,9.836487655138784,2.820160868964053,258.8188405579229,60.37935625873294,0.038005299899863385,0.04670736893714664,False,False,normal
524,train,test,449,False,7.023773197280966,0.5509673570991864,52.60712075565809,22.21738319304329,258.8188405579229,60.37935625873294,0.20325846697348438,0.3679632339543184,False,False,normal
525,train,test,450,False,-8.266107173616641,4.642959016791566,26.68346768165798,6.042370425857809,258.8188405579229,60.37935625873294,0.10309708375224058,0.10007344894446225,False,False,normal
526,train,train,451,False,-3.715758566898688,-2.7879137034959065,143.12461187984636,6.682304354668277,258.8188405579229,60.37935625873294,0.5529914729983325,0.1106720039550237,False,False,normal
527,test,train,452,False,-3.8320927332707146,3.8555198170512703,24.78028742085734,3.077987391598144,258.8188405579229,60.37935625873294,0.0957437540769432,0.050977479428707236,False,False,normal
528,train,train,452,False,-0.20286572316279566,-0.8503625852465955,4.241272385615443,2.7174995216548785,258.8188405579229,60.37935625873294,0.016387031085035166,0.04500709663100845,False,False,normal
529,train,train,453,False,-1.2129361707010995,3.7658925947107926,19.24135846670376,3.23602609858095,258.8188405579229,60.37935625873294,0.07434295905671365,0.05359490890751106,False,False,normal
530,test,train,453,False,-0.1379993628228305,0.5927470071039276,4.945356136370101,2.5661495815551354,258.8188405579229,60.37935625873294,0.019107403949842457,0.0425004461882447,False,False,normal
531,train,train,453,False,0.25696214765962117,-1.257141536635448,5.242176641409613,2.5872836167158204,258.8188405579229,60.37935625873294,0.020254231222538954,0.042850467064090465,False,False,normal
532,train,train,454,False,-1.6935376415025072,4.347120748614854,16.747047274510674,3.5938663031839386,258.8188405579229,60.37935625873294,0.06470567304300529,0.05952144119893861,False,False,normal
533,test,train,454,False,-0.12165672121937406,0.5939335668446061,4.651971827387155,2.2829789891527925,258.8188405579229,60.37935625873294,0.017973853129699256,0.037810588429759796,False,False,normal
534,test,train,454,False,-0.1036414045222333,0.5832484733296098,4.565197849583827,2.3188997667065103,258.8188405579229,60.37935625873294,0.017638583959895874,0.03840550662331908,False,False,normal
535,train,train,454,False,-0.09707521010197284,0.5936878994544339,4.718667917520645,2.377572839452618,258.8188405579229,60.37935625873294,0.018231547237244582,0.03937724723768877,False,False,normal
536,train,train,454,False,-0.09638999623331596,0.5941093628381986,4.716212683044597,2.3400891388509297,258.8188405579229,60.37935625873294,0.01822206093218752,0.03875644398763314,False,False,normal
537,train,train,454,False,-0.09968357974184996,0.5877398463992172,4.5748782017233305,2.2360476999835472,258.8188405579229,60.37935625873294,0.01767598599801117,0.0370333146713557,False,False,normal
538,test,train,454,False,0.19923159318908612,-0.6733674970734759,2.910396714178356,2.3953903152617775,258.8188405579229,60.37935625873294,0.011244918290741736,0.03967233941675755,False,False,normal
539,train,train,455,False,-0.35874820037197375,4.890588818825557,19.15715890643093,5.432921746760384,258.8188405579229,60.37935625873294,0.07401763668029265,0.08997978917628151,False,False,normal
540,train,train,455,False,0.546282975951064,-1.178430342332946,4.0305844625941,3.118913730057252,258.8188405579229,60.37935625873294,0.015572994817168525,0.051655299481702395,False,False,normal
541,train,train,456,False,4.420694843202292,-1.6379750538757922,60.90197465456628,21.08138353209336,258.8188405579229,60.37935625873294,0.23530734672670245,0.34914886210043455,False,False,normal
542,train,test,457,False,6.186513100459598,-1.1783133255943432,31.051789065761866,6.740351594125615,258.8188405579229,60.37935625873294,0.11997499486059465,0.11163337954850631,False,False,normal
543,train,train,458,False,-4.546798354754381,4.250293562197718,22.99922636159561,6.67759842170392,258.8188405579229,60.37935625873294,0.08886225713714396,0.11059406451916434,False,False,normal
544,test,train,458,False,-0.18069985336323705,-1.164134951430416,4.996009366885036,3.0409599096208106,258.8188405579229,60.37935625873294,0.01930311315866877,0.050364232049608555,False,False,normal
545,train,train,459,False,3.252415385386214,-1.2706029442985518,13.73997984022116,2.010766884439191,258.8188405579229,60.37935625873294,0.053087247476275565,0.03330222461834155,False,False,normal
546,train,train,460,False,2.3420912711227055,5.271792188128945,16.388061787406212,4.12659905406597,258.8188405579229,60.37935625873294,0.06331865853381957,0.06834453544656865,False,False,normal
547,train,train,460,False,0.5489970866535123,0.8829698560221287,5.869406438835842,2.6357636774409703,258.8188405579229,60.37935625873294,0.022677662979184415,0.04365339150265862,False,False,normal
548,train,train,460,False,0.5576641002805502,0.8497632317879021,5.817953026311116,2.6413096407380316,258.8188405579229,60.37935625873294,0.0224788621020388,0.043745243480564716,False,False,normal
549,train,train,460,False,0.5548911843599065,0.8469975091829012,5.6400335920022036,2.5601912782281935,258.8188405579229,60.37935625873294,0.021791433652373467,0.04240176505455706,False,False,normal
550,train,train,460,False,0.5484916098551671,0.8907056811117487,5.619138573372796,2.4645330181940763,258.8188405579229,60.37935625873294,0.02171070143603108,0.040817477543703025,False,False,normal
551,train,train,460,False,1.1100774158858886,-1.7826123242830119,8.837980991949305,3.1702924875102867,258.8188405579229,60.37935625873294,0.034147363356151775,0.05250623199633323,False,False,normal
552,train,test,461,False,2.5514784896537335,0.7604487645200044,11.830582008831241,1.6498668773913068,258.8188405579229,60.37935625873294,0.045709894933957065,0.02732501602569966,False,False,normal
553,test,train,462,False,-7.305347758140892,6.138027470356509,105.7928357720797,41.94225113617557,258.8188405579229,60.37935625873294,0.40875245227135454,0.6946455499864538,False,False,normal
554,train,test,463,False,-2.7839118236890275,-3.2225857183141486,27.81759795714908,11.376850885065146,258.8188405579229,60.37935625873294,0.10747903010918397,0.18842285824171337,False,False,normal
555,test,train,464,False,-1.7653409468288994,-0.8877147940842822,8.158413833471966,3.7876156866676043,258.8188405579229,60.37935625873294,0.031521715404818594,0.06273030918774965,False,False,normal
556,train,test,465,False,-0.3063480264979291,-1.5152967081072288,35.38323495823772,12.177720368051148,258.8188405579229,60.37935625873294,0.13671042989746746,0.20168682017522882,False,False,normal
557,train,train,466,False,3.048880352326518,1.89192268985339,12.503599902727686,5.6442916344431575,258.8188405579229,60.37935625873294,0.048310238450084614,0.09348048710981079,False,False,normal
558,train,train,467,False,4.8995160506930535,1.0798593049735665,152.44164700005282,8.193527033851284,258.8188405579229,60.37935625873294,0.5889897608359652,0.13570080142525892,False,False,normal
559,train,train,468,False,5.320016777122696,1.3279249623831197,12.161879054370521,6.690986391394555,258.8188405579229,60.37935625873294,0.046989929435406495,0.11081579543052526,False,False,normal
560,train,train,469,False,5.963347605741915,0.2536638966794877,11.529197355749888,6.659650359137319,258.8188405579229,60.37935625873294,0.044545433133449525,0.11029680956848731,False,False,normal
561,test,train,470,False,6.4822085853688325,1.3974395613816692,13.698417555278315,8.35732008907448,258.8188405579229,60.37935625873294,0.052926663011662205,0.1384135341433973,False,False,normal
562,train,train,471,False,-8.50080962264256,7.578875460958171,121.28984225586267,22.40367487984626,258.8188405579229,60.37935625873294,0.4686283347626633,0.3710485879286915,False,False,normal
563,train,train,471,False,-0.40122164715611675,-0.3903490153844165,6.306357880884287,2.247901245963628,258.8188405579229,60.37935625873294,0.024365915044244787,0.03722963253087853,False,False,normal
564,train,train,472,False,-4.50330686174535,3.5005121253467038,41.04925546203051,12.236440283886596,258.8188405579229,60.37935625873294,0.15860226934616767,0.2026593366025956,False,False,normal
565,test,train,472,False,-0.39368473419081157,-0.20239817616014502,4.811774467492582,2.005265360213192,258.8188405579229,60.37935625873294,0.018591283606402376,0.0332111086381972,False,False,normal
566,train,train,473,False,-3.677964790928222,-1.5670102181677992,17.196856206935756,6.449881290310085,258.8188405579229,60.37935625873294,0.06644360267539005,0.10682262432000025,False,False,normal
567,test,train,474,False,0.33931834624649854,-0.36400953641086087,10.729772202543478,5.15752347304681,258.8188405579229,60.37935625873294,0.04145668908574755,0.08541865618682964,False,False,normal
568,test,train,475,False,2.65056839059653,-0.012363915045707004,29.29157832468301,10.67554528535615,258.8188405579229,60.37935625873294,0.1131740574277383,0.1768078685637212,False,False,normal
569,train,train,476,False,2.2866863476312647,4.39627017248575,91.64020203722622,27.473156847558588,258.8188405579229,60.37935625873294,0.35407083131846967,0.4550091049303796,False,False,normal
570,train,train,477,False,4.477864291981722,0.7327574379369053,11.398987021200984,5.478859707336698,258.8188405579229,60.37935625873294,0.04404233863589202,0.09074061147421168,False,False,normal
571,train,test,478,False,-10.500883077372283,6.568146174752172,136.98420274220024,31.085187917558663,258.8188405579229,60.37935625873294,0.5292667351685457,0.5148313901253737,False,False,normal
572,train,test,479,False,-6.584167899315434,0.40869110233624384,82.88347284829665,29.442085153303733,258.8188405579229,60.37935625873294,0.3202374010702964,0.4876184010167447,False,False,normal
573,train,train,480,False,-3.9915320180596887,0.8604852589255135,12.036361452406487,6.248466487689166,258.8188405579229,60.37935625873294,0.04650496627857656,0.10348680202739693,False,False,normal
574,train,train,481,False,-3.0801240838071426,0.6146398611937369,14.949760711995028,3.922408875670713,258.8188405579229,60.37935625873294,0.057761485523111736,0.0649627475136156,False,False,normal
575,train,train,482,False,-0.6247021865637471,3.3426327053784184,120.40062474082092,20.463371663055522,258.8188405579229,60.37935625873294,0.46519265939558063,0.3389133791915148,False,False,normal
576,train,train,483,False,2.265199738390771,-1.4584215023345675,28.86911910334574,7.410424126968181,258.8188405579229,60.37935625873294,0.11154179904799054,0.12273108867232048,False,False,normal
577,test,train,484,False,3.9094819131626366,1.4232083493284,19.417528239709473,8.964981655452393,258.8188405579229,60.37935625873294,0.07502362732887634,0.14847759583650325,False,False,normal
578,train,test,485,False,4.586247754482659,-0.7616423188330774,31.124990896800714,5.859149111902785,258.8188405579229,60.37935625873294,0.12025782524064368,0.09703894633781145,False,False,normal
579,train,test,486,False,5.544349001048707,2.1515800119265225,87.53612338165959,24.68931087761566,258.8188405579229,60.37935625873294,0.33821387652058993,0.40890318160761663,False,False,normal
580,train,train,487,False,-6.1163820315129485,0.07944408328523893,38.19192657865851,5.635084554088117,258.8188405579229,60.37935625873294,0.1475623895707518,0.09332799988693302,False,False,normal
581,train,train,488,False,-4.978820830610194,5.256832092010497,27.98091138563256,6.509811295454232,258.8188405579229,60.37935625873294,0.10811002524126721,0.10781518218841044,False,False,normal
582,test,train,488,False,-0.4671425474949226,-0.029050740605419553,8.312602999282511,2.5211620213465387,258.8188405579229,60.37935625873294,0.032117457065194505,0.04175536437558311,False,False,normal
583,train,train,488,False,0.08526022640795392,-2.237591929899704,7.627702490962404,3.094806422221486,258.8188405579229,60.37935625873294,0.02947120261616096,0.05125603540653632,False,False,normal
584,test,train,489,False,-4.526651066512061,4.853673663678518,19.868083637461126,8.928520944277242,258.8188405579229,60.37935625873294,0.07676444108408989,0.14787373528822392,False,False,normal
585,train,train,489,False,-0.4198900825140997,0.09461454594968412,8.08829224622725,1.8834938455788683,258.8188405579229,60.37935625873294,0.03125078618230311,0.03119433465815479,False,False,normal
586,test,train,489,False,-0.06200412996609417,-1.5447354657976358,6.157329964772674,2.733585152291802,258.8188405579229,60.37935625873294,0.023790114937149182,0.04527350607346747,False,False,normal
587,train,train,490,False,-2.9987320601713066,0.7295470055265999,18.248957020233874,5.301709473052426,258.8188405579229,60.37935625873294,0.07050861127766242,0.08780665779764116,False,False,normal
588,train,train,491,False,-0.08715000119655189,-2.201838171457321,10.891026494742393,3.8582936918119763,258.8188405579229,60.37935625873294,0.04207972831987482,0.06390087491623321,False,False,normal
589,test,train,492,False,2.4224100219293634,0.36101738032096087,34.91503259553408,8.513610342565446,258.8188405579229,60.37935625873294,0.13490143345155817,0.1410020058193993,False,False,normal
590,train,train,493,False,3.819107939882837,-0.6926133220839612,11.026299228528368,5.796802643304504,258.8188405579229,60.37935625873294,0.04260238244155458,0.09600636711767006,False,False,normal
591,train,train,494,False,3.8280881640033324,1.7950443738680553,15.062912429157786,7.895314468249716,258.8188405579229,60.37935625873294,0.058198670532204747,0.13076181922870006,False,False,normal
592,train,test,495,False,4.1605420639520645,0.9079913035462048,21.698273300235854,3.7589307266905085,258.8188405579229,60.37935625873294,0.08383575652167348,0.062255230257557394,False,False,normal
593,train,train,496,False,4.546927349272173,4.827799133894911,14.100716217748719,7.192750617342731,258.8188405579229,60.37935625873294,0.05448102691192228,0.11912599045476592,False,False,normal
594,test,train,497,False,5.52435516079356,4.056267754673567,555.87343226683,39.45199072428793,258.8188405579229,60.37935625873294,2.1477317148495114,0.6534019765833758,True,False,t2 alarm only
595,train,train,498,False,-0.8135839196650065,2.0576898839021576,25.818910179511636,2.556383283390356,258.8188405579229,60.37935625873294,0.0997566874337861,0.042338697226845884,False,False,normal
596,test,train,499,False,3.8237468441211604,0.34884685542275806,21.42943794403295,6.377496276923459,258.8188405579229,60.37935625873294,0.08279705564648454,0.10562378720294907,False,False,normal
597,train,train,500,False,4.444244659670252,3.772898647323746,52.60351644925881,3.1094160495996697,258.8188405579229,60.37935625873294,0.20324454099193098,0.05149799935387587,False,False,normal
598,test,test,501,False,5.843517457819915,1.0763580724367199,48.918564369058416,14.873165235013666,258.8188405579229,60.37935625873294,0.1890069682083696,0.2463286486738999,False,False,normal
599,test,train,502,False,-9.89201562859492,8.661191227359692,142.12108827662465,27.491816785324364,258.8188405579229,60.37935625873294,0.5491141524715175,0.4553181499239336,False,False,normal
600,train,train,502,False,-0.4443667967717155,0.06419278072819469,7.727810486973139,1.7359870264152093,258.8188405579229,60.37935625873294,0.029857990516898546,0.028751333799855238,False,False,normal
601,train,train,502,False,-0.461481834664954,0.03581359646202,7.211261835488912,1.4732439299563667,258.8188405579229,60.37935625873294,0.02786219820761098,0.024399795248616695,False,False,normal
602,test,train,502,False,-0.06462817036636559,-1.6623971012331977,5.888286947063117,2.9847103918580684,258.8188405579229,60.37935625873294,0.022750611718876528,0.04943263023653678,False,False,normal
603,train,train,503,False,-5.578377802081259,3.911964573243334,30.789124464553563,10.988170885560628,258.8188405579229,60.37935625873294,0.11896013597071596,0.18198555874751246,False,False,normal
604,train,train,503,False,0.04616618516078075,-2.266208435351909,9.510842739753041,2.7196765194535155,258.8188405579229,60.37935625873294,0.03674710356962805,0.04504315196404825,False,False,normal
605,test,train,504,False,-2.8551831616498538,-0.0006529967267295967,44.810965077773325,5.16157000592433,258.8188405579229,60.37935625873294,0.17313641070787797,0.08548567467010364,False,False,normal
606,train,test,505,False,-3.121246953744231,1.3242179003478158,21.47180201760645,5.61174613361829,258.8188405579229,60.37935625873294,0.08296073798692845,0.09294147008741316,False,False,normal
607,train,test,506,False,-3.4175407807653087,1.9970173259209636,20.110087044202896,4.729717796521647,258.8188405579229,60.37935625873294,0.0776994711855311,0.07833335910794124,False,False,normal
608,train,test,507,False,-0.022585246018605527,-0.3309368950439463,30.446633734121345,3.316727900539596,258.8188405579229,60.37935625873294,0.11763685235776905,0.05493148827766581,False,False,normal
609,train,train,508,False,2.5780750870367286,1.1340000653805864,107.38397890134367,26.946583160037942,258.8188405579229,60.37935625873294,0.41490016209740127,0.4462880167944907,False,False,normal
610,train,train,509,False,3.861371669011436,2.3071753111155386,67.69856595810427,9.471714151671062,258.8188405579229,60.37935625873294,0.26156737976327316,0.15687007511447465,False,False,normal
611,train,train,510,False,5.161440938431882,1.5786986306393467,21.877818062635097,2.7188841975245954,258.8188405579229,60.37935625873294,0.0845294647618163,0.04503002956629487,False,False,normal
612,train,test,511,False,5.450266781085872,2.6895278986010784,28.44154679918319,3.579578172546879,258.8188405579229,60.37935625873294,0.10988978521761848,0.05928480186519293,False,False,normal
613,train,train,512,False,-7.600846218731442,8.670292164759726,129.1223228474845,18.899586698873502,258.8188405579229,60.37935625873294,0.4988907398284527,0.3130140476802445,False,False,normal
614,train,train,512,False,0.017546201725876013,-2.248035613918926,12.283808814807335,2.875100947286432,258.8188405579229,60.37935625873294,0.04746103022611391,0.04761728387706342,False,False,normal
615,train,train,513,False,-3.3705099983546627,3.731276258665473,45.05012730445436,20.235369441327858,258.8188405579229,60.37935625873294,0.17406046332385247,0.3351372173399269,False,False,normal
616,train,train,514,False,-4.167328516147985,4.535421272179091,35.24330558776953,6.592844514744811,258.8188405579229,60.37935625873294,0.1361697838990287,0.1091903743805029,False,False,normal
617,train,train,514,False,-0.47232252105284595,0.10534091459706375,5.837064976569166,2.5133239929745255,258.8188405579229,60.37935625873294,0.022552705065776876,0.04162555132593041,False,False,normal
618,train,train,515,False,-3.065291910812967,-2.6449221733005337,46.73961872987328,8.293836084111893,258.8188405579229,60.37935625873294,0.1805881620871147,0.1373621151005948,False,False,normal
619,train,train,516,False,1.4032530625985837,-0.14378201367068427,30.542091626904696,2.6826863290144902,258.8188405579229,60.37935625873294,0.11800567362509866,0.04443052220561694,False,False,normal
620,train,train,517,False,1.8208908756305515,1.1801883832201208,26.78891696739024,4.4306015942691905,258.8188405579229,60.37935625873294,0.10350450882803858,0.07337941092454713,False,False,normal
621,test,train,518,False,1.6477465694622038,0.8791428583018918,23.841993825270272,9.54499718385237,258.8188405579229,60.37935625873294,0.09211846314540036,0.15808378517569627,False,False,normal
622,train,train,519,False,3.79340727073456,1.5150571319620219,21.40924230322046,2.7001782602169264,258.8188405579229,60.37935625873294,0.08271902562066047,0.04472022273053611,False,False,normal
623,train,train,520,False,3.5443624096843824,1.2533309968648554,15.324175023315078,3.9174228729705147,258.8188405579229,60.37935625873294,0.05920811247852558,0.06488016957623526,False,False,normal
624,test,train,521,False,6.693347069407388,2.584053541257961,34.346293249102466,6.814428146905548,258.8188405579229,60.37935625873294,0.13270399162234045,0.11286023185979141,False,False,normal
625,test,train,522,False,-9.523430784769888,7.802719118550364,35.36465146483366,6.158423456263067,258.8188405579229,60.37935625873294,0.1366386287358364,0.10199551366320415,False,False,normal
626,test,train,522,False,-0.4167831448199576,-0.24530454334119464,5.257422845584472,3.4613712753982293,258.8188405579229,60.37935625873294,0.020313138078554508,0.05732706490883787,False,False,normal
627,train,train,523,False,-5.547156206558743,4.173361058695391,30.050300913754228,9.66609266753639,258.8188405579229,60.37935625873294,0.1161055387195781,0.1600893627635909,False,False,normal
628,train,train,523,False,-0.5299738849262541,0.43527197134016216,6.293229256658605,3.1909531965735582,258.8188405579229,60.37935625873294,0.0243151898953438,0.05284841366807445,False,False,normal
629,train,train,523,False,-0.5331965794041007,0.4293203236055913,6.127072212369378,3.0264632850252573,258.8188405579229,60.37935625873294,0.023673207866790353,0.050124139648930525,False,False,normal
630,train,train,523,False,-0.481413883911234,0.13065553530753157,4.973692967681773,2.303362875487053,258.8188405579229,60.37935625873294,0.019216889145165127,0.0381481853767513,False,False,normal
631,train,train,524,False,-6.048481371076282,4.083672973357922,27.47765146496918,12.036863477430241,258.8188405579229,60.37935625873294,0.10616557668575044,0.19935395511424148,False,False,normal
632,train,train,524,False,-0.13839914880783946,-1.4595975616857606,7.38504657459879,2.9632447835201448,258.8188405579229,60.37935625873294,0.02853365140914476,0.04907711786164592,False,False,normal
633,test,train,525,False,-5.952999923839613,4.154540474754299,29.485220308495716,4.8784082954518695,258.8188405579229,60.37935625873294,0.11392223319189551,0.08079596401371508,False,False,normal
634,train,train,525,False,-0.5256597903037977,0.43586775004084627,6.456876713325183,3.309944083360269,258.8188405579229,60.37935625873294,0.024947475614242053,0.05481913502318165,False,False,normal
635,train,train,525,False,-0.00024163804335976851,-2.0665623861820404,10.605811422731058,3.031294035394154,258.8188405579229,60.37935625873294,0.04097774103256408,0.050204146304652336,False,False,normal
636,train,train,526,False,-1.3576526561971707,0.021304861005743962,15.065755491700752,4.381460507481144,258.8188405579229,60.37935625873294,0.058209655291030026,0.07256553860405614,False,False,normal
637,train,test,527,False,-1.3743576856034694,-0.6110369721075958,17.352927437430036,4.300136672908319,258.8188405579229,60.37935625873294,0.06704661608105188,0.07121865715960445,False,False,normal
638,train,train,528,False,-1.8719022872238984,0.6835541273603241,18.969343982036623,2.906101270893049,258.8188405579229,60.37935625873294,0.0732919749626625,0.048130709748544664,False,False,normal
639,train,train,529,False,2.938049792098027,-0.09488014029207895,20.458612589056326,6.15708362321075,258.8188405579229,60.37935625873294,0.07904607154933047,0.10197332341250695,False,False,normal
640,train,train,530,False,4.792869485813338,1.8295089911864484,18.99738439995168,4.207585392441225,258.8188405579229,60.37935625873294,0.07340031490365989,0.06968582729519683,False,False,normal
641,train,train,531,False,4.866064020384272,2.2998263523016385,19.92365928739531,2.8346899658859948,258.8188405579229,60.37935625873294,0.07697916907612626,0.046947999142935556,False,False,normal
642,test,train,532,False,5.881156054766389,2.164738490585701,20.47351435689172,3.479754522579281,258.8188405579229,60.37935625873294,0.07910364760447108,0.05763152736620951,False,False,normal
643,train,train,533,False,7.218643184928798,1.710249363191401,19.25090288631279,3.935821928676493,258.8188405579229,60.37935625873294,0.0743798358914466,0.06518489385363788,False,False,normal
644,train,test,534,False,-8.721348324855747,4.053362342658584,114.39373773458928,15.196756960270488,258.8188405579229,60.37935625873294,0.44198381187395935,0.25168795929440724,False,False,normal
645,train,train,535,False,-1.7609141916144213,-0.34821033570782733,20.941361671214246,9.711125756406055,258.8188405579229,60.37935625873294,0.08091127224769261,0.16083519861975162,False,False,normal
646,train,train,536,False,-2.419888555688791,3.5315733955029476,19.43101947174287,4.451821571212318,258.8188405579229,60.37935625873294,0.0750757534878697,0.07373085516406828,False,False,normal
647,train,train,537,False,2.2859040914821533,-0.25587242911157915,96.43751640123989,4.051067863859764,258.8188405579229,60.37935625873294,0.37260624533111397,0.06709359150005578,False,False,normal
648,train,test,538,False,4.876115151279855,2.0803608997478604,22.16919248314316,4.7400037192311215,258.8188405579229,60.37935625873294,0.08565524996307894,0.07850371406610605,False,False,normal
649,train,train,539,False,6.8159182637184195,2.0926513909631934,29.31543239359543,3.764613013605213,258.8188405579229,60.37935625873294,0.1132662225454747,0.062349340020675034,False,False,normal
650,train,train,540,False,-7.727304086954103,8.218473540660643,127.19225490800355,21.45615515023012,258.8188405579229,60.37935625873294,0.49143352405806906,0.35535581165005914,False,False,normal
651,train,train,540,False,-0.21195754511263942,-0.9378262259744065,4.5568211622170605,3.345381942050848,258.8188405579229,60.37935625873294,0.017606218899652543,0.05540605513771092,False,False,normal
652,train,train,541,False,-4.595092903521931,4.477636466001029,30.068065232961846,20.573979765424504,258.8188405579229,60.37935625873294,0.11617417483265752,0.3407452652734898,False,False,normal
653,test,train,541,False,-0.5619904482823705,0.3456525356533758,7.186550828943445,3.5991803408140752,258.8188405579229,60.37935625873294,0.027766722134492817,0.0596094520350821,False,False,normal
654,train,train,541,False,-0.5330345281230819,0.45257086768327204,6.2607269023286145,3.077725516753927,258.8188405579229,60.37935625873294,0.02418961034224818,0.05097314227010795,False,False,normal
655,test,train,541,False,0.005701536669301441,-1.838259832053267,7.1066103556078914,5.584930280629818,258.8188405579229,60.37935625873294,0.027457855619353388,0.09249734721744478,False,False,normal
656,train,train,542,False,3.3484540880007807,-0.27456841382355457,24.009284020295624,7.126997841447211,258.8188405579229,60.37935625873294,0.09276482333565828,0.11803699613667877,False,False,normal
657,test,test,543,False,4.144369914864882,1.3599711929769307,28.997912331883803,7.237017635268972,258.8188405579229,60.37935625873294,0.1120394182640431,0.11985913868073493,False,False,normal
658,train,test,544,False,6.200816616660289,1.6229308028169693,28.762155299822968,7.654405563605127,258.8188405579229,60.37935625873294,0.11112852232017507,0.12677189751419443,False,False,normal
659,train,train,545,False,-7.522942705623929,5.507194972170165,39.191186122144636,16.439219053514602,258.8188405579229,60.37935625873294,0.15142323502285285,0.27226555684148956,False,False,normal
660,train,train,546,False,-3.8978329469618944,0.13836602206455978,29.690329389458157,8.593357178912528,258.8188405579229,60.37935625873294,0.11471471445222531,0.14232276909493602,False,False,normal
661,train,train,547,False,-0.5029449852504683,0.552163774969655,21.9705610373241,2.5616221743602603,258.8188405579229,60.37935625873294,0.08488779638284158,0.04242546348760983,False,False,normal
662,train,train,548,False,-0.35528458286656195,0.3313411348702044,24.205754224933006,3.7468615577222186,258.8188405579229,60.37935625873294,0.09352392651459943,0.06205534126045428,False,False,normal
663,train,test,549,False,2.4895671257039855,2.4186279315510903,509.77892321207975,29.601930559711935,258.8188405579229,60.37935625873294,1.969636067116191,0.4902657529647059,True,False,t2 alarm only
664,train,train,550,False,3.3217554831650795,0.11140583786811108,25.91691047231507,8.702476041468833,258.8188405579229,60.37935625873294,0.10013533178823951,0.1441299904586206,False,False,normal
665,train,test,551,False,5.5024179094695045,0.6713318560524634,21.929941162330245,2.451101782206635,258.8188405579229,60.37935625873294,0.08473085311354059,0.040595030058011274,False,False,normal
666,train,train,552,False,7.668903769876618,1.3110734047676302,30.505268763701935,4.539472464927137,258.8188405579229,60.37935625873294,0.11786340089439874,0.07518252505831531,False,False,normal
667,train,train,553,False,-7.472839367170643,7.229459670792255,43.879690217535156,8.164783353256976,258.8188405579229,60.37935625873294,0.1695382381087323,0.13522474996702313,False,False,normal
668,test,test,554,False,1.5246912214472723,-1.1276167876636836,24.435829728942846,3.230745435283987,258.8188405579229,60.37935625873294,0.09441287070241,0.05350745081547154,False,False,normal
669,train,train,555,False,2.284438646869077,-0.197064298462799,24.628976981260685,3.6825764469170115,258.8188405579229,60.37935625873294,0.09515913496934468,0.06099065434114137,False,False,normal
670,test,train,556,False,2.1661408492469447,1.3845342079147367,20.81977374798145,3.6207159338953616,258.8188405579229,60.37935625873294,0.08044149221556399,0.05996612349393309,False,False,normal
671,train,train,237,False,3.616423976943812,1.4612197780383513,16.428808008385698,2.7664003085702404,258.8188405579229,60.37935625873294,0.06347608996690865,0.045816989116543014,False,False,normal
672,train,test,557,False,4.716437710367381,0.7619232119168424,16.788684339702115,4.325392629162454,258.8188405579229,60.37935625873294,0.06486654643654065,0.07163694509473761,False,False,normal
673,train,train,558,False,6.2964275743875735,1.0637967157514898,22.7455058730501,3.434012295891413,258.8188405579229,60.37935625873294,0.08788195567223292,0.05687394680354407,False,False,normal
674,train,train,559,False,-6.159165877948451,2.9189143821875962,172.96067544034761,57.310314996030655,258.8188405579229,60.37935625873294,0.6682692614938885,0.9491706859286299,False,False,normal
675,train,train,560,False,-3.5504049678922214,-1.998318574672852,114.41860676802568,20.77861127547595,258.8188405579229,60.37935625873294,0.44207989851658086,0.3441343625201477,False,False,normal
676,test,test,561,False,-1.3881161897806842,0.872895481865429,29.803274570951636,2.5993359426661318,258.8188405579229,60.37935625873294,0.11515110146813964,0.04305007710793833,False,False,normal
677,test,train,562,False,-0.5899836138386608,0.6076797035897095,25.799835417502194,3.7668896439514805,258.8188405579229,60.37935625873294,0.09968298815452065,0.062387045463186075,False,False,normal
678,train,train,563,False,-0.04696436248016005,0.6362853225080455,38.10206249721182,2.3564775234962,258.8188405579229,60.37935625873294,0.14721518114785268,0.039027867627445464,False,False,normal
679,test,test,564,False,2.195468388205602,-0.07599633215924997,18.721493498293047,2.7395333082541464,258.8188405579229,60.37935625873294,0.07233435347262995,0.04537201914698975,False,False,normal
680,test,train,565,False,2.4247152689240052,1.1962664505022111,26.26321431481744,3.3181706660956136,258.8188405579229,60.37935625873294,0.10147334814653808,0.05495538329154828,False,False,normal
681,test,train,566,False,3.5717211473955754,1.430363824812704,33.079260055214554,3.2354907648692626,258.8188405579229,60.37935625873294,0.12780854741450523,0.05358604273627543,False,False,normal
682,train,test,567,False,4.169503563039466,0.11074323442738586,24.45585049871672,2.3624003134577904,258.8188405579229,60.37935625873294,0.09449022507789023,0.03912596059048089,False,False,normal
683,test,train,568,False,4.070973150679592,2.197935008773229,26.308523484819155,3.722529039370329,258.8188405579229,60.37935625873294,0.10164840947477849,0.061652347259530824,False,False,normal
684,train,train,569,False,4.318642934033493,1.7893178693903933,18.468762200729316,2.5158579497353526,258.8188405579229,60.37935625873294,0.07135787395120512,0.04166751859616709,False,False,normal
685,train,test,570,False,3.4713509107779315,5.482502278388757,53.28632837166329,7.337549102952416,258.8188405579229,60.37935625873294,0.20588272575828173,0.1215241360227512,False,False,normal
686,train,train,571,False,6.839879370699747,2.2904437828473223,24.193623865298964,4.346081366707838,258.8188405579229,60.37935625873294,0.09347705836694876,0.07197959097285415,False,False,normal
687,train,train,572,False,-6.738116766757558,3.476141672759756,107.32741507438386,28.038155321770045,258.8188405579229,60.37935625873294,0.41468161607950754,0.46436658253895774,False,False,normal
688,train,test,573,False,-1.2479265989497812,-0.38505374611925436,18.70916896451571,4.299932544506224,258.8188405579229,60.37935625873294,0.07228673509310717,0.07121527639480763,False,False,normal
689,train,train,574,False,0.7055106867242839,-0.25638318376495794,39.651191156046366,3.293925142560754,258.8188405579229,60.37935625873294,0.15320055939734628,0.05455383009460851,False,False,normal
690,train,train,575,False,2.2804584846617133,0.8687797700984068,25.48794365370132,4.224047456692894,258.8188405579229,60.37935625873294,0.09847792996351512,0.06995847121311352,False,False,normal
691,test,train,576,False,3.925139645574066,0.3149505382525918,20.124669108118177,8.597884337488457,258.8188405579229,60.37935625873294,0.07775581199860268,0.14239774767795585,False,False,normal
692,train,train,577,False,0.9201944783696298,6.580903653713254,65.83338959227707,20.22708518713751,258.8188405579229,60.37935625873294,0.2543608859786378,0.3350000139196909,False,False,normal
693,test,train,577,False,0.44315377000944417,-1.379048574736506,10.70660821611894,5.220423499885247,258.8188405579229,60.37935625873294,0.04136719024410757,0.08646040341197235,False,False,normal
694,train,test,578,False,-9.152737463233239,-1.9126211701692921,138.4718681648031,77.8822099981726,258.8188405579229,60.37935625873294,0.5350146375213883,1.2898814234527076,False,True,q alarm only
695,train,train,579,False,-4.629199732817554,-7.5537524406251,341.5459088696242,72.89884850305815,258.8188405579229,60.37935625873294,1.3196330998677326,1.2073472295841918,True,True,both alarms
696,train,train,580,False,-5.177574718957737,-0.9204260308337353,240.19570430584128,51.337207371610916,258.8188405579229,60.37935625873294,0.9280456700449756,0.8502443641768006,False,False,normal
697,train,train,581,False,-5.093923423102252,0.13838034579652553,116.7893855487373,53.259854897513726,258.8188405579229,60.37935625873294,0.4512398915665499,0.8820871602090079,False,False,normal
698,train,train,582,False,-4.356089051678547,-1.1934384161121114,120.05177770395093,52.01121502102647,258.8188405579229,60.37935625873294,0.46384481688103263,0.8614072465124014,False,False,normal
699,train,train,583,False,-3.202098179695718,-2.9207724031419606,56.07046662211735,158.60134576686977,258.8188405579229,60.37935625873294,0.21663981841989954,2.626747875337451,False,True,q alarm only
700,train,train,584,False,-2.0207592926508093,-2.1065352978471212,17.93081285138186,9.820086457386646,258.8188405579229,60.37935625873294,0.06927939562950401,0.16263980051901136,False,False,normal
701,train,train,585,False,-1.930606444009655,-2.194304239466589,13.976041990823177,8.531394320140054,258.8188405579229,60.37935625873294,0.05399932230859129,0.14129654320231544,False,False,normal
702,train,train,586,False,-3.2616742382858077,-1.1221386343256534,27.30616840796079,10.441374072286674,258.8188405579229,60.37935625873294,0.10550301650798775,0.1729295361736569,False,False,normal
703,train,train,587,False,-1.9488610652235647,-2.548822735603364,32.81279518110935,14.052617679355638,258.8188405579229,60.37935625873294,0.1267790053860702,0.2327387794453861,False,False,normal
704,train,train,588,False,-2.712121892331575,0.08646050787014427,65.10128020309102,31.30436059389064,258.8188405579229,60.37935625873294,0.2515322302764182,0.518461317469958,False,False,normal
705,test,train,589,False,-1.7914150558688244,-2.4784465469708845,16.93517379948689,16.625383569141565,258.8188405579229,60.37935625873294,0.06543253869378511,0.27534880461295014,False,False,normal
706,train,train,590,False,-2.0724043491882598,-2.468705063133039,21.19466806244782,9.835605968598003,258.8188405579229,60.37935625873294,0.08188997376218644,0.16289683391871929,False,False,normal
707,train,train,591,False,-1.996127704972589,-2.503777935817915,21.76705706936967,12.045162230426989,258.8188405579229,60.37935625873294,0.08410151680784718,0.1994913986630131,False,False,normal
708,train,train,592,False,-1.9782822379682898,-2.3991254584871555,20.340786198737437,9.631533554772563,258.8188405579229,60.37935625873294,0.07859082497583954,0.15951699639691855,False,False,normal
709,train,train,593,False,-2.0840703551390853,-1.8453188877696407,25.376904434785033,7.720504092234226,258.8188405579229,60.37935625873294,0.09804890702732963,0.12786661817245815,False,False,normal
710,train,test,594,False,-2.062568578059949,-2.235028900048097,18.119949845746497,7.907165070231651,258.8188405579229,60.37935625873294,0.0700101654372851,0.1309580883298669,False,False,normal
711,train,train,595,False,-1.8990529761571375,-2.338030005764412,20.30066783323886,9.507453476024372,258.8188405579229,60.37935625873294,0.07843581939196437,0.157461988088839,False,False,normal
712,train,test,596,False,-2.041548711799452,-2.1592964588005925,20.421582298644925,6.287541984884193,258.8188405579229,60.37935625873294,0.07890299738080557,0.10413396853622131,False,False,normal
713,train,train,597,False,-2.109095023163136,-2.2841334669003857,20.056639711768796,8.710038713320488,258.8188405579229,60.37935625873294,0.07749296638735301,0.14425524306680093,False,False,normal
714,train,train,598,False,-1.9957639348427685,-2.34339940942992,20.533131784533936,12.173942880904923,258.8188405579229,60.37935625873294,0.07933399183873818,0.2016242576144417,False,False,normal
715,train,test,599,False,-1.3962886704244464,-1.2571893676851353,5.068260969588223,3.686955428635397,258.8188405579229,60.37935625873294,0.01958227213545515,0.061063178826159414,False,False,normal
716,train,train,600,False,-0.32812425952027535,-1.2061065234732489,13.011813790172788,4.167714305734978,258.8188405579229,60.37935625873294,0.05027382767855643,0.06902548427107787,False,False,normal
717,train,train,601,False,0.6719460371287483,-0.6841823633082438,5.424962511525404,3.2823347926627178,258.8188405579229,60.37935625873294,0.02096046215117525,0.054361871275962446,False,False,normal
718,test,test,602,False,2.4047118893931207,-0.4594014095953494,6.58035618427405,2.808634784499965,258.8188405579229,60.37935625873294,0.025424564031308942,0.04651647447953272,False,False,normal
719,train,train,603,False,3.3045044789544242,-0.07553361738046124,14.224217278653818,10.766331192187508,258.8188405579229,60.37935625873294,0.05495819874624035,0.17831146039471601,False,False,normal
720,test,train,604,False,3.9284419206735706,-0.12967554167038417,8.0471804447112,4.195777960070828,258.8188405579229,60.37935625873294,0.031091942253370326,0.069490273167064,False,False,normal
721,test,test,605,False,0.9595238343794305,3.9476039386243045,41.32315883836792,9.65628263464181,258.8188405579229,60.37935625873294,0.159660551562976,0.1599268894696965,False,False,normal
722,train,train,606,False,5.003486624430384,-3.0258533084741646,34.881368505309204,8.233913119138707,258.8188405579229,60.37935625873294,0.1347713652920984,0.13636967383115814,False,False,normal
723,train,train,607,False,5.021943841798184,0.35505578608861965,16.09958669979717,5.938042719855595,258.8188405579229,60.37935625873294,0.062204075503514714,0.09834557848563927,False,False,normal
724,train,train,608,False,5.517289158258603,0.2784161720337716,17.037478265964637,6.963448448913025,258.8188405579229,60.37935625873294,0.06582781311143267,0.1153282989482994,False,False,normal
725,train,train,609,False,5.9001397757434155,0.39009686013269373,16.556947289213532,6.5876010728387335,258.8188405579229,60.37935625873294,0.06397118252103497,0.10910353274735252,False,False,normal
726,train,test,610,False,6.471308274201673,0.6396705708415416,15.010272737116502,6.406650809211983,258.8188405579229,60.37935625873294,0.05799528621934788,0.10610664316722257,False,False,normal
727,train,train,611,False,6.796722791748312,1.0244463871009153,17.17231696122116,15.178167348933755,258.8188405579229,60.37935625873294,0.06634879023568628,0.25138007904379517,False,False,normal
728,train,test,612,False,6.532564213498149,2.290633892449803,27.26927144093969,16.01369745686057,258.8188405579229,60.37935625873294,0.10536045746189372,0.26521808858378537,False,False,normal
729,train,train,613,False,-6.3906215018362165,-0.14550730765151126,20.11957305190807,14.383384476837373,258.8188405579229,60.37935625873294,0.0777361223338197,0.23821692326766133,False,False,normal
730,train,train,614,False,-1.4680302571979662,-1.9265268193037284,10.368058813765767,7.148818872853245,258.8188405579229,60.37935625873294,0.040059134765521164,0.1183983950113625,False,False,normal
731,test,train,615,False,-2.107097741180505,0.2688921192756528,21.694346146162033,8.607854819512266,258.8188405579229,60.37935625873294,0.08382058315150709,0.14256287832262657,False,False,normal
732,train,train,616,False,-1.7594013581861645,-2.3890973465930627,18.060450545372078,11.198216844487813,258.8188405579229,60.37935625873294,0.06978027761209371,0.1854643298365435,False,False,normal
733,test,train,617,False,-0.6598525573143804,-1.59813980747512,15.98739470473257,4.627124389630673,258.8188405579229,60.37935625873294,0.061770598578794876,0.07663421202774799,False,False,normal
734,test,train,618,False,2.7650737508505765,-1.2920376734416397,11.144085199667833,5.0561163451667515,258.8188405579229,60.37935625873294,0.04305747284720495,0.08373915620267088,False,False,normal
735,train,train,619,False,3.0838109375843192,-0.1590431692728713,9.559234280369507,4.865111771850528,258.8188405579229,60.37935625873294,0.036934074272812374,0.0805757476280954,False,False,normal
736,train,train,620,False,3.1628852221505066,2.559988290199976,9.845084348102013,3.6849637739441348,258.8188405579229,60.37935625873294,0.0380385149971287,0.06103019313676703,False,False,normal
737,train,test,621,False,4.739785103000592,-1.410779571057557,41.86962914543267,7.356910366498629,258.8188405579229,60.37935625873294,0.16177195236319114,0.12184479634021546,False,False,normal
738,train,train,622,False,0.5208439238098493,4.621887545272959,81.23798275557934,20.3611664934419,258.8188405579229,60.37935625873294,0.31387971053598207,0.33722066207847273,False,False,normal
739,train,train,623,False,5.038652535040387,0.896577070310439,10.345826106960523,7.088467429386926,258.8188405579229,60.37935625873294,0.03997323411486792,0.11739885730169057,False,False,normal
740,train,train,624,False,7.362063183543177,-0.7237383201847494,25.178019320546703,8.680805254210647,258.8188405579229,60.37935625873294,0.09728047334680776,0.14377107992030144,False,False,normal
741,train,train,625,False,5.325578560341367,2.6461047103479993,28.94335175068608,46.25751088796813,258.8188405579229,60.37935625873294,0.11182861219953824,0.7661146748525941,False,False,normal
742,test,train,626,False,7.84167097807579,0.6012534855256243,17.934525318158148,8.71216337204959,258.8188405579229,60.37935625873294,0.06929373951099381,0.14429043156268348,False,False,normal
743,train,train,627,False,-7.188481464017654,2.195356804259766,27.664059442094345,15.56677556455,258.8188405579229,60.37935625873294,0.10688580237227054,0.2578161896566843,False,False,normal
744,train,train,628,False,-3.858680451957863,-2.2512343539882944,13.70280612238931,8.267723785756012,258.8188405579229,60.37935625873294,0.052943619146314284,0.13692964446867903,False,False,normal
745,train,train,629,False,-2.7498542555706478,-2.2454903876254693,8.572598119745962,3.84057479772742,258.8188405579229,60.37935625873294,0.03312200186534504,0.06360741544295515,False,False,normal
746,test,train,630,False,-0.6893254614540061,-0.4834676030087612,14.247227545181397,6.615825134763063,258.8188405579229,60.37935625873294,0.055047103659337,0.10957097830611909,False,False,normal
747,train,train,631,False,2.183247957603446,-2.8000133220558645,9.224254828759802,5.0568123192625,258.8188405579229,60.37935625873294,0.03563981203561354,0.08375068289223621,False,False,normal
748,train,train,632,False,3.8104942357483758,-1.1740081696576916,5.5831427350682805,3.9090584990988444,258.8188405579229,60.37935625873294,0.021571624086689275,0.06474163921768311,False,False,normal
749,train,train,633,False,1.2647914997668463,2.0952718431426836,76.11515021671215,9.648063841960653,258.8188405579229,60.37935625873294,0.2940865898813027,0.15979077021983337,False,False,normal
750,train,train,634,False,4.4036701889468475,0.6175803961907603,18.475507792626924,10.633618904940933,258.8188405579229,60.37935625873294,0.0713839369375127,0.17611348586385342,False,False,normal
751,test,train,635,False,5.477086582415106,1.0944951314686673,11.17375544385797,7.429428329611223,258.8188405579229,60.37935625873294,0.04317210995834485,0.12304583536424622,False,False,normal
752,train,train,636,False,-4.716261676257059,-1.0590407168325628,17.38454287829417,8.36383402273447,258.8188405579229,60.37935625873294,0.0671687688609499,0.13852141759998923,False,False,normal
753,train,train,637,False,-4.133519414465561,-2.1127144948644743,12.498260110040347,7.29603932126963,258.8188405579229,60.37935625873294,0.04828960705912471,0.1208366530110922,False,False,normal
754,train,train,638,False,-0.2346261294283964,-2.189613649976268,6.021857345111189,3.2948533499358876,258.8188405579229,60.37935625873294,0.02326668851514121,0.05456920302059925,False,False,normal
755,train,train,639,False,2.4811797621469034,-1.7214449825065343,1000.4762264988681,3.3127781671494767,258.8188405579229,60.37935625873294,3.865546357993843,0.054866072982855535,True,False,t2 alarm only
756,test,train,640,False,3.2123067227734405,0.13643988392715853,11.05999710299806,4.076327891210171,258.8188405579229,60.37935625873294,0.042732581133415846,0.06751194686048996,False,False,normal
757,train,train,641,False,5.272896846954469,0.7358640830943397,6.276896561918494,4.322365780694482,258.8188405579229,60.37935625873294,0.024252085158822673,0.07158681457570722,False,False,normal
758,train,test,642,False,5.403235866739155,0.14228102421539573,9.482442134073473,4.6767929467331,258.8188405579229,60.37935625873294,0.036637371968874614,0.07745682028626587,False,False,normal
759,test,train,643,False,5.9979777510515095,3.13737162334091,20.112228781908357,6.329611366929756,258.8188405579229,60.37935625873294,0.07770774623112223,0.10483071962222644,False,False,normal
760,train,test,644,False,-6.975397309338943,-0.08764836428934396,36.72047165226195,9.678908763608717,258.8188405579229,60.37935625873294,0.14187711981517828,0.16030162233153675,False,False,normal
761,train,train,645,False,-1.692187114626975,-0.3355918824075038,16.530086794573094,5.984237824225341,258.8188405579229,60.37935625873294,0.06386740145709643,0.09911065958673272,False,False,normal
762,train,train,646,False,1.2353953918464404,-2.6470686748544114,11.564565097020397,5.781907123367587,258.8188405579229,60.37935625873294,0.044682083700287194,0.09575966823149631,False,False,normal
763,test,train,647,False,4.12431608698163,-1.6440929043623491,6.144052409020716,4.964772788474871,258.8188405579229,60.37935625873294,0.023738814360563118,0.08222632860145464,False,False,normal
764,test,train,648,False,3.366259311080336,4.5627994089883686,14.329512435679593,3.4373617356983615,258.8188405579229,60.37935625873294,0.055365028313975044,0.05692942006484543,False,False,normal
765,test,train,648,False,1.130793205113159,0.24159659459362753,7.296277848050188,1.5970782555172687,258.8188405579229,60.37935625873294,0.028190675115930375,0.026450733404205118,False,False,normal
766,train,train,649,False,3.8985981607885836,4.8234810621928235,14.099064521592336,6.508311642198789,258.8188405579229,60.37935625873294,0.05447464524298032,0.10779034500318083,False,False,normal
767,train,train,649,False,1.30639609783897,0.7339303951535313,11.14235924624228,2.449346643422142,258.8188405579229,60.37935625873294,0.043050804269979925,0.04056596153371347,False,False,normal
768,train,train,649,False,1.5095605514900574,-0.07454641940054406,9.682533305189576,2.170278967337818,258.8188405579229,60.37935625873294,0.037410465499024034,0.03594405607833755,False,False,normal
769,train,test,650,False,4.657750082860409,0.24537569190710962,8.110684940883253,5.123905802740896,258.8188405579229,60.37935625873294,0.03133730497903264,0.0848618819449537,False,False,normal
770,train,train,651,False,4.711185002032299,0.28474448824488025,9.679419201723267,6.9816618047556736,258.8188405579229,60.37935625873294,0.037398433517659785,0.11562994767347962,False,False,normal
771,train,train,652,False,-9.046055754093869,4.15380716236479,19.0150701980546,13.288109504658221,258.8188405579229,60.37935625873294,0.0734686476342478,0.22007703175431423,False,False,normal
772,train,train,652,False,-0.46768069358678416,-0.051599476786314304,9.147908157855731,1.8883365611872596,258.8188405579229,60.37935625873294,0.03534483091778033,0.031274539481598744,False,False,normal
773,train,train,652,False,-0.4471565632674291,0.022466863885104896,7.648084265251737,1.50474523207233,258.8188405579229,60.37935625873294,0.02954995180708306,0.024921518302121543,False,False,normal
774,train,train,652,False,-0.4796875509990763,0.2059368517393409,7.640100351197294,1.9272714908241062,258.8188405579229,60.37935625873294,0.02951910430758406,0.03191937791727212,False,False,normal
775,train,train,652,False,0.06926041468735791,-2.4715251411738843,11.272433082548467,2.8622005923984704,258.8188405579229,60.37935625873294,0.043553371378409096,0.04740362881865766,False,False,normal
776,test,train,653,False,-5.504066367351893,2.527416685083934,21.79639646488545,3.7946790421959506,258.8188405579229,60.37935625873294,0.08421487561686021,0.06284729214295173,False,False,normal
777,train,train,653,False,0.09642319867347857,-2.603767061682796,14.67249687267764,3.9940597853549917,258.8188405579229,60.37935625873294,0.056690219464119646,0.06614942644038728,False,False,normal
778,train,train,654,False,-2.5932263838789082,-3.4677608704755363,16.52004589074018,7.565145362165122,258.8188405579229,60.37935625873294,0.06382860635311069,0.1252935743426536,False,False,normal
779,train,train,655,False,1.0677723834456145,-1.3298553285446542,27.243912470767754,10.31486496296309,258.8188405579229,60.37935625873294,0.1052624778475918,0.1708342983777871,False,False,normal
780,train,train,656,False,0.3494676933222918,2.653765216191049,15.233405273828124,5.259827495848679,258.8188405579229,60.37935625873294,0.058857404820260494,0.08711301050163028,False,False,normal
781,train,test,657,False,2.482340650198118,1.2768161213088252,132.96727487507425,10.532858674275746,258.8188405579229,60.37935625873294,0.5137465054261248,0.17444469976031468,False,False,normal
782,train,train,658,False,3.515526024649776,-0.1388701470148699,8.556044286489875,4.139588711949961,258.8188405579229,60.37935625873294,0.033058042714533595,0.06855966953690788,False,False,normal
783,train,train,659,False,3.1357474796309983,3.286253399245974,17.156857449799052,5.082543275685475,258.8188405579229,60.37935625873294,0.06628905922310319,0.08417683775736452,False,False,normal
784,train,train,660,False,6.475733907379366,-0.8391220248018557,9.919176545800694,9.18122606855101,258.8188405579229,60.37935625873294,0.03832478549250286,0.15205902542598057,False,False,normal
785,train,train,661,False,6.245885975164346,0.2525239918641301,62.9224886080169,12.791200286165,258.8188405579229,60.37935625873294,0.2431140193363745,0.21184724513049027,False,False,normal
786,train,train,662,False,-5.998075220581241,-1.164219379756353,18.81447430445046,10.127761322231809,258.8188405579229,60.37935625873294,0.072693604004612,0.1677354968614291,False,False,normal
787,test,train,663,False,-5.263201221618201,2.8612114112274587,40.02234030760604,15.326935771892117,258.8188405579229,60.37935625873294,0.154634570734232,0.25384397452358254,False,False,normal
788,train,train,663,False,-0.46236151133720466,0.0047171874259740055,7.088559498315365,1.4085882681076387,258.8188405579229,60.37935625873294,0.027388112407253314,0.02332897128070835,False,False,normal
789,train,train,663,False,-0.043688525233413704,-1.7660972148055014,5.92314631715297,2.5520903949610463,258.8188405579229,60.37935625873294,0.02288529808875095,0.042267598614748825,False,False,normal
790,train,train,664,False,-1.8228605387299577,-2.273534193003828,11.011902112555147,4.390232665758646,258.8188405579229,60.37935625873294,0.042546756213022736,0.07271082266836303,False,False,normal
791,train,train,665,False,-0.4675216974422262,-1.3267419431006158,6.7922791066983015,3.7235590364499425,258.8188405579229,60.37935625873294,0.026243371974221517,0.061669406021720996,False,False,normal
792,train,train,666,False,1.3327362439086259,3.8139823586076855,23.477164865633693,9.503127340550336,258.8188405579229,60.37935625873294,0.09070887117423576,0.1573903388407831,False,False,normal
793,train,train,666,False,0.9053020698557112,-1.695797409441899,5.550796066841241,1.9134492539379298,258.8188405579229,60.37935625873294,0.021446646058979578,0.03169045469346452,False,False,normal
794,test,train,667,False,2.6734609197343975,1.5945898321999026,525.1169258039363,29.17033010826475,258.8188405579229,60.37935625873294,2.028897605259215,0.4831176070057175,True,False,t2 alarm only
795,train,train,668,False,2.697075425623002,4.2810142486098774,13.302247555709505,3.0114242386436123,258.8188405579229,60.37935625873294,0.051395978465224985,0.04987506368466882,False,False,normal
796,train,train,668,False,1.4630276560808233,-2.05441027700878,14.354169039322517,5.2023183727577065,258.8188405579229,60.37935625873294,0.055460294190252724,0.0861605471655765,False,False,normal
797,train,train,669,False,5.118556998558739,-0.21923828202836732,12.4184353148896,11.457855096780705,258.8188405579229,60.37935625873294,0.04798118749052347,0.1897644461077457,False,False,normal
798,test,test,670,False,6.819077564571672,0.7078995635427372,14.050429794579362,3.7576540316424443,258.8188405579229,60.37935625873294,0.05428673493896947,0.06223408569545585,False,False,normal
799,train,train,671,False,-8.724439120412248,4.9285549887258835,29.072437958662782,20.726080420564998,258.8188405579229,60.37935625873294,0.11232736340211082,0.34326434902272235,False,False,normal
800,test,train,671,False,-0.44951880585317133,0.02270134380681023,7.604698632180707,1.543186879509361,258.8188405579229,60.37935625873294,0.029382322460712814,0.025558187021680327,False,False,normal
801,train,train,671,False,0.12335321003799259,-2.445024015540004,8.114343028962633,3.9456492196154938,258.8188405579229,60.37935625873294,0.03135143875720542,0.06534765297443555,False,False,normal
802,test,train,672,False,-6.2781332260948295,2.635804747814053,21.184651187794763,11.301589759623896,258.8188405579229,60.37935625873294,0.0818512714998957,0.18717638709487394,False,False,normal
803,test,train,673,False,-4.00208302175673,-0.6750194576605224,25.958874384679838,6.616213947479812,258.8188405579229,60.37935625873294,0.10029746802327676,0.10957741780366993,False,False,normal
804,train,train,674,False,-4.165084119589063,-0.01859140913228933,14.674011354650188,6.385946624976261,258.8188405579229,60.37935625873294,0.05669607097774703,0.10576374146176214,False,False,normal
805,test,train,675,False,2.8188324547131405,-3.22126288531641,14.382519957403646,5.994733066004106,258.8188405579229,60.37935625873294,0.05556983381271612,0.09928448127727531,False,False,normal
806,train,test,676,False,3.42223535685873,0.44425326903764284,33.029976448296004,14.335015236145034,258.8188405579229,60.37935625873294,0.1276181300290772,0.23741583422515697,False,False,normal
807,test,train,677,False,5.95520921713714,0.5677105005238101,15.313766357317663,8.381883737464896,258.8188405579229,60.37935625873294,0.059167896449526386,0.13882035610892401,False,False,normal
808,train,test,678,False,6.751729568764956,0.4378797456500719,14.764217327880383,8.135775110052565,258.8188405579229,60.37935625873294,0.057044600370104025,0.13474431683553847,False,False,normal
809,train,test,679,False,-9.396195972665678,1.8536735547789402,37.78406400447799,18.793012516430068,258.8188405579229,60.37935625873294,0.1459865283494384,0.3112489711864384,False,False,normal
810,test,train,680,False,-4.922792777511933,-2.439127089880241,113.92790341122142,15.379459744122212,258.8188405579229,60.37935625873294,0.44018396483668926,0.2547138740303779,False,False,normal
811,test,train,681,False,-5.82311376405285,0.5785115275015392,22.056193919035522,6.097218190880732,258.8188405579229,60.37935625873294,0.08521865669241885,0.10098183499594472,False,False,normal
812,test,test,682,False,-3.5230382412709687,0.5481020177427786,17.6690641233433,14.489094316677532,258.8188405579229,60.37935625873294,0.06826807540461498,0.2399676845607626,False,False,normal
813,train,train,683,False,-3.5864724797711967,0.7099147706210227,92.51766918747192,22.186981130103376,258.8188405579229,60.37935625873294,0.3574611067263735,0.36745971644728115,False,False,normal
814,train,train,684,False,-2.7934281606028013,-1.8040488805531474,29.524420833421974,8.901032388945168,258.8188405579229,60.37935625873294,0.1140736925093152,0.14741847115433218,False,False,normal
815,train,train,685,False,-0.023923060442923864,-1.4737064361728827,24.589390764693555,15.069058027226536,258.8188405579229,60.37935625873294,0.09500618545267968,0.24957301569519516,False,False,normal
816,train,train,686,False,1.4069860518903712,-1.9836878735063357,26.147563540677922,11.808662683200625,258.8188405579229,60.37935625873294,0.10102650751511336,0.19557450451440817,False,False,normal
817,train,train,687,False,1.3357987845555996,0.49496009714973493,193.28021647947665,13.120226559689307,258.8188405579229,60.37935625873294,0.7467780014114587,0.21729656247853205,False,False,normal
818,train,train,688,False,3.4598609374236644,1.877705055157467,40.691383894229794,16.683329525353304,258.8188405579229,60.37935625873294,0.15721955869407886,0.27630850275818103,False,False,normal
819,train,train,689,False,-4.084353409060306,-5.068830386882114,205.41571126915596,8.60055696348808,258.8188405579229,60.37935625873294,0.7936659897956096,0.142442011581469,False,False,normal
820,train,train,690,False,0.43818017890023153,-2.7396992597267396,34.22069910472734,4.617022951737692,258.8188405579229,60.37935625873294,0.13221873272811005,0.07646691249825822,False,False,normal
821,train,test,691,False,3.150043619958683,0.09317005112599777,28.282081975357897,7.037686022900723,258.8188405579229,60.37935625873294,0.10927365996382497,0.11655781808509809,False,False,normal
822,train,train,692,False,3.506302693268173,-0.18662161664008017,29.324155805172776,6.4454768325876755,258.8188405579229,60.37935625873294,0.11329992724625515,0.10674967790262647,False,False,normal
823,train,test,693,False,3.4921311504617756,0.8451741471500692,28.814855431035173,5.50945785809901,258.8188405579229,60.37935625873294,0.11133214015224094,0.09124737657835084,False,False,normal
824,train,train,694,False,6.3115584586265,-0.9076644355570869,35.82798198748276,7.808051740109891,258.8188405579229,60.37935625873294,0.13842880182234862,0.12931657811407316,False,False,normal
825,train,train,695,False,-8.009796192256944,2.237576373957248,51.26930568206576,6.440353366727139,258.8188405579229,60.37935625873294,0.19808954236695858,0.1066648233069832,False,False,normal
826,train,train,696,False,-5.979348180077253,2.7297933934926784,42.425824168415716,8.84768616401014,258.8188405579229,60.37935625873294,0.1639209266101358,0.14653495353770785,False,False,normal
827,train,train,696,False,-0.02213456727999538,-1.7973154628444818,8.602336594121276,6.877313926821841,258.8188405579229,60.37935625873294,0.03323690259788525,0.11390174312809344,False,False,normal
828,test,train,697,False,-2.571285507534856,-0.8053759934553849,31.596723036517904,5.878097789369499,258.8188405579229,60.37935625873294,0.12208045970844479,0.09735277342443217,False,False,normal
829,test,train,698,False,-0.26503538777361957,-0.6527019799520629,127.24071413020374,13.899308079221376,258.8188405579229,60.37935625873294,0.4916207562630188,0.2301996732071991,False,False,normal
830,train,train,699,False,-1.9619952616691267,4.024420849026753,39.775185197632,7.223126647711882,258.8188405579229,60.37935625873294,0.1536796359642544,0.11962907681161586,False,False,normal
831,test,train,699,False,0.41896568840319365,-1.3985888983588988,7.033491519609194,4.197554689376505,258.8188405579229,60.37935625873294,0.027175345907768714,0.06951969927253727,False,False,normal
832,train,test,700,False,1.2481788677258872,2.5677676748023384,35.07533946139,7.84286891839412,258.8188405579229,60.37935625873294,0.13552081210849967,0.12989321854950664,False,False,normal
833,test,train,701,False,-0.06371102501832251,1.5571946536907557,57.41919128911471,10.290562305546414,258.8188405579229,60.37935625873294,0.22185089449183457,0.17043179893223925,False,False,normal
834,train,train,702,False,2.840613314104077,0.6344858253000544,28.062145791504566,10.116281075185649,258.8188405579229,60.37935625873294,0.10842389113177539,0.1675453615609306,False,False,normal
835,train,train,703,False,0.18747842137188467,4.1570488151581415,61.50282996239633,12.330301775569906,258.8188405579229,60.37935625873294,0.23762887520018922,0.20421386612227285,False,False,normal
836,train,train,704,False,3.499574031694931,-1.1074473540321268,35.33982354155818,9.957749110378652,258.8188405579229,60.37935625873294,0.13654270093080506,0.16491976276972012,False,False,normal
837,train,test,705,False,5.902477166235941,-0.08376028133676958,28.845433789242783,9.820718812830597,258.8188405579229,60.37935625873294,0.11145028594928451,0.16265027355951947,False,False,normal
838,test,train,706,False,-8.280383060319307,3.0243274050479547,53.988056498779784,5.847832624112714,258.8188405579229,60.37935625873294,0.2085939971850597,0.09685152321025144,False,False,normal
839,train,train,707,False,-6.071213183391965,3.8399316052283794,40.69163153577131,9.045778973563106,258.8188405579229,60.37935625873294,0.15722051550827745,0.1498157571405835,False,False,normal
840,train,train,707,False,0.11438831008708811,-2.3612034818305854,10.042605172387907,5.579100815876327,258.8188405579229,60.37935625873294,0.03880167746188632,0.09240079990202606,False,False,normal
841,test,train,708,False,-0.3996492011832111,-0.9039474605925685,31.99550026688296,6.385662328753179,258.8188405579229,60.37935625873294,0.12362121782908791,0.10575903296136238,False,False,normal
842,test,train,709,False,-1.1139558836142311,-0.8348183746415799,28.73466205830759,11.092834372597112,258.8188405579229,60.37935625873294,0.11102229650811242,0.18371899039570674,False,False,normal
843,test,train,710,False,0.6903916165595618,2.675714173447652,31.96660065675389,5.973586396637295,258.8188405579229,60.37935625873294,0.12350955822166995,0.09893425115431415,False,False,normal
844,train,train,711,False,2.3771258451566495,-0.7612488588419454,30.473117336693758,9.027402064232488,258.8188405579229,60.37935625873294,0.11773917722142783,0.14951139965038654,False,False,normal
845,train,test,712,False,3.6455326855420425,1.9971439498683976,27.77315651547071,11.200602273353962,258.8188405579229,60.37935625873294,0.10730732142838403,0.18550383719491823,False,False,normal
846,train,train,713,False,5.066759350024818,4.070884046220125,47.89576617067302,4.313898527263518,258.8188405579229,60.37935625873294,0.18505517630566037,0.07144658033083252,False,False,normal
847,train,train,714,False,5.569229695904368,0.7858485128375782,39.977628430113135,4.859373026229763,258.8188405579229,60.37935625873294,0.15446181716885585,0.08048070279859815,False,False,normal
848,train,train,715,False,6.832123179449973,-0.6831473536828595,40.187115822559754,4.731903625562241,258.8188405579229,60.37935625873294,0.15527121493910717,0.0783695607035864,False,False,normal
849,train,train,716,False,-9.663321605477792,5.91927595798587,65.45756818764674,6.365625027748959,258.8188405579229,60.37935625873294,0.25290882242785384,0.10542717614397007,False,False,normal
850,train,train,716,False,0.07928427679459983,-2.110293167243031,11.826005390516526,9.336520044357448,258.8188405579229,60.37935625873294,0.04569221222467342,0.1546309967987952,False,False,normal
851,train,train,717,False,-0.46046289830463355,-2.6561373492104408,41.8224561775253,7.37407473820273,258.8188405579229,60.37935625873294,0.16158968986713143,0.12212907184044687,False,False,normal
852,train,test,718,False,-2.450428529366252,3.744320057086346,43.397256536663896,4.345925570527586,258.8188405579229,60.37935625873294,0.16767425602832695,0.07197701068399541,False,False,normal
853,train,test,718,False,0.28013459546939484,-1.30236741860833,7.1029718173716745,6.879060739401234,258.8188405579229,60.37935625873294,0.027443797376033953,0.11393067375418207,False,False,normal
854,train,train,719,False,1.2943516544939777,-0.4506608375155786,37.994907931359755,6.5307988073073115,258.8188405579229,60.37935625873294,0.14680116737041254,0.10816277635226912,False,False,normal
855,train,train,720,False,2.569357817235688,-0.1608696955679187,35.620761910503354,3.811269705462859,258.8188405579229,60.37935625873294,0.13762816429328503,0.06312206591158576,False,False,normal
856,test,test,721,False,3.5366839451712173,3.324234034294117,33.40489115182806,7.856226220772493,258.8188405579229,60.37935625873294,0.1290666903530624,0.13011444155031401,False,False,normal
857,train,train,722,False,6.858393377118074,0.7677434598313704,45.3546485065038,5.195168372160155,258.8188405579229,60.37935625873294,0.1752370438285522,0.08604212919889742,False,False,normal
858,train,train,723,False,-7.887798182628508,3.512995205725113,54.36646488957534,6.6769878269532725,258.8188405579229,60.37935625873294,0.21005605609074,0.11058395187821417,False,False,normal
859,test,train,723,False,-0.42257609694122655,-0.0652491566342424,9.40621156966501,7.354017855903182,258.8188405579229,60.37935625873294,0.03634283945244676,0.12179689071858127,False,False,normal
860,train,train,723,False,-0.40215787153764077,-0.021898787585147503,8.77703657108306,5.448880909911189,258.8188405579229,60.37935625873294,0.033911892009727114,0.0902441040703062,False,False,normal
861,train,train,723,False,-0.40219542897004074,-0.027634632302206183,8.713798923385903,5.34613543258857,258.8188405579229,60.37935625873294,0.033667560308214044,0.08854243840692379,False,False,normal
862,train,train,723,False,-0.39459740392473985,-0.0206705839485236,8.664226051381979,5.2044772168245315,258.8188405579229,60.37935625873294,0.03347602528743633,0.08619630183738146,False,False,normal
863,train,train,723,False,-0.3949612652599182,-0.021935908193261452,8.613563241128839,5.09815313716133,258.8188405579229,60.37935625873294,0.0332802790653146,0.08443536753381602,False,False,normal
864,train,train,723,False,-0.395474232529248,-0.023271641724373612,8.56738666466941,5.017858694338616,258.8188405579229,60.37935625873294,0.03310186633322799,0.08310553482611635,False,False,normal
865,train,train,723,False,-0.3957531425384621,-0.022928475877572393,8.5500999364967,4.992910688686613,258.8188405579229,60.37935625873294,0.03303507549166697,0.0826923471540733,False,False,normal
866,train,train,723,False,-0.39618708343652537,-0.023619174855747424,8.523053998567137,4.949364515682238,258.8188405579229,60.37935625873294,0.03293057792931308,0.08197113752709792,False,False,normal
867,train,train,723,False,-0.3970510221504357,-0.026983070159836184,8.47726065802973,4.899689670824222,258.8188405579229,60.37935625873294,0.03275364590829524,0.0811484251310738,False,False,normal
868,train,train,723,False,-0.3934273196094693,-0.0237543979399759,8.48836952546587,4.860545891951654,258.8188405579229,60.37935625873294,0.03279656731004557,0.08050012774438368,False,False,normal
869,train,train,723,False,-0.3939637528070621,-0.02528778236568395,8.450516391830085,4.798922485698188,258.8188405579229,60.37935625873294,0.03265031391692246,0.07947952384808836,False,False,normal
870,train,train,723,False,-0.3941638910885691,-0.024832151807031508,8.436073510159506,4.769960256203626,258.8188405579229,60.37935625873294,0.032594510863174726,0.07899985279345745,False,False,normal
871,train,train,723,False,-0.3760042066366349,-0.10310838028679419,8.206932445667944,4.711152304098065,258.8188405579229,60.37935625873294,0.03170917707527268,0.07802587831361103,False,False,normal
872,train,train,724,False,-5.399432974902304,-1.9434524256894259,36.47461480884681,8.549625673298129,258.8188405579229,60.37935625873294,0.14092720116595955,0.14159848999816982,False,False,normal
873,train,train,725,False,1.2012880255460792,-2.6135111505444404,36.14799718079741,3.725397378736201,258.8188405579229,60.37935625873294,0.1396652465596205,0.06169985255842107,False,False,normal
874,train,train,726,False,2.4654998223755946,2.846148778005064,31.700022629314187,3.9944435157422786,258.8188405579229,60.37935625873294,0.12247957900197692,0.06615578176464153,False,False,normal
875,train,train,727,False,4.902938221151898,0.2684155129504602,47.17187100667054,5.213109973227012,258.8188405579229,60.37935625873294,0.1822582579575138,0.08633927713452587,False,False,normal
876,train,train,728,False,4.012083514267949,4.133404027988238,42.84937411565969,14.391383431963302,258.8188405579229,60.37935625873294,0.16555739923450483,0.23834940157848752,False,False,normal
877,test,train,729,False,6.146815619225553,0.0683443462742178,33.29766295342722,6.431641422015365,258.8188405579229,60.37935625873294,0.12865239208107535,0.1065205364968615,False,False,normal
878,train,train,730,False,-9.166157567124788,5.289854254709382,59.691985683313646,6.799585176479364,258.8188405579229,60.37935625873294,0.23063230464458692,0.11261440329609193,False,False,normal
879,test,train,731,False,-4.314864799037164,0.5953058146122062,208.46109531823467,18.09943694181909,258.8188405579229,60.37935625873294,0.805432459510542,0.2997620058130594,False,False,normal
880,train,train,732,False,0.1640883915070826,-2.322905832179715,41.3581394331989,13.270545465988627,258.8188405579229,60.37935625873294,0.15979570630965356,0.21978613698898533,False,False,normal
881,test,train,733,False,3.5708604582967807,-0.3510457665139657,31.799212908020703,6.3924597145405375,258.8188405579229,60.37935625873294,0.12286282111253076,0.10587161093848142,False,False,normal
882,train,train,734,False,5.8659254615813925,-0.4381507278969896,32.27162749093822,3.2992986281257917,258.8188405579229,60.37935625873294,0.1246880923404644,0.05464282550459618,False,False,normal
883,train,train,735,False,-8.643581155613393,6.076943143286562,49.27786824222763,4.523153653667957,258.8188405579229,60.37935625873294,0.19039521286781821,0.07491225368958372,False,False,normal
884,train,train,735,False,0.018377469930388652,-1.9192816758512403,9.9961217887223,6.694518840057269,258.8188405579229,60.37935625873294,0.038622079316846324,0.11087429967571093,False,False,normal
885,train,test,736,False,-5.229873789417002,2.204584885368246,36.76082041977795,6.911079936246536,258.8188405579229,60.37935625873294,0.14203301560479323,0.11446097415533402,False,False,normal
886,train,train,737,False,2.370676138191414,-2.469441740496341,39.20654259831566,3.5595083940678,258.8188405579229,60.37935625873294,0.15148256793748116,0.05895240715742099,False,False,normal
887,train,train,738,False,2.7122688272503774,2.0024442048913373,34.02770794082194,5.920471163392242,258.8188405579229,60.37935625873294,0.13147307154096705,0.098054559210971,False,False,normal
888,train,train,739,False,1.8126684576525653,4.684301438521447,38.789699887172695,4.060256716183258,258.8188405579229,60.37935625873294,0.1498720101038845,0.06724577683115004,False,False,normal
889,train,train,739,False,0.7217593611128713,0.6569785444496168,9.824734815992802,7.31257381854483,258.8188405579229,60.37935625873294,0.037959890380522956,0.12111049656126764,False,False,normal
890,train,train,739,False,0.7415552479814802,0.6503751962618877,10.614768912287527,7.152563292478497,258.8188405579229,60.37935625873294,0.04101235014192088,0.1184604099094546,False,False,normal
891,train,train,739,False,1.1130012491802646,-0.9244094161285723,7.995445075060324,7.944051435274841,258.8188405579229,60.37935625873294,0.03089205197668354,0.13156899853707626,False,False,normal
892,train,train,740,False,3.7051736269308195,-0.003067704748654198,65.74875518845668,13.228470913701782,258.8188405579229,60.37935625873294,0.2540338834944371,0.21908930027369228,False,False,normal
893,test,train,741,False,6.338419729470569,0.20129644272283442,106.21803868179013,13.62909808437311,258.8188405579229,60.37935625873294,0.41039531145731584,0.2257244682432644,False,False,normal
894,train,train,742,False,-7.065779059378644,-0.15139279436703057,71.51175534969357,4.988764495986757,258.8188405579229,60.37935625873294,0.27630042386226306,0.0826236781096057,False,False,normal
895,train,train,743,False,-5.592738302525122,0.8751252409099382,56.51836914223474,4.803655779981436,258.8188405579229,60.37935625873294,0.21837038223492888,0.07955791644079778,False,False,normal
896,train,test,744,False,-2.9618666674084198,3.217886482238737,41.936517538483045,5.631875154366655,258.8188405579229,60.37935625873294,0.16203038947273923,0.09327484596280523,False,False,normal
897,train,test,744,False,0.22846884394657407,-1.5448333265595928,8.05610639271216,7.412776407708956,258.8188405579229,60.37935625873294,0.03112642949541854,0.12277004703303396,False,False,normal
898,train,train,745,False,-2.607187780844291,2.506350286785749,36.34355826030838,5.475400865308562,258.8188405579229,60.37935625873294,0.14042083714602993,0.0906833262985746,False,False,normal
899,train,test,746,False,2.09756244612363,-2.9312254937679114,44.14793667830892,5.213054597531993,258.8188405579229,60.37935625873294,0.17057466366490714,0.08633836000492313,False,False,normal
900,train,train,747,False,4.833753627181011,-2.2833826957699337,47.033432706518774,5.226872147197878,258.8188405579229,60.37935625873294,0.1817233730169378,0.08656720559921326,False,False,normal
901,train,train,748,False,6.180048280295303,1.7101447140274937,34.10559052265806,5.462198964929885,258.8188405579229,60.37935625873294,0.13177398696763473,0.09046467705822654,False,False,normal
902,train,train,749,False,-8.843490030613602,2.0936071610660067,62.346756484406036,12.255894640831222,258.8188405579229,60.37935625873294,0.24088955946950474,0.20298153872845567,False,False,normal
903,train,train,750,False,-6.6699999274979715,3.748768540196053,63.256889662750496,5.698517174294702,258.8188405579229,60.37935625873294,0.2444060468178853,0.0943785678978732,False,False,normal
904,train,train,750,False,-0.17562357730203873,-0.7233138644917478,9.046818678345828,10.99166339758237,258.8188405579229,60.37935625873294,0.0349542508530061,0.18204340156396742,False,False,normal
905,train,train,751,False,-5.243629782746145,3.576524052897389,55.97886606603542,10.524398245939583,258.8188405579229,60.37935625873294,0.21628590076891066,0.17430457855233247,False,False,normal
906,train,train,751,False,-0.48947368140018,0.6802323577655996,11.307886891679594,12.733709533889487,258.8188405579229,60.37935625873294,0.04369035448618711,0.2108950860510003,False,False,normal
907,test,train,751,False,-0.04347547486991061,-1.513548779490693,10.577070640297197,14.874563976189682,258.8188405579229,60.37935625873294,0.04086669508872203,0.24635181455811409,False,False,normal
908,train,train,752,False,-2.169944376876995,-3.020578341019209,46.87326025568964,4.137329138942152,258.8188405579229,60.37935625873294,0.18110451370018998,0.0685222465972176,False,False,normal
909,train,train,753,False,-1.7656565512357936,-0.6050053609693308,34.363763234467896,14.778461995371394,258.8188405579229,60.37935625873294,0.13277149051588225,0.24476017816493228,False,False,normal
910,train,train,754,False,5.050981258905055,-0.5020337559491986,61.867936220244566,5.068260302141178,258.8188405579229,60.37935625873294,0.23903953857021742,0.08394028383514163,False,False,normal
911,test,test,755,False,5.235933629361812,-0.81056918455644,51.492648225729894,3.6352784123846082,258.8188405579229,60.37935625873294,0.19895247237306896,0.060207306563637326,False,False,normal
912,train,train,756,False,6.216651198226715,1.3515940411881693,40.19940873508417,6.799152122151079,258.8188405579229,60.37935625873294,0.155318711143394,0.11260723107109455,False,False,normal
913,train,train,757,False,-8.636434237948638,-1.3959594808175844,80.98100948829152,6.194459356769966,258.8188405579229,60.37935625873294,0.3128868412891611,0.10259233851758784,False,False,normal
914,train,train,758,False,-6.655960385355255,3.3245512553519823,43.20675451344015,10.554334968610004,258.8188405579229,60.37935625873294,0.1669382121498632,0.17480038911616388,False,False,normal
915,test,train,759,False,-2.1829599042409646,-0.5561131219892247,31.690984566159944,9.143405416094199,258.8188405579229,60.37935625873294,0.12244465857989807,0.15143264159547487,False,False,normal
916,train,train,760,False,1.4055558722695285,-1.3059468913699508,31.429431201017582,6.419207693463541,258.8188405579229,60.37935625873294,0.1214340931798733,0.10631460968143565,False,False,normal
917,train,test,761,False,2.2097719653263406,-0.10485716755018196,26.85965972173408,15.899900735422756,258.8188405579229,60.37935625873294,0.10377783805782471,0.26333339274585393,False,False,normal
918,train,train,762,False,3.4010424572953317,-1.1027346836567395,29.782341148854922,6.92989003926937,258.8188405579229,60.37935625873294,0.11507022087207644,0.11477250617866713,False,False,normal
919,train,train,763,False,3.5941672096166744,0.8363764766304468,31.009038839510545,8.942259180928813,258.8188405579229,60.37935625873294,0.11980982053959403,0.14810126730417822,False,False,normal
920,train,test,764,False,5.871709714444036,-0.5408623980718722,34.65016620859224,5.039756940224715,258.8188405579229,60.37935625873294,0.13387806750814044,0.08346821252331242,False,False,normal
921,train,train,765,False,-8.931663485888741,6.706184146851843,47.601430439316445,3.910179745568547,258.8188405579229,60.37935625873294,0.1839179494688424,0.06476020924789175,False,False,normal
922,train,train,765,False,-0.05761366491309344,-1.4767524792442492,8.235540725382975,6.636900539939512,258.8188405579229,60.37935625873294,0.03181971106751746,0.10992002815498031,False,False,normal
923,train,train,766,False,-5.253286721387878,2.4019522661654227,42.90209250103574,13.790129567143381,258.8188405579229,60.37935625873294,0.1657610875952996,0.22839146393099963,False,False,normal
924,train,train,767,False,-0.048199635984117174,-0.9380879518652793,46.52798403658973,14.846411708800595,258.8188405579229,60.37935625873294,0.17977046777696581,0.24588555805699389,False,False,normal
925,train,train,768,False,1.1485610595075129,2.8462197746405837,32.95199294479787,5.501224755594234,258.8188405579229,60.37935625873294,0.1273168246707423,0.09111102032987585,False,False,normal
926,test,train,769,False,3.0092725277759365,0.5372868569301305,30.57087648308187,10.300086386510243,258.8188405579229,60.37935625873294,0.118116889856943,0.17058953630398294,False,False,normal
927,test,train,770,False,-8.798913973271695,0.8413684708203226,85.99273631924581,11.552688509210888,258.8188405579229,60.37935625873294,0.332250682113696,0.1913350725321781,False,False,normal
928,train,train,771,False,-6.179947293544411,-1.3489152549433776,55.95422243180655,11.864175926161186,258.8188405579229,60.37935625873294,0.21619068500264052,0.19649391217954923,False,False,normal
929,train,train,772,False,-3.0437446367589764,3.1515567125837727,34.316331770935015,7.275247322142262,258.8188405579229,60.37935625873294,0.13258822926863054,0.12049229691961166,False,False,normal
930,train,train,772,False,-0.0669624492650586,0.31370775894490033,11.351321954895766,5.806899556094317,258.8188405579229,60.37935625873294,0.04385817481612346,0.09617359170261837,False,False,normal
931,test,train,772,False,0.5317096761514338,-2.3013922542826863,8.120291234318968,7.80665420901202,258.8188405579229,60.37935625873294,0.031374420876063194,0.12929343227111514,False,False,normal
932,train,train,773,False,-1.2630135065806702,2.7735933828351884,59.48833506572766,4.760310230953784,258.8188405579229,60.37935625873294,0.2298454584584786,0.07884002953849444,False,False,normal
933,train,train,774,False,1.7605273356227658,-1.7172290230171565,83.76320959722436,13.34474848112274,258.8188405579229,60.37935625873294,0.3236364455410594,0.22101508376370987,False,False,normal
934,train,train,775,False,3.370730039972483,0.6324512778474832,48.93596052402334,4.9451980264415685,258.8188405579229,60.37935625873294,0.18907418184292352,0.08190213233229564,False,False,normal
935,train,test,776,False,4.044059124039421,-0.9185262764180122,66.71052889728794,11.953752010229026,258.8188405579229,60.37935625873294,0.2577498946888232,0.19797746698400914,False,False,normal
936,train,train,777,False,5.317118087236171,1.7929964784404229,57.59425521029238,19.967940004622474,258.8188405579229,60.37935625873294,0.22252729007725755,0.330708063846481,False,False,normal
937,test,train,778,False,-8.094626816061025,5.143960326259681,72.64887864241356,22.475553853599507,258.8188405579229,60.37935625873294,0.2806939343589052,0.37223904404162583,False,False,normal
938,train,train,779,False,-5.037698099186781,3.3050483527886008,45.08591198888992,33.890062151243654,258.8188405579229,60.37935625873294,0.17419872483664814,0.5612855825428245,False,False,normal
939,train,train,779,False,-0.36672777976779897,0.43556775563750927,28.9182866518527,47.30239196877559,258.8188405579229,60.37935625873294,0.11173176801779572,0.7834199451560736,False,False,normal
940,train,train,779,False,-0.3693294315062376,0.5074899852077602,27.243571625648887,45.18688041378841,258.8188405579229,60.37935625873294,0.10526116092213872,0.7483829443321173,False,False,normal
941,train,train,779,False,-0.3344546052299392,0.40435574317351497,26.970899368137932,45.07196433344134,258.8188405579229,60.37935625873294,0.10420763538696838,0.7464797097256627,False,False,normal
942,train,train,780,False,-1.466796310611295,-2.9142208964607184,56.774239495015394,20.149619389755415,258.8188405579229,60.37935625873294,0.2193589901439555,0.33371702910199685,False,False,normal
943,train,test,781,False,0.7067740674213108,-0.0721805047745794,75.13890450515082,16.493017977121493,258.8188405579229,60.37935625873294,0.29031466311794624,0.27315657203178667,False,False,normal
944,test,train,782,False,2.89943072744784,-0.6554428024756584,75.23105487918701,35.6456409098781,258.8188405579229,60.37935625873294,0.29067070510406107,0.5903613936712435,False,False,normal
945,train,train,783,False,3.509499835815349,0.6441731372060499,48.864860516324605,22.825845758705935,258.8188405579229,60.37935625873294,0.1887994722910784,0.3780405617591282,False,False,normal
946,train,train,547,False,3.8519811593802125,0.8288173792702219,50.9856031960575,22.399634637252028,258.8188405579229,60.37935625873294,0.19699339926780587,0.3709816736247874,False,False,normal
947,train,train,784,False,4.728284722780969,4.431377379777356,48.72729055084631,24.463444033636996,258.8188405579229,60.37935625873294,0.18826794234070177,0.4051623857798043,False,False,normal
948,train,test,785,False,4.503956679183727,2.5709147463584263,58.339238393407726,19.88993541657535,258.8188405579229,60.37935625873294,0.22540568633894167,0.329416155603656,False,False,normal
949,test,train,786,False,5.45932938254817,2.9214158608132816,42.75467407207428,30.249813718208312,258.8188405579229,60.37935625873294,0.1651915060739402,0.5009959627357429,False,False,normal
950,train,test,787,False,-0.17665846819357664,2.096502364519777,58.619053440703205,4.243128622023011,258.8188405579229,60.37935625873294,0.22648680951642094,0.0702744925573682,False,False,normal
951,train,train,788,False,3.859408200065705,0.04318832763203669,72.29159218323122,13.564467755995166,258.8188405579229,60.37935625873294,0.2793134843947057,0.22465406384708309,False,False,normal
952,train,train,789,False,4.967293309800962,3.61485012953112,63.02773533282257,11.37030063554096,258.8188405579229,60.37935625873294,0.24352066177623244,0.18831437332352186,False,False,normal
953,train,test,790,False,6.005045284892176,1.6637657795294007,96.48685537885437,26.286859452812884,258.8188405579229,60.37935625873294,0.37279687665265193,0.4353617044237847,False,False,normal
954,train,train,791,False,-8.638273985985474,4.703174440229137,72.86797356677816,5.354472182878687,258.8188405579229,60.37935625873294,0.2815404528113189,0.08868051126504425,False,False,normal
955,train,train,792,False,0.44156423313028764,-0.642859880542821,51.39385363217955,1.871463743324132,258.8188405579229,60.37935625873294,0.19857075907376903,0.030995092682086247,False,False,normal
956,train,train,793,False,3.183171861673323,0.7707960739343079,62.327583769387516,6.874507983066513,258.8188405579229,60.37935625873294,0.24081548172857525,0.11385527122230989,False,False,normal
957,train,test,794,False,4.449988714296821,1.0707968255876932,74.62694998249212,14.256726147971305,258.8188405579229,60.37935625873294,0.28833662117341424,0.23611921410489184,False,False,normal
958,train,train,795,False,5.818150779887918,2.633999769933335,79.61600076385962,13.911996308807103,258.8188405579229,60.37935625873294,0.30761284840097175,0.2304098150565318,False,False,normal
959,train,train,796,False,-8.565168958070325,6.064624442500371,70.94471059830428,24.41724041864631,258.8188405579229,60.37935625873294,0.2741095294506857,0.4043971637262153,False,False,normal
960,train,train,797,False,-3.213761493911875,-1.1246237513658777,62.01778479953978,25.208032356824607,258.8188405579229,60.37935625873294,0.23961850947887384,0.4174942218463724,False,False,normal
961,train,test,798,False,-0.8351393735894199,0.3442633648164946,69.36877091249784,18.78729769647398,258.8188405579229,60.37935625873294,0.268020561265799,0.3111543226126511,False,False,normal
962,train,train,799,False,0.03950868066249084,-1.6530157808379264,63.55811987958508,18.531022808944645,258.8188405579229,60.37935625873294,0.2455699119220842,0.3069099102272131,False,False,normal
963,train,train,800,False,2.095293373331338,-0.5798129705673115,65.72794951114525,19.798754845996086,258.8188405579229,60.37935625873294,0.2539534964667131,0.32790602737061314,False,False,normal
964,test,train,801,False,4.342208892652951,0.9803896073845206,64.16484890552954,19.052981948543483,258.8188405579229,60.37935625873294,0.2479141347175985,0.31555457244193064,False,False,normal
965,train,test,802,False,3.3419886821913805,1.9903255909980502,65.95472071792454,25.662350112403267,258.8188405579229,60.37935625873294,0.2548296738203032,0.4250186107059001,False,False,normal
966,train,test,803,False,4.808248747232505,2.118698576778788,40.9037644905439,20.720351434251075,258.8188405579229,60.37935625873294,0.15804013495450983,0.3431694658263965,False,False,normal
967,train,train,804,False,-8.410813830668287,3.083742899022098,73.544318185097,8.058700176242892,258.8188405579229,60.37935625873294,0.2841536498137507,0.13346780548156847,False,False,normal
968,train,test,805,False,-3.564753019492134,-2.6981532732984723,47.855500114543794,4.476566843809531,258.8188405579229,60.37935625873294,0.18489960008855644,0.07414068518098957,False,False,normal
969,test,train,806,False,-2.1927848884549026,0.06318523323214792,38.589437472034085,10.346497257138704,258.8188405579229,60.37935625873294,0.14909825493711645,0.17135819091549595,False,False,normal
970,train,test,807,False,1.5582125068297599,-0.7986881485009996,45.58856141906921,6.589207141061494,258.8188405579229,60.37935625873294,0.17614081463619966,0.10913013237216267,False,False,normal
971,train,train,808,False,0.2899036052375683,3.306854097671752,82.68581986816355,8.968827023905348,258.8188405579229,60.37935625873294,0.3194737279941516,0.148541282644234,False,False,normal
972,train,test,809,False,2.7049281511890864,1.9446658303444726,63.806698829517664,12.30553194134317,258.8188405579229,60.37935625873294,0.2465303479915633,0.20380362931682244,False,False,normal
973,train,test,810,False,5.064187259283898,0.8108516198509588,39.11756503036746,6.734131449407198,258.8188405579229,60.37935625873294,0.1511387847424232,0.1115303618102621,False,False,normal
974,train,train,264,False,7.766181156122372,-0.46426242021547454,41.58365295805366,3.804039267449901,258.8188405579229,60.37935625873294,0.16066702434959468,0.06300231574429391,False,False,normal
975,train,test,811,False,7.5431078665543945,1.0933008398803645,32.03102683416762,3.6730090818043584,258.8188405579229,60.37935625873294,0.12375848205300638,0.06083220009940259,False,False,normal
976,train,train,812,False,-10.251289290487879,2.4034797162844717,75.7933575271034,8.520207926674837,258.8188405579229,60.37935625873294,0.29284327742029687,0.14111127469071882,False,False,normal
977,test,train,813,False,-2.9820263620443064,-1.4961371228142328,25.212116296306508,3.0698817617998024,258.8188405579229,60.37935625873294,0.09741221404886137,0.050843234377077204,False,False,normal
978,train,train,814,False,-3.679403925323569,-0.8841811841785105,457.4570157569457,19.342202712891805,258.8188405579229,60.37935625873294,1.7674795805855106,0.32034463285776177,True,False,t2 alarm only
979,train,train,815,False,-0.8000160736231535,-1.5403958314581583,25.304677687633482,5.669859441842423,258.8188405579229,60.37935625873294,0.09776984408509615,0.09390393990863997,False,False,normal
980,train,train,816,False,2.8884949481409463,0.15406561129727842,24.39346734771062,6.3347029156930565,258.8188405579229,60.37935625873294,0.09424919490067583,0.1049150456084374,False,False,normal
981,train,test,817,False,4.905152426025768,0.7227395666591784,19.882728834274022,3.746356521602986,258.8188405579229,60.37935625873294,0.07682102582413944,0.06204697687649052,False,False,normal
982,train,test,818,False,-10.82432929282663,5.930931804182861,43.116897676435215,8.326335083915692,258.8188405579229,60.37935625873294,0.16659103171735978,0.13790036197531366,False,False,normal
983,train,train,819,False,-4.217030001706255,-3.0354112237433273,38.70800193856665,7.31632041254088,258.8188405579229,60.37935625873294,0.14955635322036734,0.12117254747118453,False,False,normal
984,train,train,820,False,-1.2137946556419876,-1.0986226956499714,22.94284120004341,6.874287331252457,258.8188405579229,60.37935625873294,0.08864440142992168,0.11385161679755733,False,False,normal
985,train,train,821,False,2.513199028720348,-0.7505210236099031,22.180231314584756,3.1746396684252587,258.8188405579229,60.37935625873294,0.08569790076631181,0.05257822979797166,False,False,normal
986,train,train,822,False,4.997723648296286,0.3884052512597353,19.61606453819355,3.826967346756171,258.8188405579229,60.37935625873294,0.07579071328775053,0.06338204949316033,False,False,normal
987,train,train,823,False,5.674879129736696,1.2169118898403672,27.92293468825507,3.8441777426146846,258.8188405579229,60.37935625873294,0.10788602030695674,0.06366708724322784,False,False,normal
988,train,train,824,False,-10.107601462279966,5.398376412218618,50.302307104934336,17.02055247335709,258.8188405579229,60.37935625873294,0.1943533438156981,0.2818935730354914,False,False,normal
989,train,train,824,False,-0.5030814919752445,0.05754195843816617,6.9684596277003195,1.3869248593368229,258.8188405579229,60.37935625873294,0.02692408177348588,0.02297018294454283,False,False,normal
990,train,train,824,False,-0.5674411592195472,0.2631622996183024,7.138004224564986,3.103834770741146,258.8188405579229,60.37935625873294,0.027579152310465285,0.05140556248133606,False,False,normal
991,train,train,824,False,-0.4064573502533603,-0.21252633886887856,4.636036469486701,2.6133690835005443,258.8188405579229,60.37935625873294,0.017912283586052034,0.043282493312812705,False,False,normal
992,train,train,825,False,-4.501965970572086,-2.1402510159892394,37.64232285829107,3.915832011537443,258.8188405579229,60.37935625873294,0.14543888218163478,0.06485382180554597,False,False,normal
993,train,train,826,False,-1.6123890970282488,-1.0361400777746284,26.664200117331976,8.512236181984157,258.8188405579229,60.37935625873294,0.10302263954143866,0.1409792470378151,False,False,normal
994,test,train,827,False,-1.4246496878043025,-1.4036719499929249,24.34084180807959,4.084824690451486,258.8188405579229,60.37935625873294,0.09404586526857646,0.06765267044165744,False,False,normal
995,train,test,495,False,-0.5651888783929487,-0.17158641054366566,20.25613457114059,2.5212892387180457,258.8188405579229,60.37935625873294,0.0782637559440242,0.04175747134358326,False,False,normal
996,test,train,828,False,2.505519023007622,0.8811699614287122,20.034689821348366,3.5192285051880625,258.8188405579229,60.37935625873294,0.0774081584561641,0.05828529357132821,False,False,normal
997,train,train,829,False,1.0793440650561155,4.959399853557787,25.064252303726136,5.243753032615646,258.8188405579229,60.37935625873294,0.0968409110005144,0.08684678601317844,False,False,normal
998,train,train,829,False,0.9001732951545115,-0.5801092155088214,3.366342062107529,2.6254750708631267,258.8188405579229,60.37935625873294,0.013006557230728926,0.04348299209439472,False,False,normal
999,test,train,830,False,3.7067706665166766,-0.8799954462163694,24.208586583511646,5.704064302769644,258.8188405579229,60.37935625873294,0.09353486991644967,0.09447043917339942,False,False,normal
1000,train,train,831,False,6.0805270300946574,0.693553368378525,29.22492356092541,3.7863284545285656,258.8188405579229,60.37935625873294,0.11291652299317428,0.0627089901108532,False,False,normal
1001,test,train,832,False,-8.577013101077005,5.763347663197481,37.73679501252831,11.358905613078004,258.8188405579229,60.37935625873294,0.14580389484467585,0.18812564950847938,False,False,normal
1002,train,train,832,False,-0.5324118609217405,0.1797719208921477,5.17307937346686,2.4727693779929583,258.8188405579229,60.37935625873294,0.019987259669023746,0.04095388773932664,False,False,normal
1003,train,train,832,False,-0.2908894513243721,-0.8168977049121001,4.335376739485294,2.248404269764202,258.8188405579229,60.37935625873294,0.016750622675458005,0.03723796358691726,False,False,normal
1004,train,train,833,False,-5.630551282224163,3.257421061234629,30.03530239405185,10.28386492029793,258.8188405579229,60.37935625873294,0.11604758884363381,0.17032087715924477,False,False,normal
1005,train,train,833,False,-0.310439907864667,-0.7796619017647526,5.710229179151636,2.653416896270217,258.8188405579229,60.37935625873294,0.02206264878879134,0.04394576326551083,False,False,normal
1006,train,train,834,False,0.6968968237968326,-1.2873531362020374,34.54944899100726,4.150435787343261,258.8188405579229,60.37935625873294,0.13348892575413263,0.06873931827888549,False,False,normal
1007,train,test,283,False,1.412539895610864,-1.4553646358535663,25.764982914590487,5.956109412442583,258.8188405579229,60.37935625873294,0.09954832831740609,0.09864479818101943,False,False,normal
1008,train,train,835,False,1.4664489647811956,0.516072455229112,21.36617660019531,4.549721165616966,258.8188405579229,60.37935625873294,0.0825526323900428,0.07535226354717751,False,False,normal
1009,train,train,836,False,3.2589338977897384,0.6231150475410704,21.26558070316974,3.8801179538284023,258.8188405579229,60.37935625873294,0.08216395938305181,0.06426232729613117,False,False,normal
1010,test,train,837,False,4.400619572690077,1.4955740098905648,124.06528474072255,19.77592298975838,258.8188405579229,60.37935625873294,0.4793518295394616,0.3275278872635894,False,False,normal
1011,train,test,838,False,5.997338141304419,0.4154795993319272,26.419128219361685,10.527870565775546,258.8188405579229,60.37935625873294,0.10207575369092638,0.17436208694677582,False,False,normal
1012,train,test,839,False,-8.149209091593518,6.049584336789827,38.435797600946835,12.483130222703481,258.8188405579229,60.37935625873294,0.1485046355902557,0.20674500352755898,False,False,normal
1013,train,test,839,False,-0.27627198660202335,-1.0707387741509313,7.388163364709708,2.3978087269971518,258.8188405579229,60.37935625873294,0.028545693770914867,0.03971239303582912,False,False,normal
1014,train,test,840,False,-3.107047637496263,-0.47431026150136185,31.470164070172977,5.580115927631321,258.8188405579229,60.37935625873294,0.12159147302543474,0.09241761213418442,False,False,normal
1015,train,train,841,False,0.5722815808600633,1.5474426584399747,48.72935584038089,6.961906772451551,258.8188405579229,60.37935625873294,0.18827592201300897,0.11530276577674871,False,False,normal
1016,train,test,842,False,2.0753383450179235,0.6169146831389676,46.49153180221888,17.213208859076982,258.8188405579229,60.37935625873294,0.17962962704724045,0.28508433884780543,False,False,normal
1017,train,train,843,False,2.1014469966848037,0.750628606750885,23.0445206361637,5.568733322670391,258.8188405579229,60.37935625873294,0.08903726091380278,0.09222909397721443,False,False,normal
1018,test,train,844,False,2.585270251389904,0.8603508490114675,18.506381552919418,4.050843766425692,258.8188405579229,60.37935625873294,0.07150322408147,0.06708988000910991,False,False,normal
1019,train,train,845,False,3.8315970761847646,0.2559154767163176,24.99619904211671,5.369342173361186,258.8188405579229,60.37935625873294,0.09657797318090773,0.08892678733361942,False,False,normal
1020,train,train,846,False,4.181324519103451,1.0423708505195608,23.93557118588703,3.7561015931190593,258.8188405579229,60.37935625873294,0.09248001858864027,0.0622083742831524,False,False,normal
1021,train,test,847,False,5.028098184870787,1.3318683848573813,31.578815284929618,3.871303414642833,258.8188405579229,60.37935625873294,0.12201126941476416,0.06411634132125926,False,False,normal
1022,train,train,848,False,5.775720318661896,0.3119542580614798,27.487255271783148,4.51016645275309,258.8188405579229,60.37935625873294,0.10620268297520474,0.07469716029144918,False,False,normal
1023,train,train,849,False,5.512867274921123,3.057765125579302,33.93780507615518,8.527404930262191,258.8188405579229,60.37935625873294,0.13112571327109396,0.14123047111865877,False,False,normal
1024,test,train,850,False,6.436252150893259,1.8065743245188424,23.432493076306887,3.7264019648684483,258.8188405579229,60.37935625873294,0.09053627249776186,0.06171649046572075,False,False,normal
1025,test,train,851,False,-9.859726897476698,6.225154968162321,47.35198272460917,12.738185160958158,258.8188405579229,60.37935625873294,0.1829541567473792,0.21096921117167056,False,False,normal
1026,train,train,852,False,-4.150289245659985,-1.466343808757194,26.022763015345042,5.145020727534965,258.8188405579229,60.37935625873294,0.10054431493182284,0.08521158631582491,False,False,normal
1027,test,train,853,False,-4.028736344470082,-1.7621033709239495,23.28737259340544,6.442090640943169,258.8188405579229,60.37935625873294,0.08997556956520635,0.10669359595915566,False,False,normal
1028,train,train,854,False,-1.5616185639640716,0.3927878134176185,56.15756074534574,8.273492140602123,258.8188405579229,60.37935625873294,0.21697632453761745,0.13702517968474515,False,False,normal
1029,test,train,855,False,-0.0704118376476078,-1.5217699732174772,37.6235130532359,8.576328933139312,258.8188405579229,60.37935625873294,0.14536620661823832,0.14204074810583756,False,False,normal
1030,train,train,856,False,1.6566541312535157,0.0357235727383498,26.347934142800934,3.983902198847664,258.8188405579229,60.37935625873294,0.10180068068462096,0.06598119698024198,False,False,normal
1031,train,test,857,False,3.8142052594422595,-0.3150881053179076,20.689733030085357,4.699938448290899,258.8188405579229,60.37935625873294,0.07993905306694647,0.07784015497202532,False,False,normal
1032,test,train,858,False,3.6174132946194333,0.9409273736692606,21.483016962943633,11.917143957853755,258.8188405579229,60.37935625873294,0.08300406924253954,0.19737116617784617,False,False,normal
1033,train,train,859,False,-2.6698307904176994,0.34795016587311123,28.710010243672322,9.247808676909116,258.8188405579229,60.37935625873294,0.11092704913515408,0.15316176338947907,False,False,normal
1034,test,train,860,False,-2.7475978388839306,1.4057380745180916,23.73040357775943,11.16749806710934,258.8188405579229,60.37935625873294,0.09168731119653027,0.18495556692017787,False,False,normal
1035,train,train,861,False,-0.9233455893310946,-1.1829917180556138,18.22486006244421,7.2207070371521676,258.8188405579229,60.37935625873294,0.07041550770862658,0.11958900333767311,False,False,normal
1036,train,test,862,False,-2.2871979043036816,1.3817884500040407,18.434676671836943,12.120686245063071,258.8188405579229,60.37935625873294,0.07122617747648598,0.20074222376807804,False,False,normal
1037,train,train,863,False,-1.1708310314034556,-0.8771150277625603,19.8517325382104,5.469875957001795,258.8188405579229,60.37935625873294,0.07670126523794407,0.09059182303240708,False,False,normal
1038,test,train,864,False,-1.2772527044348088,-0.9367186984444078,18.69275208109191,5.7374646182546085,258.8188405579229,60.37935625873294,0.07222330507623353,0.09502361359516437,False,False,normal
1039,train,train,865,False,-0.8329871766370692,-1.2082992805941521,24.895058690333883,12.620661077022588,258.8188405579229,60.37935625873294,0.09618719656060913,0.2090227829349738,False,False,normal
1040,train,train,866,False,-1.2927525121895964,-0.7754157592392921,19.50300262445998,5.919893473593569,258.8188405579229,60.37935625873294,0.0753538752527379,0.09804499154025591,False,False,normal
1041,test,train,867,False,-1.1112375417024063,-1.1669915786562635,18.571064967703023,9.055025587086199,258.8188405579229,60.37935625873294,0.0717531418024681,0.14996889910989286,False,False,normal
1042,train,train,868,False,-1.5794304402879393,0.542046166568332,140.7568361330098,28.907540748432798,258.8188405579229,60.37935625873294,0.5438430827894418,0.47876530224271424,False,False,normal
1043,train,test,869,False,-0.8686355190442239,-1.3725772533946825,17.75447555056516,7.135084519925459,258.8188405579229,60.37935625873294,0.06859808007907277,0.11817092731745511,False,False,normal
1044,test,train,870,False,-0.6772478201438791,-1.1499862461248802,22.859193405548297,14.301962324900078,258.8188405579229,60.37935625873294,0.08832121091444452,0.23686841349573878,False,False,normal
1045,train,train,871,False,-0.949147057124309,-1.623877342302903,145.53806828268435,24.579920324759666,258.8188405579229,60.37935625873294,0.562316359848283,0.4070914605222304,False,False,normal
1046,train,train,872,False,-1.3273197013338465,0.7254833577902038,17.590469201636235,6.6263586567179305,258.8188405579229,60.37935625873294,0.06796440770585842,0.10974543399110073,False,False,normal
1047,test,train,873,False,-1.0128172542092293,-1.2058933748575054,52.24005377229822,22.081823680478777,258.8188405579229,60.37935625873294,0.20184022793582929,0.36571810381441394,False,False,normal
1048,train,test,874,False,-0.6054535986067671,-1.0068134381834928,16.69633003215055,8.719666155630822,258.8188405579229,60.37935625873294,0.06450971651120568,0.14441469230420384,False,False,normal
1049,test,train,875,False,-0.6735948012383391,-1.2629302663287425,17.37444432368975,9.964363997374752,258.8188405579229,60.37935625873294,0.06712975101131172,0.16502931821061873,False,False,normal
1050,train,train,876,False,-0.7293853523513862,-1.2906680622494737,17.517068389162887,9.318108362304681,258.8188405579229,60.37935625873294,0.06768080851997565,0.15432606340444316,False,False,normal
1051,train,train,877,False,-1.096119664475038,-1.2030113003493446,15.95862312851989,9.66374275737644,258.8188405579229,60.37935625873294,0.06165943365683379,0.16005044366432325,False,False,normal
1052,test,train,878,False,-1.0824993082751826,-1.0825220912053428,19.016490267266114,8.594237295221726,258.8188405579229,60.37935625873294,0.07347413436469004,0.1423373455390012,False,False,normal
1053,train,train,879,False,-0.3351673513711691,-0.5209951509303881,17.93722541635452,5.912256863869106,258.8188405579229,60.37935625873294,0.06930417189756408,0.09791851437657535,False,False,normal
1054,train,train,880,False,0.09892757620145753,-0.2814425555608825,19.28898106622124,4.104567912620506,258.8188405579229,60.37935625873294,0.0745269587972844,0.06797965673949767,False,False,normal
1055,test,test,881,False,0.08888901468746892,-0.1840098090918041,25.325428925756803,9.330657822326645,258.8188405579229,60.37935625873294,0.09785002077578292,0.15453390695892205,False,False,normal
1056,test,train,882,False,3.3167608680664022,0.7455953746114793,31.278056093518888,8.328762066321067,258.8188405579229,60.37935625873294,0.12084922421449049,0.13794055754141035,False,False,normal
1057,test,train,883,False,5.778303836861619,-1.0017757900888848,30.078088296179793,5.653235610195193,258.8188405579229,60.37935625873294,0.11621290100574577,0.09362861680688322,False,False,normal
1058,train,train,884,False,5.723203207663454,1.124629797646764,26.962772888476085,8.371430968460974,258.8188405579229,60.37935625873294,0.10417623705582552,0.1386472378504396,False,False,normal
1059,train,train,885,False,5.018381661574092,4.9111008404562,25.64954452880791,7.7765781491328605,258.8188405579229,60.37935625873294,0.09910230829222656,0.12879531401112113,False,False,normal
1060,train,train,886,False,6.471110034427067,1.6269948554183207,34.39917026457402,6.802702278510284,258.8188405579229,60.37935625873294,0.13290829288324388,0.11266602859029949,False,False,normal
1061,test,train,887,False,7.449739249552192,2.1058032301231946,25.508084999576848,7.714816026002629,258.8188405579229,60.37935625873294,0.09855575020964602,0.12777241269257156,False,False,normal
1062,train,train,888,False,-7.331865692168705,6.387005637831478,98.13555390720427,19.79421885083196,258.8188405579229,60.37935625873294,0.37916696364012115,0.3278309024364438,False,False,normal
1063,train,test,889,False,-1.9584706017957116,-0.10262879648024945,132.05055496179682,22.2812616394358,258.8188405579229,60.37935625873294,0.510204568868101,0.36902118571714915,False,False,normal
1064,train,train,890,False,0.6151134353868134,0.049943816826582936,67.76154688635913,11.380758442249904,258.8188405579229,60.37935625873294,0.26181071957624463,0.188487575016235,False,False,normal
1065,train,train,891,False,3.052314568929358,0.8862099382130163,61.873223009072674,10.241576686457966,258.8188405579229,60.37935625873294,0.23905996516982939,0.1696205014603262,False,False,normal
1066,train,train,892,False,4.149556162815697,0.25643047031273236,66.83876293394385,7.640584945867373,258.8188405579229,60.37935625873294,0.25824535335164495,0.1265430011066453,False,False,normal
1067,train,train,893,False,4.408342258745982,0.8490095334227643,71.76747878752958,9.906959888347084,258.8188405579229,60.37935625873294,0.27728846413508385,0.16407859411244047,False,False,normal
1068,train,train,894,False,4.887484179472293,1.9508588025294165,69.20929962193324,8.929490758121062,258.8188405579229,60.37935625873294,0.2674044110264237,0.14788979729855184,False,False,normal
1069,train,train,895,False,4.110177308177668,6.186112010166287,72.7111146088524,9.031478051335744,258.8188405579229,60.37935625873294,0.28093439585817115,0.14957890595313328,False,False,normal
1070,train,train,895,False,0.37552217039712255,0.1885273501591363,50.138888986631336,26.116770494276345,258.8188405579229,60.37935625873294,0.19372194419289349,0.4325446992571895,False,False,normal
1071,train,train,895,False,0.6766111027453048,-1.245164980958934,44.948782703964774,31.27343300222598,258.8188405579229,60.37935625873294,0.17366889754652684,0.5179490961814082,False,False,normal
1072,train,train,896,False,5.253762698865044,2.7126100227004724,63.4458599436233,14.380158762941635,258.8188405579229,60.37935625873294,0.2451361724936879,0.23816349914896232,False,False,normal
1073,test,test,897,False,5.604408467304825,2.144653647904214,79.51438167276989,11.165911152696362,258.8188405579229,60.37935625873294,0.30722022207256894,0.1849292845198459,False,False,normal
1074,train,train,898,False,5.212773366777294,5.095378677257478,27.59968335319073,9.870443414690094,258.8188405579229,60.37935625873294,0.10663707206822914,0.16347381002861366,False,False,normal
1075,test,train,899,False,4.905780875614869,5.583530934205059,25.524054779941384,11.454384703668477,258.8188405579229,60.37935625873294,0.09861745275158659,0.18970696962360836,False,False,normal
1076,train,train,899,False,0.14751170418915743,-0.16148440520281632,44.45115590519693,20.422412953069603,258.8188405579229,60.37935625873294,0.17174621371989682,0.3382350230028466,False,False,normal
1077,train,train,899,False,0.44820462076716827,-1.310076847228808,41.93542416201565,20.43682278230421,258.8188405579229,60.37935625873294,0.16202616498712977,0.33847367790292293,False,False,normal
1078,train,train,900,False,2.58841570536415,8.227866392345032,77.06877080086586,12.205084045418833,258.8188405579229,60.37935625873294,0.29777109979602934,0.20214001608626883,False,False,normal
1079,train,train,900,False,-0.3095460731477179,-0.3337154975463639,38.29061755573556,22.934076664407602,258.8188405579229,60.37935625873294,0.14794370252642497,0.3798330768240104,False,False,normal
1080,train,train,900,False,-0.28983078502685733,-0.33211725788848884,38.37880654863663,21.77297273000656,258.8188405579229,60.37935625873294,0.14828443889905907,0.36060292919829595,False,False,normal
1081,train,train,900,False,-0.18977620283502564,-0.8476832666334169,34.93615731229613,23.925262264146255,258.8188405579229,60.37935625873294,0.13498305315403622,0.39624904514754306,False,False,normal
1082,train,train,901,False,-3.5340504383895572,-2.222032042861192,36.22723070216197,7.609652563316879,258.8188405579229,60.37935625873294,0.13997138161993436,0.12603070047167422,False,False,normal
1083,train,train,902,False,-4.563360926491019,5.800910663457479,26.7319310427241,5.897782652246765,258.8188405579229,60.37935625873294,0.10328433194855291,0.09767879317848378,False,False,normal
1084,test,train,902,False,0.09783336600325601,-2.2503596385930797,10.062835113405225,4.72897004973818,258.8188405579229,60.37935625873294,0.03887984001362989,0.07832097496160714,False,False,normal
1085,train,train,903,False,-0.32109931624124294,2.8454979883307736,18.110086659653696,6.398225410344685,258.8188405579229,60.37935625873294,0.06997205698246188,0.10596710211562219,False,False,normal
1086,train,train,904,False,1.7767789648773629,0.06173107784962846,17.07310989967436,5.497319422391505,258.8188405579229,60.37935625873294,0.06596548328116572,0.09104634038883783,False,False,normal
1087,train,train,905,False,2.4709400879859236,0.6986093602769368,12.820926632400743,7.364752781532384,258.8188405579229,60.37935625873294,0.04953629575328948,0.12197468204154936,False,False,normal
1088,train,train,906,False,3.4698974780374447,-1.842778459965995,23.214728467187527,5.289737725091226,258.8188405579229,60.37935625873294,0.0896948939928202,0.08760838228258101,False,False,normal
1089,train,train,907,False,1.183745759444112,4.488785319106439,33.95465331343749,8.157919802932359,258.8188405579229,60.37935625873294,0.13119080991261353,0.1351110761760141,False,False,normal
1090,test,train,908,False,3.769936583066966,-2.528310407218651,43.583127584016225,8.726996844598336,258.8188405579229,60.37935625873294,0.1683924071758696,0.14453610282299276,False,False,normal
1091,train,train,909,False,4.51722109769731,-1.2976864126435228,27.58203831115102,4.780421845757734,258.8188405579229,60.37935625873294,0.1065688968071018,0.07917311713747063,False,False,normal
1092,train,train,910,False,4.179032917651258,2.689938082664741,27.138021231485567,4.0834644109220175,258.8188405579229,60.37935625873294,0.10485334519305274,0.06763014155738713,False,False,normal
1093,train,train,911,False,4.944612924378112,-1.4827775017203457,43.62179522373606,5.496491442309357,258.8188405579229,60.37935625873294,0.1685418075813288,0.09103262742246236,False,False,normal
1094,test,test,912,False,4.663839926109627,1.063048533100788,17.249387640502725,4.418185391566456,258.8188405579229,60.37935625873294,0.06664656870929132,0.07317377437139261,False,False,normal
1095,test,train,913,False,3.803543280621154,6.176834258521674,28.80090523883992,5.478623346505284,258.8188405579229,60.37935625873294,0.11127824070595187,0.09073669687746772,False,False,normal
1096,train,train,913,False,0.6247293952362114,0.40349631669760755,5.186419598445763,3.9706674835084823,258.8188405579229,60.37935625873294,0.02003880238110045,0.06576200426009322,False,False,normal
1097,train,train,914,False,3.99564326559042,5.550539396352052,117.53295595003746,27.062689532225352,258.8188405579229,60.37935625873294,0.45411282925415136,0.44821096495726803,False,False,normal
1098,train,train,914,False,0.9548044938909516,-0.5638226068370034,5.9123040528111845,3.407970949283008,258.8188405579229,60.37935625873294,0.022843406763071516,0.05644265127106415,False,False,normal
1099,train,train,915,False,5.891572364365815,1.3913024435636216,22.945547031791108,4.7041821734156715,258.8188405579229,60.37935625873294,0.08865485596925067,0.07791043934383259,False,False,normal
1100,train,train,916,False,6.110176360751661,1.5869205614408164,17.415226923499862,6.167820372620914,258.8188405579229,60.37935625873294,0.06728732300152,0.1021511449408478,False,False,normal
1101,test,train,917,False,5.666594633428989,1.4683770616127345,21.450162601867227,6.975991560075112,258.8188405579229,60.37935625873294,0.08287712963873951,0.1155360373532658,False,False,normal
1102,train,train,918,False,5.610566377182038,1.5853241929225101,23.80018308264813,13.665155586968442,258.8188405579229,60.37935625873294,0.09195691871327163,0.22632165087039974,False,False,normal
1103,test,train,919,False,7.357988870938389,-0.5896937893420554,30.129416693466343,6.170493418343771,258.8188405579229,60.37935625873294,0.11641121886072073,0.102195415795797,False,False,normal
1104,train,train,920,False,7.396210397058286,2.3174970610222014,16.967931777013142,10.523263247362914,258.8188405579229,60.37935625873294,0.06555910589984955,0.1742857807603884,False,False,normal
1105,train,test,921,False,7.493381001250309,2.382035389306356,19.299066702460884,8.085217208609945,258.8188405579229,60.37935625873294,0.07456592673415446,0.13390697929874903,False,False,normal
1106,train,train,922,False,6.595505529157368,6.670610434526507,22.91442971534774,6.705305968541165,258.8188405579229,60.37935625873294,0.08853462779584455,0.1110529555798526,False,False,normal
1107,train,train,922,False,1.4035423517833951,0.7952461764571565,15.068128809712109,4.468182532538651,258.8188405579229,60.37935625873294,0.05821882509492158,0.07400182462018876,False,False,normal
1108,test,train,922,False,1.4262267926690644,0.874860273658327,14.076624549826299,4.072115341295811,258.8188405579229,60.37935625873294,0.054387943781380135,0.06744217881102108,False,False,normal
1109,train,train,922,False,1.4802732255643345,0.5888256092097514,11.8375593414726,3.9238774533336787,258.8188405579229,60.37935625873294,0.04573685329844984,0.0649870700263743,False,False,normal
1110,train,train,923,False,-6.295786818519971,6.012065647766553,29.624909441417845,18.79193176807078,258.8188405579229,60.37935625873294,0.11446195098299992,0.3112310718839904,False,False,normal
1111,train,train,923,False,-0.21903265286251208,-1.0047970576673928,5.58668825221411,2.829984146124774,258.8188405579229,60.37935625873294,0.02158532292383029,0.046870061581941104,False,False,normal
1112,train,train,924,False,-5.477340139984699,7.85977168617252,3611.0113717947065,42.49814587928841,258.8188405579229,60.37935625873294,13.951887598331826,0.703852252037578,True,False,t2 alarm only
1113,train,train,924,False,-0.8946670962943347,-3.490276212774695,3804.475832663238,8.535910470332816,258.8188405579229,60.37935625873294,14.69937746596082,0.14137133946502167,True,False,t2 alarm only
1114,train,test,925,False,-3.5744888671474038,-2.585843393350805,180.7885219482105,30.219063153140407,258.8188405579229,60.37935625873294,0.6985137618207921,0.5004866733531907,False,False,normal
1115,test,test,926,False,-2.3154489128698907,-0.5691115921992769,12.058830863531893,5.216399045101844,258.8188405579229,60.37935625873294,0.046591781485216734,0.08639375058503332,False,False,normal
1116,test,test,927,False,-0.7135344769543032,-2.5166145152822463,36.570235281324265,8.797588150926044,258.8188405579229,60.37935625873294,0.14129665059348703,0.14570523264983648,False,False,normal
1117,test,train,928,False,-0.805328045990267,0.9678769765962091,11.928819775966664,9.04072547995753,258.8188405579229,60.37935625873294,0.04608945681949699,0.14973206142206805,False,False,normal
1118,train,test,929,False,0.01913756021227347,-0.21344296992163628,13.64214120382765,4.488526825936126,258.8188405579229,60.37935625873294,0.0527092277147211,0.07433876583086177,False,False,normal
1119,train,train,930,False,0.8835599893858992,0.13070802145630034,12.442465018182679,7.912629641016215,258.8188405579229,60.37935625873294,0.04807403120793322,0.13104859228888807,False,False,normal
1120,train,train,931,False,1.7642421474996732,0.6681285694255465,31.23747822830609,22.661265719289084,258.8188405579229,60.37935625873294,0.12069244325864768,0.37531479504655174,False,False,normal
1121,train,test,932,False,2.6140868869223164,0.816166072910666,17.9604208645647,5.020756673232726,258.8188405579229,60.37935625873294,0.0693937922983053,0.0831535310134505,False,False,normal
1122,train,train,933,False,3.606024613635077,-1.3045575738407882,26.80920039904538,5.478317474444536,258.8188405579229,60.37935625873294,0.10358287805189963,0.09073163103908022,False,False,normal
1123,train,train,934,False,3.0044562034974773,5.611541211017716,18.427900343747016,8.381578877729973,258.8188405579229,60.37935625873294,0.07119999573455668,0.13881530703662823,False,False,normal
1124,train,train,935,False,4.145562345296227,0.9063631451922859,14.820683026070288,8.508839423451283,258.8188405579229,60.37935625873294,0.05726276724724552,0.14092299008604636,False,False,normal
1125,train,train,936,False,4.615857865364161,1.3373618459534227,16.275974213157358,5.072925663594323,258.8188405579229,60.37935625873294,0.06288558506046951,0.08401755132757983,False,False,normal
1126,test,test,937,False,4.9406559736115705,1.0729469368275044,21.224761018238173,5.060949988026845,258.8188405579229,60.37935625873294,0.08200624410682396,0.08381921076369304,False,False,normal
1127,train,train,938,False,4.746793136947387,1.3095787090585855,17.94229682767403,5.647724599350269,258.8188405579229,60.37935625873294,0.06932376634172657,0.09353734370981164,False,False,normal
1128,test,train,939,False,4.302137257818597,4.128753325076419,22.944880188028375,4.87640151049434,258.8188405579229,60.37935625873294,0.08865227948076437,0.08076272773757907,False,False,normal
1129,test,test,940,False,2.8529935259738597,7.7006973052809435,48.04473915473923,9.621994729593363,258.8188405579229,60.37935625873294,0.18563076417146288,0.15935901483218762,False,False,normal
1130,train,test,940,False,0.5356566414702443,-0.3952190134955728,6.554684068338953,6.9078946889583,258.8188405579229,60.37935625873294,0.025325374513730712,0.11440822024264592,False,False,normal
1131,train,train,941,False,4.687745366401789,4.299310649677771,25.071381782851393,8.813139250682893,258.8188405579229,60.37935625873294,0.09686845721434445,0.1459627892175185,False,False,normal
1132,train,train,942,False,5.1604432812501555,2.7793413050916747,23.823598443964986,7.50352298598681,258.8188405579229,60.37935625873294,0.09204738879368148,0.12427298750641352,False,False,normal
1133,train,train,943,False,5.650009015673573,1.4654500082919215,25.902989790810736,7.613194678712643,258.8188405579229,60.37935625873294,0.10008154636259459,0.12608936481682864,False,False,normal
1134,train,train,944,False,-6.5895632714174015,5.960829544272273,30.05138037877096,17.99527671969228,258.8188405579229,60.37935625873294,0.11610970945542719,0.2980369092141413,False,False,normal
1135,test,train,944,False,-0.40660232949840275,-0.17033347880733288,6.141519946813172,4.063394035865156,258.8188405579229,60.37935625873294,0.02372902967022881,0.0672977369691226,False,False,normal
1136,train,train,945,False,-1.080850312181534,-0.8872685634591831,16.433338402053316,5.885763224570999,258.8188405579229,60.37935625873294,0.06349359407772938,0.09747972799427974,False,False,normal
1137,train,train,946,False,-0.5703261549397485,-0.6704935823165835,13.583923173461681,4.081953161796144,258.8188405579229,60.37935625873294,0.05248429034060849,0.06760511232190808,False,False,normal
1138,train,train,947,False,-0.4716125569904379,0.024520367238979827,16.697518782218957,5.5651723933835635,258.8188405579229,60.37935625873294,0.06451430949240382,0.09217011803729934,False,False,normal
1139,train,test,948,False,0.3043826948265471,-0.2871494891836929,12.7379391129826,3.0895975708487953,258.8188405579229,60.37935625873294,0.049215656346825676,0.051169766660139455,False,False,normal
1140,train,test,949,False,-0.6756036967400386,3.975082998393055,20.14279031242336,3.7284935527015444,258.8188405579229,60.37935625873294,0.07782582701090288,0.06175113124301115,False,False,normal
1141,train,train,950,False,1.166472980505326,-0.24170289645029203,12.13495532758132,6.519291359096234,258.8188405579229,60.37935625873294,0.046885904061012715,0.10797219054738297,False,False,normal
1142,train,train,951,False,2.816122020032395,-1.6240076967317274,21.976771039999402,5.477390537410874,258.8188405579229,60.37935625873294,0.08491179000966534,0.09071627915242396,False,False,normal
1143,train,train,952,False,3.3912520187621125,0.8267682037010977,11.513104369710959,5.819211488548545,258.8188405579229,60.37935625873294,0.044483254560961374,0.09637750133692236,False,False,normal
1144,test,train,953,False,3.479907121275867,1.0851924986326318,15.093151646963467,5.30977398619147,258.8188405579229,60.37935625873294,0.05831550599032091,0.08794022187713359,False,False,normal
1145,train,train,954,False,4.812053850908391,-1.5147510567157012,41.4888463189409,6.400237345821826,258.8188405579229,60.37935625873294,0.16030071933521323,0.10600042369441676,False,False,normal
1146,train,train,955,False,4.966949610260743,1.5707913998210723,11.799791694869226,6.843615360571523,258.8188405579229,60.37935625873294,0.04559093020211744,0.11334362909146947,False,False,normal
1147,train,train,956,False,5.576352477395662,1.818618728967836,14.717543590411253,5.121532406570088,258.8188405579229,60.37935625873294,0.05686426675386296,0.0848225738715016,False,False,normal
1148,train,train,957,False,4.488582678861605,5.09878634258012,15.295967623695674,4.588842814368737,258.8188405579229,60.37935625873294,0.059099127369255336,0.07600019441586929,False,False,normal
1149,train,train,958,False,4.363782918958741,5.772477548421535,22.55622660660522,6.635218274330673,258.8188405579229,60.37935625873294,0.08715063616691075,0.1098921665527196,False,False,normal
1150,train,train,958,False,1.60784802018695,-0.4580779076599371,10.567362818040605,5.171022709794737,258.8188405579229,60.37935625873294,0.04082918691414067,0.08564222989785236,False,False,normal
1151,train,train,959,False,5.849947625526046,2.074476913631368,24.31099730276643,8.568893651902371,258.8188405579229,60.37935625873294,0.09393055486362749,0.14191760533490308,False,False,normal
1152,train,train,960,False,6.131840643939382,1.6405427138224422,14.438514229034382,5.968841930573919,258.8188405579229,60.37935625873294,0.05578617923606332,0.09885567353511852,False,False,normal
1153,train,train,961,False,6.615936611572076,1.8463028781425033,15.74314398547502,4.630583805415944,258.8188405579229,60.37935625873294,0.0608268855216966,0.07669150670592322,False,False,normal
1154,train,train,962,False,6.076265544290831,1.5776261508296059,111.90442169415518,29.944797841598163,258.8188405579229,60.37935625873294,0.4323658256598646,0.49594430442883547,False,False,normal
1155,train,train,963,False,6.952207911502372,3.660993520812296,19.83522693259294,5.760492468853107,258.8188405579229,60.37935625873294,0.07663749242456665,0.09540499975138342,False,False,normal
1156,train,test,964,False,6.464506285273958,6.248198099126957,34.040675199214796,14.800256181135042,258.8188405579229,60.37935625873294,0.1315231732196737,0.2451211324233755,False,False,normal
1157,train,test,965,False,8.405624196287185,1.6886666326361137,21.76392490065448,5.762702985406029,258.8188405579229,60.37935625873294,0.08408941502766595,0.09544161022042269,False,False,normal
1158,test,train,966,False,-7.528449334304494,3.217974436654289,29.898391901447248,18.132560426086588,258.8188405579229,60.37935625873294,0.1155186069027926,0.3003105953694893,False,False,normal
1159,train,train,967,False,-5.825261159293287,4.187754024450105,38.52291252495809,18.24440533197073,258.8188405579229,60.37935625873294,0.1488412220760906,0.3021629653319127,False,False,normal
1160,train,train,967,False,-0.1095934286225983,-1.4251882542649834,7.348687779562738,4.440836397120574,258.8188405579229,60.37935625873294,0.028393171701571407,0.0735489192380761,False,False,normal
1161,train,train,968,False,-2.8252174763016287,-0.9410843663285785,16.18448863312308,5.5928493103251995,258.8188405579229,60.37935625873294,0.06253211164316703,0.09262850180712684,False,False,normal
1162,test,test,969,False,-1.8872930719742207,-0.6517710684041396,140.19857483771938,10.710591542478223,258.8188405579229,60.37935625873294,0.5416861250730445,0.1773883029918707,False,False,normal
1163,train,train,970,False,-1.5484727353499987,-0.7300519802161013,14.10450406927977,6.685042704451905,258.8188405579229,60.37935625873294,0.054495662057968394,0.11071735637269264,False,False,normal
1164,test,train,971,False,-2.682764099256255,4.169791973677426,20.436230222304236,5.91546605844845,258.8188405579229,60.37935625873294,0.07895959265658896,0.09797166490314924,False,False,normal
1165,train,train,971,False,-0.18382074024454784,0.3088668031995677,8.393373787983228,2.5832964286471407,258.8188405579229,60.37935625873294,0.032429531675089995,0.04278443144669179,False,False,normal
1166,train,train,971,False,0.015580981561608897,-0.7695120147954811,5.501891839326375,2.7102301593381735,258.8188405579229,60.37935625873294,0.021257694484165916,0.0448867018012664,False,False,normal
1167,train,train,972,False,-0.5873812815223175,-0.3111547011636426,13.65079039119117,5.462787832671712,258.8188405579229,60.37935625873294,0.052742645634934616,0.09047442985749958,False,False,normal
1168,test,train,973,False,0.08741831644254981,0.10968275375588118,10.57793245152996,4.654643335279374,258.8188405579229,60.37935625873294,0.04087002487426201,0.07708997948460491,False,False,normal
1169,train,train,974,False,0.8088872008963615,-0.2998515570165896,72.58372713422327,11.24046942430119,258.8188405579229,60.37935625873294,0.28044220806243525,0.18616411503518523,False,False,normal
1170,test,train,975,False,1.0238580767719743,0.17112992778804278,10.000719463977443,4.089019101924629,258.8188405579229,60.37935625873294,0.03863984338396459,0.0677221380831336,False,False,normal
1171,train,test,976,False,0.8440421076069524,5.49760430991567,25.9647838323974,4.417014334604314,258.8188405579229,60.37935625873294,0.10032030039399917,0.07315437938219921,False,False,normal
1172,train,test,976,False,0.4775186378015485,0.049921603976747074,5.861952542197244,2.7096037252963705,258.8188405579229,60.37935625873294,0.022648863311345205,0.044876326830736425,False,False,normal
1173,test,train,977,False,2.205367630524273,-0.01790558108331619,12.419714291747912,5.173315563393176,258.8188405579229,60.37935625873294,0.04798612908154349,0.08568020402908712,False,False,normal
1174,test,train,978,False,0.8194144900417861,4.655963628695423,19.076043113788366,9.452128279894653,258.8188405579229,60.37935625873294,0.0737042290764733,0.15654569484628364,False,False,normal
1175,test,train,979,False,3.1953808120811877,0.585795649635789,10.390571558875418,5.585608208476637,258.8188405579229,60.37935625873294,0.04014611740195181,0.0925085750259016,False,False,normal
1176,train,train,980,False,3.037221400808111,6.055526077488245,18.58585145507863,3.790932998310938,258.8188405579229,60.37935625873294,0.07181027244776321,0.06278525034394745,False,False,normal
1177,train,train,980,False,0.9445127611710467,0.3611419539387415,9.458854977458637,2.334159303866999,258.8188405579229,60.37935625873294,0.03654623812187959,0.038658234345275905,False,False,normal
1178,train,train,981,False,4.766520764995753,0.6561280477796709,12.986738155290592,8.845325622678196,258.8188405579229,60.37935625873294,0.050176942788615106,0.14649585836547996,False,False,normal
1179,train,train,982,False,4.899150639387151,3.0457307071648736,11.741776643668004,5.002218579941096,258.8188405579229,60.37935625873294,0.04536677707989434,0.08284650400222845,False,False,normal
1180,train,train,983,False,5.065710059580838,6.1963972254502515,17.87975097788743,3.102454512663511,258.8188405579229,60.37935625873294,0.06908210754419941,0.051382702713310045,False,False,normal
1181,test,train,983,False,1.8443402529722328,-0.5345486832993452,12.096964226535988,5.58767270004358,258.8188405579229,60.37935625873294,0.046739117602332056,0.09254276703613264,False,False,normal
1182,train,train,984,False,6.439209439524398,3.0089598718906183,19.52922076409055,3.7012442600305104,258.8188405579229,60.37935625873294,0.07545517444554029,0.06129982976582634,False,False,normal
1183,test,test,985,False,7.704997218115218,2.540732219463039,18.459228113563178,5.892567855273609,258.8188405579229,60.37935625873294,0.07132103703799746,0.09759242596133741,False,False,normal
1184,train,train,986,False,-11.246218394600598,6.894613287120952,241.7068604170586,132.70381066662534,258.8188405579229,60.37935625873294,0.9338843335207868,2.1978341421523817,False,True,q alarm only
1185,train,train,987,False,-5.313291479679423,0.8089533649290479,36.800154946391665,7.844428610729719,258.8188405579229,60.37935625873294,0.14218499266538479,0.1299190500990998,False,False,normal
1186,train,train,988,False,-4.31785283990976,0.08713318657668806,18.66770291726689,5.457611139170107,258.8188405579229,60.37935625873294,0.07212652246268414,0.09038869370821999,False,False,normal
1187,test,train,989,False,-2.394006472719796,-0.6306781024914048,25.423728029475768,20.885570036766502,258.8188405579229,60.37935625873294,0.0982298196478707,0.34590580839035906,False,False,normal
1188,train,test,990,False,-7.570618516306972,5.801383945328445,45.864534004441495,11.641781559503402,258.8188405579229,60.37935625873294,0.17720709166911341,0.19281062735443785,False,False,normal
1189,train,test,990,False,-0.4864842221222407,0.09632747749539251,8.728416800405896,4.849881264408161,258.8188405579229,60.37935625873294,0.03372403949260603,0.08032350069493661,False,False,normal
1190,train,test,990,False,-0.338219713264205,-0.42922818847070004,6.6488111033755946,3.140467905061915,258.8188405579229,60.37935625873294,0.0256890537375219,0.052012278693476376,False,False,normal
1191,train,train,991,False,-4.436704854835799,-1.820191276558481,19.772006678919023,14.51628419992742,258.8188405579229,60.37935625873294,0.07639322792845178,0.24041800210196615,False,False,normal
1192,test,train,992,False,-2.4818491115129544,2.073140976228293,10.472938748798782,5.8588506755964485,258.8188405579229,60.37935625873294,0.04046436003740218,0.09703400365003156,False,False,normal
1193,train,train,993,False,-1.1367026882948639,-0.5646107484100988,146.26663364117644,40.18593654361067,258.8188405579229,60.37935625873294,0.5651313224565752,0.6655575520118003,False,False,normal
1194,train,train,994,False,1.7334921343992462,-0.1390170203662572,12.976126734955061,8.003077633068319,258.8188405579229,60.37935625873294,0.05013594337639049,0.13254658759152962,False,False,normal
1195,train,train,995,False,3.0451109182758875,0.3317764627830814,12.268866386995992,5.740252170962676,258.8188405579229,60.37935625873294,0.04740329707276567,0.09506978090930603,False,False,normal
1196,train,train,996,False,1.9889418976634552,5.491911394778593,22.09000524945411,10.923572094831918,258.8188405579229,60.37935625873294,0.08534929374475128,0.1809156766763639,False,False,normal
1197,test,train,996,False,0.9045780995048226,-1.3592708908258946,9.744286532762121,4.7252480850173555,258.8188405579229,60.37935625873294,0.03764906183706274,0.07825933196056428,False,False,normal
1198,train,test,997,False,5.259093656335179,1.2828558223654547,16.601999584538046,3.723718468371386,258.8188405579229,60.37935625873294,0.0641452513609517,0.06167204652555082,False,False,normal
1199,train,train,998,False,5.023676313873385,2.2909071275539468,13.576208909511426,5.344656626663554,258.8188405579229,60.37935625873294,0.05245448468993164,0.08851794649417997,False,False,normal
1200,test,test,999,False,5.851106815202422,1.5180185509587771,37.63826662875665,4.277369212007035,258.8188405579229,60.37935625873294,0.14542321010179055,0.07084158356505134,False,False,normal
1201,train,train,1000,False,7.002055412519679,2.5839069778160604,17.90964169620059,6.1330578549753785,258.8188405579229,60.37935625873294,0.06919759650261036,0.1015754097922885,False,False,normal
1202,train,test,1001,False,-8.958237882444763,4.654092019093492,39.77109285422929,6.778040760719295,258.8188405579229,60.37935625873294,0.15366382435102763,0.11225758571645846,False,False,normal
1203,train,train,1002,False,-4.782382588678764,-3.2999883286535168,66.02753205320052,11.795019944871926,258.8188405579229,60.37935625873294,0.25511099543939014,0.19534855413709315,False,False,normal
1204,train,test,1003,False,-2.4158911125018006,-0.32540677910508253,24.5317603945015,29.371764028622103,258.8188405579229,60.37935625873294,0.09478351862491774,0.48645374592535395,False,False,normal
1205,train,train,1004,False,-0.6183926386443565,-0.6914760032970599,12.707116744630413,5.132605430092828,258.8188405579229,60.37935625873294,0.04909656776623492,0.08500596475555296,False,False,normal
1206,train,train,1005,False,-0.08160038086312774,-0.23163523634128105,10.400449919345084,4.6628714641330555,258.8188405579229,60.37935625873294,0.04018428448611141,0.07722625335970923,False,False,normal
1207,train,train,1006,False,2.5293391144678306,0.4906704639956792,15.874608968094995,4.440085215835363,258.8188405579229,60.37935625873294,0.061334827610984154,0.07353647820968898,False,False,normal
1208,train,train,1007,False,3.7576975757730557,1.339379735211354,18.696485103388646,5.955906530343225,258.8188405579229,60.37935625873294,0.07223772837821839,0.0986414380574287,False,False,normal
1209,test,train,1008,False,4.101634262256149,1.436335329057104,14.671853970011362,6.686321431360363,258.8188405579229,60.37935625873294,0.05668773547699996,0.1107385345863685,False,False,normal
1210,test,train,1009,False,9.408640267961161,-1.4293416453468875,47.30090762068066,7.864739341213726,258.8188405579229,60.37935625873294,0.18275681754356232,0.13025543544241105,False,False,normal
1211,train,train,1010,False,0.30276320318493366,-0.5263763572135592,443.60539865624514,32.513843588163866,258.8188405579229,60.37935625873294,1.7139609995160594,0.5384927167629622,True,False,t2 alarm only
1212,test,test,1011,False,-0.3073693165429303,1.0607045500410313,15.642940016087982,3.6397625190451817,258.8188405579229,60.37935625873294,0.06043972680801473,0.06028157212290163,False,False,normal
1213,train,train,1012,False,1.1669639583873124,5.185001374018136,16.45270934678018,4.5956259869250164,258.8188405579229,60.37935625873294,0.06356843772004345,0.07611253699413746,False,False,normal
1214,train,train,1012,False,0.5306213451666764,-0.8283654180833196,7.178975403348624,6.0345270795576145,258.8188405579229,60.37935625873294,0.02773745291445269,0.09994354781953829,False,False,normal
1215,test,train,1013,False,4.367761841336131,-2.5164816034886015,44.7995928923493,6.885126700733775,258.8188405579229,60.37935625873294,0.17309247192274352,0.11403113791459059,False,False,normal
1216,train,train,1014,False,3.938620855623314,6.062503483575383,16.694055110423648,6.913660322460735,258.8188405579229,60.37935625873294,0.06450092688166403,0.11450371038794871,False,False,normal
1217,train,train,1015,False,-7.363296267963869,2.5166557162194314,34.56291952312273,7.159914584612099,258.8188405579229,60.37935625873294,0.13354097193472145,0.11858216165689127,False,False,normal
1218,train,train,1016,False,-4.172606297783089,-0.39410819849414414,35.84936333550344,21.99383747138744,258.8188405579229,60.37935625873294,0.1385114130726525,0.364260880442997,False,False,normal
1219,train,test,1017,False,-3.903176253487335,-0.3491029998303235,19.33154976541177,17.67502769448014,258.8188405579229,60.37935625873294,0.07469143175102597,0.2927329602313161,False,False,normal
1220,test,test,1018,False,2.9274188924741886,-0.32448556468830286,16.87057415303625,3.1589444185174647,258.8188405579229,60.37935625873294,0.06518294462902775,0.05231828582240925,False,False,normal
1221,train,train,1019,False,3.08672246810416,5.839156727898463,26.27386053368259,7.9111419479902985,258.8188405579229,60.37935625873294,0.10151448201006286,0.13102395318840576,False,False,normal
1222,test,train,1019,False,1.1405164745782843,-1.0107375948688648,8.121237038020638,3.9222340348906757,258.8188405579229,60.37935625873294,0.031378075183839366,0.0649598518090094,False,False,normal
1223,train,train,1020,False,2.7943144741707138,6.231288023163909,17.186352332572465,7.830752114525699,258.8188405579229,60.37935625873294,0.06640301878922222,0.12969254062547414,False,False,normal
1224,train,train,1020,False,0.8066145800928302,0.6759617572871105,8.923120683424305,3.970500287834,258.8188405579229,60.37935625873294,0.03447631812347655,0.06575923517335826,False,False,normal
1225,train,train,1020,False,0.8445419740810833,0.6398669324109134,12.230935320079212,2.893325585933165,258.8188405579229,60.37935625873294,0.047256742568329235,0.04791911946750327,False,False,normal
1226,train,train,1020,False,0.7988080684207586,0.6709852677341664,9.228914464134942,4.315054994580043,258.8188405579229,60.37935625873294,0.03565781549844142,0.07146573368701553,False,False,normal
1227,train,train,1020,False,0.8053539442502038,0.6789390724105192,8.86601281116205,3.8872309027825853,258.8188405579229,60.37935625873294,0.03425567007428836,0.06438013161527135,False,False,normal
1228,train,train,1020,False,1.202062825283133,-1.0159437005650498,7.970722093316089,3.896747232150237,258.8188405579229,60.37935625873294,0.03079652963491375,0.06453774060545127,False,False,normal
1229,train,train,1021,False,2.3602618243960656,6.639194098070139,16.959596851001702,10.963914815266946,258.8188405579229,60.37935625873294,0.06552690219322034,0.18158383087565935,False,False,normal
1230,train,train,1021,False,0.9074447395689699,0.6619876076626962,12.384849282953468,2.8057222215997077,258.8188405579229,60.37935625873294,0.047851420925370286,0.04646823675258882,False,False,normal
1231,test,train,1021,False,0.8732735106768442,0.7194733773654257,8.828515027208791,3.4774259332389565,258.8188405579229,60.37935625873294,0.03411078964799317,0.057592961381333053,False,False,normal
1232,train,train,1021,False,1.2715428259573356,-1.0571728006524825,8.11362792142157,3.314638409374458,258.8188405579229,60.37935625873294,0.031348675791651896,0.05489688222528949,False,False,normal
1233,train,test,1022,False,2.5915557568869714,6.5030914364646835,23.800333784541955,4.9290339982058855,258.8188405579229,60.37935625873294,0.09195750098113707,0.08163442447256924,False,False,normal
1234,train,test,1023,False,3.7790557519403745,1.4117797397201257,28.858175914004264,11.54974440924309,258.8188405579229,60.37935625873294,0.11149951777774805,0.19128631248983544,False,False,normal
1235,test,train,1024,False,4.1474690919224555,2.1331645275358393,14.648767897860607,7.608262888113307,258.8188405579229,60.37935625873294,0.05659853767323502,0.12600768473766047,False,False,normal
1236,train,train,1025,False,5.640874952259966,-0.5595329312932209,26.134659937828665,6.15538291804596,258.8188405579229,60.37935625873294,0.1009766517827353,0.10194515641520571,False,False,normal
1237,train,train,1026,False,6.397521942231759,0.21832756346893475,22.459462254030328,4.80438244404184,258.8188405579229,60.37935625873294,0.08677676712257726,0.07956995141608454,False,False,normal
1238,train,train,1027,False,6.594328002350604,3.76361323705321,124.15311947003559,31.130472686119564,258.8188405579229,60.37935625873294,0.479691197141618,0.5155813942884995,False,False,normal
1239,train,train,1028,False,-9.416919147755468,7.616185184677709,34.62903599132702,10.550532619471381,258.8188405579229,60.37935625873294,0.13379642655333335,0.1747374147922521,False,False,normal
1240,train,train,1028,False,-0.4371613941249756,0.22318631310982678,9.137592572464941,3.0302758268558914,258.8188405579229,60.37935625873294,0.03530497452491282,0.05018728278371813,False,False,normal
1241,train,train,1028,False,-0.46886256429125955,0.17346788095354532,7.710269193604078,3.1889605434680086,258.8188405579229,60.37935625873294,0.0297902161101697,0.052815411442992566,False,False,normal
1242,test,train,1028,False,-0.48304906748426374,0.1601686012300581,8.163049215119813,3.585482889725145,258.8188405579229,60.37935625873294,0.031539625158366114,0.05938259550765847,False,False,normal
1243,train,train,1028,False,-0.46098746176417277,0.21023550393337825,7.687574408343758,2.7787481962775096,258.8188405579229,60.37935625873294,0.029702530124051385,0.04602149424002192,False,False,normal
1244,test,train,1028,False,0.09573520383118106,-2.44194659790538,15.00809233244439,7.979347301745927,258.8188405579229,60.37935625873294,0.057986861775951824,0.13215356698328226,False,False,normal
1245,train,test,1029,False,-0.6933852354664035,3.730501604734592,141.65778926248802,32.28066212309734,258.8188405579229,60.37935625873294,0.5473241011246452,0.5346307765318125,False,False,normal
1246,train,test,1029,False,0.013603447678796376,0.38684261766307293,8.252102267778994,2.360655677951751,258.8188405579229,60.37935625873294,0.03188370000418188,0.039097066020976644,False,False,normal
1247,train,test,1029,False,0.2761530073609214,-1.166149234419006,6.492103331487037,4.961369498483158,258.8188405579229,60.37935625873294,0.02508358092282746,0.08216996347597814,False,False,normal
1248,train,train,1030,False,1.10797434954134,2.2216767327650593,10.182523298316031,4.451372199976638,258.8188405579229,60.37935625873294,0.03934228001472409,0.07372341269923387,False,False,normal
1249,train,train,1031,False,4.352337860311378,-1.8368064258941554,33.49033156567368,9.861462681223658,258.8188405579229,60.37935625873294,0.1293968070233227,0.1633250715520398,False,False,normal
1250,train,test,1032,False,4.566639353532812,1.529772388022731,17.153629458043703,6.06401379482245,258.8188405579229,60.37935625873294,0.0662765872108324,0.10043190538231987,False,False,normal
1251,train,train,1033,False,3.7051429329100936,6.244556468198017,18.35494293715071,6.257448224518397,258.8188405579229,60.37935625873294,0.0709181097387805,0.10363555712161727,False,False,normal
1252,train,train,1033,False,0.8864279177571507,-0.39435262832001944,6.329963455528794,4.610159233317216,258.8188405579229,60.37935625873294,0.024457120053098167,0.0763532359232536,False,False,normal
1253,train,test,1034,False,7.190633882132202,2.547821116889683,15.64131457155891,4.964722993132366,258.8188405579229,60.37935625873294,0.060433446567652135,0.08222550389338236,False,False,normal
1254,train,train,1035,False,-7.767950412895154,6.800351949961366,54.402063230606004,12.3802832540028,258.8188405579229,60.37935625873294,0.21019359762733728,0.20504165696884494,False,False,normal
1255,test,train,1035,False,0.05406148323687461,-0.5825466070367533,5.055773061713141,5.362362102572884,258.8188405579229,60.37935625873294,0.01953402252639206,0.08881118373628405,False,False,normal
1256,train,train,1036,False,-3.679329541132635,-0.5551813753862759,26.52487411558057,18.757533860691375,258.8188405579229,60.37935625873294,0.10248432478254758,0.31066137539315664,False,False,normal
1257,train,test,1037,False,2.5908791927275563,0.008080959838450513,39.142988203089516,8.058665597425808,258.8188405579229,60.37935625873294,0.15123701241652626,0.1334672327888598,False,False,normal
1258,test,train,1038,False,1.7258044448796885,5.144526177581779,15.422824072064326,5.566542773120799,258.8188405579229,60.37935625873294,0.05958926343545204,0.09219281420072584,False,False,normal
1259,train,train,1039,False,4.863675825440789,4.594270467149164,15.622270900343292,8.586098600547416,258.8188405579229,60.37935625873294,0.06035986741408446,0.1422025528684826,False,False,normal
1260,test,train,1040,False,5.559243016799269,1.9027298708437554,15.814069153548893,8.582908555152517,258.8188405579229,60.37935625873294,0.06110091954457137,0.14214971948978228,False,False,normal
1261,test,test,1041,False,5.609677559630248,1.5941206148505478,16.821247741238057,10.95168392572977,258.8188405579229,60.37935625873294,0.06499236185811408,0.18138126347025732,False,False,normal
1262,train,test,1042,False,6.218237091468911,-0.020825146222964937,29.90680504517059,11.856228804481026,258.8188405579229,60.37935625873294,0.11555111281969264,0.19636229233176372,False,False,normal
1263,train,train,1043,False,6.978615413547374,3.452602507745475,16.466872923096552,7.150838714512327,258.8188405579229,60.37935625873294,0.06362316161991814,0.11843184753196286,False,False,normal
1264,train,test,1044,False,3.3008847273120008,2.8708794752651228,13.000939880449701,8.184030281688448,258.8188405579229,60.37935625873294,0.05023181408441604,0.13554351667180545,False,False,normal
1265,train,train,1045,False,5.04802434746266,-0.5605248275071835,42.935969612518996,9.277053439120165,258.8188405579229,60.37935625873294,0.1658919788063499,0.15364611373739817,False,False,normal
1266,train,train,1046,False,5.506920297947482,3.061865303374867,15.357752038423873,9.56774528902391,258.8188405579229,60.37935625873294,0.059337844205305655,0.15846053820158248,False,False,normal
1267,train,test,1047,False,-9.122109982719666,7.919904264119802,30.988841369550332,7.13827057533623,258.8188405579229,60.37935625873294,0.11973178344648028,0.11822369461422982,False,False,normal
1268,test,test,1047,False,-0.473184800357966,0.2752370663310886,7.729955563521936,3.544095745009674,258.8188405579229,60.37935625873294,0.02986627846279991,0.058697143603565254,False,False,normal
1269,train,test,1047,False,-0.06336507940020505,-1.6996018710874077,8.10696983299273,3.2488814798990364,258.8188405579229,60.37935625873294,0.03132295089305299,0.05380781911581139,False,False,normal
1270,train,train,1048,False,-4.267904538879884,-0.6317617752306998,27.29448316639348,13.610094334655232,258.8188405579229,60.37935625873294,0.10545786816584186,0.22540972905266346,False,False,normal
1271,train,train,1049,False,-1.958422966800286,-1.026691865791532,158.4351937057108,21.128733520664913,258.8188405579229,60.37935625873294,0.6121470653534338,0.3499330703382411,False,False,normal
1272,train,train,1050,False,-3.1563498486894512,4.133875446321213,16.595855537538778,9.364213685844437,258.8188405579229,60.37935625873294,0.06412151256749284,0.15508965755974002,False,False,normal
1273,train,train,1050,False,-0.3142141542526494,0.2910553801915733,8.761613137793947,2.9515464626527765,258.8188405579229,60.37935625873294,0.033852300392455875,0.04888337083298865,False,False,normal
1274,train,train,1050,False,-0.3653838139425001,0.22493486736101082,7.444773482482974,3.3304419490917754,258.8188405579229,60.37935625873294,0.02876441864291891,0.05515861969147905,False,False,normal
1275,train,train,1050,False,-0.35253797747516846,0.2567824396671403,7.167221544948865,2.961222979207552,258.8188405579229,60.37935625873294,0.027692039457014962,0.04904363283567233,False,False,normal
1276,train,train,1050,False,-0.3626083303620039,0.25951029360271083,7.8157942973341585,3.3576318320293783,258.8188405579229,60.37935625873294,0.030197934124447972,0.055608937227510584,False,False,normal
1277,train,train,1050,False,-0.3068453110370286,0.336211212043694,8.851251176928194,3.0284362018882973,258.8188405579229,60.37935625873294,0.034198635454235064,0.05015681500331135,False,False,normal
1278,train,train,1050,False,-0.36202873015455117,0.27963187965389025,8.390853610326598,3.445904231230023,258.8188405579229,60.37935625873294,0.032419794448653165,0.05707090046578008,False,False,normal
1279,train,train,1050,False,-0.37658647634606424,0.14551571897450483,8.190971832156489,5.520846506443051,258.8188405579229,60.37935625873294,0.03164750995136065,0.09143599482554181,False,False,normal
1280,train,train,1050,False,-0.34220483379884203,0.3303969125812386,8.76295733457667,3.957551078046479,258.8188405579229,60.37935625873294,0.03385749397411255,0.06554477098245115,False,False,normal
1281,test,train,1050,False,-0.29006039629896324,0.42255694160251733,11.305165954656527,4.486002500486051,258.8188405579229,60.37935625873294,0.043679841584509625,0.07429695807393144,False,False,normal
1282,train,train,1050,False,-0.31335375190775455,0.3048186953769899,8.542630910319314,2.874155951093891,258.8188405579229,60.37935625873294,0.03300621736773254,0.04760163289548469,False,False,normal
1283,train,train,1050,False,-0.38256657815842177,0.4239034470090236,6.82543199084307,4.243649639886655,258.8188405579229,60.37935625873294,0.02637146498349898,0.07028312163021574,False,False,normal
1284,train,train,1051,False,-1.192187421305288,-3.105984049292078,19.71946869596999,8.104568978877099,258.8188405579229,60.37935625873294,0.07619023658966137,0.13422748238898122,False,False,normal
1285,train,test,1052,False,0.00018148300207235788,2.492950805218361,12.63352832238137,5.0098828668819015,258.8188405579229,60.37935625873294,0.04881224371126886,0.08297343955463751,False,False,normal
1286,train,test,1053,False,3.1974134098257667,-0.4528145575525916,16.332165743866653,4.012136067840109,258.8188405579229,60.37935625873294,0.06310269263497285,0.06644880496319991,False,False,normal
1287,train,train,1054,False,5.511162752683841,2.8886827143844163,15.41960416804336,8.348791639239785,258.8188405579229,60.37935625873294,0.05957682267181202,0.13827228636662156,False,False,normal
1288,train,test,1055,False,6.979437823743212,7.199241371982844,23.31685419895139,3.3424699945533356,258.8188405579229,60.37935625873294,0.0900894778320172,0.055357827603037736,False,False,normal
1289,train,test,1055,False,1.845466487816449,1.0298440288189132,19.001265158492647,8.73277584466762,258.8188405579229,60.37935625873294,0.07341530901511098,0.14463181434473407,False,False,normal
1290,train,train,1056,False,-9.869412982258957,8.04561813250605,40.987998103983,9.01209910423791,258.8188405579229,60.37935625873294,0.1583655889023659,0.14925795276153592,False,False,normal
1291,train,train,1056,False,-0.43189913229978855,0.3088187156699831,8.955488070491262,3.2443115726068683,258.8188405579229,60.37935625873294,0.03460137620269978,0.053732132530605256,False,False,normal
1292,train,train,1056,False,-0.0008561330894321884,-2.06992742998057,11.72420891357195,4.323692634792913,258.8188405579229,60.37935625873294,0.045298900529415306,0.07160878986959318,False,False,normal
1293,test,test,1057,False,-0.6705783805543173,-2.9396912657683116,20.333237088818514,4.084686170511854,258.8188405579229,60.37935625873294,0.0785616574318437,0.06765037628106654,False,False,normal
1294,train,train,1058,False,1.6277275845802208,-2.706182123276661,25.43420336748224,5.3983970975231035,258.8188405579229,60.37935625873294,0.09827029327793523,0.08940799359288149,False,False,normal
1295,test,train,1059,False,6.165469638411564,-1.6648652837536104,30.79882416514316,4.873712467756588,258.8188405579229,60.37935625873294,0.11899761276556091,0.08071819194083708,False,False,normal
1296,train,train,1060,False,4.598208765035262,6.333746076421672,19.40265369591039,3.664249797093367,258.8188405579229,60.37935625873294,0.07496615645941793,0.060687129246486296,False,False,normal
1297,train,train,1061,False,5.511897461988105,6.493536457798036,16.530776193540255,5.1703235581211615,258.8188405579229,60.37935625873294,0.0638700650922695,0.08563065058139559,False,False,normal
1298,train,train,1061,False,1.5042068470436512,0.9624642620451148,14.162706966968605,4.446614506011854,258.8188405579229,60.37935625873294,0.054720540963860136,0.0736446160001701,False,False,normal
1299,train,train,1061,False,1.627387047012712,0.4829977016445566,16.42434606701127,3.7883462288302194,258.8188405579229,60.37935625873294,0.06345885033564838,0.06274240839197907,False,False,normal
1300,train,train,1062,False,7.5861869397720625,1.5882773049561465,15.973935587350597,4.982395097235445,258.8188405579229,60.37935625873294,0.06171859650138444,0.08251818843323323,False,False,normal
1301,train,train,1063,False,-8.772425488226105,8.297331345029093,34.19976375601708,9.322126716629235,258.8188405579229,60.37935625873294,0.13213784468817782,0.15439261519587555,False,False,normal
1302,train,train,1063,False,-0.49094344888104074,0.1745344362083096,10.280780459389208,7.306234326040422,258.8188405579229,60.37935625873294,0.03972191683274463,0.12100550219072083,False,False,normal
1303,train,train,1063,False,-0.46550095946809017,0.21143462225445636,7.667452174734837,3.3455058395685247,258.8188405579229,60.37935625873294,0.029624783722106522,0.05540810712245129,False,False,normal
1304,train,train,1063,False,-0.350598418726242,-0.2494404243961076,6.436496697611261,2.865004953174241,258.8188405579229,60.37935625873294,0.02486873321793895,0.04745007450720978,False,False,normal
1305,test,test,1064,False,-4.163176162867638,4.65465835495623,25.756016482157047,15.916961447553055,258.8188405579229,60.37935625873294,0.09951368465539867,0.2636159514411999,False,False,normal
1306,train,test,1064,False,-0.09608203901892803,-1.5853431890601957,9.103550849239177,3.588126778381195,258.8188405579229,60.37935625873294,0.0351734473024263,0.05942638346466683,False,False,normal
1307,train,train,1065,False,-0.6396084395039502,-2.9760790781842705,139.9806226826728,35.015569868056545,258.8188405579229,60.37935625873294,0.5408440219457112,0.5799261873215498,False,False,normal
1308,train,train,1066,False,-1.795924432808198,4.752068043071269,18.60026648807062,2.719496778595057,258.8188405579229,60.37935625873294,0.0718659679023944,0.04504017510457846,False,False,normal
1309,train,train,1066,False,0.09506630167703592,-1.6544386181661452,10.399583078430469,7.300949835446336,258.8188405579229,60.37935625873294,0.040180935267357686,0.12091798071117008,False,False,normal
1310,train,test,1067,False,2.807036742702335,-2.6981993764267305,32.51222708061562,2.6369277537229454,258.8188405579229,60.37935625873294,0.1256176985049876,0.04367267087816218,False,False,normal
1311,train,train,1068,False,3.8211137037522183,3.258537410774282,14.892258836220792,5.213561256484498,258.8188405579229,60.37935625873294,0.057539315160048975,0.08634675126617364,False,False,normal
1312,train,train,1069,False,3.388984625666011,5.548576012761597,120.71386802368721,35.45043354614562,258.8188405579229,60.37935625873294,0.46640293945939304,0.5871283786835382,False,False,normal
1313,train,train,1069,False,0.8283259189356772,0.5819203624069955,9.548151591269402,5.829847606776601,258.8188405579229,60.37935625873294,0.036891254016465445,0.09655365621645567,False,False,normal
1314,train,train,1069,False,1.4391468577785802,-1.608955188025447,9.92638002765585,5.307073000166255,258.8188405579229,60.37935625873294,0.038352617631150984,0.08789548827623794,False,False,normal
1315,train,train,1070,False,5.19571581888532,3.6860906195533927,31.02732942166198,15.497595797781871,258.8188405579229,60.37935625873294,0.11988048997815581,0.256670437680269,False,False,normal
1316,train,test,1071,False,3.875417356613383,6.790387011297684,15.804631762605121,8.019578520438309,258.8188405579229,60.37935625873294,0.06106445623717293,0.13281987449606836,False,False,normal
1317,train,train,1072,False,7.149077695251739,2.003786611654024,21.735018384609642,10.32818646402384,258.8188405579229,60.37935625873294,0.08397772873781732,0.17105492843889053,False,False,normal
1318,train,test,1073,False,-9.651920390652027,7.972516152886699,41.060366136300075,8.228912549700826,258.8188405579229,60.37935625873294,0.15864519772899177,0.13628685464016754,False,False,normal
1319,train,test,1073,False,-0.08993805899489554,-1.3253487860550879,6.437012508937649,3.482102377902018,258.8188405579229,60.37935625873294,0.02487072616144057,0.05767041243336187,False,False,normal
1320,train,test,1074,False,-4.911826172209274,5.6161753165318276,55.67953964301416,10.423960181179263,258.8188405579229,60.37935625873294,0.21512939136497383,0.1726411281450454,False,False,normal
1321,test,test,1074,False,-0.40024691860984835,0.2627027976661036,8.62573412814522,2.961414048054278,258.8188405579229,60.37935625873294,0.033327303798870105,0.04904679730874002,False,False,normal
1322,test,test,1074,False,-0.4238097414121638,0.254697772231572,7.304264327789342,3.121740772906595,258.8188405579229,60.37935625873294,0.02822153252848171,0.05170212082966823,False,False,normal
1323,test,test,1074,False,0.039315445620323256,-2.0028943848788017,12.611497560251479,5.929692754373807,258.8188405579229,60.37935625873294,0.048727123315541875,0.09820728675814872,False,False,normal
1324,train,test,1075,False,-0.04725106156758382,5.056697670831571,34.0041023670318,5.1025319574080195,258.8188405579229,60.37935625873294,0.13138186653541467,0.08450788934454757,False,False,normal
1325,train,test,1075,False,0.04849720027503655,0.373109779876187,8.420415525896097,5.406533427109563,258.8188405579229,60.37935625873294,0.03253401300981268,0.08954274709292867,False,False,normal
1326,train,test,1075,False,0.1048449938951044,0.5017220218338632,8.617104678211764,2.5506463169518776,258.8188405579229,60.37935625873294,0.033293962138290625,0.04224368186408026,False,False,normal
1327,train,test,1075,False,0.4130696715852257,-0.9473979883715399,5.528218314418063,2.8247058690617304,258.8188405579229,60.37935625873294,0.021359412253378302,0.04678264301059322,False,False,normal
1328,train,train,1076,False,-0.7104475359947876,2.084893987068867,13.665953674047612,8.554666514238333,258.8188405579229,60.37935625873294,0.05280123210732494,0.14168197616384876,False,False,normal
1329,train,train,1077,False,1.011100197435139,-0.19757230033295547,12.170750366206478,4.57952070719298,258.8188405579229,60.37935625873294,0.047024205579356576,0.0758458021243084,False,False,normal
1330,train,test,1078,False,1.8168419507170954,0.19557398902421905,10.78103638823761,4.274680395750694,258.8188405579229,60.37935625873294,0.041654758845984574,0.07079705151928359,False,False,normal
1331,train,train,1079,False,3.535857164789411,1.2542870197281915,26.348391642431523,11.694365694868225,258.8188405579229,60.37935625873294,0.10180244832885274,0.19368152328018262,False,False,normal
1332,train,test,1080,False,4.218914589362363,1.6826460167355568,22.02072672143556,4.883939902506307,258.8188405579229,60.37935625873294,0.08508162185552867,0.08088757822421998,False,False,normal
1333,train,train,1081,False,4.406553668034141,6.244705617791983,31.936091929788233,6.390051320740171,258.8188405579229,60.37935625873294,0.12339168145929867,0.10583172323596857,False,False,normal
1334,train,train,1081,False,1.7079783043319203,-1.3725467880118911,11.457153788407897,4.595868978490309,258.8188405579229,60.37935625873294,0.04426707794421102,0.07611656140877765,False,False,normal
1335,test,train,1082,False,6.2351791172259325,1.7163761385448013,16.74378116257834,7.814805277485544,258.8188405579229,60.37935625873294,0.06469305374556429,0.1294284298759024,False,False,normal
1336,train,train,1083,False,7.030947083700578,2.8834465183752087,25.667984834326685,9.448749869722713,258.8188405579229,60.37935625873294,0.09917355621791477,0.15648974177918792,False,False,normal
1337,train,test,1084,False,-7.804123514653338,2.0304615169729985,57.14861885415186,7.337229743974704,258.8188405579229,60.37935625873294,0.22080548205439537,0.12151884681469234,False,False,normal
1338,train,train,1085,False,-2.607581949509384,-0.13980584831740564,70.75159517820909,14.518935353290265,258.8188405579229,60.37935625873294,0.27336338817411204,0.24046191037669976,False,False,normal
1339,train,train,1086,False,-2.071203617791632,-0.30349409521109083,22.383306166510742,8.284812524778804,258.8188405579229,60.37935625873294,0.08648252236297853,0.13721266734407314,False,False,normal
1340,test,train,1087,False,-1.3357047840300802,0.5865457813902842,18.791836934860246,7.901967893087437,258.8188405579229,60.37935625873294,0.07260613985578336,0.13087201293148168,False,False,normal
1341,train,train,1088,False,-2.7085057310937013,4.958758391689723,27.140628736921858,13.374044250663667,258.8188405579229,60.37935625873294,0.10486341982838712,0.22150027889257792,False,False,normal
1342,train,train,1088,False,-0.08608800247245832,0.31963692121522136,6.865787232132912,3.1920641559504013,258.8188405579229,60.37935625873294,0.026527385785875077,0.052866813323944946,False,False,normal
1343,train,train,1088,False,-0.036602351442385044,0.380012105799448,8.447201044158058,2.50315721569904,258.8188405579229,60.37935625873294,0.03263750438704094,0.04145716964872405,False,False,normal
1344,test,train,1088,False,0.14072276560110103,-0.5496384977733831,4.712315241461661,2.19288266444347,258.8188405579229,60.37935625873294,0.018207002362361092,0.036318417424768476,False,False,normal
1345,test,test,1089,False,0.6982272982593831,0.31408553374958315,55.667044487737414,18.927964058003276,258.8188405579229,60.37935625873294,0.21508111375407887,0.313484032139969,False,False,normal
1346,train,train,1090,False,2.2876969764009574,1.8297533794486753,15.60401364414085,10.139842548623857,258.8188405579229,60.37935625873294,0.060289326737203726,0.16793558555300572,False,False,normal
1347,train,test,1091,False,3.83740607253508,2.0569920004689495,39.59152994415902,12.302231671736362,258.8188405579229,60.37935625873294,0.15297004599361286,0.2037489704100155,False,False,normal
1348,train,train,1092,False,5.057718885771293,8.004269927680609,24.236140943497762,17.681269807891802,258.8188405579229,60.37935625873294,0.09364133187233634,0.29283634181400336,False,False,normal
1349,train,train,1092,False,1.9047004760742232,1.0242351318051763,19.92634665447732,9.227594085706338,258.8188405579229,60.37935625873294,0.07698955227340902,0.15282697030032857,False,False,normal
1350,train,train,1092,False,2.049968124269909,0.5552677365122657,17.7614148327846,6.18747136172595,258.8188405579229,60.37935625873294,0.06862489142790842,0.10247660367910974,False,False,normal
1351,train,train,1093,False,-10.944046745869311,8.350269111777454,55.900461901333756,10.843637904745199,258.8188405579229,60.37935625873294,0.21598297009920883,0.17959181045718475,False,False,normal
1352,train,train,1093,False,-0.1620919137476445,-1.2511737234594666,8.325920684658303,5.027054204149203,258.8188405579229,60.37935625873294,0.03216891269086335,0.08325783041819226,False,False,normal
1353,train,test,1094,False,-6.19692356846449,2.7393804931914176,16.443796562567258,10.912498897697422,258.8188405579229,60.37935625873294,0.06353400133900679,0.18073228291696297,False,False,normal
1354,train,train,1095,False,-3.9994620897108897,4.722766969917056,30.253647010492102,10.4153652423798,258.8188405579229,60.37935625873294,0.11689120832654926,0.17249877918122683,False,False,normal
1355,train,train,1095,False,-0.1646654302953637,-0.8386418885365812,7.167203998200263,5.335259110749394,258.8188405579229,60.37935625873294,0.027691971661530812,0.08836230528671347,False,False,normal
1356,train,train,1096,False,-2.818262192325085,4.053993651434938,18.647667306039136,6.996772135096105,258.8188405579229,60.37935625873294,0.07204911074418419,0.11588020423924493,False,False,normal
1357,train,train,1096,False,0.0492067447137539,-0.7558139052657732,5.919016378957772,3.1775078148205558,258.8188405579229,60.37935625873294,0.022869341220285364,0.05262573190089251,False,False,normal
1358,train,test,1097,False,0.12156722753414659,-2.073802952184663,35.79713161660112,9.286645765079681,258.8188405579229,60.37935625873294,0.1383096050482068,0.1538049813794845,False,False,normal
1359,train,train,1098,False,2.4198788151299415,1.129557066811669,170.619542986783,10.083269696627132,258.8188405579229,60.37935625873294,0.6592238131466277,0.16699862869387155,False,False,normal
1360,train,train,1099,False,4.062700942115921,2.1065673603200734,20.476522993746737,7.935696536215716,258.8188405579229,60.37935625873294,0.07911527209381866,0.13143062509991468,False,False,normal
1361,train,train,1100,False,4.69132750920034,1.9362890813381795,17.354026429626366,13.338115610075912,258.8188405579229,60.37935625873294,0.06705086226418894,0.22090523047182636,False,False,normal
1362,train,train,1101,False,5.146998596950027,1.9213129921309782,16.430349733306862,8.782314171690466,258.8188405579229,60.37935625873294,0.06348204673928982,0.1454522657389253,False,False,normal
1363,train,train,1102,False,6.919348528913849,3.0588073424496147,24.93720449692257,6.422760158610629,258.8188405579229,60.37935625873294,0.09635003558151592,0.10637344543867468,False,False,normal
1364,train,train,1103,False,-9.916016848524666,8.023933545959387,51.877376470280964,8.672002602792361,258.8188405579229,60.37935625873294,0.2004389493378901,0.14362529083006065,False,False,normal
1365,train,train,1104,False,-5.2811232173296725,-0.0019246791851517582,30.95967382517229,11.047452468549414,258.8188405579229,60.37935625873294,0.11961908861980086,0.1829673774793114,False,False,normal
1366,train,test,1105,False,-2.365746451362381,4.781092711999581,30.359756946686097,5.97390287317846,258.8188405579229,60.37935625873294,0.1173011859617371,0.09893949262359727,False,False,normal
1367,train,test,1105,False,-0.10405215470389739,0.30646493578966727,7.703096618334865,1.7163892012356512,258.8188405579229,60.37935625873294,0.0297625033854942,0.028426755559975054,False,False,normal
1368,train,test,1105,False,0.4024579716137796,-2.2276807800797527,8.140049245344327,4.326961943847524,258.8188405579229,60.37935625873294,0.031450760028896,0.0716629360092208,False,False,normal
1369,train,test,1106,False,-0.4249279993707181,1.4461843649821091,20.9399331464239,5.306229195877085,258.8188405579229,60.37935625873294,0.08090575284737668,0.08788151323010539,False,False,normal
1370,test,train,1107,False,0.7013194379592453,-1.2040584798886338,27.904773196342973,5.6146328657996145,258.8188405579229,60.37935625873294,0.10781584963517354,0.09298928000723003,False,False,normal
1371,test,train,1108,False,2.4805752268108705,1.1384157796527326,20.38806054582057,6.748047702651648,258.8188405579229,60.37935625873294,0.07877347917126527,0.11176084212848239,False,False,normal
1372,train,train,1109,False,2.123206365828703,1.380443973132745,27.74824141027007,7.178536195885612,258.8188405579229,60.37935625873294,0.10721105677799408,0.11889057188892019,False,False,normal
1373,train,test,1110,False,3.2865551052284543,1.7146019655487588,64.0912330316819,8.038360676100725,258.8188405579229,60.37935625873294,0.24762970459771635,0.13313094365655978,False,False,normal
1374,test,train,1111,False,3.7653401474490384,2.6090443810745314,71.18036311599059,17.867937691764674,258.8188405579229,60.37935625873294,0.27502002158170025,0.29592792634618975,False,False,normal
1375,train,train,1112,False,5.246732774066172,2.2774829515417863,33.255666448949356,5.178519394210331,258.8188405579229,60.37935625873294,0.12849012991968348,0.08576638962528418,False,False,normal
1376,train,test,1113,False,5.186573159343047,5.128160551552068,22.78177993550995,4.32644675052544,258.8188405579229,60.37935625873294,0.08802210799801281,0.07165440340215098,False,False,normal
1377,train,train,1114,False,5.332027590882728,7.395215481997306,31.908593674124223,7.595753623026549,258.8188405579229,60.37935625873294,0.12328543627403807,0.125800506889769,False,False,normal
1378,test,train,1114,False,1.686057897054793,0.9539751307927994,15.719969186253339,5.182516357128984,258.8188405579229,60.37935625873294,0.060737344902583534,0.0858325871332789,False,False,normal
1379,train,train,1114,False,1.6743906183489037,0.8650546993004901,16.211627361812976,6.8818663962653845,258.8188405579229,60.37935625873294,0.06263696772177163,0.11397714090848772,False,False,normal
1380,train,train,1114,False,1.8903329549575518,0.32747792976185053,15.383940050768402,3.6726040388058743,258.8188405579229,60.37935625873294,0.05943902699512141,0.06082549179670475,False,False,normal
1381,train,train,1115,False,-9.679711214923527,7.857843081682823,52.41921941087095,13.812959919391286,258.8188405579229,60.37935625873294,0.20253247135283292,0.22876957912901655,False,False,normal
1382,train,train,1115,False,-0.4409907484707804,0.16662347480657808,8.907485503526342,2.283100200156608,258.8188405579229,60.37935625873294,0.03441590837948628,0.03781259592058656,False,False,normal
1383,train,train,1115,False,-0.44997445012356446,0.06111906690543852,10.513469294786947,2.345236378676022,258.8188405579229,60.37935625873294,0.04062095816565589,0.038841692326536184,False,False,normal
1384,train,train,1115,False,-0.3587183533517111,-0.4097891285138693,6.346091408073213,2.0059403845801826,258.8188405579229,60.37935625873294,0.024519433725895916,0.03322228835936048,False,False,normal
1385,train,train,1116,False,-3.239519312863765,0.5995537005758909,27.76806012673274,4.249224723705727,258.8188405579229,60.37935625873294,0.10728763047881101,0.07037545590080951,False,False,normal
1386,train,test,1117,False,-1.0613588712820934,-0.00403847163364129,22.17858596695843,5.599311669513614,258.8188405579229,60.37935625873294,0.0856915436262258,0.09273553108979626,False,False,normal
1387,train,train,1118,False,-1.5028015455227821,0.3933914059078936,39.725548515332,9.482425382059935,258.8188405579229,60.37935625873294,0.15348785439923002,0.15704747399800986,False,False,normal
1388,train,train,1119,False,3.683625627309731,1.0727598850044657,27.280380100041405,4.625612275876151,258.8188405579229,60.37935625873294,0.10540337805870101,0.07660916847233076,False,False,normal
1389,train,train,1120,False,2.9085185106871907,6.7627420463300885,26.50210816820385,5.324958080480983,258.8188405579229,60.37935625873294,0.10239636384690765,0.08819170011788277,False,False,normal
1390,train,train,1120,False,1.2750495717985975,-1.5971954127629666,11.108303798018797,4.471591691331769,258.8188405579229,60.37935625873294,0.042919224018132446,0.07405828694447239,False,False,normal
1391,train,train,1121,False,4.397310917573712,4.848060626009784,88.98962374865056,23.089141798459192,258.8188405579229,60.37935625873294,0.34382977513082147,0.3824012581306662,False,False,normal
1392,train,train,1122,False,6.054377124585876,0.24744485553171572,37.16902171640416,4.030234708845344,258.8188405579229,60.37935625873294,0.14361018555017382,0.06674855378674947,False,False,normal
1393,train,train,1123,False,7.712600872493054,3.0842271977172264,27.740012040558536,6.740869625065252,258.8188405579229,60.37935625873294,0.10717926090991202,0.11164195915206183,False,False,normal
1394,train,train,1124,False,-7.748340438779397,6.821813709182843,63.35352922277093,15.012738622457526,258.8188405579229,60.37935625873294,0.24477943370043262,0.2486402564168803,False,False,normal
1395,train,train,1124,False,-0.24278091176237573,-0.9335864359176265,6.256792111125287,2.188652075247105,258.8188405579229,60.37935625873294,0.024174407464455955,0.03624835060957693,False,False,normal
1396,train,train,1125,False,-5.2708225587963495,4.956974062741406,31.350375589579556,14.424293589468029,258.8188405579229,60.37935625873294,0.12112864551127388,0.23889445802731257,False,False,normal
1397,test,train,1125,False,-0.46188004499064617,0.12466523319109966,10.399080777813584,2.5270563154773384,258.8188405579229,60.37935625873294,0.040178994525270274,0.04185298539203685,False,False,normal
1398,train,train,1125,False,-0.15354678831836363,-1.4921921183636764,11.275017013746398,4.607503923925652,258.8188405579229,60.37935625873294,0.04356335492980884,0.0763092588165719,False,False,normal
1399,train,train,1126,False,-1.6892683302705682,2.1698638848806975,34.30411728999451,9.328633142680339,258.8188405579229,60.37935625873294,0.1325410361009532,0.15450037431180952,False,False,normal
1400,train,train,1127,False,-2.927879370047922,4.711189599118581,157.71111801011298,33.24480860754926,258.8188405579229,60.37935625873294,0.6093494494842144,0.5505989243259101,False,False,normal
1401,train,train,1127,False,-0.39393018355412424,0.14760974434602525,7.383641792866217,2.7152826723948174,258.8188405579229,60.37935625873294,0.028528223745032114,0.04497038127997752,False,False,normal
1402,train,train,1127,False,-0.3091944883362103,-0.14521573234167598,6.162808784282621,1.9728002352427485,258.8188405579229,60.37935625873294,0.023811283486927615,0.032673422796842315,False,False,normal
1403,train,test,1128,False,0.4286178408773377,-2.4384710355261436,31.85768284416217,9.590155198275479,258.8188405579229,60.37935625873294,0.12308873177658994,0.1588316900428764,False,False,normal
1404,train,train,1129,False,0.9214576617362872,2.2141690107494627,25.136319105815716,4.376513898999224,258.8188405579229,60.37935625873294,0.09711935596199489,0.07248361311182791,False,False,normal
1405,train,train,1130,False,4.4245976066722115,6.674765199014918,40.23973606023006,3.630542422965228,258.8188405579229,60.37935625873294,0.15547452408598716,0.06012886933421265,False,False,normal
1406,test,train,1130,False,1.4455892783345416,-1.7324544616427477,10.98872029504305,4.254347854749067,258.8188405579229,60.37935625873294,0.04245718847729637,0.07046030495122646,False,False,normal
1407,test,train,1131,False,6.563369173313524,0.6613992744882129,38.73052021724975,6.301078629260294,258.8188405579229,60.37935625873294,0.1496433572369009,0.10435816179058617,False,False,normal
1408,train,test,1132,False,-9.441060490165391,7.9877390447618195,50.60624338793595,10.214580627960398,258.8188405579229,60.37935625873294,0.19552766436495345,0.16917339403536646,False,False,normal
1409,train,test,1132,False,-0.34496730105443335,-0.5054720591817076,6.049693986125084,3.3667268966325605,258.8188405579229,60.37935625873294,0.023374241122029835,0.05575956925088309,False,False,normal
1410,train,train,1066,False,-5.1777750714128254,-3.2426131027270153,64.53854473564742,13.380141747116323,258.8188405579229,60.37935625873294,0.24935798567262293,0.22160126533613203,False,False,normal
1411,train,train,1133,False,-2.1593339826844096,3.128128412778148,27.843094230868093,7.307241409309042,258.8188405579229,60.37935625873294,0.1075775402240738,0.12102218145547325,False,False,normal
1412,test,test,1134,False,-0.50269257100887,-2.2887122063279413,32.63283806322968,8.115131636309862,258.8188405579229,60.37935625873294,0.1260837039254356,0.13440242061434918,False,False,normal
1413,train,test,1135,False,0.8575833812981996,1.0011297740342873,25.190849403050926,6.341095841037711,258.8188405579229,60.37935625873294,0.09733004501816121,0.10502092493111947,False,False,normal
1414,train,train,1136,False,-1.0915023661297656,6.545374848726915,37.174387224658375,12.387254206982195,258.8188405579229,60.37935625873294,0.14363091629853297,0.20515710955746685,False,False,normal
1415,train,train,1136,False,0.06139413473069918,0.6388482537516087,5.899534760375827,5.314553713048668,258.8188405579229,60.37935625873294,0.022794069966693666,0.08801938348390391,False,False,normal
1416,train,train,1136,False,0.07368179215929269,0.7321955483981545,5.214632193525303,3.6744099322177055,258.8188405579229,60.37935625873294,0.020147807564103063,0.06085540091670419,False,False,normal
1417,test,train,1136,False,0.11892421941958897,0.7808572238347469,5.487720416277181,3.135193396397397,258.8188405579229,60.37935625873294,0.02120294026681974,0.051924922534163975,False,False,normal
1418,train,train,1136,False,0.2580847698607182,0.18886694602979803,4.0222916911860045,2.962507185174839,258.8188405579229,60.37935625873294,0.015540953983548302,0.049064901793257495,False,False,normal
1419,test,train,1137,False,2.2483622748581857,1.4763152037475522,23.823103573470178,7.131104001123941,258.8188405579229,60.37935625873294,0.09204547675940399,0.11810500215613903,False,False,normal
1420,test,test,1138,False,3.190485552718915,4.87437635941329,31.150256858751092,9.511687095649371,258.8188405579229,60.37935625873294,0.12035544549848858,0.1575321050938441,False,False,normal
1421,test,train,1139,False,2.76149560705533,7.001412371226337,167.7622726832387,45.710700359985836,258.8188405579229,60.37935625873294,0.6481841597064647,0.7570584251363973,False,False,normal
1422,train,train,1139,False,0.6935016588933929,0.6890556859339458,6.2562166857646755,4.60950466747871,258.8188405579229,60.37935625873294,0.024172184189831237,0.07634239503525704,False,False,normal
1423,train,train,1139,False,1.0497204531785551,-0.8904339073177341,9.59144962758883,4.916747285113445,258.8188405579229,60.37935625873294,0.03705854491470953,0.0814309325201246,False,False,normal
1424,train,train,1140,False,5.179318827895194,2.068888290477528,28.93531974932861,8.25519052679095,258.8188405579229,60.37935625873294,0.11179757890482077,0.13672206923532682,False,False,normal
1425,train,train,1141,False,4.753670409569232,6.443159530525735,43.220402771088125,13.978566334905741,258.8188405579229,60.37935625873294,0.16699094500972206,0.231512344633253,False,False,normal
1426,test,train,1142,False,7.952797688360531,0.666998660582484,42.35338315384733,11.214714963212172,258.8188405579229,60.37935625873294,0.16364103580152145,0.18573757088690618,False,False,normal
1427,test,train,1143,False,-8.22627886428833,3.738049603651042,62.5989113536346,21.290959654209438,258.8188405579229,60.37935625873294,0.2418638118411057,0.3526198517747534,False,False,normal
1428,train,train,1144,False,-5.367136268364448,3.048506396786799,33.240396156801424,13.353815207625317,258.8188405579229,60.37935625873294,0.12843112999481318,0.22116524645282043,False,False,normal
1429,train,train,1145,False,-6.220429403774706,1.3989917478948874,46.607015203524234,25.52467328014242,258.8188405579229,60.37935625873294,0.18007582099918154,0.4227384136188214,False,False,normal
1430,train,train,1146,False,-4.951275789236335,0.27527142421800455,36.6212899983806,13.404670198769717,258.8188405579229,60.37935625873294,0.14149391102841627,0.22200750437498973,False,False,normal
1431,train,train,1147,False,-4.938436695152075,2.2461277419123293,74.87428477386815,28.224648671575956,258.8188405579229,60.37935625873294,0.2892922501795672,0.46745527644630525,False,False,normal
1432,test,train,1148,False,-1.835885227378898,1.7621280570139475,36.269006611189766,10.949394101728895,258.8188405579229,60.37935625873294,0.1401327914652831,0.181343339515072,False,False,normal
1433,train,train,285,False,-0.8167836994077182,5.318631754361821,37.69821635928802,10.369280576631153,258.8188405579229,60.37935625873294,0.14565483825684347,0.1717355271592747,False,False,normal
1434,test,train,285,False,0.10045819031390625,0.14906538629865718,8.890151206739896,2.508474948739696,258.8188405579229,60.37935625873294,0.0343489337467699,0.041545241688079174,False,False,normal
1435,train,train,285,False,0.10609722475318434,0.20218224931306622,6.235571032347355,2.166575973423925,258.8188405579229,60.37935625873294,0.024092415447444417,0.03588272727088844,False,False,normal
1436,test,train,285,False,0.10114161044514768,0.1985536206215664,5.980650678596104,2.1642189411386825,258.8188405579229,60.37935625873294,0.02310747805570844,0.03584369021532358,False,False,normal
1437,test,train,285,False,0.11748226889763252,0.21606861622386214,6.973584431814864,2.1253718767660605,258.8188405579229,60.37935625873294,0.026943882511730036,0.03520030699993855,False,False,normal
1438,test,train,285,False,0.3987900913092502,-0.9876526156329815,5.245684437435243,2.965288423380887,258.8188405579229,60.37935625873294,0.020267784316348,0.049110964526919806,False,False,normal
1439,train,test,1149,False,-1.663473888484012,4.736626770916113,149.75456220267787,42.835325841174935,258.8188405579229,60.37935625873294,0.5786076542181373,0.7094366103808778,False,False,normal
1440,train,test,1149,False,0.4253352033795158,-1.118769292589324,4.7302182600346185,2.4049782735830996,258.8188405579229,60.37935625873294,0.018276174369060313,0.03983113472222978,False,False,normal
1441,train,train,1150,False,4.688086815840767,5.630038982158464,39.25885113149882,5.140058420005491,258.8188405579229,60.37935625873294,0.15168467274975217,0.08512940081672468,False,False,normal
1442,train,train,1150,False,1.2038446319425635,-0.8892025223406745,9.029114698482713,6.538851757179607,258.8188405579229,60.37935625873294,0.03488584787343572,0.10829614892149274,False,False,normal
1443,train,test,1151,False,3.6357642520617888,6.869207906820919,33.764680275836184,12.577749994063986,258.8188405579229,60.37935625873294,0.1304568098792628,0.20831209163885064,False,False,normal
1444,test,test,1151,False,1.014932198620251,0.527716726045188,10.198231405006679,5.031372397304011,258.8188405579229,60.37935625873294,0.03940297152642697,0.08332934812593834,False,False,normal
1445,train,test,1151,False,1.3793810769356647,-1.0554430382694617,10.857473246489231,4.920776793529217,258.8188405579229,60.37935625873294,0.04195008842124598,0.08149766904508032,False,False,normal
1446,train,train,1152,False,5.216688528617275,2.794786914572896,25.117753934532466,6.5886995648896765,258.8188405579229,60.37935625873294,0.09704762559165853,0.10912172591996992,False,False,normal
1447,train,train,1153,False,5.972275516773566,0.7603421068714112,35.61496783752071,6.180858198613298,258.8188405579229,60.37935625873294,0.13760577769665955,0.10236707678908605,False,False,normal
1448,test,train,1154,False,4.772016175137873,3.012256536600985,196.00799367488858,57.02781342368021,258.8188405579229,60.37935625873294,0.7573173315063304,0.9444919084481298,False,False,normal
1449,train,train,1155,False,6.536451014930468,2.9799199312479536,26.55302142534904,5.628545886618067,258.8188405579229,60.37935625873294,0.1025930777222787,0.09321970679016613,False,False,normal
1450,train,train,1156,False,6.755077639314619,3.1927313264911,32.20978448222606,9.616793151438088,258.8188405579229,60.37935625873294,0.12444914911446567,0.15927286654446846,False,False,normal
1451,test,test,1157,False,6.716815951716991,3.39545967284988,32.83591657358912,7.703270099936877,258.8188405579229,60.37935625873294,0.12686833965721492,0.12758118961930334,False,False,normal
1452,train,train,1158,False,-8.429084824050577,7.184134322661812,53.410630245208615,17.009706403611542,258.8188405579229,60.37935625873294,0.20636299169748995,0.2817139409490036,False,False,normal
1453,train,test,1159,False,-5.037679803266218,2.428829577475802,41.87692686670878,16.298504997895996,258.8188405579229,60.37935625873294,0.16180014861528924,0.2699350574069539,False,False,normal
1454,train,train,1160,False,-2.8192335427669875,0.08676268992182407,34.66907408152154,15.064096957661668,258.8188405579229,60.37935625873294,0.1339511219770058,0.24949085069920532,False,False,normal
1455,train,train,1161,False,-2.596954560741344,0.17140488596256137,32.99471814133138,11.058411886645018,258.8188405579229,60.37935625873294,0.12748190228426304,0.18314888683573188,False,False,normal
1456,test,train,1162,False,-2.319256330437933,4.879998298325083,37.1472766040294,11.22930171512627,258.8188405579229,60.37935625873294,0.14352616882122207,0.18597915597190762,False,False,normal
1457,train,train,1163,False,-1.3683161714882186,0.6894442620431408,26.875190252342232,9.483793321778526,258.8188405579229,60.37935625873294,0.10383784346768853,0.1570701297499647,False,False,normal
1458,train,test,1164,False,-0.7728548884124323,-0.11137788382249696,159.78455466191292,21.47660680006486,258.8188405579229,60.37935625873294,0.6173605998600152,0.35569453089289277,False,False,normal
1459,train,train,1165,False,0.710548093763375,1.0731772693862787,29.243980196640617,9.275958208501041,258.8188405579229,60.37935625873294,0.11299015223776146,0.153627974580458,False,False,normal
1460,train,train,1166,False,0.7145639708359004,1.2392888092552596,27.890511198162013,10.357599270811956,258.8188405579229,60.37935625873294,0.10776074546211484,0.17154206193302848,False,False,normal
1461,train,train,1167,False,1.5030918666524669,1.8570082480189356,36.74777239071481,9.511193207306624,258.8188405579229,60.37935625873294,0.1419826018519342,0.15752392533881937,False,False,normal
1462,train,train,1168,False,-0.08216399894680368,3.652386058720877,58.3486270905126,23.839720427219753,258.8188405579229,60.37935625873294,0.22544196150764514,0.3948323053505842,False,False,normal
1463,train,train,1169,False,-9.197994370774557,1.2476277516941496,39.3874528908554,21.94485078112833,258.8188405579229,60.37935625873294,0.15218155218511073,0.36344956523040683,False,False,normal
1464,train,train,1170,False,-6.670128420982154,-3.1754856853386086,37.243673868190335,15.631240270612034,258.8188405579229,60.37935625873294,0.14389861954371638,0.2588838510240198,False,False,normal
1465,train,test,1171,False,-8.07293317777956,-1.5289381118296217,40.02188840672573,18.774214655294863,258.8188405579229,60.37935625873294,0.15463282472192727,0.31093764191266055,False,False,normal
1466,train,train,1172,False,-6.71659400703627,-3.121464138388873,26.38668427756997,18.118685237276477,258.8188405579229,60.37935625873294,0.10195039982672632,0.3000807951584593,False,False,normal
1467,train,test,1173,False,-6.685351625233931,-1.4250876957968224,32.529950190071986,20.55761117206097,258.8188405579229,60.37935625873294,0.12568617539568908,0.34047416941593556,False,False,normal
1468,train,train,1174,False,-5.653129517207457,-2.4693516056859814,26.85148178008362,13.47969384832981,258.8188405579229,60.37935625873294,0.10374624089266923,0.22325004245768487,False,False,normal
1469,test,train,1175,False,-5.287111432467311,-2.8184143263062804,28.088373169146053,12.289545248436479,258.8188405579229,60.37935625873294,0.1085252260175393,0.20353885847630226,False,False,normal
1470,train,train,1176,False,-5.362278981864623,-2.693012086115616,18.01152006636121,13.656036090728687,258.8188405579229,60.37935625873294,0.06959122460920802,0.22617061421143508,False,False,normal
1471,train,train,1177,False,-5.928673534979146,-2.4188098853839346,52.626859918453434,18.28205807691293,258.8188405579229,60.37935625873294,0.20333473330229102,0.30278656828622136,False,False,normal
1472,train,train,1178,False,-4.081261644785896,-1.987526860665016,27.072831764168107,12.388398221783314,258.8188405579229,60.37935625873294,0.10460147223366179,0.20517605667568745,False,False,normal
1473,train,train,1179,False,-4.131703964977405,-1.5112280193588046,20.7253925338418,9.409241811590821,258.8188405579229,60.37935625873294,0.08007683091835625,0.1558354112168912,False,False,normal
1474,train,train,1180,False,-3.926012946468232,-1.6921131927988182,19.044825686740374,8.142279258165694,258.8188405579229,60.37935625873294,0.07358361410508753,0.13485203822437306,False,False,normal
1475,train,train,1181,False,-3.9464600182702787,0.026748449897426013,25.118777134493428,9.112015039852746,258.8188405579229,60.37935625873294,0.09705157893585385,0.15091275569097898,False,False,normal
1476,train,train,1182,False,-3.291141756573595,-2.248620634644377,26.517084343649508,9.174268547879207,258.8188405579229,60.37935625873294,0.10245422739120517,0.1519437953025922,False,False,normal
1477,test,train,1183,False,-3.417452434145303,-2.124335743345064,27.350515374064468,16.525109884013723,258.8188405579229,60.37935625873294,0.10567436016290901,0.27368807665324557,False,False,normal
1478,train,train,1184,False,-3.2940542703866944,-2.076540222721335,27.217737008702777,17.457676164988438,258.8188405579229,60.37935625873294,0.10516134354837096,0.2891331946332809,False,False,normal
1479,train,train,1185,False,-2.752280173003383,-4.555649835023315,33.153643154673084,10.235085629271092,258.8188405579229,60.37935625873294,0.12809594186885864,0.16951299688278385,False,False,normal
1480,train,train,1186,False,-4.625258948709434,-0.6387282939651626,31.642700120510476,15.45485668727079,258.8188405579229,60.37935625873294,0.12225810166021871,0.25596259458356657,False,False,normal
1481,train,test,1187,False,-3.6882726413291347,-1.8358751988541098,31.752566187273985,11.702031182789945,258.8188405579229,60.37935625873294,0.12268259188097187,0.19380847872317994,False,False,normal
1482,test,train,1188,False,-3.2061249464500947,-1.9675951143938903,19.183338613696172,12.129897695326457,258.8188405579229,60.37935625873294,0.07411878738172076,0.20089478336516806,False,False,normal
1483,test,train,1189,False,-6.058673623006865,0.2974073385852355,54.2019723311563,15.487886057150448,258.8188405579229,60.37935625873294,0.20942050514682703,0.25650962542202266,False,False,normal
1484,train,train,1190,False,-3.383948432061188,-2.0103481982858904,23.27545268523899,11.990950026188973,258.8188405579229,60.37935625873294,0.0899295145402292,0.1985935387387418,False,False,normal
1485,test,train,1191,False,-3.7293720995594453,-1.9376594689600108,25.578085771209587,14.181482035258652,258.8188405579229,60.37935625873294,0.09882621263611327,0.23487302472204677,False,False,normal
1486,train,train,1192,False,-3.263683009178054,-2.0404977238998767,25.795516088013517,10.993596799618084,258.8188405579229,60.37935625873294,0.09966629953371017,0.18207542247567488,False,False,normal
1487,test,train,1193,False,-3.289830614934875,-2.0031930406588434,23.618554908565073,12.320544729106274,258.8188405579229,60.37935625873294,0.0912551607821584,0.20405227038710433,False,False,normal
1488,test,train,1194,False,-2.828767075296244,-1.384063975748597,17.47321666085487,6.976126647233865,258.8188405579229,60.37935625873294,0.06751137831847452,0.11553827466030456,False,False,normal
1489,test,train,1195,False,-2.704659648973809,-1.6369901813757695,18.247532838635642,6.211366586210823,258.8188405579229,60.37935625873294,0.07050310865816548,0.10287235523999885,False,False,normal
1490,train,train,1196,False,-2.5601498393808035,-1.5856076333254554,16.77184274520486,5.881754366350627,258.8188405579229,60.37935625873294,0.06480147546079193,0.09741333347686897,False,False,normal
1491,test,train,1197,False,-1.5407981625204985,-1.5462244790918283,14.408383780101211,6.443113129903078,258.8188405579229,60.37935625873294,0.05566976402893149,0.10671053037222769,False,False,normal
1492,train,train,1198,False,2.1941751229897632,-2.766701002933231,27.75804810499433,9.478188371499767,258.8188405579229,60.37935625873294,0.10724894696675746,0.15697730083249925,False,False,normal
1493,train,train,1199,False,3.2000992629682634,0.8300650538777967,31.66524864164959,5.833664584507088,258.8188405579229,60.37935625873294,0.12234522252472188,0.0966168728184037,False,False,normal
1494,train,train,1200,False,3.7969760556061645,0.540397170996203,24.5413816764135,4.716229004469986,258.8188405579229,60.37935625873294,0.09482069243301942,0.07810995838147673,False,False,normal
1495,train,train,1201,False,4.963172476738141,1.3396460178118184,27.393373402375047,7.687706859776534,258.8188405579229,60.37935625873294,0.10583995099941146,0.1273234319828414,False,False,normal
1496,train,train,1202,False,-8.255677645218498,-0.12207996664922229,50.018450587533714,14.95151099854335,258.8188405579229,60.37935625873294,0.19325660558447533,0.2476262074486898,False,False,normal
1497,test,train,1203,False,-5.518482483405565,-3.222992384050421,36.632667029953645,17.869575879634272,258.8188405579229,60.37935625873294,0.14153786853764752,0.295955057935049,False,False,normal
1498,train,train,1204,False,-1.5880477082056306,-2.5623662900084065,49.93852785879689,22.551672702334304,258.8188405579229,60.37935625873294,0.19294780762925484,0.37349972076048016,False,False,normal
1499,train,train,1205,False,-0.8469510181545973,-1.844514937828712,24.614314531824014,10.007646117821581,258.8188405579229,60.37935625873294,0.09510248357022294,0.16574615461181122,False,False,normal
1500,train,test,1206,False,0.3333221551425198,-0.6084887819066875,23.665740242656838,9.96018562501297,258.8188405579229,60.37935625873294,0.0914374710575234,0.16496011620813503,False,False,normal
1501,test,train,1207,False,-0.5762137940288633,4.147192289390435,26.435069023192966,4.792465953436236,258.8188405579229,60.37935625873294,0.10213734427605117,0.07937259107069529,False,False,normal
1502,train,train,1207,False,-0.6378897356132348,-0.08957779553815563,34.160021101635614,20.022450868197325,258.8188405579229,60.37935625873294,0.13198429074173487,0.3316108701523526,False,False,normal
1503,train,train,1207,False,-0.35673776349394487,-1.5239991595641653,32.728784451819934,24.16400604159698,258.8188405579229,60.37935625873294,0.12645441259712054,0.4002031081293953,False,False,normal
1504,test,train,1208,False,0.9954597895902685,0.6430934859963039,18.618389321100068,4.6443981016800855,258.8188405579229,60.37935625873294,0.07193598920760688,0.07692029841752983,False,False,normal
1505,train,train,1209,False,1.6931251419080133,-0.08575343056552183,19.102550999885494,5.133071965169003,258.8188405579229,60.37935625873294,0.07380664776454092,0.08501369148708973,False,False,normal
1506,train,train,1210,False,2.0760512655675134,4.904149776595593,28.87927752022654,8.695240702221055,258.8188405579229,60.37935625873294,0.11158104818788663,0.14401015911731294,False,False,normal
1507,test,train,1211,False,4.744331317667926,0.2092631981654569,32.403350419027085,8.640710552971719,258.8188405579229,60.37935625873294,0.12519703105530028,0.14310703340302627,False,False,normal
1508,train,train,1212,False,-6.68379473242134,-2.350622973763943,67.68629285019905,9.421192514518678,258.8188405579229,60.37935625873294,0.2615199600782195,0.15603333818511933,False,False,normal
1509,train,test,1213,False,-4.493562284982436,-1.4256847533853458,23.36344017008686,16.27937680624344,258.8188405579229,60.37935625873294,0.09026947234491683,0.2696182572150044,False,False,normal
1510,test,train,1214,False,-4.329468980240466,-3.6945816099711712,73.99650322240632,38.28155980557478,258.8188405579229,60.37935625873294,0.2859007600176855,0.6340173558912023,False,False,normal
1511,train,train,1215,False,-1.2155520191917284,-0.983321533790572,29.158508492810785,11.236840655682219,258.8188405579229,60.37935625873294,0.11265991467219016,0.1861040155435076,False,False,normal
1512,train,train,1216,False,-1.4006609687038851,4.100190394523332,31.6116814583777,8.638252293061319,258.8188405579229,60.37935625873294,0.12213825465809974,0.14306631982039275,False,False,normal
1513,test,train,1216,False,-0.5456074730707046,-2.9644437832437887,33.00588894912045,27.30079135542885,258.8188405579229,60.37935625873294,0.12752506300534883,0.45215439592369305,False,False,normal
1514,test,train,1217,False,1.623946350887388,-3.1498591834150425,33.42649969766043,12.562614154718652,258.8188405579229,60.37935625873294,0.12915017942899593,0.2080614125941706,False,False,normal
1515,train,train,1218,False,1.9327728404321995,0.7086742161022209,33.256463313115134,17.597856130837513,258.8188405579229,60.37935625873294,0.12849320876882778,0.29145484849869124,False,False,normal
1516,train,train,1219,False,1.9441866325537724,5.34893073651085,32.44337633991906,5.615878643825718,258.8188405579229,60.37935625873294,0.1253516794603611,0.09300991252309797,False,False,normal
1517,train,train,1219,False,1.037060283494077,-1.6368812201828904,9.605466358885375,3.195178710380781,258.8188405579229,60.37935625873294,0.037112701448547364,0.05291839642491465,False,False,normal
1518,train,test,1220,False,3.345529182558302,3.812854909898746,21.143425984926346,7.904185817694349,258.8188405579229,60.37935625873294,0.08169198942143668,0.13090874609235553,False,False,normal
1519,test,test,1221,False,2.6122446701507975,5.5392979203254065,25.14648827638652,7.191523683773037,258.8188405579229,60.37935625873294,0.09715864665099143,0.11910567003988047,False,False,normal
1520,train,test,1221,False,1.5460786691919342,-1.7230419401023787,9.006284999674127,4.043727295198234,258.8188405579229,60.37935625873294,0.0347976406209831,0.06697201735424882,False,False,normal
1521,train,test,1222,False,4.038936026103032,1.6120354886013863,18.349234900225643,6.990585656980856,258.8188405579229,60.37935625873294,0.07089605556021776,0.1157777440856663,False,False,normal
1522,test,train,1223,False,4.405643431758783,1.473375507384468,20.17922040083354,5.941286338305037,258.8188405579229,60.37935625873294,0.07796658217513917,0.09839929913869729,False,False,normal
1523,train,train,1224,False,5.070581598304579,-1.5586229593018976,38.27508411215845,8.630086122962666,258.8188405579229,60.37935625873294,0.1478836858617045,0.14293107210321504,False,False,normal
1524,train,train,1225,False,5.35845451137252,-0.37358176759556755,29.093014759436354,5.865810998771873,258.8188405579229,60.37935625873294,0.11240686611810018,0.09714928018835037,False,False,normal
1525,train,train,1226,False,7.148384877348381,-1.2917339945716595,49.322614775063045,11.027814388150036,258.8188405579229,60.37935625873294,0.1905681003312616,0.18264213253441292,False,False,normal
1526,test,train,1227,False,7.131667679066326,-0.5745617690485312,43.996673057684106,8.882417140666686,258.8188405579229,60.37935625873294,0.16999022545206782,0.1471101663059215,False,False,normal
1527,train,train,1228,False,-6.8436619716596265,-0.8251262512461367,58.583362619807986,24.111823574328998,258.8188405579229,60.37935625873294,0.22634891066478294,0.39933886461138934,False,False,normal
1528,train,train,1229,False,-2.6182326646158014,-1.1824324125113257,19.212190298819962,8.402303489952601,258.8188405579229,60.37935625873294,0.07423026182099109,0.13915854706942718,False,False,normal
1529,train,train,1230,False,-2.623675597696339,4.116082793148323,27.25333703425621,5.548765687973438,258.8188405579229,60.37935625873294,0.10529889159346957,0.09189839096985891,False,False,normal
1530,train,train,1230,False,-0.3157248737525157,0.3732370595685195,4.363054105937816,2.4036277070087277,258.8188405579229,60.37935625873294,0.01685755989221108,0.03980876670345554,False,False,normal
1531,train,test,1231,False,-2.1210542101883894,3.7697417030626585,13.860303698259772,8.117566386462665,258.8188405579229,60.37935625873294,0.053552143531675686,0.13444274482950594,False,False,normal
1532,train,test,1231,False,-0.0030882518369290115,-0.6169017134405457,4.719179894790102,2.1874502716164943,258.8188405579229,60.37935625873294,0.01823352536707606,0.03622844639553628,False,False,normal
1533,test,train,1232,False,-0.28331716439038923,-1.0097795716187976,11.463232785966422,4.363144258346388,258.8188405579229,60.37935625873294,0.04429056540573206,0.07226218576511118,False,False,normal
1534,test,train,1233,False,-0.2027335049530947,-0.7383955618065731,12.261623700486043,7.40872893679789,258.8188405579229,60.37935625873294,0.047375313458843535,0.1227030130140934,False,False,normal
1535,train,train,1234,False,1.4037268510494991,-2.578900025174554,32.264259048434894,3.5956802525519382,258.8188405579229,60.37935625873294,0.124659622842311,0.0595514837412974,False,False,normal
1536,test,train,1235,False,1.6277487509105157,0.2685848399978172,17.423594652912076,6.19264115642015,258.8188405579229,60.37935625873294,0.06731965345085736,0.10256222557067227,False,False,normal
1537,train,train,1236,False,1.7363143540398753,0.3636427615762474,17.92423437285068,7.018479923848127,258.8188405579229,60.37935625873294,0.06925397832017291,0.11623972759452884,False,False,normal
1538,test,test,1237,False,1.0168281726620407,5.265114792292727,30.807220114950077,7.338031536512968,258.8188405579229,60.37935625873294,0.11903005225021673,0.12153212606422308,False,False,normal
1539,test,test,1237,False,0.7600584769480615,-0.7854962246768933,4.286771746851344,2.521495301595311,258.8188405579229,60.37935625873294,0.01656282725635647,0.04176088414706501,False,False,normal
1540,train,train,1238,False,3.157077490734791,2.283075925354591,25.405922647400196,7.177606271756651,258.8188405579229,60.37935625873294,0.09816102487992726,0.11887517053013498,False,False,normal
1541,test,train,1239,False,4.1778677153851085,-1.7902451564567234,33.530043631153035,8.644326096763349,258.8188405579229,60.37935625873294,0.1295502427832301,0.14316691386574829,False,False,normal
1542,train,train,1240,False,4.567255721852769,-1.4293436305470393,35.54352190501066,8.374420349280731,258.8188405579229,60.37935625873294,0.13732973159292133,0.1386967478320788,False,False,normal
1543,train,train,1241,False,4.050682055567988,1.3175547954873512,22.46379307863009,6.487814227124208,258.8188405579229,60.37935625873294,0.08679350015712152,0.10745086779864178,False,False,normal
1544,train,test,1242,False,4.849187794883191,1.271994309962731,21.78395729304749,7.21099084440435,258.8188405579229,60.37935625873294,0.08416681430953364,0.11942808421978483,False,False,normal
1545,test,train,1243,False,5.309411601500385,2.04690328442297,21.672543159850253,7.629094603271357,258.8188405579229,60.37935625873294,0.08373634281465689,0.1263526986041347,False,False,normal
1546,train,train,1244,False,5.491043464019925,1.8539386232850197,28.220112595627825,7.226747231910257,258.8188405579229,60.37935625873294,0.10903422847732079,0.11968904075331242,False,False,normal
1547,train,train,1245,False,6.594840116908955,-0.40262412092460514,43.76564461922405,10.644614113893317,258.8188405579229,60.37935625873294,0.16909759940536256,0.17629558798672582,False,False,normal
1548,train,train,1246,False,-7.749937739811545,4.844941962653064,36.68561501793122,18.555646579717564,258.8188405579229,60.37935625873294,0.14174244401547378,0.3073177279367528,False,False,normal
1549,train,train,1247,False,-4.895091382408575,-1.7234942102313382,26.529243573957764,14.229486793121877,258.8188405579229,60.37935625873294,0.10250120708666337,0.23566807721743144,False,False,normal
1550,train,train,1248,False,-2.0000757686716537,-1.1382535092452888,17.28035955766709,8.695074504348431,258.8188405579229,60.37935625873294,0.06676623510257862,0.14400740655612443,False,False,normal
1551,test,train,1249,False,-1.8332770601124948,-1.4198804887583805,20.943510358803927,8.340747690860065,258.8188405579229,60.37935625873294,0.0809195741455956,0.1381390628796859,False,False,normal
1552,train,train,1250,False,-1.7769908073525689,-0.5950923190672867,23.117393782612286,8.440436157076086,258.8188405579229,60.37935625873294,0.08931882135311042,0.13979009847186483,False,False,normal
1553,test,train,1251,False,-0.6530619914401423,-0.46878139796626256,20.735923230306728,7.435029807101672,258.8188405579229,60.37935625873294,0.08011751843724874,0.12313860676555838,False,False,normal
1554,test,train,1252,False,-0.7604467681653588,0.869954974232092,8.51760381955604,6.432761177748004,258.8188405579229,60.37935625873294,0.03290952003801217,0.10653908183755445,False,False,normal
1555,train,train,1253,False,-0.3532118231230244,-0.3213832194383962,11.719947658468584,4.982488462734282,258.8188405579229,60.37935625873294,0.04528243629097664,0.0825197347481432,False,False,normal
1556,test,train,1254,False,0.444776645682926,5.5832402553689215,51.54608053722624,27.61925440723774,258.8188405579229,60.37935625873294,0.1991589191347543,0.45742876570074464,False,False,normal
1557,test,train,1254,False,0.8451841060387284,-1.6015585676029263,13.10932104488013,3.5313164236091192,258.8188405579229,60.37935625873294,0.05065056707858291,0.058485493095968025,False,False,normal
1558,test,test,1255,False,3.822316153061383,1.3110189813611892,20.758955006539342,7.607763686964303,258.8188405579229,60.37935625873294,0.0802065064575295,0.12599941699219355,False,False,normal
1559,train,train,1256,False,3.992527310751288,1.145797268115752,18.24918800591447,4.908356909189357,258.8188405579229,60.37935625873294,0.07050950373850529,0.08129197151682847,False,False,normal
1560,train,train,1257,False,4.231263738798401,1.1900487492168104,20.681874082313954,4.364025318974782,258.8188405579229,60.37935625873294,0.07990868840046987,0.07227677784894558,False,False,normal
1561,train,train,1258,False,4.391724741702452,1.0214165636589143,22.937532906001426,4.839125326964049,258.8188405579229,60.37935625873294,0.08862389174047812,0.0801453613752986,False,False,normal
1562,train,train,1259,False,3.270147966035094,5.467461649894459,26.873831169398343,6.7084097404041145,258.8188405579229,60.37935625873294,0.1038325923702763,0.11110436010045813,False,False,normal
1563,train,train,1260,False,4.868043928698838,1.1706668460400915,14.461971832212273,7.276728849825835,258.8188405579229,60.37935625873294,0.05587681252662024,0.12051683390999003,False,False,normal
1564,test,test,1261,False,6.0563758702606725,-1.1518783680177347,31.73525587491096,5.526094727944585,258.8188405579229,60.37935625873294,0.12261570991702476,0.09152291561812273,False,False,normal
1565,train,train,1262,False,6.00987072783314,2.231471200083588,17.47585716213151,6.06736613012806,258.8188405579229,60.37935625873294,0.06752158044004708,0.10048742659873107,False,False,normal
1566,test,test,1263,False,6.3178321575324325,1.8916895822985733,14.601068458416982,6.351077832141242,258.8188405579229,60.37935625873294,0.05641424104575303,0.10518624618861612,False,False,normal
1567,train,train,1264,False,-6.865124230430252,0.46713086421740885,35.38400239567238,31.89534994848633,258.8188405579229,60.37935625873294,0.1367133950503636,0.5282492547918339,False,False,normal
1568,train,train,1265,False,-2.007006103334734,-0.8482932360981774,16.675972225844962,9.844348990925766,258.8188405579229,60.37935625873294,0.06443105992553479,0.1630416354348252,False,False,normal
1569,train,train,1266,False,-1.4888909878593013,-0.36507172756419143,36.74492615840168,18.433628447213863,258.8188405579229,60.37935625873294,0.14197160484604782,0.30529686948339607,False,False,normal
1570,train,train,1267,False,-2.435113966592612,4.609237652931792,23.81420195782452,6.17235844896857,258.8188405579229,60.37935625873294,0.09201108353043166,0.10222630434347887,False,False,normal
1571,train,train,1267,False,-0.28231977516830636,0.521658970151669,5.743247669108242,3.064007441653646,258.8188405579229,60.37935625873294,0.022190222538389433,0.05074594416879833,False,False,normal
1572,train,train,1267,False,0.23640427251260282,-1.8347870654247673,13.393351744783988,4.645775297827554,258.8188405579229,60.37935625873294,0.05174797829985099,0.07694310747401542,False,False,normal
1573,train,test,1268,False,-0.8137429876500181,-0.5180726551208436,19.083567364575703,8.303964296613767,258.8188405579229,60.37935625873294,0.07373330057208434,0.1375298580698718,False,False,normal
1574,train,train,1269,False,-0.39072042599931095,-0.1798768331960873,15.91580134420129,7.559735915854406,258.8188405579229,60.37935625873294,0.06149398285647362,0.1252039833525222,False,False,normal
1575,train,test,1270,False,0.3310436481820783,0.04130646624821022,17.43213859487662,7.507295350254902,258.8188405579229,60.37935625873294,0.06735266473375363,0.12433546522233893,False,False,normal
1576,train,train,1271,False,1.3798979247570289,0.3262031922523152,15.497698104352201,6.236200895133914,258.8188405579229,60.37935625873294,0.05987855471009987,0.10328365987227536,False,False,normal
1577,train,test,1272,False,1.3952683254623173,1.594527563641814,17.44924746941336,6.275317374867592,258.8188405579229,60.37935625873294,0.06741876840109046,0.10393150513193762,False,False,normal
1578,train,train,1273,False,0.9456192693123457,4.265068042529187,23.580178259801315,7.904281583403624,258.8188405579229,60.37935625873294,0.09110688468030649,0.13091033215943557,False,False,normal
1579,train,train,1274,False,2.5369701026436906,0.4019999573744153,19.42883643786508,7.699894168396963,258.8188405579229,60.37935625873294,0.07506731888599494,0.12752527760319227,False,False,normal
1580,train,train,1275,False,3.0000964096641933,0.5323632472659551,18.898079084436194,6.055975845978654,258.8188405579229,60.37935625873294,0.07301662832465575,0.10029878125941018,False,False,normal
1581,train,train,1276,False,3.146183455820712,0.2633170086085289,20.202616250780903,9.407726956115466,258.8188405579229,60.37935625873294,0.07805697686934664,0.15581032225322514,False,False,normal
1582,train,train,1277,False,3.383881048870531,1.252530531463885,147.37556099301554,6.567063470799901,258.8188405579229,60.37935625873294,0.5694158921171479,0.10876338996824063,False,False,normal
1583,test,test,1278,False,3.589465178163849,0.7276045580471457,29.096607537275613,4.346288282041805,258.8188405579229,60.37935625873294,0.11242074755668291,0.07198301789468287,False,False,normal
1584,train,train,1279,False,4.676915157544569,1.3889091846073827,14.033438544507515,4.457782404452135,258.8188405579229,60.37935625873294,0.0542210857380256,0.07382957819805151,False,False,normal
1585,train,train,1280,False,4.985079426730564,1.6157453860311717,20.243996950627313,7.1479142311887465,258.8188405579229,60.37935625873294,0.07821685974246827,0.11838341237954009,False,False,normal
1586,test,train,1281,False,5.360317082235719,1.0913286351383993,31.82593501286498,13.190067482252351,258.8188405579229,60.37935625873294,0.1229660674789339,0.21845326448548566,False,False,normal
1587,train,train,1282,False,5.256858104367683,1.4061891445422012,19.589634205431594,5.888243742251448,258.8188405579229,60.37935625873294,0.07568859424299712,0.0975208102090324,False,False,normal
1588,train,train,1283,False,4.770412675289465,6.979040226062826,30.81601712327323,7.9776366680254505,258.8188405579229,60.37935625873294,0.11906404130721193,0.13212523554971833,False,False,normal
1589,test,train,1283,False,1.8129285420621077,0.8652734011844323,125.43476195926509,64.07698500334898,258.8188405579229,60.37935625873294,0.4846430873767598,1.0612399497730856,False,True,q alarm only
1590,train,train,1284,False,6.0271148221208195,1.5169856095619232,26.17812907570432,5.86630323333731,258.8188405579229,60.37935625873294,0.10114460376715013,0.09715743255359467,False,False,normal
1591,train,train,1285,False,4.85430047472416,6.64382162942237,26.522040155643026,6.213151663346126,258.8188405579229,60.37935625873294,0.10247337519351676,0.10290191960182567,False,False,normal
1592,train,train,1286,False,-9.502919277438107,5.364048347172666,30.28433808436888,12.91680364400417,258.8188405579229,60.37935625873294,0.11700978962384052,0.21392748191375352,False,False,normal
1593,train,train,1286,False,-0.581024975267669,0.4260771698996277,6.312686292148928,3.1554110765344103,258.8188405579229,60.37935625873294,0.024390366167088087,0.05225976678209498,False,False,normal
1594,train,train,1286,False,-0.47070705904610705,-0.018697552368674875,5.235401258986668,2.5664964724456194,258.8188405579229,60.37935625873294,0.02022805313438919,0.04250619137852129,False,False,normal
1595,train,train,1287,False,-7.642758701787833,3.6660832629960862,36.782300748318654,15.051083346048094,258.8188405579229,60.37935625873294,0.14211600928676166,0.24927531988834656,False,False,normal
1596,train,train,1287,False,-0.5796597565372232,0.4122856499441799,6.518132650521584,3.2362876455796377,258.8188405579229,60.37935625873294,0.02518415056829236,0.05359924063634843,False,False,normal
1597,train,train,1287,False,-0.582565868830159,0.41100725093872154,6.705199226343576,3.1995967890184387,258.8188405579229,60.37935625873294,0.02590692088678518,0.05299156843123293,False,False,normal
1598,test,train,1287,False,-0.5638901956919534,0.20026188197320358,6.943219837931207,4.24491564781662,258.8188405579229,60.37935625873294,0.02682656263726417,0.07030408919278032,False,False,normal
1599,train,test,1288,False,-4.354149445527057,3.073085272568389,23.789129167992936,13.03154119335812,258.8188405579229,60.37935625873294,0.09191420963293048,0.21582775969846993,False,False,normal
1600,test,test,1288,False,-0.16353203564770102,-0.324676594738893,6.112843317646563,1.3005267559315994,258.8188405579229,60.37935625873294,0.023618231595773365,0.02153926170326631,False,False,normal
1601,train,test,1289,False,-4.316192891740948,1.21108813765022,19.54770398268846,9.693716991134053,258.8188405579229,60.37935625873294,0.07552658817476521,0.16054687548498014,False,False,normal
1602,train,train,1290,False,-4.967250170042412,3.904624832843136,19.109156117348654,6.9609066588250545,258.8188405579229,60.37935625873294,0.07383216799888291,0.11528620194287459,False,False,normal
1603,train,train,1290,False,-0.3558303542556088,0.03353023279192748,6.281510913210751,4.5055981075634035,258.8188405579229,60.37935625873294,0.024269913657251577,0.07462149957770936,False,False,normal
1604,train,train,1291,False,-2.2377856850839244,-1.468775968652517,12.800943165299719,6.571858895266669,258.8188405579229,60.37935625873294,0.04945908550438354,0.1088428115580671,False,False,normal
1605,train,train,1292,False,-2.032313738076002,0.7839977930372982,21.28494270237873,9.489211514707687,258.8188405579229,60.37935625873294,0.0822387684625116,0.15715986560117093,False,False,normal
1606,test,train,1293,False,-1.7400834831861625,4.639237099032164,24.35792906646498,8.300020036734274,258.8188405579229,60.37935625873294,0.09411188541745186,0.1374645334270818,False,False,normal
1607,train,train,1293,False,0.42438415147818204,-0.8458133684714854,6.141813629301944,2.9400895946612216,258.8188405579229,60.37935625873294,0.0237301643731281,0.04869362273527027,False,False,normal
1608,train,train,1294,False,1.0374990344902066,0.9179429654849421,17.827423682774853,6.3920188150652795,258.8188405579229,60.37935625873294,0.06887993024134241,0.10586430878253646,False,False,normal
1609,test,train,1295,False,2.125454526215395,0.4630231237866735,19.412502383969173,7.17760372661552,258.8188405579229,60.37935625873294,0.07500420889809492,0.11887512837762974,False,False,normal
1610,train,train,1296,False,4.04007899607256,7.0089623595023225,27.1365665746509,6.6063407843878394,258.8188405579229,60.37935625873294,0.104847724826191,0.1094138989504767,False,False,normal
1611,train,train,1296,False,1.8377828353686987,1.0480122272311876,18.578877105070152,3.868288949226771,258.8188405579229,60.37935625873294,0.07178332560728806,0.06406641588974017,False,False,normal
1612,test,train,1296,False,2.292175094333317,-1.3375237275553917,19.857785513205833,6.822565790432844,258.8188405579229,60.37935625873294,0.07672465215592263,0.11299500712126365,False,False,normal
1613,train,train,1297,False,-7.1880024635763755,-0.2090010103321478,32.78851698153428,18.78650634273273,258.8188405579229,60.37935625873294,0.1266852015519956,0.31114121624997537,False,False,normal
1614,train,test,1298,False,-5.635175944643072,-1.0767368695446904,23.964232490110025,12.809253143736793,258.8188405579229,60.37935625873294,0.09259075745201362,0.2121462356910129,False,False,normal
1615,train,train,1299,False,-5.974263900915997,-1.0704423429252437,31.017186141660726,14.811654394808151,258.8188405579229,60.37935625873294,0.11984129932271748,0.24530990909108732,False,False,normal
1616,test,train,1300,False,1.0013440645244052,5.04977848936316,22.198169799725168,9.83688660778066,258.8188405579229,60.37935625873294,0.08576720980541323,0.16291804380338862,False,False,normal
1617,train,train,1300,False,0.8486429425631856,-1.3953485814151374,6.748222103057979,2.0505188118700897,258.8188405579229,60.37935625873294,0.02607314864911369,0.033960594132262115,False,False,normal
1618,train,train,1301,False,2.106183931864355,3.5658521233497,13.68417132467233,3.6658537205401,258.8188405579229,60.37935625873294,0.05287161975988318,0.060713693349618826,False,False,normal
1619,train,train,1302,False,3.5838307848882907,0.7106447046570799,112.76212342178218,33.2024871627214,258.8188405579229,60.37935625873294,0.43567973327871523,0.5498979985882041,False,False,normal
1620,test,train,1303,False,3.478053837752336,6.076654575520779,19.252623927034413,2.75505596981021,258.8188405579229,60.37935625873294,0.07438648548742623,0.045629104722555464,False,False,normal
1621,train,train,1303,False,1.0527266276123797,1.0845773424003085,8.605250108003288,4.176949427903205,258.8188405579229,60.37935625873294,0.03324815955999717,0.06917843592111954,False,False,normal
1622,train,train,1303,False,1.292783355103778,0.035387362153522735,20.196346805973167,10.705271320995557,258.8188405579229,60.37935625873294,0.07803275357557783,0.17730018973905845,False,False,normal
1623,train,train,1304,False,5.264882154755453,1.5059756831064945,25.916999920148594,7.5546598800460165,258.8188405579229,60.37935625873294,0.10013567738840266,0.12511991429112582,False,False,normal
1624,train,train,1305,False,4.072766951677927,6.917377584247458,23.494485811802523,6.508896714448684,258.8188405579229,60.37935625873294,0.09077579422408596,0.10780003494169868,False,False,normal
1625,train,train,1305,False,1.8084524298158886,-0.7503354301639593,15.268513563123213,6.175091176025715,258.8188405579229,60.37935625873294,0.05899305294085097,0.10227156363782172,False,False,normal
1626,train,train,1306,False,7.202746388549323,2.032037017270159,21.80824666669309,3.50053795622849,258.8188405579229,60.37935625873294,0.08426066131693558,0.05797574159665194,False,False,normal
1627,test,train,1307,False,-9.277876153679825,2.2404220371758132,39.30113741061921,6.308549821782735,258.8188405579229,60.37935625873294,0.15184805451527295,0.10448189932250729,False,False,normal
1628,train,train,1308,False,-3.4831659596169335,-0.4237784501143072,9.697437920713362,4.01351253520245,258.8188405579229,60.37935625873294,0.037468052556796395,0.0664716019495812,False,False,normal
1629,test,test,1309,False,-4.153516904754021,4.132349911886418,17.334569495379778,5.6755878709083625,258.8188405579229,60.37935625873294,0.06697568638362071,0.09399881387585142,False,False,normal
1630,train,test,1309,False,-0.38518347908393347,0.10251885418352698,7.185783316981959,1.9973134879482435,258.8188405579229,60.37935625873294,0.02776375669364689,0.033079410111454495,False,False,normal
1631,train,test,1309,False,0.12048781053357288,-2.182915890707012,11.893914314781945,3.3346792059351227,258.8188405579229,60.37935625873294,0.04595459236716626,0.055228796935919845,False,False,normal
1632,test,train,1310,False,-1.7514767028491047,-1.357235600622617,11.974399206295802,4.774449544977266,258.8188405579229,60.37935625873294,0.04626556235428296,0.0790742041786296,False,False,normal
1633,train,train,1311,False,-3.694059931456895,4.531361062015123,17.72744451120042,6.987291556120589,258.8188405579229,60.37935625873294,0.06849364008039852,0.11572318734534347,False,False,normal
1634,test,train,1311,False,-0.04896418558403803,-0.5819664818446385,5.4306960116695056,1.3040406389367067,258.8188405579229,60.37935625873294,0.02098261471213929,0.0215974584649219,False,False,normal
1635,train,train,1312,False,-0.8108773496159974,0.08364555710506297,11.826749192148986,6.175403934096106,258.8188405579229,60.37935625873294,0.04569508605577033,0.10227674352197039,False,False,normal
1636,train,test,1313,False,1.4918071431847582,0.19323500388419745,122.27483156271303,26.67092928618676,258.8188405579229,60.37935625873294,0.4724340442107354,0.44172265056782917,False,False,normal
1637,train,train,1314,False,1.10522830481326,2.3579258392855436,16.184684977039254,7.261201356620238,258.8188405579229,60.37935625873294,0.06253287025840443,0.12025966831287668,False,False,normal
1638,train,train,1315,False,2.9099479053085595,0.42286685681763264,16.208871663946503,7.581892998268865,258.8188405579229,60.37935625873294,0.06262632051440245,0.12557094788787618,False,False,normal
1639,train,train,1316,False,3.4354848155411046,0.961159493856392,15.431163493463108,7.152685410650348,258.8188405579229,60.37935625873294,0.05962148451093791,0.11846243242475482,False,False,normal
1640,train,train,1317,False,4.61926192642527,1.7017789126081644,17.55606199023325,6.106700434963071,258.8188405579229,60.37935625873294,0.06783146834437756,0.10113887946726545,False,False,normal
1641,train,train,1318,False,5.080636007208411,1.9971112965687052,23.808795426250363,8.03352294846377,258.8188405579229,60.37935625873294,0.0919901942800104,0.13305082144365932,False,False,normal
1642,train,train,1319,False,5.3453481063084105,2.0125490978200062,13.466408056958915,6.877827339190515,258.8188405579229,60.37935625873294,0.052030246437740194,0.11391024623909837,False,False,normal
1643,train,test,1320,False,-6.75183131849379,3.987790427136037,25.998974002612442,13.651741921406261,258.8188405579229,60.37935625873294,0.10045240117206208,0.22609949438524773,False,False,normal
1644,train,test,1320,False,-0.05803566238825281,-1.8709325868112423,7.690333878817476,4.611247648781858,258.8188405579229,60.37935625873294,0.029713191907667177,0.0763712622079324,False,False,normal
1645,train,train,1321,False,-0.3119282841483206,-1.412341479198558,20.103206950360548,7.504300481369341,258.8188405579229,60.37935625873294,0.07767288852320435,0.1242858643476173,False,False,normal
1646,train,test,1322,False,-1.8594578343451256,1.66935709308399,27.42530029936233,8.55464277951089,258.8188405579229,60.37935625873294,0.10596330715431293,0.1416815830704322,False,False,normal
1647,train,train,1323,False,-1.1683161076596662,5.044960687645681,22.143709669387643,10.044327875770596,258.8188405579229,60.37935625873294,0.08555679185353567,0.1663536761261485,False,False,normal
1648,train,train,1323,False,-0.1696228133143156,0.3435093429461803,6.163378709526046,2.1865722079841388,258.8188405579229,60.37935625873294,0.023813485510714587,0.036213903947806415,False,False,normal
1649,train,train,1323,False,-0.2032062345773896,0.5857690862681065,4.6164357551044715,2.916041787064467,258.8188405579229,60.37935625873294,0.01783655218125949,0.04829534410020654,False,False,normal
1650,test,train,1323,False,-0.23090284713991405,0.5290108627451767,5.600109740489632,3.8218626636379787,258.8188405579229,60.37935625873294,0.021637179613422864,0.06329750597639414,False,False,normal
1651,train,train,1323,False,0.31208934163696767,-1.803116803771549,8.724486270841126,4.20207185304739,258.8188405579229,60.37935625873294,0.0337088530805338,0.06959451232041954,False,False,normal
1652,train,train,1324,False,0.8542876761188334,0.1707666200265889,19.603645389058446,7.29157657560279,258.8188405579229,60.37935625873294,0.07574272934226829,0.12076274123158073,False,False,normal
1653,train,train,1325,False,3.460284495173286,0.14368092887845968,57.09268361795041,29.901844085570072,258.8188405579229,60.37935625873294,0.22058936472661167,0.49523290638338385,False,False,normal
1654,train,train,1326,False,3.4360470802939886,1.803893929336437,17.096635913457202,9.460860549965105,258.8188405579229,60.37935625873294,0.06605638089021199,0.15669031828402008,False,False,normal
1655,train,train,1327,False,5.419625474245521,-1.5517615386518928,32.63247775899902,10.994391082293149,258.8188405579229,60.37935625873294,0.1260823118156886,0.1820885773472118,False,False,normal
1656,train,train,1328,False,5.470051201725868,-0.21394022671289153,25.36170308792984,8.89321381457283,258.8188405579229,60.37935625873294,0.0979901734868253,0.14728898030088824,False,False,normal
1657,test,train,1329,False,5.577227084764836,3.4374694631693608,24.550044525422393,8.295285237222938,258.8188405579229,60.37935625873294,0.09485416313781904,0.13738611590485703,False,False,normal
1658,train,train,1330,False,-10.222345832143722,7.526787723463583,41.755367440088015,8.376836186263171,258.8188405579229,60.37935625873294,0.16133047868570174,0.13873675880821587,False,False,normal
1659,train,train,1330,False,-0.4923869487589551,-0.023514419517036797,8.180778372878901,3.0412568436129166,258.8188405579229,60.37935625873294,0.03160812541793327,0.05036914985613226,False,False,normal
1660,train,train,1330,False,-0.4786975938236409,0.05712189276544501,7.209052582598831,1.7316807213717562,258.8188405579229,60.37935625873294,0.02785366230317173,0.028680012982438767,False,False,normal
1661,train,train,1330,False,-0.3265205634285959,-0.4052209823042161,6.321900952796224,1.4184153724665463,258.8188405579229,60.37935625873294,0.02442596891002377,0.023491727311375474,False,False,normal
1662,test,train,1331,False,-4.327368507900166,-1.6041265805664924,21.99648155314563,9.940259611406956,258.8188405579229,60.37935625873294,0.08498794564464052,0.1646301025272897,False,False,normal
1663,train,train,1332,False,-2.086766560784665,0.8406611495739851,10.940752929419755,3.631311122484529,258.8188405579229,60.37935625873294,0.04227185666173034,0.060141600498751856,False,False,normal
1664,train,train,1333,False,0.485650539854065,-3.2146339153380836,25.120949163270502,8.422261678458163,258.8188405579229,60.37935625873294,0.09705997101725099,0.13948909362941433,False,False,normal
1665,test,train,1334,False,2.269283616085735,0.17279938718109172,15.546609505613985,4.175309044271312,258.8188405579229,60.37935625873294,0.060067534002165114,0.06915126796615058,False,False,normal
1666,test,train,1335,False,1.5396685993679065,5.5708671808983015,15.153689528037619,4.17869425645211,258.8188405579229,60.37935625873294,0.05854940658636583,0.06920733368779046,False,False,normal
1667,train,train,1335,False,0.7461139871113824,-0.5779653524547979,5.301332358806597,1.258405786855976,258.8188405579229,60.37935625873294,0.02048279154399571,0.020841656235345618,False,False,normal
1668,train,train,1336,False,5.300169393410588,1.6252385828145517,13.017427441043905,7.659618340467196,258.8188405579229,60.37935625873294,0.05029551717712236,0.12685823127435794,False,False,normal
1669,train,train,1337,False,4.31335172622654,5.50060037589042,16.79720199440207,8.119116394176318,258.8188405579229,60.37935625873294,0.06489945615316557,0.1344684159828553,False,False,normal
1670,train,test,1338,False,4.337976844302085,6.088599493225546,19.892058835834348,10.373072523590883,258.8188405579229,60.37935625873294,0.0768570742104942,0.171798329202799,False,False,normal
1671,train,train,1339,False,-7.496140030380039,1.7338639368784057,35.0307720833669,10.12506836750674,258.8188405579229,60.37935625873294,0.1353486168466438,0.16769089627454095,False,False,normal
1672,train,test,1340,False,-4.620547782604412,-0.5072946033090108,23.669428935981855,15.641397859382796,258.8188405579229,60.37935625873294,0.09145172308537834,0.25905208052165196,False,False,normal
1673,train,train,1341,False,-3.9787351840620504,-0.5594618338932172,24.688379210006655,16.79770564992766,258.8188405579229,60.37935625873294,0.09538864773826798,0.2782027946430471,False,False,normal
1674,train,train,1342,False,-9.698339972125574,7.033650243612875,45.20795814963147,15.18399593293594,258.8188405579229,60.37935625873294,0.17467027536395313,0.251476611772253,False,False,normal
1675,train,train,1342,False,-0.5064280136440683,0.13652243973180248,7.390569856449661,2.021411036247702,258.8188405579229,60.37935625873294,0.02855499174835254,0.033478512549648724,False,False,normal
1676,train,train,1342,False,-0.5836401975533125,0.2734958057360119,7.472558054124095,4.880355706205266,258.8188405579229,60.37935625873294,0.02887177006904085,0.08082821693713234,False,False,normal
1677,train,train,1343,False,-2.5354977249032427,2.7627134827772,17.382205652021288,10.00091200945682,258.8188405579229,60.37935625873294,0.06715973850493778,0.16563462463232775,False,False,normal
1678,train,test,1344,False,-2.8073500496247434,2.9722589710778586,21.979248248220177,8.517473548450257,258.8188405579229,60.37935625873294,0.08492136121481962,0.14106598804982018,False,False,normal
1679,train,test,1344,False,-0.3052699971460569,-0.07444052692095736,6.101551877822432,1.5737283017568116,258.8188405579229,60.37935625873294,0.023574604787926647,0.026064012590879454,False,False,normal
1680,train,test,1344,False,-0.30118816609480736,-0.08780353405555145,6.093294170918811,1.4493237046102203,258.8188405579229,60.37935625873294,0.02354269943325532,0.02400362962466328,False,False,normal
1681,train,test,1344,False,-0.30097993475551194,-0.0865475263352493,6.0767941904125875,1.3729552149922004,258.8188405579229,60.37935625873294,0.023478948353655958,0.022738818365484373,False,False,normal
1682,train,test,1344,False,-0.3008482395889453,-0.08609299820470838,6.070469597088498,1.2989390564196548,258.8188405579229,60.37935625873294,0.023454511982213846,0.02151296630016295,False,False,normal
1683,train,test,1344,False,-0.29003909415832096,-0.07368236475798494,5.690222128781405,1.024007533907913,258.8188405579229,60.37935625873294,0.021985347421058208,0.016959563621710628,False,False,normal
1684,test,test,1344,False,-0.2898941783359421,-0.07274464218562075,5.684356906478572,0.9652640762164385,258.8188405579229,60.37935625873294,0.021962685924351903,0.01598665729525442,False,False,normal
1685,train,test,1344,False,-0.2897791804872189,-0.07142896839650652,5.6165887601608055,0.9279021926671966,258.8188405579229,60.37935625873294,0.021700849706510563,0.015367871573373887,False,False,normal
1686,train,test,1344,False,-0.3214931945931718,-0.0625082695928491,160.00503926082703,100.15496881761152,258.8188405579229,60.37935625873294,0.6182124876068223,1.6587617858732246,False,True,q alarm only
1687,train,test,1344,False,-0.31977918178797526,-0.062119364760042685,143.21241834773858,89.02049489125471,258.8188405579229,60.37935625873294,0.5533307314066576,1.4743531631869506,False,True,q alarm only
1688,train,test,1344,False,-0.3179726940316362,-0.061504630948820894,127.39127589230736,78.54262246464862,258.8188405579229,60.37935625873294,0.49220248270062694,1.3008191430210658,False,True,q alarm only
1689,train,test,1344,False,-0.31609385971681425,-0.0614243855429543,112.53321627462594,68.72755913718036,258.8188405579229,60.37935625873294,0.43479530327870913,1.1382625353386404,False,True,q alarm only
1690,train,test,1344,False,-0.31458800767815387,-0.06220146286972742,98.6449135099236,59.57255572984796,258.8188405579229,60.37935625873294,0.3811349795759832,0.9866378083690105,False,False,normal
1691,test,test,1344,False,-0.31290109666116045,-0.06179813599457732,85.72265736379414,51.076621115354946,258.8188405579229,60.37935625873294,0.331207176336182,0.8459285471094684,False,False,normal
1692,train,test,1344,False,-0.31118699632894264,-0.06139742609397523,73.76886361343207,43.24023788979876,258.8188405579229,60.37935625873294,0.28502122741301295,0.7161427442934145,False,False,normal
1693,train,test,1344,False,-0.309537813442318,-0.06166609833372325,62.78205497794101,36.06419249081964,258.8188405579229,60.37935625873294,0.24257142502688311,0.5972934248632953,False,False,normal
1694,test,test,1344,False,-0.30780883866824077,-0.061058030883791393,52.763159058753445,29.546707057587916,258.8188405579229,60.37935625873294,0.2038613531573456,0.4893511439733914,False,False,normal
1695,train,test,1344,False,-0.3061206041053292,-0.060881119992226874,43.71230254558316,23.6885648196512,258.8188405579229,60.37935625873294,0.16889150129625308,0.3923288734338736,False,False,normal
1696,train,test,1344,False,-0.29705472423722373,-0.052792864331135704,36.23376533829613,18.10160594387105,258.8188405579229,60.37935625873294,0.13999662953511732,0.2997979287209266,False,False,normal
1697,train,test,1344,False,-0.29539027729161044,-0.052544166950175754,29.027319853320062,13.613040050785356,258.8188405579229,60.37935625873294,0.11215304029160826,0.22545851586180898,False,False,normal
1698,train,test,1344,False,-0.293831558555383,-0.05290964142451885,22.789816249104877,9.783280747663348,258.8188405579229,60.37935625873294,0.08805315795394958,0.1620302261213384,False,False,normal
1699,train,test,1344,False,-0.29220338901965576,-0.0528945835318431,17.51972549196578,6.612762083994669,258.8188405579229,60.37935625873294,0.06769107478497075,0.1095202482063269,False,False,normal
1700,train,test,1344,False,-0.2906349654611064,-0.05359376608828307,13.21830119071322,4.100956353381721,258.8188405579229,60.37935625873294,0.05107163436100396,0.06791984226874863,False,False,normal
1701,train,test,1344,False,-0.2890301391450756,-0.05315996886276612,9.883593173839657,2.2488749065631737,258.8188405579229,60.37935625873294,0.038187301791995074,0.03724575825099011,False,False,normal
1702,train,test,1344,False,-0.2873749121244395,-0.05254147351412234,7.516180692356626,1.0558012634022922,258.8188405579229,60.37935625873294,0.02904031513376062,0.01748612984341957,False,False,normal
1703,test,test,1344,False,-0.2858123205331318,-0.05199959102104649,6.115556936084457,0.5222578943598799,258.8188405579229,60.37935625873294,0.023628716220586782,0.00864961017672896,False,False,normal
1704,train,test,1344,False,-0.28427874234338246,-0.05231645935835153,5.686003603086012,0.6460503290258474,258.8188405579229,60.37935625873294,0.02196904827650482,0.010699854537326343,False,False,normal
1705,train,test,1344,False,-0.28417795553992126,-0.05112657465433266,5.7422031635120465,0.713902641671623,258.8188405579229,60.37935625873294,0.022186186875475775,0.011823621282288315,False,False,normal
1706,train,test,1344,False,-0.28356919293575905,-0.05146352330481788,5.879354677270673,1.0117561759894,258.8188405579229,60.37935625873294,0.022716100051282356,0.01675665721995943,False,False,normal
1707,train,test,1344,False,-0.2837785614167858,-0.05098624484555723,5.938949044849882,1.103894723106893,258.8188405579229,60.37935625873294,0.0229463551882374,0.01828265141444319,False,False,normal
1708,train,test,1344,False,-0.28399070998619985,-0.05104689057430304,5.993720592185904,1.1879810565994853,258.8188405579229,60.37935625873294,0.023157976363952247,0.019675285233397337,False,False,normal
1709,train,test,1344,False,-0.28411227325922256,-0.05062073658255709,6.04271818483973,1.2729518323863764,258.8188405579229,60.37935625873294,0.023347288674246985,0.021082567143174264,False,False,normal
1710,train,test,1344,False,-0.28422316424696087,-0.05064517733854355,6.0972589820066805,1.3529858323097903,258.8188405579229,60.37935625873294,0.023558018299066338,0.022408086408077624,False,False,normal
1711,train,test,1344,False,-0.28449529539242224,-0.05067513952609918,6.152024008824406,1.4358423685751014,258.8188405579229,60.37935625873294,0.023769614281413186,0.023780352384386826,False,False,normal
1712,train,test,1344,False,-0.2845878076581291,-0.04984507564071065,6.209487652783921,1.5297990354362132,258.8188405579229,60.37935625873294,0.023991636927970305,0.025336458190790192,False,False,normal
1713,train,test,1344,False,-0.284827833594531,-0.049817118292513375,6.270955232998866,1.628096765155001,258.8188405579229,60.37935625873294,0.024229129608497126,0.026964460471860727,False,False,normal
1714,train,test,1344,False,-0.2849599143862684,-0.04928961072976832,6.334329648935449,1.732324100825063,258.8188405579229,60.37935625873294,0.02447398974232652,0.028690668602060643,False,False,normal
1715,train,test,1344,False,-0.30892966918416276,-0.07473947206538799,7.722027507203892,1.7467147810508346,258.8188405579229,60.37935625873294,0.02983564678119221,0.028929006357171938,False,False,normal
1716,train,test,1344,False,-0.30900954768905176,-0.07415117723784474,7.8091215295335905,1.84472343266091,258.8188405579229,60.37935625873294,0.030172152509067175,0.03055222094048244,False,False,normal
1717,train,test,1344,False,-0.3091806255505915,-0.07396000224003439,7.899031117099603,1.9483002365994089,258.8188405579229,60.37935625873294,0.030519536754248858,0.03226765499537133,False,False,normal
1718,test,test,1344,False,-0.3092638867781093,-0.07325869915028103,7.989318810243045,2.058700444570028,258.8188405579229,60.37935625873294,0.030868381888354293,0.03409609794030006,False,False,normal
1719,train,test,1344,False,-0.3093432369661403,-0.0722533235099813,8.087902973769841,2.1713688606192325,258.8188405579229,60.37935625873294,0.031249282147834182,0.03596210683854679,False,False,normal
1720,test,test,1344,False,-0.30953761518062195,-0.07188774954828585,8.183462975750905,2.292602890226287,258.8188405579229,60.37935625873294,0.03161849793512026,0.03796997901736816,False,False,normal
1721,train,test,1344,False,-0.30975587973975477,-0.07201730634305613,8.286746196504101,2.4164796503114023,258.8188405579229,60.37935625873294,0.03201755397188541,0.040021619971509645,False,False,normal
1722,train,test,1344,False,-0.30998749902325706,-0.07239066312452895,8.38998121015814,2.5477095820988285,258.8188405579229,60.37935625873294,0.03241642375057502,0.04219504380241453,False,False,normal
1723,train,test,1344,False,-0.3102315460617199,-0.07240557925343148,8.496447034146739,2.684308376442879,258.8188405579229,60.37935625873294,0.032827776431697826,0.04445738647726366,False,False,normal
1724,train,test,1344,False,-0.3105012510789932,-0.07252105210493119,8.606169337187778,2.8369250886351023,258.8188405579229,60.37935625873294,0.03325171119164234,0.0469850171386149,False,False,normal
1725,train,test,1344,False,-0.30652955293507306,-0.06697532963273455,8.341547930723857,2.977620708601544,258.8188405579229,60.37935625873294,0.032229291780854895,0.049315211242764403,False,False,normal
1726,train,test,1344,False,-0.30669369370501953,-0.06671136927172953,8.451194728178033,3.1149476008171755,258.8188405579229,60.37935625873294,0.032652934809383326,0.051589612639612176,False,False,normal
1727,train,test,1344,False,-0.3068485777159737,-0.06617171967102702,8.564652062234366,3.3019390891998794,258.8188405579229,60.37935625873294,0.03309130063241135,0.054686556694156625,False,False,normal
1728,test,test,1344,False,-0.30705281814357094,-0.06589864114515047,8.687106665060055,3.4307458111171205,258.8188405579229,60.37935625873294,0.03356442925999394,0.05681984743951152,False,False,normal
1729,test,test,1344,False,-0.307141049602561,-0.06503258037040997,8.805552035751367,3.6263800298285864,258.8188405579229,60.37935625873294,0.03402206739188568,0.060059931978888675,False,False,normal
1730,test,test,1344,False,-0.3072123938509891,-0.0641003609247238,8.92879955405628,3.8033080861866524,258.8188405579229,60.37935625873294,0.034498259612047215,0.06299020595531048,False,False,normal
1731,train,test,1344,False,-0.3074195336240147,-0.06386055491205488,9.054670129967944,3.9857456296833074,258.8188405579229,60.37935625873294,0.034984586556563044,0.06601172779325269,False,False,normal
1732,train,test,1344,False,-0.30760908400209624,-0.0634879897363788,9.183311928883917,4.173600922441737,258.8188405579229,60.37935625873294,0.03548162069302184,0.06912297813440318,False,False,normal
1733,train,test,1344,False,-0.3078785395080925,-0.06315045447934746,9.312381066514666,4.368944445409972,258.8188405579229,60.37935625873294,0.03598030594079021,0.07235824818483505,False,False,normal
1734,train,test,1344,False,-0.3081670268932092,-0.06331459964518814,9.450011256687159,4.558765395452805,258.8188405579229,60.37935625873294,0.03651206858170077,0.07550205364757347,False,False,normal
1735,train,test,1344,False,-0.30845814081155737,-0.06349596983409538,9.583768575558146,4.7810249552689985,258.8188405579229,60.37935625873294,0.037028867585137515,0.07918310580824546,False,False,normal
1736,train,test,1344,False,-0.26580081381504905,-0.015702892281368883,8.397672264372845,6.4450582833497645,258.8188405579229,60.37935625873294,0.03244613972564903,0.10674274591023959,False,False,normal
1737,train,test,1344,False,-0.26603127907397806,-0.01550298978242047,8.527207531581052,6.643086107297522,258.8188405579229,60.37935625873294,0.03294662596122977,0.11002247322464129,False,False,normal
1738,test,test,1344,False,-0.26667987149650124,-0.01567003953825523,8.919964057729011,6.2908593597642595,258.8188405579229,60.37935625873294,0.034464121848705793,0.10418891073974285,False,False,normal
1739,test,test,1344,False,-0.2912850077882264,-0.009036581290560437,132.7577498793765,26.70784505543362,258.8188405579229,60.37935625873294,0.5129369623679528,0.44233404776604823,False,False,normal
1740,train,test,1344,False,-0.28981819311112134,-0.009327130626068254,117.80639723027667,21.21804913727991,258.8188405579229,60.37935625873294,0.4551693260673268,0.3514123112932501,False,False,normal
1741,train,test,1344,False,-0.2881789827434695,-0.009078951256134655,103.81818199689566,16.390260965340108,258.8188405579229,60.37935625873294,0.4011229699240595,0.27145471533525184,False,False,normal
1742,train,test,1344,False,-0.28659253796947876,-0.0088035335482977,90.80133793626226,12.219967307143548,258.8188405579229,60.37935625873294,0.3508297067575387,0.2023865119525205,False,False,normal
1743,test,test,1344,False,-0.285157378116698,-0.009088394644687676,78.75152541533939,8.70780057845923,258.8188405579229,60.37935625873294,0.30427276950000487,0.14421817518466473,False,False,normal
1744,test,test,1344,False,-0.283630510738488,-0.009304239652340436,67.67095521659854,5.854365602529019,258.8188405579229,60.37935625873294,0.26146069996575066,0.0969597220851833,False,False,normal
1745,train,test,1344,False,-0.28213310038764716,-0.009570116149898207,57.55988620608162,3.658985771951593,258.8188405579229,60.37935625873294,0.22239449833714825,0.06059994671477434,False,False,normal
1746,test,test,1344,False,-0.28066203760576064,-0.010010167893758288,48.41729993133897,2.121998106472511,258.8188405579229,60.37935625873294,0.18707022961299186,0.03514443077828602,False,False,normal
1747,test,test,1344,False,-0.2791032412885309,-0.010444513185555488,40.24263300646195,1.244102363807375,258.8188405579229,60.37935625873294,0.155485717035564,0.020604763629414064,False,False,normal
1748,train,test,1344,False,-0.27763380797556664,-0.010836888351083858,33.03676545308256,1.0250580042506272,258.8188405579229,60.37935625873294,0.12764436075003988,0.016976961461101506,False,False,normal
1749,train,test,1344,False,-0.2761510932733452,-0.011520674353377376,26.800599115149403,1.4632573431646294,258.8188405579229,60.37935625873294,0.10354964521661825,0.02423439787755259,False,False,normal
1750,train,test,1344,False,-0.2744997922232256,-0.010855857738125125,21.527398236314802,2.5646669064135605,258.8188405579229,60.37935625873294,0.08317554545066835,0.042475890193721985,False,False,normal
1751,train,test,1344,False,-0.27298540869631405,-0.011343736819865708,17.228003834597388,4.3202764367369975,258.8188405579229,60.37935625873294,0.06656394796244292,0.07155221096137698,False,False,normal
1752,test,test,1344,False,-0.2714773792207517,-0.01115671305428721,13.894749558831043,6.736454686164722,258.8188405579229,60.37935625873294,0.053685232222193804,0.11156883914591914,False,False,normal
1753,train,test,1344,False,-0.2697784955089545,-0.01062155462316537,11.528163165572074,9.81294393981131,258.8188405579229,60.37935625873294,0.04454143732628346,0.162521506485787,False,False,normal
1754,train,test,1344,False,-0.27007552356691966,-0.01057017033578937,11.781752721181281,10.009525249763735,258.8188405579229,60.37935625873294,0.04552123290477595,0.16577727670483422,False,False,normal
1755,train,test,1344,False,-0.3089831108853745,-0.0543995884630347,12.566812881857125,10.084655581880941,258.8188405579229,60.37935625873294,0.04855447483949573,0.16702158165891925,False,False,normal
1756,test,test,1344,False,-0.3091890418202592,-0.054061781624033446,12.757556914143883,10.406308878323689,258.8188405579229,60.37935625873294,0.049291453769915096,0.1723487881144572,False,False,normal
1757,train,test,1344,False,-0.32090356129099556,-0.06645536530123296,14.2997165465638,10.461466244788857,258.8188405579229,60.37935625873294,0.055249905747736965,0.1732623017701645,False,False,normal
1758,train,test,1344,False,-0.3210674486990956,-0.06618663816472752,14.506924179473089,10.783681996751422,258.8188405579229,60.37935625873294,0.05605049519656774,0.17859882358702242,False,False,normal
1759,train,test,1344,False,-0.3064394155458847,-0.04982740488457802,13.048011253462242,11.476446096835694,258.8188405579229,60.37935625873294,0.050413684047634605,0.19007234935824285,False,False,normal
1760,train,test,1344,False,-0.3065542016131947,-0.04983732362271285,13.249633410568759,11.820022896891873,258.8188405579229,60.37935625873294,0.05119269285809017,0.1957626518282445,False,False,normal
1761,train,test,1344,False,-0.3067770307225717,-0.0491501266896943,13.45467070746327,12.168960621044763,258.8188405579229,60.37935625873294,0.05198489676586027,0.2015417416657984,False,False,normal
1762,train,test,1344,False,-0.30685268809718824,-0.04885804775517336,13.66180215420789,12.523548609155533,258.8188405579229,60.37935625873294,0.05278519185372218,0.2074144109037962,False,False,normal
1763,train,test,1344,False,-0.3021332056972755,-0.0432046828998137,13.443932290952654,13.074983915996432,258.8188405579229,60.37935625873294,0.05194340667770645,0.21654725598544847,False,False,normal
1764,train,test,1344,False,-0.30230030325102064,-0.042796874165669775,13.653103608542013,13.443459395877467,258.8188405579229,60.37935625873294,0.052751583227521985,0.22264992919551171,False,False,normal
1765,test,test,1344,False,-0.30247501073026434,-0.04245876440562838,13.865117891994474,13.817304845935064,258.8188405579229,60.37935625873294,0.05357074416262019,0.22884153959386747,False,False,normal
1766,train,test,1344,False,-0.3026215366077717,-0.04171825220708406,14.080445851816002,14.196601087946936,258.8188405579229,60.37935625873294,0.05440270817017604,0.23512342574691855,False,False,normal
1767,test,test,1344,False,-0.3027482709067261,-0.041571983639126044,14.298102091142518,14.580977016397918,258.8188405579229,60.37935625873294,0.055243667966060006,0.24148944142293677,False,False,normal
1768,train,test,1344,False,-0.3029620699540097,-0.04152617711260246,14.518428049252046,14.970811668316951,258.8188405579229,60.37935625873294,0.05609494277138168,0.24794586421500073,False,False,normal
1769,test,test,1344,False,-0.30336662919445856,-0.04222719538401152,14.74027996836624,15.36797772106292,258.8188405579229,60.37935625873294,0.05695211344194013,0.25452370931563517,False,False,normal
1770,test,test,1344,False,-0.3035465744543039,-0.04216068806429427,14.968060663289789,15.766754963618805,258.8188405579229,60.37935625873294,0.057832191161292144,0.2611282388645604,False,False,normal
1771,train,test,1344,False,-0.30380128044237575,-0.042516461891601666,15.194773295150117,16.175139331450293,258.8188405579229,60.37935625873294,0.05870814219859536,0.2678918811611346,False,False,normal
1772,train,test,1344,False,-0.30422899162713973,-0.04222436513532706,15.427585427666672,16.584437055987042,258.8188405579229,60.37935625873294,0.05960765991536858,0.27467065042761796,False,False,normal
1773,test,test,1344,False,-0.30468192874680616,-0.0405009562762878,15.66281951711371,16.99716486317813,258.8188405579229,60.37935625873294,0.060516535362534464,0.28150622855837015,False,False,normal
1774,train,test,1344,False,-0.3049068725726308,-0.03956138629459416,15.9019950804971,17.416158153654518,258.8188405579229,60.37935625873294,0.06144063950761065,0.28844557532253484,False,False,normal
1775,train,test,1344,False,-0.3050905595765836,-0.039319006881061436,16.14250141560871,17.84418362295771,258.8188405579229,60.37935625873294,0.06236988536387506,0.2955345125988624,False,False,normal
1776,train,test,1344,False,-0.3052699373390948,-0.039024789954369976,16.38569034113526,18.277614568790394,258.8188405579229,60.37935625873294,0.06330949596178331,0.3027129751179952,False,False,normal
1777,train,test,1344,False,-0.30552586478985083,-0.039134458770756775,16.63157513221505,18.716240566601908,258.8188405579229,60.37935625873294,0.06425952259257167,0.3099774778386262,False,False,normal
1778,train,test,1344,False,-0.30564575618751055,-0.038173607012214596,16.880236479815352,19.160269579925153,258.8188405579229,60.37935625873294,0.06522027702244344,0.3173314650428045,False,False,normal
1779,test,test,1344,False,-0.3059069737523924,-0.03734050558360175,17.1324199486653,19.608917095403918,258.8188405579229,60.37935625873294,0.06619463989458339,0.3247619436579831,False,False,normal
1780,train,test,1344,False,-0.3062190191921527,-0.03739482065661541,17.38709697203475,20.062363061683595,258.8188405579229,60.37935625873294,0.06717863712917596,0.332271893984989,False,False,normal
1781,train,test,1344,False,-0.30734289293452494,-0.033380372712707336,17.64770416353031,20.509406087902857,258.8188405579229,60.37935625873294,0.06818554679206519,0.33967579912607115,False,False,normal
1782,train,test,1344,False,-0.3198215531060254,-0.04242160663664516,19.187337436109352,20.406810858419682,258.8188405579229,60.37935625873294,0.07413423765730565,0.33797662186019334,False,False,normal
1783,train,test,1344,False,-0.3204966318577648,-0.040699467818983676,19.461828493588655,20.863603733528965,258.8188405579229,60.37935625873294,0.0751947905014788,0.34554200353057535,False,False,normal
1784,train,test,1344,False,-0.3209616773675065,-0.03812866611879924,19.739075346933966,21.32595800652164,258.8188405579229,60.37935625873294,0.07626599093166256,0.3531994928057413,False,False,normal
1785,train,test,1344,False,-0.32184793613664303,-0.03449789813303906,20.021792136326518,21.788948802462095,258.8188405579229,60.37935625873294,0.07735832558853342,0.36086752414341383,False,False,normal
1786,test,test,1344,False,-0.32351365691749384,-0.029025134096087084,20.312656539222058,22.24847652103287,258.8188405579229,60.37935625873294,0.07848214023150353,0.3684782001599259,False,False,normal
1787,train,test,1344,False,-0.33692510918282575,-0.11625273123856454,22.360518161643398,23.9159738474369,258.8188405579229,60.37935625873294,0.08639447620367181,0.39609521083586946,False,False,normal
1788,test,test,1344,False,-0.3256597342769923,-0.0203882374042252,20.925931466551162,23.14074857583144,258.8188405579229,60.37935625873294,0.08085165446782071,0.38325596710025356,False,False,normal
1789,test,test,1344,False,-0.32677246085201156,-0.016272574112851674,21.224237337033795,23.62268866083596,258.8188405579229,60.37935625873294,0.0820042207564247,0.3912378356537927,False,False,normal
1790,train,test,1344,False,-0.327666637681547,-0.011273338896958484,21.485040758330488,24.19412035044741,258.8188405579229,60.37935625873294,0.08301188859364432,0.40070185986701545,False,False,normal
1791,train,test,1344,False,-0.3295022631301393,-0.005719118367625394,22.571064916813064,23.220160083124057,258.8188405579229,60.37935625873294,0.0872079670404123,0.38457117667208685,False,False,normal
1792,train,test,1344,False,-0.33047478346940723,-0.0002475898735257445,22.114817732036418,25.15652363186202,258.8188405579229,60.37935625873294,0.08544516189147824,0.41664113681608717,False,False,normal
1793,test,test,1344,False,-0.33215618808019287,0.005318266800545183,22.42870384855285,25.657794851587706,258.8188405579229,60.37935625873294,0.08665792567575223,0.4249431666949364,False,False,normal
1794,train,test,1344,False,-0.3338964001869483,0.011185725507355875,22.746396844938374,26.16642750687726,258.8188405579229,60.37935625873294,0.08788539812598302,0.43336711631622754,False,False,normal
1795,train,test,1344,False,-0.33575033670471754,0.017454058726942428,23.069888412666156,26.678125239269278,258.8188405579229,60.37935625873294,0.08913527455317992,0.44184182959735846,False,False,normal
1796,train,test,1344,False,-0.3375706821441952,0.025191262164886263,23.401176476742272,27.1921521082689,258.8188405579229,60.37935625873294,0.09041527435289301,0.4503551179271802,False,False,normal
1797,train,test,1344,False,-0.37111499341150184,0.041080762502343736,245.38992092636823,21.26940005265743,258.8188405579229,60.37935625873294,0.9481145978298697,0.35226278268876277,False,False,normal
1798,train,test,1344,False,-0.3720109959974196,0.04968574422275347,225.3027419862759,16.484484212492667,258.8188405579229,60.37935625873294,0.8705036368318549,0.27301523623164564,False,False,normal
1799,train,test,1344,False,-0.3731283253627204,0.06085077235851152,206.19851025364673,12.35334893943688,258.8188405579229,60.37935625873294,0.7966904952095252,0.20459557214391733,False,False,normal
1800,train,test,1344,False,-0.37455497239581187,0.07227104571164068,188.0596950926852,8.888722700701653,258.8188405579229,60.37935625873294,0.7266074397338859,0.14721459868853828,False,False,normal
1801,train,test,1344,False,-0.3764319589474974,0.08510889801300163,170.8960327112837,6.08516619562513,258.8188405579229,60.37935625873294,0.6602920882532803,0.10078223042904677,False,False,normal
1802,train,test,1344,False,-0.37960513459797973,0.10302980371267013,154.73500035942322,3.93044031791649,258.8188405579229,60.37935625873294,0.5978506047931776,0.06509576387456123,False,False,normal
1803,test,test,1344,False,-0.38474857407816393,0.1273834307832007,139.58819523400328,2.4315641709838043,258.8188405579229,60.37935625873294,0.5393277975169812,0.040271449078791995,False,False,normal
1804,train,test,1344,False,-0.391372299790562,0.1572583285893642,125.44546519225642,1.6147936947408992,258.8188405579229,60.37935625873294,0.48468444152612644,0.02674413565824237,False,False,normal
1805,train,test,1344,False,-0.38784125270451775,0.1776695170974775,111.9548460244621,1.5300424972782884,258.8188405579229,60.37935625873294,0.4325606504655017,0.025340490394131877,False,False,normal
1806,train,test,1344,False,-0.39062695853766854,0.1940508057791095,99.53765252087626,2.1545353365900515,258.8188405579229,60.37935625873294,0.38458426096920884,0.035683310821625916,False,False,normal
1807,train,test,1344,False,-0.4060207724539583,0.25874138935636964,88.41436059206373,3.508881250828458,258.8188405579229,60.37935625873294,0.34160712721482445,0.058113922841318014,False,False,normal
1808,train,test,1344,False,-0.42305598661176047,0.3312726990198647,78.29376829509982,5.723067701404887,258.8188405579229,60.37935625873294,0.3025041304038216,0.09478517254938659,False,False,normal
1809,train,test,1344,False,-0.46836952772507773,0.5112660822868956,69.92793219884264,9.735937603365908,258.8188405579229,60.37935625873294,0.27018099628335585,0.16124613123807122,False,False,normal
1810,train,test,1344,False,-0.5089054730627912,0.6732749222892049,62.428799848412595,15.239221979777582,258.8188405579229,60.37935625873294,0.24120655093670126,0.25239126290905867,False,False,normal
1811,train,test,1344,False,-0.5334227645305498,0.7734434806323172,55.3974777308613,21.083420803061724,258.8188405579229,60.37935625873294,0.2140395869614581,0.34918260328441864,False,False,normal
1812,test,test,1344,False,-0.5460661306401124,0.8287794884130654,48.92963463267479,26.985502884749437,258.8188405579229,60.37935625873294,0.18904974045629605,0.44693260340692026,False,False,normal
1813,test,test,1344,False,-0.5538164442951226,0.8649810125608149,43.264061827445175,33.231497956690006,258.8188405579229,60.37935625873294,0.1671596307833811,0.5503784739653229,False,False,normal
1814,train,test,1344,False,-0.5777102657839702,0.9632465715444706,39.06409274277715,41.74672934850577,258.8188405579229,60.37935625873294,0.15093218352484938,0.6914073275245917,False,False,normal
1815,train,test,1344,False,-0.6046570324016068,1.0717283488357423,35.91206069302507,51.620277025433175,258.8188405579229,60.37935625873294,0.13875365725157884,0.8549325501953675,False,False,normal
1816,train,test,1344,False,-0.6121621624796313,1.1019026110370085,35.856904458203395,54.36010607937091,258.8188405579229,60.37935625873294,0.1385405497563796,0.9003094674681723,False,False,normal
1817,train,test,1344,False,-0.6229449129583592,1.1352897088938818,42.90106877039335,47.239194106070826,258.8188405579229,60.37935625873294,0.16575713220070706,0.7823732651876096,False,False,normal
1818,train,test,1344,False,-0.6261441292732547,1.1519123304558008,38.66072453398499,54.710511516303626,258.8188405579229,60.37935625873294,0.14937368721166508,0.9061128654943319,False,False,normal
1819,train,test,1344,False,-0.6257538927392507,1.1514659153500146,37.56141598093944,57.81834904846825,258.8188405579229,60.37935625873294,0.1451262817651534,0.9575847215182212,False,False,normal
1820,train,test,1344,False,-0.6260792589864743,1.1511512063806137,38.06153151722868,58.34258057460049,258.8188405579229,60.37935625873294,0.14705858134276983,0.9662670188896249,False,False,normal
1821,train,test,1344,False,-0.7198882071597883,1.5135443126760182,42.11865397766241,72.64577362978491,258.8188405579229,60.37935625873294,0.16273411119093698,1.203155815681255,False,True,q alarm only
1822,train,test,1344,False,-0.4134403064878485,0.32644004662421455,32.87321998293858,43.95698709886108,258.8188405579229,60.37935625873294,0.12701246907711747,0.7280135102881853,False,False,normal
1823,train,test,1344,False,-0.3860570835972392,0.29561313885052604,4.954403007986199,2.794930244730306,258.8188405579229,60.37935625873294,0.019142358405231395,0.046289500549719136,False,False,normal
1824,train,test,1344,False,-0.4083069027878725,0.2713495954838825,6.923604282511008,3.375783799173313,258.8188405579229,60.37935625873294,0.02675077389105885,0.0559095692360095,False,False,normal
1825,train,test,1344,False,-0.40031644995481275,0.2800147417555569,6.033326411418141,2.9522114675332776,258.8188405579229,60.37935625873294,0.02331100161955907,0.04889438461189764,False,False,normal
1826,train,test,1344,False,-0.40046630157780755,0.28037143334134623,6.044050657385094,2.8513300502425873,258.8188405579229,60.37935625873294,0.02335243695689323,0.0472235914212846,False,False,normal
1827,train,test,1344,False,-0.3932354013358207,0.28878821350607525,5.400456015323384,2.550465969051214,258.8188405579229,60.37935625873294,0.020865776245971464,0.04224069495080661,False,False,normal
1828,train,test,1344,False,-0.39341417560828223,0.2888836542197769,5.411080256310598,2.466271598017558,258.8188405579229,60.37935625873294,0.02090682519342951,0.04084627181928343,False,False,normal
1829,train,test,1344,False,-0.39360429629451826,0.28891882062260565,5.42342206486014,2.387918653339109,258.8188405579229,60.37935625873294,0.02095451031759952,0.0395485941106524,False,False,normal
1830,train,test,1344,False,-0.3937232365593813,0.2892089616132123,5.437079052940192,2.3129135229506437,258.8188405579229,60.37935625873294,0.021007276909284313,0.038306362741588794,False,False,normal
1831,train,test,1344,False,-0.39399669328060344,0.28963734846784844,5.456341679680055,2.244976159807809,258.8188405579229,60.37935625873294,0.02108170204270327,0.03718118739437716,False,False,normal
1832,train,test,1344,False,-0.34894110941936907,0.3389272447792383,4.7819383363259425,2.4552981947394703,258.8188405579229,60.37935625873294,0.018476005556696554,0.04066453084094201,False,False,normal
1833,test,test,1344,False,-0.34913767997413886,0.3392823724029438,4.770514927510668,2.428925500301065,258.8188405579229,60.37935625873294,0.01843186885941961,0.04022774754160713,False,False,normal
1834,train,test,1344,False,-0.3492796563870381,0.34008906739969275,4.767210552549878,2.4108806601391306,258.8188405579229,60.37935625873294,0.01841910172487227,0.03992888976504174,False,False,normal
1835,train,test,1344,False,-0.3494235555661796,0.3407082749261064,4.76111528395743,2.3955133514096616,258.8188405579229,60.37935625873294,0.018395551396853997,0.03967437713553277,False,False,normal
1836,train,test,1344,False,-0.349606218560258,0.34081215058788006,4.76343508818018,2.387700544935879,258.8188405579229,60.37935625873294,0.018404514439180238,0.039544981809747845,False,False,normal
1837,test,test,1344,False,-0.34972746031583096,0.3409885146331226,4.765536331317933,2.384247961434361,258.8188405579229,60.37935625873294,0.018412633025652627,0.03948780028752818,False,False,normal
1838,train,test,1344,False,-0.34987799466831043,0.3416294095556178,4.770678027192536,2.386389542577618,258.8188405579229,60.37935625873294,0.018432499028697535,0.03952326905162165,False,False,normal
1839,train,test,1344,False,-0.3500805851770824,0.3421954559316744,4.77550191930015,2.3924248726770188,258.8188405579229,60.37935625873294,0.018451137131307128,0.03962322589901729,False,False,normal
1840,train,test,1344,False,-0.3502028709555662,0.34259970067209555,4.7888743017493995,2.4065295772444664,258.8188405579229,60.37935625873294,0.018502804090406486,0.039856827339002955,False,False,normal
1841,train,test,1344,False,-0.35039187631867547,0.3429624160073579,4.8026097101803895,2.4246590461637676,258.8188405579229,60.37935625873294,0.018555873675299844,0.040157086732985466,False,False,normal
1842,test,test,1344,False,-0.35069385769358286,0.34290361439728706,4.816942710630886,2.446809272581541,258.8188405579229,60.37935625873294,0.018611252180278846,0.04052393771965145,False,False,normal
1843,train,test,1344,False,-0.350913875520894,0.3428155084189275,4.838949225836378,2.4765949422761118,258.8188405579229,60.37935625873294,0.01869627889300986,0.041017246551347766,False,False,normal
1844,test,test,1344,False,-0.351155796935299,0.34297350443254676,4.858862314458587,2.509878862364947,258.8188405579229,60.37935625873294,0.018773217220139693,0.04156849323814929,False,False,normal
1845,train,test,1344,False,-0.35132672202417553,0.3432426142316239,4.886387378039151,2.5509053206855747,258.8188405579229,60.37935625873294,0.018879565983317942,0.04224797147148494,False,False,normal
1846,test,test,1344,False,-0.35161588704335606,0.3430616345669735,4.912178292984703,2.5947761352232255,258.8188405579229,60.37935625873294,0.018979214505388267,0.04297455779595085,False,False,normal
1847,train,test,1344,False,-0.3517035082353,0.3436082200038803,4.944768309214606,2.647206073454453,258.8188405579229,60.37935625873294,0.019105132758323987,0.04384289991617086,False,False,normal
1848,train,test,1344,False,-0.3519316732011349,0.3436496344503245,4.978489477117899,2.703294344354058,258.8188405579229,60.37935625873294,0.019235421449172774,0.0447718311664356,False,False,normal
1849,train,test,1344,False,-0.3521631949268352,0.3442786446156401,5.014543799160835,2.764741192868271,258.8188405579229,60.37935625873294,0.019374724762506595,0.045789510921928615,False,False,normal
1850,train,test,1344,False,-0.35225137111377514,0.3446282967978255,5.052526332651042,2.8317413338125914,258.8188405579229,60.37935625873294,0.01952147811867004,0.04689916404007742,False,False,normal
1851,train,test,1344,False,-0.39531635908472407,0.29766591013744825,6.193447221429726,2.0199297529963114,258.8188405579229,60.37935625873294,0.02392966141135174,0.03345397960754442,False,False,normal
1852,train,test,1344,False,-0.3954435291481444,0.2980479705623362,6.271441128454836,2.068529636501309,258.8188405579229,60.37935625873294,0.024231006965859992,0.034258888545240625,False,False,normal
1853,train,test,1344,False,-0.39814588525710604,0.2955295155247764,6.580672405851449,2.1328675533954415,258.8188405579229,60.37935625873294,0.025425785818628276,0.0353244500364635,False,False,normal
1854,train,test,1344,False,-0.3984751373481932,0.2946830626012844,6.662664630451917,2.192225262709453,258.8188405579229,60.37935625873294,0.025742579698176307,0.03630752956880658,False,False,normal
1855,train,test,1344,False,-0.39880180405787,0.2941411781718659,6.747817293040297,2.2564012698184617,258.8188405579229,60.37935625873294,0.02607158458207433,0.0373704095179403,False,False,normal
1856,train,test,1344,False,-0.39898288412042343,0.29394241465788246,6.835950930519337,2.3244591454219887,258.8188405579229,60.37935625873294,0.026412107077612348,0.03849758078674102,False,False,normal
1857,train,test,1344,False,-0.3992514662761169,0.29365075225510917,6.927069835546904,2.398985482215362,258.8188405579229,60.37935625873294,0.026764163770359856,0.03973188239926599,False,False,normal
1858,train,test,1344,False,-0.35433400484372113,0.34346878236284684,5.468933703619017,3.5600800078286805,258.8188405579229,60.37935625873294,0.02113035392566441,0.058961874197089835,False,False,normal
1859,test,test,1344,False,-0.3543849552552919,0.3438164677796334,5.531404465833505,3.675591681302216,258.8188405579229,60.37935625873294,0.02137172260686174,0.060874972988315,False,False,normal
1860,train,test,1344,False,-0.35454400160346816,0.3442049660562636,5.599598545163093,3.797228574372478,258.8188405579229,60.37935625873294,0.021635204504789205,0.0628895173724756,False,False,normal
1861,train,test,1344,False,-0.35467010700552865,0.3447702762653361,5.668753149543515,3.923891447264813,258.8188405579229,60.37935625873294,0.021902397589463215,0.06498730179319,False,False,normal
1862,test,test,1344,False,-0.3548627438281496,0.34492188912404315,5.739272539360141,4.064024791776611,258.8188405579229,60.37935625873294,0.02217486380430527,0.0673081835182503,False,False,normal
1863,train,test,1344,False,-0.35513011963982777,0.34518160742120363,5.821982846729735,4.161064973842894,258.8188405579229,60.37935625873294,0.022494432144814405,0.06891535835546542,False,False,normal
1864,test,test,1344,False,-0.35534554279441266,0.34492208975331595,5.894764141610605,4.335265960385535,258.8188405579229,60.37935625873294,0.022775637696635823,0.07180046673251018,False,False,normal
1865,train,test,1344,False,-0.35555443480813237,0.34489763644367605,5.976460806985901,4.4831819990061454,258.8188405579229,60.37935625873294,0.0230912896221262,0.07425024506381223,False,False,normal
1866,train,test,1344,False,-0.35593054468691376,0.3439224447452124,6.060842415633713,4.639368380825347,258.8188405579229,60.37935625873294,0.023417315380011197,0.0768369964221726,False,False,normal
1867,train,test,1344,False,-0.35617308494187944,0.34430581995361415,6.148390023815368,4.794794289991936,258.8188405579229,60.37935625873294,0.023755573630426557,0.07941115286896493,False,False,normal
1868,train,test,1344,False,-0.3566475098767051,0.34403701811147014,6.318522177378916,4.728105712310588,258.8188405579229,60.37935625873294,0.024412914313959495,0.07830665984662168,False,False,normal
1869,train,test,1344,False,-0.3571043186246976,0.3437832733515756,6.48920210145733,4.718702612460404,258.8188405579229,60.37935625873294,0.0250723714219138,0.07815092615827478,False,False,normal
1870,test,test,1344,False,-0.3599525890761358,0.34495907376025237,9.209033560563748,2.5411182119358564,258.8188405579229,60.37935625873294,0.03558100152489785,0.042085877846177316,False,False,normal
1871,test,test,1344,False,-0.3585227409337215,0.344066969013898,7.35749530737118,4.050518576245093,258.8188405579229,60.37935625873294,0.0284272014027688,0.06708449422494875,False,False,normal
1872,train,test,1344,False,-0.3574688806033396,0.3435109624528806,6.623462308152711,5.667577752631805,258.8188405579229,60.37935625873294,0.025591113436235335,0.0938661506814604,False,False,normal
1873,train,test,1344,False,-0.35755333072006706,0.34429921115631806,6.726960342398245,5.859751486352809,258.8188405579229,60.37935625873294,0.02599099944925675,0.09704892283453728,False,False,normal
1874,train,test,1344,False,-0.3577104027896411,0.34477009442398754,6.832386546196702,6.056352234204616,258.8188405579229,60.37935625873294,0.026398335343240337,0.100305014983141,False,False,normal
1875,train,test,1344,False,-0.32996784412891494,0.22653628791272748,6.664809328207535,6.322678052424441,258.8188405579229,60.37935625873294,0.025750866180532055,0.1047158904002055,False,False,normal
1876,train,train,1345,False,-2.1869575232891174,-0.7687475917046357,23.896989311666832,7.399980896519228,258.8188405579229,60.37935625873294,0.09233094955588736,0.12255812839092559,False,False,normal
1877,test,train,1346,False,-1.7647333620045298,-0.9804801272072156,18.53510932680984,6.55601725440021,258.8188405579229,60.37935625873294,0.07161421976412007,0.10858044306247441,False,False,normal
1878,train,train,1347,False,-1.333447445160978,-2.4165421716442266,36.617788265398765,12.45812594926005,258.8188405579229,60.37935625873294,0.1414803813604281,0.20633088395105528,False,False,normal
1879,train,train,1348,False,-0.21663785299924157,1.2361754231096715,10.440783215681178,6.364542010858796,258.8188405579229,60.37935625873294,0.04034012049963017,0.10540923927022265,False,False,normal
1880,train,train,1349,False,6.0737595889791445,3.362900734568523,70.0000343430871,24.783384715296652,258.8188405579229,60.37935625873294,0.2704595777965449,0.41046122799151435,False,False,normal
1881,test,test,1350,False,7.582263322667572,-0.8528767066702628,55.35100127089434,15.007982588373633,258.8188405579229,60.37935625873294,0.2138600155675566,0.24856148720868418,False,False,normal
1882,train,test,1351,False,-10.122256982313958,7.189849923977312,35.05006135254978,9.006930128890055,258.8188405579229,60.37935625873294,0.13542314491863927,0.14917234443994823,False,False,normal
1883,train,test,1351,False,-0.2917165272837167,-0.5233670985674519,6.304645150204901,1.6317178665098457,258.8188405579229,60.37935625873294,0.024359297555828205,0.027024432978677924,False,False,normal
1884,train,train,1352,False,-2.4116103357256886,-0.10139031206802812,19.599883161761454,8.242798418986895,258.8188405579229,60.37935625873294,0.07572819320073824,0.13651683174072765,False,False,normal
1885,train,train,1353,False,-4.108596456808591,4.290702563300873,21.76677832008256,6.646657602643695,258.8188405579229,60.37935625873294,0.0841004398024541,0.11008162415912406,False,False,normal
1886,test,train,1353,False,-0.1544021707551759,-1.2405733965456307,6.432423177724667,2.782824054395299,258.8188405579229,60.37935625873294,0.02485299433325106,0.04608899840651757,False,False,normal
1887,train,train,1354,False,0.15596174185811967,-1.2655511367182604,28.989929918392505,10.546237207958281,258.8188405579229,60.37935625873294,0.11200857656227946,0.17466627439296242,False,False,normal
1888,train,train,1355,False,-1.2072963355520794,0.6546661675747562,23.924042713928085,9.910685886034768,258.8188405579229,60.37935625873294,0.09243547595822706,0.16414030390728687,False,False,normal
1889,train,train,1356,False,0.40201967946282374,-2.488107797380068,27.715563081768778,12.71583196641342,258.8188405579229,60.37935625873294,0.10708479731237384,0.21059899863662876,False,False,normal
1890,train,train,1357,False,1.6624556285292331,3.131308646351627,17.681244488210183,8.276638548627016,258.8188405579229,60.37935625873294,0.06831513675780172,0.13707729034341812,False,False,normal
1891,test,train,1358,False,4.279407644482396,-1.917438049374146,28.80146346700413,11.438291242085862,258.8188405579229,60.37935625873294,0.11128039753565949,0.1894404304854027,False,False,normal
1892,train,train,1359,False,5.610979477267776,3.340385531959413,30.266464883812922,9.72830063184057,258.8188405579229,60.37935625873294,0.11694073282520318,0.16111964808226192,False,False,normal
1893,train,train,1360,False,-8.993002331333425,7.179347891337945,29.68159919223428,7.1206082587387405,258.8188405579229,60.37935625873294,0.11468098353369922,0.11793117217457671,False,False,normal
1894,train,train,1360,False,-0.5499746160930592,0.3652139806282339,6.2517653562093525,2.28659861491084,258.8188405579229,60.37935625873294,0.024154985559523924,0.03787053649781367,False,False,normal
1895,train,train,1360,False,-0.13559120416267958,-1.4763913470554735,7.949446402645192,3.414312612512854,258.8188405579229,60.37935625873294,0.030714326613584104,0.05654768159306148,False,False,normal
1896,test,train,1361,False,-5.3863438493931275,3.9626564466405623,16.496818046737896,14.521286027105617,258.8188405579229,60.37935625873294,0.06373886078454152,0.2405008421235915,False,False,normal
1897,test,train,1361,False,-0.38834768657431085,-0.40022426326285837,5.8218698352106895,2.5739231674940304,258.8188405579229,60.37935625873294,0.02249399550148967,0.0426291919454135,False,False,normal
1898,train,test,1362,False,0.0024144016668757144,-3.57122202798498,39.696008109605856,21.972810388427526,258.8188405579229,60.37935625873294,0.15337371894578905,0.3639126309043664,False,False,normal
1899,train,train,1363,False,2.466584506541667,-2.6323238108730362,31.69332115081948,8.488141261673901,258.8188405579229,60.37935625873294,0.12245368645690462,0.14058018812425185,False,False,normal
1900,train,train,1364,False,4.96957743575312,-2.0118877092549834,33.59932796916827,5.667196637484274,258.8188405579229,60.37935625873294,0.12981793712057388,0.09385983867068144,False,False,normal
1901,train,train,1365,False,3.400807482193316,6.216155727567478,26.54387222918366,9.348766788934018,258.8188405579229,60.37935625873294,0.10255772791487805,0.1548338267945986,False,False,normal
1902,test,train,1366,False,3.2469623669848695,5.76404949738933,26.826295410707885,8.865424655003576,258.8188405579229,60.37935625873294,0.1036489281571611,0.14682873757405004,False,False,normal
1903,train,train,1366,False,1.1688242162763578,1.0364371204184137,10.316883993683566,6.292544733516847,258.8188405579229,60.37935625873294,0.0398614102877672,0.10421682381893112,False,False,normal
1904,train,train,1366,False,1.743874006123072,-1.4134660765484532,16.563790780467553,5.279053698788565,258.8188405579229,60.37935625873294,0.06399762376170844,0.0874314339518158,False,False,normal
1905,test,train,1367,False,4.255392588762779,6.356965329290482,42.66299225421623,10.090540287578165,258.8188405579229,60.37935625873294,0.1648372744513102,0.16711904387219637,False,False,normal
1906,train,train,1367,False,1.4244271689112071,1.2208505434381527,11.64848679227228,4.929689418123426,258.8188405579229,60.37935625873294,0.045006332487859915,0.08164527950578179,False,False,normal
1907,test,train,1367,False,1.5533460211826036,0.7303236406571492,12.65620452981956,4.430975535941266,258.8188405579229,60.37935625873294,0.04889985791813768,0.07338560412856991,False,False,normal
1908,train,train,1368,False,6.554309850372283,1.3501672969911929,21.826557240381884,8.226752753234033,258.8188405579229,60.37935625873294,0.08433140799692736,0.13625108419476004,False,False,normal
1909,train,train,1369,False,-9.497847648190088,7.959926095253428,38.13009346733645,12.522135367954688,258.8188405579229,60.37935625873294,0.14732348458536212,0.20739100487086684,False,False,normal
1910,train,train,1369,False,-0.5772162773631128,0.4523249289009343,6.156354343521106,3.092396028127411,258.8188405579229,60.37935625873294,0.023786345423115873,0.05121611457525508,False,False,normal
1911,train,train,1369,False,-0.08598083708381864,-1.799278370665852,12.37529798695208,4.262403472450499,258.8188405579229,60.37935625873294,0.04781451752227646,0.07059372170490819,False,False,normal
1912,train,test,1370,False,-2.727674367610443,4.950270816306394,21.537594153420528,8.645835465966472,258.8188405579229,60.37935625873294,0.08321493948042194,0.143191911966037,False,False,normal
1913,train,test,1370,False,0.0018265955625097008,-1.4421280861854777,6.707266493313203,4.270962721638413,258.8188405579229,60.37935625873294,0.02591490819932074,0.07073547957909346,False,False,normal
1914,train,train,1371,False,0.6539493104472349,-2.164369031373733,31.81514687987413,6.741958410101609,258.8188405579229,60.37935625873294,0.12292438530089927,0.11165999155756963,False,False,normal
1915,train,train,1372,False,2.925170192491332,3.116171498056587,19.99779340242742,7.076628085094711,258.8188405579229,60.37935625873294,0.07726560152776811,0.11720277464984047,False,False,normal
1916,train,test,1373,False,2.6118075549670166,6.073994638476532,30.26811882977563,15.914318289124212,258.8188405579229,60.37935625873294,0.11694712318673614,0.2635721755781795,False,False,normal
1917,train,test,1373,False,0.6800452619532553,0.8255390387472866,7.275192241773736,5.451226429121733,258.8188405579229,60.37935625873294,0.028109206524884224,0.09028295044688055,False,False,normal
1918,test,test,1373,False,0.7443516266634362,0.9767556192020318,6.972458726951133,2.9270275240538965,258.8188405579229,60.37935625873294,0.026939533118690087,0.048477289348883165,False,False,normal
1919,train,test,1373,False,0.9770822287102324,-0.34878909482817316,5.8181282032954815,2.7264443422734215,258.8188405579229,60.37935625873294,0.02247953893446718,0.04515524032071944,False,False,normal
1920,train,train,1374,False,4.06747131030748,2.8975984100004584,32.42503698057985,12.068443136283303,258.8188405579229,60.37935625873294,0.12528082156106876,0.19987697590826484,False,False,normal
1921,train,train,1375,False,6.345078671558758,1.9072219905924144,18.35030972094938,6.304955122049963,258.8188405579229,60.37935625873294,0.07090020835188246,0.10442236407808751,False,False,normal
1922,train,test,1376,False,8.451185020056036,-1.3982513707129256,74.96249722073509,13.920458907386097,258.8188405579229,60.37935625873294,0.2896330771714384,0.23054997220797163,False,False,normal
1923,train,train,1377,False,-11.202787440173818,7.426369129621349,79.93143561744783,52.829215602435916,258.8188405579229,60.37935625873294,0.30883159605051785,0.8749549328756712,False,False,normal
1924,train,train,1377,False,-0.7035465462190011,0.8263660402833604,35.49783570961405,158.4857549082483,258.8188405579229,60.37935625873294,0.13715321354926532,2.624833465085607,False,True,q alarm only
1925,train,train,1377,False,-0.7865961890709801,0.7588280335804928,47.10145157973573,153.53848891725696,258.8188405579229,60.37935625873294,0.18198617796989383,2.5428970832237052,False,True,q alarm only
1926,train,train,1377,False,-0.7667601464383734,1.285761934903544,26.49052422551682,55.13236477576164,258.8188405579229,60.37935625873294,0.10235160689388961,0.9130995789274847,False,False,normal
1927,train,train,1377,False,-0.5805703435557251,0.3964450430375898,6.866400066840999,4.073491221350606,258.8188405579229,60.37935625873294,0.02652975359923351,0.06746496607044297,False,False,normal
1928,train,train,1377,False,-0.6431264940652254,0.6708647082116678,6.274381064443895,2.7208971165867517,258.8188405579229,60.37935625873294,0.02424236601523492,0.04506336743517725,False,False,normal
1929,train,train,1377,False,-0.0168695723062909,-2.2227513839787716,16.918905923938105,4.033675007040144,258.8188405579229,60.37935625873294,0.06536968439958568,0.066805531840309,False,False,normal
1930,train,test,1378,False,-7.68342783589518,5.060874123408093,101.6151778979658,89.4095057522646,258.8188405579229,60.37935625873294,0.3926112089789098,1.480795942393521,False,True,q alarm only
1931,train,test,1378,False,-0.5549539929854823,0.5095308153962297,5.912612239425675,3.3742358554100766,258.8188405579229,60.37935625873294,0.022844597505653572,0.05588393226570788,False,False,normal
1932,train,test,1378,False,-0.6017013809512513,0.5163245852869041,6.330666971652504,3.3005772542741494,258.8188405579229,60.37935625873294,0.024459838232818755,0.0546640020494881,False,False,normal
1933,train,train,1379,False,-6.160665981968105,3.858099330338536,35.91043733846709,12.873258169047205,258.8188405579229,60.37935625873294,0.13874738508625087,0.2132062838478058,False,False,normal
1934,train,train,1379,False,-0.5801876587759949,0.3477177152200746,7.116796299668328,4.6548465914389725,258.8188405579229,60.37935625873294,0.02749721111618847,0.0770933458033634,False,False,normal
1935,test,train,1379,False,-0.2805570737848101,-0.5565134455531079,4.442607886953262,3.262873949413285,258.8188405579229,60.37935625873294,0.017164932341774474,0.05403956172423353,False,False,normal
1936,test,train,1380,False,-5.467661269749268,3.618056437142242,33.98386515340459,7.896100538956948,258.8188405579229,60.37935625873294,0.13130367588444203,0.1307748380940199,False,False,normal
1937,train,train,1380,False,-0.5748173289042282,0.3460775525573287,7.422509858025143,4.998240217068488,258.8188405579229,60.37935625873294,0.02867839853553477,0.08278061454730348,False,False,normal
1938,train,train,1380,False,-0.5125841011232728,0.4919339618153492,6.165962952169071,3.153932415568939,258.8188405579229,60.37935625873294,0.023823470265446716,0.05223527727016419,False,False,normal
1939,train,train,1380,False,-0.18865759833990633,-0.8942227319170334,4.521580640259641,3.547747259562598,258.8188405579229,60.37935625873294,0.0174700598708838,0.05875761981230913,False,False,normal
1940,train,train,1381,False,-2.178319941904631,-1.3588341905417527,14.341163148242467,5.490089408244542,258.8188405579229,60.37935625873294,0.05541004324618693,0.09092659724159424,False,False,normal
1941,train,train,1382,False,-0.7137106057604035,-0.37046963307981995,17.13466902613355,7.933989422091345,258.8188405579229,60.37935625873294,0.06620332966949855,0.1314023519577325,False,False,normal
1942,train,train,1383,False,-1.1827561511890923,0.17540000938709793,49.613501293642074,8.986589332709604,258.8188405579229,60.37935625873294,0.19169200042273862,0.1488354611500157,False,False,normal
1943,train,train,1384,False,-0.0016007669111582298,0.7912466382654522,70.91077718118484,18.80980181364508,258.8188405579229,60.37935625873294,0.2739784206911908,0.31152703472098603,False,False,normal
1944,train,train,1385,False,2.1054360550700904,5.2821690494744304,33.47669850291636,7.305993468899089,258.8188405579229,60.37935625873294,0.1293441328720595,0.1210015131263078,False,False,normal
1945,test,train,1385,False,1.0843851200545283,-1.3452955831186963,7.0789820922280535,3.620768316557663,258.8188405579229,60.37935625873294,0.02735110812245447,0.059966991053071635,False,False,normal
1946,test,train,1386,False,3.328333178705865,1.5561623254750894,30.374593903783804,5.656869635930012,258.8188405579229,60.37935625873294,0.1173585116072184,0.09368880336666116,False,False,normal
1947,train,train,1387,False,3.962981027471463,1.4078236875373789,16.00592343214192,7.890634776773258,258.8188405579229,60.37935625873294,0.06184218814070393,0.1306843144031036,False,False,normal
1948,train,train,1388,False,4.841521726814733,1.346328803662609,24.402492547805192,10.085773509981538,258.8188405579229,60.37935625873294,0.09428406562366926,0.16704009673045805,False,False,normal
1949,train,train,1389,False,5.496773892619886,2.357454391525924,32.697048769507035,7.211788605341533,258.8188405579229,60.37935625873294,0.12633179523957233,0.11944129669813197,False,False,normal
1950,train,train,1390,False,5.2639638296867535,2.128973933166495,30.794265785189246,8.167461507582205,258.8188405579229,60.37935625873294,0.11898000052394787,0.1352691054303996,False,False,normal
1951,train,test,1391,False,6.1748951677769615,3.222492843581736,26.78678458864244,8.486544671436413,258.8188405579229,60.37935625873294,0.10349626994271167,0.14055374547337882,False,False,normal
1952,test,train,1392,False,-9.340870543331267,8.164944287464783,37.1503916937543,10.846681618602181,258.8188405579229,60.37935625873294,0.1435382046131999,0.17964222029997837,False,False,normal
1953,train,train,1393,False,-5.256834604976327,4.378300321760501,34.11082768741924,20.539569919237845,258.8188405579229,60.37935625873294,0.13179422183442374,0.34017537105270335,False,False,normal
1954,test,train,1393,False,-0.47614020158874354,0.06626809025390147,7.184745580813307,1.8050681883048032,258.8188405579229,60.37935625873294,0.027759747185813477,0.029895452687005553,False,False,normal
1955,train,train,1393,False,-0.4822929385508194,0.05812592333963681,7.385706463977837,1.8467009132992367,258.8188405579229,60.37935625873294,0.028536201027934586,0.030584971879890486,False,False,normal
1956,train,train,1393,False,-0.48507720996059084,0.05456420722697871,7.498655712465077,1.8316471531009941,258.8188405579229,60.37935625873294,0.028972603757518568,0.03033565222610459,False,False,normal
1957,train,train,1393,False,-0.4732966216237507,0.06865824102649189,7.0620922547588085,1.481560242662806,258.8188405579229,60.37935625873294,0.02728585075002812,0.024537529620457344,False,False,normal
1958,train,train,1393,False,-0.4817442678590634,0.06168646616132891,7.351291377222097,1.580510328585164,258.8188405579229,60.37935625873294,0.028403231238403215,0.026176336193656714,False,False,normal
1959,train,train,1393,False,-0.4359931743863355,0.11517709960276175,8.125859468778579,1.5750635891033398,258.8188405579229,60.37935625873294,0.031395934898951205,0.02608612755581559,False,False,normal
1960,train,train,1393,False,-0.4676860854096386,-0.14695864878270742,7.879969052111053,3.4251627278912005,258.8188405579229,60.37935625873294,0.03044588653254375,0.05672738068312551,False,False,normal
1961,train,train,1394,False,-1.6803808726428988,-1.036121446242499,49.739194717051525,12.99463993181846,258.8188405579229,60.37935625873294,0.1921776429020052,0.2152166027762011,False,False,normal
1962,train,test,1395,False,-1.7171818500634435,4.451985947973928,39.93780413361851,13.084766983143036,258.8188405579229,60.37935625873294,0.1543079477812611,0.2167092826739193,False,False,normal
1963,train,test,1395,False,-0.26417637004943123,0.1865587764950279,6.572112677338302,1.7084529469800227,258.8188405579229,60.37935625873294,0.02539271354114378,0.028295315697952995,False,False,normal
1964,test,test,1395,False,0.29761131747524855,-2.4519497382439703,12.748435110128138,2.913771929582268,258.8188405579229,60.37935625873294,0.04925620979773718,0.048257750829545094,False,False,normal
1965,train,train,1396,False,1.4673262316202227,0.6719520021957135,31.215635449755734,5.9888177745831035,258.8188405579229,60.37935625873294,0.12060804917627226,0.09918651250470915,False,False,normal
1966,train,train,1397,False,3.381011235694945,6.7166750400227695,31.33397885950848,11.986685451403421,258.8188405579229,60.37935625873294,0.12106529336103733,0.19852290905585354,False,False,normal
1967,train,train,1397,False,1.0984358687034026,0.6295453121357363,10.742776909351129,5.2259520498560335,258.8188405579229,60.37935625873294,0.041506935454132546,0.08655196699120456,False,False,normal
1968,train,train,1397,False,1.5494259858033563,-1.2244082044281863,9.691685796730212,2.9748670664087395,258.8188405579229,60.37935625873294,0.037445828038787,0.04926960555294875,False,False,normal
1969,train,train,1398,False,3.5674031281572143,4.013248357285202,54.46413105022476,15.31924313387464,258.8188405579229,60.37935625873294,0.21043340945666528,0.25371656942200255,False,False,normal
1970,train,train,1399,False,3.508683606561492,5.256822735432155,29.302169422209484,8.556735957800996,258.8188405579229,60.37935625873294,0.11321497831859634,0.14171625018879522,False,False,normal
1971,test,train,1400,False,3.6456698378606953,6.044852055019596,25.08543084135836,6.648157866205402,258.8188405579229,60.37935625873294,0.09692273865103075,0.11010647145221673,False,False,normal
1972,test,train,1400,False,1.564847083409683,-0.29995878130922116,11.114898892590787,5.486214378010405,258.8188405579229,60.37935625873294,0.042944705526966095,0.0908624191768674,False,False,normal
1973,test,train,1401,False,4.416033187683094,6.418907447762952,18.311463758355213,6.614149413821601,258.8188405579229,60.37935625873294,0.0707501189591998,0.10954322509632532,False,False,normal
1974,train,train,1401,False,1.8200700185896308,-0.20002617548925752,12.472526417795747,3.5589724430476393,258.8188405579229,60.37935625873294,0.04819017962876791,0.05894353076235206,False,False,normal
1975,train,train,1402,False,6.656271550635313,-0.3413490134991031,45.474447037621914,17.206232349556746,258.8188405579229,60.37935625873294,0.17569991017498923,0.2849687942320208,False,False,normal
1976,train,train,1403,False,-10.861924870553697,6.64187853112112,45.32565794638657,12.94003998879941,258.8188405579229,60.37935625873294,0.17512503281708666,0.21431232114085075,False,False,normal
1977,train,train,1404,False,-4.491447663716937,-3.5441611409400573,36.75762232645069,15.709896228795127,258.8188405579229,60.37935625873294,0.14202065911126913,0.26018654722776935,False,False,normal
1978,test,train,1405,False,-6.2780363624537845,4.121173633866323,24.96716426017199,8.27611301499126,258.8188405579229,60.37935625873294,0.09646579130928613,0.13706858648056966,False,False,normal
1979,train,train,1405,False,-0.3282367337324684,-0.7370301218061002,7.145050176681158,3.326163828718257,258.8188405579229,60.37935625873294,0.02760637580045923,0.0550877656672131,False,False,normal
1980,train,test,1406,False,-3.9899772366223143,-1.1720067601247925,54.73233914521767,11.120254420213044,258.8188405579229,60.37935625873294,0.21146968677872868,0.1841731199080923,False,False,normal
1981,train,test,1407,False,-2.59987398545976,-0.6757430082116199,35.994438628053324,12.540300912580522,258.8188405579229,60.37935625873294,0.1390719414029593,0.20769186174896923,False,False,normal
1982,train,train,1408,False,-1.8212994134713996,-0.045323150551967215,26.132473565700238,6.195158799754976,258.8188405579229,60.37935625873294,0.10096820428284033,0.1026039226587306,False,False,normal
1983,test,train,1409,False,1.1433651327449348,0.8687712350673783,23.25512392442473,9.145885029075693,258.8188405579229,60.37935625873294,0.08985097017780783,0.15147370882664687,False,False,normal
1984,train,train,1410,False,1.83100153288999,6.175226020283942,43.737795867043204,25.535022957618366,258.8188405579229,60.37935625873294,0.16899000000448117,0.4229098244803682,False,False,normal
1985,train,train,1410,False,0.9064283478670612,-0.29233788607197686,5.418474434475944,1.0887110038299193,258.8188405579229,60.37935625873294,0.020935394126623888,0.0180311793846337,False,False,normal
1986,train,train,1411,False,3.616662799205525,6.659322934602285,29.947640671303912,7.611071542484648,258.8188405579229,60.37935625873294,0.11570888968804309,0.12605420153653632,False,False,normal
1987,train,train,1411,False,1.2302796853328977,0.7633131789206343,11.942382993388206,2.054649709226717,258.8188405579229,60.37935625873294,0.04614186110889225,0.034029009855989376,False,False,normal
1988,test,train,1411,False,1.217462114895671,0.6686484415429813,13.196612326638187,2.452258216951024,258.8188405579229,60.37935625873294,0.05098783495896553,0.04061418287473614,False,False,normal
1989,train,train,1411,False,1.1774219727075566,0.705606147626107,10.719930814738264,3.371148132323518,258.8188405579229,60.37935625873294,0.04141866485310668,0.05583279354416657,False,False,normal
1990,train,train,1411,False,1.2348817386079072,0.7731417541929552,12.072071208004733,2.0619985939313175,258.8188405579229,60.37935625873294,0.04664293828834705,0.034150721731702485,False,False,normal
1991,train,train,1411,False,1.395762971965154,-0.18686863973235593,8.675455322192175,2.4181193338567537,258.8188405579229,60.37935625873294,0.0335194118924686,0.04004877633167893,False,False,normal
1992,train,train,1412,False,4.876493077802917,3.211728258422972,27.800743217763554,7.995151848869627,258.8188405579229,60.37935625873294,0.10741390834544685,0.13241532113408797,False,False,normal
1993,train,train,1413,False,5.582206080981745,0.3392384534832475,35.50864138924362,9.676633132094318,258.8188405579229,60.37935625873294,0.13719496352235955,0.16026393343163117,False,False,normal
1994,train,train,1414,False,6.055836588865845,2.9270821476494073,40.199590921434776,5.242549582383568,258.8188405579229,60.37935625873294,0.15531941505795527,0.08682685452820334,False,False,normal
1995,test,train,1415,False,6.0973619897023035,2.264608933481028,37.16132804016626,8.571597017394984,258.8188405579229,60.37935625873294,0.14358045944437212,0.14196237834442355,False,False,normal
1996,train,train,1416,False,5.889067340022333,3.57982844850758,46.04981508852411,7.07336555816722,258.8188405579229,60.37935625873294,0.17792296337181954,0.11714874083547665,False,False,normal
1997,train,train,1417,False,-10.799658861622728,7.67438725781811,48.771858653487726,7.8670605044470685,258.8188405579229,60.37935625873294,0.18844014040227,0.13029387843646015,False,False,normal
1998,train,train,1417,False,-0.4603546527035615,0.053548591335851624,9.506581578657283,2.136669598635162,258.8188405579229,60.37935625873294,0.036730639694407166,0.03538741932721626,False,False,normal
1999,train,train,1417,False,-0.4366605487224264,0.12394293727270363,8.102286063818303,1.7881540703017413,258.8188405579229,60.37935625873294,0.031304854184311344,0.029615321876557976,False,False,normal
2000,train,train,1417,False,-0.4803146468715835,0.07393982903565134,7.378653872353119,1.7928316207092012,258.8188405579229,60.37935625873294,0.02850895188482926,0.02969279124187244,False,False,normal
2001,train,train,1417,False,-0.458364932281249,0.2228792747653387,7.838708594802576,1.774825267474989,258.8188405579229,60.37935625873294,0.03028646824128051,0.029394570883956517,False,False,normal
2002,test,train,1417,False,0.0020522405435511636,-2.0342160284445345,7.702220200040867,2.248768549426165,258.8188405579229,60.37935625873294,0.029759117162558853,0.03724399676919238,False,False,normal
2003,train,train,1418,False,-5.919065637911393,-0.8954246404022443,40.62556056747274,14.604739883230451,258.8188405579229,60.37935625873294,0.15696523668794066,0.24188300088274128,False,False,normal
2004,test,test,1419,False,-1.4562321875159336,-0.12046597149445334,43.73329968164687,10.215950066718213,258.8188405579229,60.37935625873294,0.16897262806437574,0.16919607461433697,False,False,normal
2005,train,train,1420,False,-1.9661219292164633,2.760513625838733,41.175262722837786,5.6770527645140385,258.8188405579229,60.37935625873294,0.1590891244009838,0.09402307537343015,False,False,normal
2006,train,train,1421,False,-1.623090920925332,2.237291799400388,31.109706518882245,10.154280929414286,258.8188405579229,60.37935625873294,0.12019877089249222,0.16817471332257913,False,False,normal
2007,train,test,1422,False,-0.5312693036911413,4.749300536820991,35.317337369721955,11.121016648785844,258.8188405579229,60.37935625873294,0.1364558209656999,0.18418574390112616,False,False,normal
2008,train,test,1422,False,0.24808540719354266,0.3653507051764706,6.36072000775702,1.6296314631915518,258.8188405579229,60.37935625873294,0.02457595433951227,0.026989878067072814,False,False,normal
2009,train,test,1422,False,0.237679384548288,0.2707913753805906,6.900869361889566,3.193141721472279,258.8188405579229,60.37935625873294,0.026662932833690565,0.052884659912392495,False,False,normal
2010,train,test,1422,False,0.45440555460545146,-0.2929695307798388,4.982267724683082,0.8945337480075872,258.8188405579229,60.37935625873294,0.019250019488314896,0.01481522499468859,False,False,normal
2011,test,train,1423,False,2.842084560011548,2.348095832200474,39.34169491228839,10.602179847250671,258.8188405579229,60.37935625873294,0.15200475679236278,0.17559279369953915,False,False,normal
2012,train,test,1424,False,4.114947281774387,1.5237999500771122,28.218611074298874,7.271953101966707,258.8188405579229,60.37935625873294,0.10902842703981448,0.12043773820319476,False,False,normal
2013,train,test,1425,False,3.7192947285195053,1.9446800989135467,41.84067512831274,6.789513643551579,258.8188405579229,60.37935625873294,0.16166008254313666,0.11244759905120022,False,False,normal
2014,train,test,1426,False,5.800337996602607,2.4958779144996286,28.834690085698824,5.776074477970287,258.8188405579229,60.37935625873294,0.11140877543358635,0.0956630682384075,False,False,normal
2015,train,test,1427,False,5.1381131497327415,7.589511308498582,39.93419685320297,8.61565084097139,258.8188405579229,60.37935625873294,0.15429401030898218,0.14269199565580445,False,False,normal
2016,test,test,1427,False,2.3168326593701374,-0.8738253149931278,21.079050322073865,8.351674812703589,258.8188405579229,60.37935625873294,0.08144326076353177,0.1383200373471297,False,False,normal
2017,train,train,1428,False,-10.374957178536713,3.228085183053654,56.42025374723462,8.809959568890797,258.8188405579229,60.37935625873294,0.21799129315938626,0.14591012748031032,False,False,normal
2018,train,test,1429,False,-4.46182697138726,1.4671727343157042,39.355811993763055,8.583642094907567,258.8188405579229,60.37935625873294,0.1520593010498219,0.1421618683399937,False,False,normal
2019,test,train,1430,False,-1.7024222251008319,-3.026207629000311,37.96158144791949,11.233905300640705,258.8188405579229,60.37935625873294,0.1466724036244332,0.1860554003342143,False,False,normal
2020,train,train,1431,False,1.2788816750155134,0.4394464954862121,39.587697341100395,9.099165407628385,258.8188405579229,60.37935625873294,0.1529552379408051,0.15069994069889295,False,False,normal
2021,test,train,1432,False,2.0869824821125675,0.5109964028125957,38.25442819078991,21.386370408509308,258.8188405579229,60.37935625873294,0.14780387744696924,0.3542000401075177,False,False,normal
2022,train,train,1433,False,2.7681616578208335,1.6164088921155257,47.19197492999082,10.012842124481082,258.8188405579229,60.37935625873294,0.18233593361388,0.1658322106246848,False,False,normal
2023,train,train,1434,False,2.7861779267953075,7.374463717990071,25.489567360994414,9.006316408637431,258.8188405579229,60.37935625873294,0.09848420349170803,0.14916218003458437,False,False,normal
2024,train,train,1434,False,1.1879130862208673,1.0044579391248112,10.976544437376562,7.353953284599354,258.8188405579229,60.37935625873294,0.04241014453860844,0.12179582129174685,False,False,normal
2025,test,train,1434,False,1.2060905760553455,1.1103304365559066,10.334488192660253,4.989659557930445,258.8188405579229,60.37935625873294,0.03992942774329222,0.08263850208255188,False,False,normal
2026,train,train,1434,False,1.2198048366189622,1.1277932893602571,9.54698779682798,4.370959857631982,258.8188405579229,60.37935625873294,0.03688675745648196,0.07239162734531127,False,False,normal
2027,train,train,1434,False,1.1893834860989259,1.1013534570284313,11.815710558824746,5.822823826001774,258.8188405579229,60.37935625873294,0.04565243601800474,0.09643732869642169,False,False,normal
2028,train,train,1434,False,1.2582682690769267,1.171082178625893,10.311632800237959,3.9575003118085346,258.8188405579229,60.37935625873294,0.039841121218260944,0.06554393019445522,False,False,normal
2029,train,train,1434,False,1.2097908001941187,1.1218870008887314,9.865394062346533,4.693694267411393,258.8188405579229,60.37935625873294,0.03811698576919746,0.07773673914803493,False,False,normal
2030,train,train,1434,False,1.2294012934680374,1.137789004226483,9.513468972788813,4.215373994735781,258.8188405579229,60.37935625873294,0.036757250562907635,0.06981482175252726,False,False,normal
2031,train,train,1434,False,1.2405645295121195,1.098770395992803,11.914494850380189,4.101246789449801,258.8188405579229,60.37935625873294,0.046034109513421455,0.06792465245696652,False,False,normal
2032,train,train,1434,False,1.6959775056738495,-1.1525732142994831,14.929258134750018,5.899785982693809,258.8188405579229,60.37935625873294,0.05768226958504164,0.09771197224118294,False,False,normal
2033,train,train,1435,False,4.20339788474778,4.181581951196573,27.705572961290923,6.236000567000291,258.8188405579229,60.37935625873294,0.10704619842035996,0.10328034204734254,False,False,normal
2034,test,train,1436,False,5.744964062718399,-0.7656048648349771,49.463390577684216,8.182181695420867,258.8188405579229,60.37935625873294,0.19111201669499192,0.13551290047477843,False,False,normal
2035,train,train,1437,False,5.384776155177258,4.815790179244373,38.10724860692141,8.612757606649936,258.8188405579229,60.37935625873294,0.14723521875291423,0.14264407804785487,False,False,normal
2036,test,train,1438,False,-10.747010385171121,7.843801358676669,40.76179828962506,9.521484289274742,258.8188405579229,60.37935625873294,0.15749161924130747,0.15769436574437817,False,False,normal
2037,train,train,1438,False,-0.3873695982812304,-0.3642232466168108,4.6832361994781175,2.3679944395136863,258.8188405579229,60.37935625873294,0.018094649482946056,0.039218610237686864,False,False,normal
2038,train,train,1439,False,-2.72515338017998,4.422305082683391,40.5216688120669,5.662264017186752,258.8188405579229,60.37935625873294,0.15656382945196862,0.09377814485009175,False,False,normal
2039,train,train,1439,False,0.3053756781287109,-1.8626954666084272,9.427233478245183,3.686752413724561,258.8188405579229,60.37935625873294,0.03642406193429878,0.06105981650295136,False,False,normal
2040,train,train,1440,False,1.374798459176354,-1.508370491936119,41.552547307350416,10.75986103635439,258.8188405579229,60.37935625873294,0.16054684124918286,0.17820430198439127,False,False,normal
2041,train,train,1441,False,4.150293359981351,1.9498101094768276,40.37703122857639,7.084465251971123,258.8188405579229,60.37935625873294,0.15600499230093773,0.11733257343144436,False,False,normal
2042,train,train,1442,False,3.648776636503818,5.666742643953126,31.23520512401501,5.854394118863295,258.8188405579229,60.37935625873294,0.12068366065114437,0.09696019437134273,False,False,normal
2043,train,train,1443,False,5.64304554221417,-0.9445839773722013,42.81092973696694,11.170220768294156,258.8188405579229,60.37935625873294,0.1654088614440956,0.18500066016650443,False,False,normal
2044,train,test,1444,False,5.666356733080251,2.9691639748598164,63.27092644408168,11.241988969592382,258.8188405579229,60.37935625873294,0.24446028081916948,0.18618928167135607,False,False,normal
2045,test,train,1445,False,6.453906826627726,3.2759984011268877,80.74308312613371,10.129591787229854,258.8188405579229,60.37935625873294,0.3119675636908034,0.16776581293485993,False,False,normal
2046,train,train,1446,False,-10.44395714591822,7.510323500963152,51.05631034805424,15.0754962949893,258.8188405579229,60.37935625873294,0.19726659094057716,0.2496796459768294,False,False,normal
2047,train,train,1446,False,-0.5069550624571583,0.20783195194289986,7.232477630143646,3.1373649195222075,258.8188405579229,60.37935625873294,0.027944169808322122,0.05196088719591866,False,False,normal
2048,train,train,1446,False,-0.532832501732332,0.24171466978842213,5.835037515928404,2.8508857839500172,258.8188405579229,60.37935625873294,0.02254487155320727,0.047216233504272925,False,False,normal
2049,train,train,1446,False,-0.5242543674510431,0.2531395415365507,5.314618041276907,2.6371928517828582,258.8188405579229,60.37935625873294,0.020534123519835145,0.0436770614195051,False,False,normal
2050,train,train,1446,False,-0.5371895084769898,0.23927989332948843,6.170247269766392,2.774512640327405,258.8188405579229,60.37935625873294,0.023840023610589928,0.04595134516569336,False,False,normal
2051,train,train,1446,False,-0.5193821408189748,0.1460142860113127,6.013389151076824,2.4171904508783553,258.8188405579229,60.37935625873294,0.023233969900004422,0.04003339221637935,False,False,normal
2052,train,train,1447,False,-6.457757586449781,2.3296906424112644,38.630081322209755,14.746997720033383,258.8188405579229,60.37935625873294,0.1492552908394799,0.2442390683471465,False,False,normal
2053,test,train,1448,False,-1.7048643770350567,-1.2362586201050998,31.225068768881204,4.392225459914074,258.8188405579229,60.37935625873294,0.12064449675136044,0.07274382722950622,False,False,normal
2054,train,train,1449,False,-3.797765837985313,4.616534890067525,29.46029568275945,10.378392632985157,258.8188405579229,60.37935625873294,0.11382593175695153,0.17188644059920866,False,False,normal
2055,train,train,1449,False,-0.2614788160674319,0.3425574559836983,4.334237613367205,2.4724794604315212,258.8188405579229,60.37935625873294,0.016746221426632252,0.04094908613859088,False,False,normal
2056,train,train,1449,False,-0.22534343485080055,0.3858293970744538,4.60334968183333,2.636425717966113,258.8188405579229,60.37935625873294,0.017785991436752125,0.04366435618605646,False,False,normal
2057,test,train,1449,False,-0.2855278288033628,0.3481553952199952,5.767690794537877,2.7084109190501997,258.8188405579229,60.37935625873294,0.022284663597537,0.04485657163094497,False,False,normal
2058,train,train,1449,False,0.2219024298590612,-1.9828362988550319,13.882864173912466,3.026846795028308,258.8188405579229,60.37935625873294,0.05363931058490899,0.05013049132319163,False,False,normal
2059,train,test,1450,False,-0.4782276993953793,3.5994692394523304,45.55568990785106,7.203909958662132,258.8188405579229,60.37935625873294,0.17601380876928793,0.1193108109300221,False,False,normal
2060,train,train,1451,False,2.7239995441214577,-1.6608774684808407,61.11109365638567,9.699128011154153,258.8188405579229,60.37935625873294,0.2361153211437449,0.1606364925388108,False,False,normal
2061,train,test,1452,False,2.53432644802047,5.266655104581587,28.53698266750245,6.261458350879939,258.8188405579229,60.37935625873294,0.11025852138888613,0.10370197264192123,False,False,normal
2062,train,train,1453,False,4.211030628978968,3.6212222881279903,30.039935486853413,6.015817955263566,258.8188405579229,60.37935625873294,0.11606548975375139,0.09963368820106411,False,False,normal
2063,test,train,1454,False,3.8049828719927614,4.067214714161143,54.91822265205175,10.063152624403635,258.8188405579229,60.37935625873294,0.21218788606605019,0.1666654507093748,False,False,normal
2064,train,train,1455,False,4.101962078166347,4.320734716800905,29.074661043481374,4.190077008874855,258.8188405579229,60.37935625873294,0.1123359527490602,0.06939585428701595,False,False,normal
2065,train,train,576,False,4.539564145536192,6.804781853998884,37.492269551071566,5.169517732374503,258.8188405579229,60.37935625873294,0.14485912026439554,0.08561730453406105,False,False,normal
2066,train,train,576,False,1.646400959218826,1.061774478812088,14.632155596268309,5.109934003305851,258.8188405579229,60.37935625873294,0.05653435261794118,0.0846304816733911,False,False,normal
2067,train,train,576,False,1.6610345024066862,1.1366936531138288,13.062333401829799,4.708814333573149,258.8188405579229,60.37935625873294,0.05046902062335175,0.07798715695800569,False,False,normal
2068,train,train,576,False,1.6496196436996915,1.115824779294688,12.470396703509628,4.831526869947236,258.8188405579229,60.37935625873294,0.04818195103813855,0.08001951609493071,False,False,normal
2069,train,train,576,False,1.665628777045063,1.1286888393730885,13.124738629066268,4.816241174511446,258.8188405579229,60.37935625873294,0.0507101360966378,0.07976635514087402,False,False,normal
2070,train,train,576,False,1.668588006619007,1.128325451161978,13.243477288207465,4.839536685393786,258.8188405579229,60.37935625873294,0.05116890740897827,0.0801521742738657,False,False,normal
2071,train,train,576,False,1.6498721381802823,1.1099074257150816,12.296983790912781,4.881990323970868,258.8188405579229,60.37935625873294,0.047511934465067476,0.08085528939810059,False,False,normal
2072,train,train,576,False,1.670606417066842,1.1347987246619078,13.319550378289641,4.962555237774551,258.8188405579229,60.37935625873294,0.05146283149085031,0.08218960163320381,False,False,normal
2073,test,train,576,False,1.668590067339429,1.1311657920766918,13.614218102889275,4.738123432521438,258.8188405579229,60.37935625873294,0.052601341052072495,0.07847257284787865,False,False,normal
2074,train,train,576,False,1.6591888765639098,1.043086576979201,15.17596353188134,4.980226105599074,258.8188405579229,60.37935625873294,0.05863546679664924,0.08248226569786858,False,False,normal
2075,train,train,576,False,1.7705208544949749,0.6837438969869747,11.906190484652798,4.420136977871348,258.8188405579229,60.37935625873294,0.046002023882756045,0.0732060964500933,False,False,normal
2076,train,test,1456,False,4.888213201303923,5.691626606620397,35.993751262525095,6.536116861719409,258.8188405579229,60.37935625873294,0.1390692856243972,0.10825085371416263,False,False,normal
2077,train,train,1457,False,-10.055511275922516,6.442559768312243,52.245289190552846,14.079705584424278,258.8188405579229,60.37935625873294,0.20186045605462985,0.23318740802884705,False,False,normal
2078,test,train,1457,False,-0.12179080407842809,-1.59582480100767,9.752885545128358,3.859531455725885,258.8188405579229,60.37935625873294,0.03768228589582021,0.06392137470275966,False,False,normal
2079,train,train,1458,False,-6.890030185599132,2.624087164393986,48.07133285217431,16.16280241614873,258.8188405579229,60.37935625873294,0.18573351440934258,0.2676875577621123,False,False,normal
2080,test,test,1459,False,-6.011593382460771,3.5825068239408475,46.141030147767864,17.479507948063418,258.8188405579229,60.37935625873294,0.17827539157622352,0.2894947715765896,False,False,normal
2081,train,test,1459,False,-0.553620481303108,0.21830176159203973,8.657404321232317,3.8524937596200224,258.8188405579229,60.37935625873294,0.03344966812528014,0.06380481671768103,False,False,normal
2082,train,test,1459,False,-0.1889218643763904,-1.3973367365768559,11.37022879985263,3.29681399911042,258.8188405579229,60.37935625873294,0.04393122531320515,0.05460167519811188,False,False,normal
2083,train,train,1460,False,-2.4133001363479227,-0.8147695183554103,21.75850718717923,13.420098471163696,258.8188405579229,60.37935625873294,0.08406848257366233,0.2222630266817839,False,False,normal
2084,train,train,1461,False,-2.1808383445007773,-2.7384015469246235,24.68604071619376,15.228096831727377,258.8188405579229,60.37935625873294,0.09537961248485345,0.25220700874108554,False,False,normal
2085,train,test,1462,False,-3.0407603720405207,-0.32892663880422174,42.70472591118912,13.484606294598912,258.8188405579229,60.37935625873294,0.16499852104712573,0.22333140215698427,False,False,normal
2086,train,train,1463,False,-1.1078738624292472,0.062371768494537384,19.475690342150546,12.809975038977722,258.8188405579229,60.37935625873294,0.0752483486139099,0.21215819168534042,False,False,normal
2087,train,train,1464,False,-0.30101855363623553,0.2605595274353075,28.91872115273569,5.341228061438386,258.8188405579229,60.37935625873294,0.11173344680162016,0.08846116276150029,False,False,normal
2088,test,test,1465,False,-0.0909474481378883,0.3850699264473494,34.66815694907309,5.624693452171667,258.8188405579229,60.37935625873294,0.13394757844653296,0.09315590295579115,False,False,normal
2089,train,train,1466,False,3.9127502360469943,-2.5249469276084264,53.8206294079236,8.190870786071157,258.8188405579229,60.37935625873294,0.20794710806950972,0.13565680877703087,False,False,normal
2090,train,train,1467,False,2.723558150346067,1.4104463965357399,45.42233100087967,7.022521589682576,258.8188405579229,60.37935625873294,0.17549854911244103,0.11630666547006911,False,False,normal
2091,train,train,1468,False,2.6357080284420524,0.7214802102766178,37.5928806287456,12.464488698750703,258.8188405579229,60.37935625873294,0.1452478519249545,0.2064362635026919,False,False,normal
2092,train,train,1469,False,2.8376497957083813,5.4894103320073055,22.736235320595227,12.143403315419118,258.8188405579229,60.37935625873294,0.0878461369797649,0.20111846279683981,False,False,normal
2093,test,train,1470,False,3.635443588394552,1.718862927213866,18.612637160666967,8.600969896317716,258.8188405579229,60.37935625873294,0.07191376454876558,0.14244885055517165,False,False,normal
2094,train,train,1471,False,4.109160975410799,1.2126453243133768,21.8785087118075,6.182906259783131,258.8188405579229,60.37935625873294,0.0845321332274153,0.10240099667986886,False,False,normal
2095,test,train,1472,False,4.300607459837662,2.0789238250557527,21.264194048712675,9.04043419477858,258.8188405579229,60.37935625873294,0.08215860175740881,0.14972723717091668,False,False,normal
2096,train,train,1473,False,4.412130065429401,1.566171014132225,34.11850824548652,26.033908683705867,258.8188405579229,60.37935625873294,0.1318238972554662,0.43117234592809134,False,False,normal
2097,train,train,1474,False,5.283587661190378,2.412632986951512,70.11846537807801,18.672399118995333,258.8188405579229,60.37935625873294,0.2709171605394999,0.3092513778878631,False,False,normal
2098,test,test,1475,False,-3.8198300952963145,-2.711050603777379,35.9573110653814,17.59078998237563,258.8188405579229,60.37935625873294,0.1389284914029829,0.29133781928705793,False,False,normal
2099,test,train,1476,False,-2.3591151426711443,-2.930487913396827,14.462733284694107,8.669136510516074,258.8188405579229,60.37935625873294,0.055879754555416106,0.14357782274736022,False,False,normal
2100,train,train,1477,False,-0.7523908304177814,-2.239269651096053,11.272533877654508,8.097599653827064,258.8188405579229,60.37935625873294,0.04355376082110123,0.13411205676204724,False,False,normal
2101,train,train,1478,False,-0.49295983503104923,-1.6077471627821747,8.560694463398544,8.01434112095086,258.8188405579229,60.37935625873294,0.03307600963262443,0.13273313293716524,False,False,normal
2102,train,train,1479,False,-1.3787951414584934,-3.1105075539091325,39.92922352105879,26.23533776950974,258.8188405579229,60.37935625873294,0.15427479481395306,0.4345084047780851,False,False,normal
2103,train,test,1480,False,-1.9596748519979565,1.9590574843978303,13.264099373173673,17.951530493351726,258.8188405579229,60.37935625873294,0.05124858508979066,0.2973123863134151,False,False,normal
2104,test,train,1481,False,0.7786251848275736,-0.963091357062134,11.327133659256349,6.3039083058685215,258.8188405579229,60.37935625873294,0.04376471834445673,0.10440502675874022,False,False,normal
2105,train,train,1482,False,1.4707189150878013,-0.8747829123793522,17.548891298197347,3.815931476806016,258.8188405579229,60.37935625873294,0.06780376289596257,0.06319927394479467,False,False,normal
2106,train,test,1483,False,2.088512259558853,-0.0514297235442959,12.579047134464318,5.9224741359775415,258.8188405579229,60.37935625873294,0.04860174439908738,0.09808773234678114,False,False,normal
2107,test,train,1484,False,4.95252358783941,-1.9867221143290812,32.10145562532102,11.876008904652762,258.8188405579229,60.37935625873294,0.12403059822121724,0.19668988940131474,False,False,normal
2108,train,train,1485,False,4.875934803015735,-0.6789096276153874,32.99184597865624,24.97903179000807,258.8188405579229,60.37935625873294,0.12747080509107203,0.4137015254513456,False,False,normal
2109,train,train,1486,False,-6.849603844147648,-1.6344124103461306,36.81375970648226,43.066279364962774,258.8188405579229,60.37935625873294,0.14223755746345462,0.7132616515555166,False,False,normal
2110,test,train,1487,False,-2.309174610157749,-3.092443997470548,14.163655907071137,3.911381452457357,258.8188405579229,60.37935625873294,0.054724207389768256,0.06478011185969933,False,False,normal
2111,train,test,1488,False,-0.6894115621803129,-2.2221185835579664,13.981141241462822,3.711014808289799,258.8188405579229,60.37935625873294,0.05401902431571199,0.06146164911708641,False,False,normal
2112,train,train,1489,False,-0.6134224538591154,-0.4061536020263333,14.128735449929076,2.9772462226897325,258.8188405579229,60.37935625873294,0.054589284997461796,0.049309009025069225,False,False,normal
2113,train,train,1490,False,0.1493951644126859,-1.9909782969456908,11.8037833996805,3.5564926418398906,258.8188405579229,60.37935625873294,0.045606352977378584,0.05890246041378586,False,False,normal
2114,train,test,1491,False,2.769948134089495,-0.8350155020228583,23.76944747380733,18.476285498270506,258.8188405579229,60.37935625873294,0.09183816534595671,0.3060033535153531,False,False,normal
2115,test,train,1492,False,3.2369789985559896,-0.18405791916972092,12.896654314123833,4.002815271272431,258.8188405579229,60.37935625873294,0.0498288852786882,0.06629443437786711,False,False,normal
2116,train,train,1493,False,4.244072334125523,-1.3030093590909468,13.593721280686193,4.318565545242293,258.8188405579229,60.37935625873294,0.05252214734979449,0.07152387525856868,False,False,normal
2117,test,train,1494,False,4.5395781737756815,-0.08795450920274255,16.44644957597486,7.365712552481127,258.8188405579229,60.37935625873294,0.0635442518037793,0.12199057772193109,False,False,normal
2118,test,train,1495,False,5.0865565929967795,-1.3490748701056277,17.641367438228748,9.094294984185188,258.8188405579229,60.37935625873294,0.06816106354622457,0.150619276979619,False,False,normal
2119,test,train,1496,False,-7.84635413565031,1.3002209191782956,30.43795140347848,27.015486614569387,258.8188405579229,60.37935625873294,0.11760330638165638,0.4474291925009057,False,False,normal
2120,train,train,1497,False,-4.967232057484301,-3.7450947989247734,25.155670301250332,8.719016540268267,258.8188405579229,60.37935625873294,0.09719412329884294,0.14440393340575233,False,False,normal
2121,train,train,1498,False,-2.7565622850907783,-2.7241150319428478,17.85886518427989,3.7633312798682494,258.8188405579229,60.37935625873294,0.06900141097063267,0.0623281120080498,False,False,normal
2122,train,test,1499,False,-1.5882707979562816,-3.398225688940895,13.982812491932123,4.16929995774094,258.8188405579229,60.37935625873294,0.05402548153677711,0.06905174576348544,False,False,normal
2123,train,train,1500,False,-1.7205019633150658,-2.6125990233544036,13.819487146754312,4.373666919531666,258.8188405579229,60.37935625873294,0.0533944403620862,0.07243646157454822,False,False,normal
2124,train,test,1501,False,-0.7248550062428184,-2.1019814065184037,16.466981049695782,2.5350301514092797,258.8188405579229,60.37935625873294,0.06362357938934712,0.04198504767997799,False,False,normal
2125,train,test,1502,False,0.7654986086553794,-1.9927003934612784,16.315764495183227,2.095725930295388,258.8188405579229,60.37935625873294,0.06303932302614502,0.03470931225756939,False,False,normal
2126,train,train,1503,False,1.0235680712517279,-1.7880138382628792,14.672119126859375,3.6937376521418863,258.8188405579229,60.37935625873294,0.05668875996519967,0.06117550568631053,False,False,normal
2127,test,train,1504,False,2.0506706190169415,-0.8276551240079626,11.918515105223538,2.2879262760100985,258.8188405579229,60.37935625873294,0.046049642597623064,0.0378925251572086,False,False,normal
2128,train,train,1505,False,2.5947701199158013,-0.852756375253283,12.611174602232616,2.6619473099058126,258.8188405579229,60.37935625873294,0.048725875500590814,0.044087043566662786,False,False,normal
2129,train,test,1506,False,0.6317338548985207,0.3133651719226259,92.7265187692521,9.94225214715276,258.8188405579229,60.37935625873294,0.3582680401834973,0.1646631028086651,False,False,normal
2130,train,train,1507,False,2.486477607184001,2.619887512957275,21.09617085084394,9.741364331629333,258.8188405579229,60.37935625873294,0.08150940945940402,0.1613360084510738,False,False,normal
2131,train,train,1507,False,0.9422051915700046,-0.3738238660569371,9.693410096060479,11.36665715557612,258.8188405579229,60.37935625873294,0.037452490225073555,0.18825403018324013,False,False,normal
2132,train,train,1507,False,0.9095164083512488,-0.42807845103354747,10.136165081081314,11.314006482568951,258.8188405579229,60.37935625873294,0.03916316547601901,0.1873820322642568,False,False,normal
2133,train,train,1507,False,1.1397454957179587,-1.366137747880938,9.732499523631121,7.174703605264603,258.8188405579229,60.37935625873294,0.037603520294933926,0.11882709670702879,False,False,normal
2134,train,train,1508,False,2.960763631536035,3.002485113036412,19.68132626137389,8.35991326486095,258.8188405579229,60.37935625873294,0.07604286542257833,0.138456482196294,False,False,normal
2135,train,train,1508,False,1.1384635897770463,-0.27521030413812586,10.39881772376506,11.498614802677226,258.8188405579229,60.37935625873294,0.040177978161670326,0.19043950640023807,False,False,normal
2136,train,train,1508,False,1.1396694002511056,-0.32162852743715037,10.251675610971239,11.524914909486014,258.8188405579229,60.37935625873294,0.039609464244844815,0.1908750875067356,False,False,normal
2137,train,train,1508,False,1.5592467269015187,-2.2138335120219472,15.069598209932815,7.568196926690659,258.8188405579229,60.37935625873294,0.05822450242589771,0.12534411420784294,False,False,normal
2138,test,train,1509,False,4.064405267576964,1.0850992872296878,25.182774217246845,9.235040884444722,258.8188405579229,60.37935625873294,0.09729884487142278,0.1529503038235691,False,False,normal
2139,train,train,1510,False,2.2904458007616597,5.429847833614295,62.91253883693459,17.576895749505017,258.8188405579229,60.37935625873294,0.24307557634257676,0.2911077036692121,False,False,normal
2140,train,train,1510,False,0.7281312143485309,-0.23763798819711915,9.749049371475659,14.623199959558226,258.8188405579229,60.37935625873294,0.03766746404728542,0.24218873578075298,False,False,normal
2141,train,train,1510,False,0.764936632234707,-0.33364726577682435,9.887369690668113,15.288029417792128,258.8188405579229,60.37935625873294,0.0382018931440787,0.25319960935457886,False,False,normal
2142,train,train,1510,False,0.7438739711790957,-0.35752491201689923,9.654207029484072,14.980541593233577,258.8188405579229,60.37935625873294,0.037301021087464026,0.2481070107644096,False,False,normal
2143,train,train,1510,False,1.1260767599239152,-2.123428885421022,14.796269046930629,11.23258599554503,258.8188405579229,60.37935625873294,0.05716843880080387,0.18603355006654962,False,False,normal
2144,train,test,1511,False,5.268516351412697,0.15034141226474387,36.96605141447914,21.90508935349179,258.8188405579229,60.37935625873294,0.14282596790401061,0.3627910383745364,False,False,normal
2145,test,train,1512,False,2.37908963699805,1.6212923794355971,98.79044291544707,14.664212675734827,258.8188405579229,60.37935625873294,0.38169726246547364,0.24286798641735893,False,False,normal
2146,test,test,1513,False,4.89116382226236,1.223362921991026,26.966592243096564,12.8604600435379,258.8188405579229,60.37935625873294,0.10419099392055857,0.2129943219074621,False,False,normal
2147,train,train,1514,False,-7.322966243814309,-0.42728613528511167,27.087312010201618,11.92333510647358,258.8188405579229,60.37935625873294,0.10465741965233616,0.1974737036840974,False,False,normal
2148,train,train,1515,False,-5.0094899164637425,-2.5538896315418107,18.372297873912494,6.960081581197889,258.8188405579229,60.37935625873294,0.07098516411830084,0.11527253704681922,False,False,normal
2149,train,train,1516,False,-2.60898845318128,-2.466202560373454,16.60036440182064,3.014694681097332,258.8188405579229,60.37935625873294,0.06413893349508892,0.04992922859559807,False,False,normal
2150,train,train,1517,False,-2.656222415452609,-3.8371457598784224,22.682444956846,6.82318146433475,258.8188405579229,60.37935625873294,0.08763830680931334,0.11300520388287318,False,False,normal
2151,train,train,1518,False,-2.2343962131897337,-1.9870088365330953,16.610712769401488,2.041367180740474,258.8188405579229,60.37935625873294,0.0641789165487126,0.03380902525679415,False,False,normal
2152,train,train,1519,False,0.305411620942523,-1.303721501027725,15.571466440203299,2.938662586056252,258.8188405579229,60.37935625873294,0.0601635738983942,0.048669988687254674,False,False,normal
2153,test,train,1520,False,1.0513522365380272,-2.4930288199943864,12.499316401155548,4.4668282033711675,258.8188405579229,60.37935625873294,0.04829368825782309,0.07397939428552801,False,False,normal
2154,train,train,1521,False,2.3870204692855705,-0.774945466149409,13.8840463678943,3.9662013219855274,258.8188405579229,60.37935625873294,0.05364387823531375,0.06568803590733675,False,False,normal
2155,train,train,1522,False,2.8732794464390925,-0.7381103831149803,22.089673785061205,10.14332674136782,258.8188405579229,60.37935625873294,0.08534801306366877,0.16799329058598145,False,False,normal
2156,train,train,1523,False,3.7727665142474174,-0.23722383644778153,18.113300323656826,3.8268746561139886,258.8188405579229,60.37935625873294,0.06998447363650531,0.06338051435519387,False,False,normal
2157,train,train,1524,False,4.413645689621065,-0.020559573398086867,13.71956479908626,6.813256206707441,258.8188405579229,60.37935625873294,0.053008369752030715,0.11284082224248639,False,False,normal
2158,train,train,1525,False,4.487795397672377,-1.3682720316267403,16.80956698098146,8.64179039294221,258.8188405579229,60.37935625873294,0.0649472308304369,0.1431249176607826,False,False,normal
2159,train,train,1526,False,4.867245180364804,0.015343264535195461,18.845770284122978,8.957374680357143,258.8188405579229,60.37935625873294,0.07281452248027265,0.14835160948012918,False,False,normal
2160,train,train,1527,False,5.174668627788123,1.1093792871757953,18.87432395545312,6.2042900200458435,258.8188405579229,60.37935625873294,0.0729248454817535,0.10275515349086699,False,False,normal
2161,train,train,1528,False,5.496329693665283,3.3894308920716654,18.440928000494313,6.164786401513586,258.8188405579229,60.37935625873294,0.07125033077476942,0.10210089645700629,False,False,normal
2162,train,train,1529,False,6.157848761232814,2.236834304165797,19.220728750966313,8.12675452753016,258.8188405579229,60.37935625873294,0.0742632518928419,0.1345949183808125,False,False,normal
2163,train,train,1530,False,-8.374585793818108,2.0291507204707586,43.28551789642257,13.42055656272372,258.8188405579229,60.37935625873294,0.16724253073352052,0.2222706135722115,False,False,normal
2164,train,train,1531,False,-6.314489597014504,1.4088763666755078,20.394778938332454,8.1492091029167,258.8188405579229,60.37935625873294,0.0787994370671333,0.13496680998048968,False,False,normal
2165,train,train,1531,False,-0.6748252912652584,-3.3627869580918004,29.165125577428338,24.992850400492724,258.8188405579229,60.37935625873294,0.11268548114410268,0.41393038861486525,False,False,normal
2166,train,train,1532,False,-2.2230244943051214,-4.025822475644769,19.58052326582386,3.6783492391512316,258.8188405579229,60.37935625873294,0.07565339224770153,0.060920643529040856,False,False,normal
2167,test,test,1533,False,-1.9661023336401426,-2.131265195157042,30.315036160538583,12.269851767105644,258.8188405579229,60.37935625873294,0.11712839797593548,0.20321269598383634,False,False,normal
2168,train,train,1534,False,-0.5781743886169224,-2.7631916110611936,16.55257878789684,4.122147998312575,258.8188405579229,60.37935625873294,0.06395430391471993,0.06827081727484251,False,False,normal
2169,train,train,1535,False,-0.11844635740223129,-1.3052342491454072,13.344150285038447,3.737138251144019,258.8188405579229,60.37935625873294,0.051557878306977674,0.061894304323648695,False,False,normal
2170,test,train,1536,False,0.07031063650364987,-1.8789489867993248,33.91166431303732,10.385810291194103,258.8188405579229,60.37935625873294,0.13102471303841573,0.17200929149839944,False,False,normal
2171,train,train,1537,False,1.0080734813997567,-0.47589918577945506,30.851486993403185,8.776314186237043,258.8188405579229,60.37935625873294,0.11920108646997324,0.14535289426785972,False,False,normal
2172,train,train,1538,False,2.8039770054861655,-0.3540177085602142,11.34315186617683,3.317929530647832,258.8188405579229,60.37935625873294,0.04382660799238944,0.054951389617837215,False,False,normal
2173,train,test,1539,False,2.9951702676581027,-0.559079427044704,13.515583020765886,5.117469687000585,258.8188405579229,60.37935625873294,0.05222024405808718,0.084755287305012,False,False,normal
2174,train,train,1540,False,3.780812333253921,-0.5344273391085597,12.958157708180249,2.9570997280521967,258.8188405579229,60.37935625873294,0.05006651633338204,0.048975343747963494,False,False,normal
2175,train,train,1541,False,4.48086817846533,0.5482758032398058,16.22590123255252,3.5010454854124213,258.8188405579229,60.37935625873294,0.06269211776691044,0.057984147270633564,False,False,normal
2176,train,train,1542,False,4.96989702938159,-2.0016168333985473,16.66763211966902,5.671336553916372,258.8188405579229,60.37935625873294,0.06439883620427105,0.0939284037679037,False,False,normal
2177,train,train,1543,False,5.851118638177614,0.6695283196727272,26.367119547096728,3.882848448902951,258.8188405579229,60.37935625873294,0.10187480745319173,0.06430754962448539,False,False,normal
2178,test,train,1544,False,-8.440782318815542,3.4222754544026004,30.8748867206087,13.749173044997212,258.8188405579229,60.37935625873294,0.11929149614476768,0.22771314397722825,False,False,normal
2179,train,train,1544,False,-1.2947619450585646,-0.8628419120826667,32.72665630332916,18.619306581984347,258.8188405579229,60.37935625873294,0.1264461900562646,0.3083720618384591,False,False,normal
2180,train,train,1544,False,-1.09584044756886,-1.6962150316821623,27.697987855104138,21.188117807315106,258.8188405579229,60.37935625873294,0.1070168917973551,0.35091659004315023,False,False,normal
2181,test,train,1545,False,-4.594849460480594,-6.116913997640269,39.334000485816205,8.392267802928636,258.8188405579229,60.37935625873294,0.15197502778787608,0.13899233650267387,False,False,normal
2182,train,test,1546,False,-5.1971660357047345,-1.3895392419203774,32.893470750016576,10.429692820168732,258.8188405579229,60.37935625873294,0.1270907120946441,0.17273607183680828,False,False,normal
2183,train,train,1547,False,-2.5104006229115345,-0.6834528522906536,19.54141502956061,3.956239320915343,258.8188405579229,60.37935625873294,0.07550228950657593,0.06552304572381283,False,False,normal
2184,train,train,1548,False,1.8223782664735377,1.3858689663787083,13.85414117793052,5.503588692322071,258.8188405579229,60.37935625873294,0.053528333362694296,0.09115017173648754,False,False,normal
2185,train,train,1549,False,3.2323037878749696,-1.9920576208466625,15.090124810400509,3.609000386077055,258.8188405579229,60.37935625873294,0.05830381118264605,0.059772091153341325,False,False,normal
2186,test,train,1550,False,3.528601173927739,-0.006226750072823651,8.044358268227864,2.885999288392299,258.8188405579229,60.37935625873294,0.03108103819214645,0.04779778167931169,False,False,normal
2187,train,train,1551,False,4.174496856778461,-0.8581399594997062,10.355407920214386,2.8779363132364737,258.8188405579229,60.37935625873294,0.04001025542766418,0.04766424307182349,False,False,normal
2188,train,train,1552,False,4.289802195333658,1.616753000012575,6.916285439712821,2.750401234433525,258.8188405579229,60.37935625873294,0.026722496031601598,0.045552013218685516,False,False,normal
2189,train,train,1553,False,5.38527582258003,0.17855688769726022,13.063780340496292,3.8092992645383785,258.8188405579229,60.37935625873294,0.050474611169478045,0.06308943156358052,False,False,normal
2190,train,train,1554,False,6.398222423437315,0.702328849828962,9.7875934519911,3.0676283562702014,258.8188405579229,60.37935625873294,0.03781638705626094,0.050805913582864945,False,False,normal
2191,train,train,1555,False,-7.060408208426015,-0.5888880175585979,16.207315110330445,13.076447348269761,258.8188405579229,60.37935625873294,0.06262030644829851,0.216571493280511,False,False,normal
2192,train,train,1556,False,-5.899946879541453,2.2359306892942494,16.133449998828716,6.304117864016997,258.8188405579229,60.37935625873294,0.06233491334730749,0.10440849745073597,False,False,normal
2193,train,train,1556,False,-0.13816269998124256,-1.459325700233499,5.608279509969606,1.625139044698095,258.8188405579229,60.37935625873294,0.021668745203711277,0.026915474847631283,False,False,normal
2194,train,test,1557,False,-2.3660473059834555,-0.45296852161451756,8.959400345815517,2.460787946150347,258.8188405579229,60.37935625873294,0.03461649208574686,0.040755451840287414,False,False,normal
2195,test,test,1558,False,-0.7523166313867367,0.654567797273131,10.244679959146831,3.364182219772587,258.8188405579229,60.37935625873294,0.03958243510040801,0.05571742443487893,False,False,normal
2196,train,train,1559,False,0.48832105033361545,-1.231649662511584,6.801490281188262,3.3143332189115107,258.8188405579229,60.37935625873294,0.02627896124766894,0.05489182767549205,False,False,normal
2197,train,train,1560,False,1.7027697470971013,-1.8795711172251577,10.172157414607344,2.032089791103635,258.8188405579229,60.37935625873294,0.0393022292839259,0.03365537357496627,False,False,normal
2198,train,train,1561,False,3.056859778778847,-1.8170630211985948,8.109516705297294,2.3981941076384374,258.8188405579229,60.37935625873294,0.03133279125977078,0.03971877569151088,False,False,normal
2199,train,train,1562,False,2.789811757618517,4.232052216545386,11.962058769208166,4.999721849285398,258.8188405579229,60.37935625873294,0.046217882529039044,0.08280515326895797,False,False,normal
2200,train,train,1562,False,1.3493844329206561,-0.9894582462464456,6.68426904857205,2.104427208935456,258.8188405579229,60.37935625873294,0.025826052825841828,0.034853422416723484,False,False,normal
2201,test,test,1563,False,4.092693632842934,-0.09582713861409489,6.582383846050099,2.5971269530114265,258.8188405579229,60.37935625873294,0.025432398321006237,0.04301349192731402,False,False,normal
2202,train,train,1564,False,3.669034922751332,2.6199079208444753,10.756780635911694,5.644104126358193,258.8188405579229,60.37935625873294,0.04156104174148929,0.09347738160990844,False,False,normal
2203,train,test,1565,False,2.0933665377543647,1.435084787707524,31.980775978418908,11.913862956575706,258.8188405579229,60.37935625873294,0.12356432750212287,0.1973168263921752,False,False,normal
2204,train,train,1566,False,4.333499035039712,0.7258762370367376,16.243716562750922,7.407702028788497,258.8188405579229,60.37935625873294,0.06276095097147932,0.12268600541293595,False,False,normal
2205,train,train,1567,False,2.186706320497278,4.452003388418619,33.94171954695131,10.647383363671336,258.8188405579229,60.37935625873294,0.13114083763679968,0.1763414521686186,False,False,normal
2206,train,train,1568,False,4.417975009742857,-0.546089443538072,94.77538419239961,40.470457766220385,258.8188405579229,60.37935625873294,0.3661842545469141,0.6702697788429461,False,False,normal
2207,train,train,1569,False,5.246386226146698,-0.890850887709845,18.565167139375312,11.567534529900142,258.8188405579229,60.37935625873294,0.07173035432565614,0.19158095161418812,False,False,normal
2208,train,train,1570,False,5.472747385680319,-0.5867963747875599,25.66576046095872,9.951498678585411,258.8188405579229,60.37935625873294,0.09916496189238896,0.1648162434183965,False,False,normal
2209,train,train,1571,False,6.108742229908899,0.8480077018682579,19.50767871183323,15.605347886385415,258.8188405579229,60.37935625873294,0.07537194228125547,0.25845502259935643,False,False,normal
2210,test,train,1572,False,-8.84391978793563,3.068198974710735,19.91557763051768,35.54614046711949,258.8188405579229,60.37935625873294,0.0769479439270598,0.5887134721145407,False,False,normal
2211,test,train,1572,False,-0.4626963502285601,-0.00513857314948446,8.174255476703296,1.7992870583744405,258.8188405579229,60.37935625873294,0.031582922862502825,0.029799705890607295,False,False,normal
2212,train,train,1572,False,-0.13961082319603138,-1.483919935013712,5.497525797569524,1.8266708300174583,258.8188405579229,60.37935625873294,0.021240825380867873,0.03025323460207078,False,False,normal
2213,test,train,1573,False,-5.957978659100322,-3.5904129680769126,20.317363235164564,16.300313367273713,258.8188405579229,60.37935625873294,0.07850032552254478,0.26996500753378144,False,False,normal
2214,train,train,1574,False,-3.7945327373962425,-2.3930423349955725,12.452400262512134,5.533095729847648,258.8188405579229,60.37935625873294,0.0481124180746236,0.091638865875576,False,False,normal
2215,train,train,1575,False,-2.6251075398786474,-1.2102124387795488,12.474013731809249,13.867207188867345,258.8188405579229,60.37935625873294,0.04819592617337918,0.2296680198020771,False,False,normal
2216,train,train,1576,False,-2.1970811747881793,0.33008572288552585,10.066702723246834,4.802085096075571,258.8188405579229,60.37935625873294,0.03889478332236766,0.07953190284934554,False,False,normal
2217,train,train,1577,False,0.06771391088451469,-2.802398919746226,10.295941610816813,7.879841502323559,258.8188405579229,60.37935625873294,0.03978049506991981,0.13050555670977135,False,False,normal
2218,test,test,1578,False,1.1531184585266976,-2.320351159768329,10.481099495924068,2.4274277122086265,258.8188405579229,60.37935625873294,0.040495890767961416,0.040202941247117666,False,False,normal
2219,train,train,1579,False,1.286090767024831,-0.5873861504558789,12.274418643063424,8.633032044753675,258.8188405579229,60.37935625873294,0.04742474935983822,0.14297986231850626,False,False,normal
2220,train,test,1580,False,1.482252766537341,-0.8750008672754648,10.772458756851927,7.402053754867337,258.8188405579229,60.37935625873294,0.04162161739705762,0.12259245897138468,False,False,normal
2221,test,train,1581,False,2.8799950047506098,-0.3465043082348549,12.256343763629996,2.951144375081292,258.8188405579229,60.37935625873294,0.047354913333239594,0.04887671147793091,False,False,normal
2222,train,train,1582,False,3.3505847771423647,0.0950226778206498,5.148349506720513,2.541319573258975,258.8188405579229,60.37935625873294,0.019891710725627516,0.042089212782744974,False,False,normal
2223,train,test,1583,False,3.0522433582544797,3.795147118668244,19.870191944486088,4.009948269068547,258.8188405579229,60.37935625873294,0.0767725869633482,0.066412570744965,False,False,normal
2224,train,test,1583,False,1.825656445519793,-1.7486802395781518,11.41494422530939,4.167450922707377,258.8188405579229,60.37935625873294,0.04410399258687181,0.06902112213401777,False,False,normal
2225,train,train,1584,False,4.048196400603965,0.4183764471903131,7.273039987848113,2.334035244577648,258.8188405579229,60.37935625873294,0.028100890847706384,0.038656179681280815,False,False,normal
2226,train,train,1585,False,3.8181147244245146,0.7108901025840064,12.98667148786633,5.770116654507659,258.8188405579229,60.37935625873294,0.05017668520526407,0.09556439505220961,False,False,normal
2227,test,test,1586,False,3.5451450646148017,2.445220098065202,10.739943697085627,5.060511801043262,258.8188405579229,60.37935625873294,0.04149598875388694,0.08381195353190499,False,False,normal
2228,train,test,1587,False,4.600712708851862,0.12000018676963654,10.288773276977503,2.8473216150801104,258.8188405579229,60.37935625873294,0.039752798732884,0.04715720391053837,False,False,normal
2229,train,train,1588,False,-8.995236572472118,-0.044778857827126886,37.086989220622144,10.162760545976843,258.8188405579229,60.37935625873294,0.14329323607460556,0.16831515232504582,False,False,normal
2230,train,train,1589,False,-2.7919444593994878,-2.0821553833940354,18.14604895496433,7.269978631460714,258.8188405579229,60.37935625873294,0.07011100473152493,0.12040503711745393,False,False,normal
2231,test,train,1590,False,-1.3789049482734992,-0.8220972939735779,12.148010172540554,5.297281091202498,258.8188405579229,60.37935625873294,0.04693634414849279,0.08773331515001583,False,False,normal
2232,train,train,1591,False,-2.0990625889328074,1.837359379129747,14.75730911163101,3.9021488090543786,258.8188405579229,60.37935625873294,0.057017909051054444,0.06462720126284872,False,False,normal
2233,train,test,1592,False,1.396925938597873,-2.6755050686877198,11.77954114258722,6.031255768649961,258.8188405579229,60.37935625873294,0.045512688014499446,0.09988936852531669,False,False,normal
2234,train,train,1593,False,1.1176765632130048,-0.5956089571107582,13.93625560997647,3.05127345765805,258.8188405579229,60.37935625873294,0.05384559941592651,0.05053504453712572,False,False,normal
2235,train,train,1594,False,3.2116897615481705,-0.7464636488739304,11.682682285145171,4.217447743772809,258.8188405579229,60.37935625873294,0.0451384538311098,0.06984916708453347,False,False,normal
2236,train,train,1595,False,3.7049257264608686,0.10739271383835446,9.887900199332272,3.256124593152749,258.8188405579229,60.37935625873294,0.03820394287377773,0.05392777920983218,False,False,normal
2237,train,train,1596,False,4.801147353914541,0.3489468514583622,11.35414970650734,2.6260802708746933,258.8188405579229,60.37935625873294,0.04386910041800575,0.0434930153879352,False,False,normal
2238,train,train,1597,False,5.040005810281079,0.7143949333495266,15.55736721383274,3.992746734768999,258.8188405579229,60.37935625873294,0.06010909862781433,0.06612767975961172,False,False,normal
2239,train,train,1598,False,5.303479089171674,0.41904095214571485,15.267833699993128,6.071100056119075,258.8188405579229,60.37935625873294,0.05899042614935226,0.10054926770175666,False,False,normal
2240,test,train,1599,False,5.656999686809227,0.2680722096937002,17.825075104595143,4.059221588231973,258.8188405579229,60.37935625873294,0.0688708560248957,0.06722863309170955,False,False,normal
2241,train,test,1600,False,-9.037046843398258,4.276534709525109,25.719781817610507,9.295637295860445,258.8188405579229,60.37935625873294,0.09937368455158695,0.15395389868065998,False,False,normal
2242,train,test,1600,False,-0.15011815648604468,-1.499024675803826,5.7936162371585995,1.5031836694023188,258.8188405579229,60.37935625873294,0.022384831895041292,0.024895655776139655,False,False,normal
2243,train,test,1601,False,-5.338740773893929,-3.0324329499826357,16.657751658704395,4.945052620601436,258.8188405579229,60.37935625873294,0.0643606610044157,0.0818997241277512,False,False,normal
2244,train,train,1602,False,-6.055180758377869,0.04411181538308139,20.81532832435766,5.514704007400008,258.8188405579229,60.37935625873294,0.08042431640404189,0.09133426305124595,False,False,normal
2245,train,train,1603,False,-6.120703192571206,1.9320482131345393,18.2522072544134,5.946667638548156,258.8188405579229,60.37935625873294,0.07052116922812893,0.09848842397500822,False,False,normal
2246,train,train,1603,False,0.015319521282028242,-2.1537889050789105,7.156985822461344,2.5777864486877613,258.8188405579229,60.37935625873294,0.02765249163095463,0.0426931754230971,False,False,normal
2247,train,train,1604,False,-3.4959409846144602,-3.028781880361859,12.642728952468664,2.966922762914772,258.8188405579229,60.37935625873294,0.04884779224424065,0.04913803237982771,False,False,normal
2248,train,train,1605,False,-2.071623481221889,0.878451915101785,7.7494007628664034,3.6529509989565763,258.8188405579229,60.37935625873294,0.02994140900315219,0.06049999909411478,False,False,normal
2249,train,test,1606,False,-1.0824489772549262,2.7145256225464602,12.953848998766928,4.758789182233618,258.8188405579229,60.37935625873294,0.05004986874542425,0.07881483800260511,False,False,normal
2250,train,test,1606,False,0.10592485357533192,0.19303805287825979,5.780327980639487,1.0653144834452566,258.8188405579229,60.37935625873294,0.02233348997383313,0.01764368733711326,False,False,normal
2251,train,test,1606,False,0.3011590746656774,-0.5882812216601627,4.37486933756495,0.8216660643584672,258.8188405579229,60.37935625873294,0.016903210477777666,0.013608393915919333,False,False,normal
2252,train,train,1607,False,-0.9399189054405858,0.23873735050996586,7.418130466221477,3.7699803887702616,258.8188405579229,60.37935625873294,0.02866147785157596,0.0624382342305114,False,False,normal
2253,train,test,1608,False,0.3722504631855842,-2.089848738628791,8.491526698432796,2.0540219900646806,258.8188405579229,60.37935625873294,0.032808765699313215,0.034018613601359785,False,False,normal
2254,test,test,1609,False,1.0360472592458563,-0.4349712165797341,6.22156620939389,2.197880794306811,258.8188405579229,60.37935625873294,0.024038304923947457,0.036401196211642645,False,False,normal
2255,train,train,1610,False,2.849151561369451,-1.3250002522382476,33.30510939002442,4.653973120897257,258.8188405579229,60.37935625873294,0.12868116292550516,0.07707887942618023,False,False,normal
2256,train,train,1611,False,4.391157270306239,-0.6644379990488994,9.687633160751513,2.7793112033387173,258.8188405579229,60.37935625873294,0.037430169843386846,0.046030818735943925,False,False,normal
2257,train,test,1612,False,5.63384731659096,0.2678857499471199,9.837459493114228,3.99624780739884,258.8188405579229,60.37935625873294,0.03800905479642867,0.06618566435644707,False,False,normal
2258,train,train,1613,False,-8.91436213025846,3.595987998657406,22.925162176742067,9.108263885970116,258.8188405579229,60.37935625873294,0.08857609487517769,0.15085062926043943,False,False,normal
2259,train,train,1614,False,-4.717580189476618,0.48874656185002646,13.350245696333113,5.800177602933902,258.8188405579229,60.37935625873294,0.051581429186355415,0.0960622630370458,False,False,normal
2260,train,test,1615,False,-2.34722391349673,-2.363536280937105,7.11786705799511,2.5511816441901902,258.8188405579229,60.37935625873294,0.027501348211944224,0.04225254792810417,False,False,normal
2261,train,test,1616,False,-0.8579732013446562,-1.4807217710093192,15.08225983546998,2.7152199122447445,258.8188405579229,60.37935625873294,0.0582734232289964,0.044969341849384656,False,False,normal
2262,train,train,1617,False,0.6155470406131255,-0.650903277530634,6.714241276169756,1.6772751067697538,258.8188405579229,60.37935625873294,0.025941856712193748,0.027778949805003294,False,False,normal
2263,train,test,1618,False,2.0550083045093195,-1.1871008954501592,6.6957420192609405,5.074494551506089,258.8188405579229,60.37935625873294,0.025870381015645007,0.08404353517386404,False,False,normal
2264,train,train,1619,False,3.3886330566650344,-0.3789627345435665,11.328048480447494,2.633329892392217,258.8188405579229,60.37935625873294,0.04376825294490998,0.04361308327150882,False,False,normal
2265,train,test,1620,False,3.7966802679325826,0.3454303894527323,7.486825622174047,2.254828860998628,258.8188405579229,60.37935625873294,0.02892689576243781,0.03734436735854569,False,False,normal
2266,test,train,1621,False,5.009270253348455,0.1391338403218155,14.576508804723286,5.2284862752107655,258.8188405579229,60.37935625873294,0.05631934975561065,0.0865939387098806,False,False,normal
2267,test,train,1622,False,6.995680232441898,0.7452261146293249,15.21153735158288,3.066562000130776,258.8188405579229,60.37935625873294,0.058772913590031256,0.05078825264367149,False,False,normal
2268,train,train,1623,False,-8.735947922646416,4.291517085605565,21.523381321464004,10.978289373967225,258.8188405579229,60.37935625873294,0.0831600252712172,0.1818219016268393,False,False,normal
2269,train,train,1623,False,-0.45327786808226345,-0.06756663822788969,7.501676331328391,1.6046499383634887,258.8188405579229,60.37935625873294,0.028984274541827792,0.026576135252044872,False,False,normal
2270,train,train,1624,False,-5.956219583848381,1.2577398766082595,19.598751050935956,8.831247404107108,258.8188405579229,60.37935625873294,0.07572381905694309,0.1462626955852946,False,False,normal
2271,train,train,1624,False,-0.4651154237378015,-0.18246989692823098,9.02494472210219,1.6621026293020846,258.8188405579229,60.37935625873294,0.0348697363091789,0.027527663961499874,False,False,normal
2272,train,train,1625,False,-2.345330206223357,-2.5035056270488307,23.17988646548417,5.46470151618028,258.8188405579229,60.37935625873294,0.08956027472929112,0.09050612419190698,False,False,normal
2273,train,train,1626,False,-3.367075520593879,1.6512117301490215,64.59364065614464,7.719751416122944,258.8188405579229,60.37935625873294,0.2495708601309833,0.1278541523868334,False,False,normal
2274,train,train,1626,False,-0.25209168625050915,0.045737980151332534,6.309710567711008,1.307839443206969,258.8188405579229,60.37935625873294,0.024378868841655726,0.021660374078894064,False,False,normal
2275,train,train,1626,False,0.2367060291227378,-2.015354875297716,6.00562063929159,2.135492990017891,258.8188405579229,60.37935625873294,0.023203954651622626,0.035367932391777115,False,False,normal
2276,train,train,1627,False,0.9121240213118793,-2.934853979112315,7.419991702991516,2.815222863369766,258.8188405579229,60.37935625873294,0.0286686691239193,0.04662558592553042,False,False,normal
2277,train,train,1628,False,-0.938921140870488,3.4150816897951994,21.09683202467154,5.556163211026434,258.8188405579229,60.37935625873294,0.08151196404092588,0.0920209083915634,False,False,normal
2278,train,train,1628,False,0.19019432587385368,0.20391371573071754,6.416199524813249,1.1650259985099507,258.8188405579229,60.37935625873294,0.02479031090233681,0.019295104663217533,False,False,normal
2279,train,train,1628,False,0.16141372042598537,0.18844030141679197,5.622203862745684,1.1699494614559593,258.8188405579229,60.37935625873294,0.021722544814072185,0.019376646820191037,False,False,normal
2280,test,train,1628,False,0.5609747240602071,-1.5167238137871903,4.605868860717894,1.2061590564934932,258.8188405579229,60.37935625873294,0.017795724804226972,0.019976348395053332,False,False,normal
2281,train,train,1629,False,3.311634498410249,-0.5225215725303357,12.15294330549172,3.2848532953606977,258.8188405579229,60.37935625873294,0.04695540432564424,0.05440358259675209,False,False,normal
2282,train,train,1630,False,4.241935596325963,-1.119065462581298,10.157285726325897,3.1937466889762924,258.8188405579229,60.37935625873294,0.03924476944734912,0.052894679355154045,False,False,normal
2283,train,train,1631,False,6.4826047948869965,0.7643819248110152,14.099929447433158,4.0102911854686525,258.8188405579229,60.37935625873294,0.05447798706245126,0.06641825010992272,False,False,normal
2284,test,train,1632,False,-9.278276108166168,4.04958205153108,26.94900702702925,10.936135297021249,258.8188405579229,60.37935625873294,0.1041230498094212,0.1811237478279591,False,False,normal
2285,train,train,1632,False,-0.16883370147328122,-1.3513364628485987,5.325160443733107,1.6719623835464992,258.8188405579229,60.37935625873294,0.020574856267240527,0.02769096073800349,False,False,normal
2286,train,train,1633,False,-2.4457706106130805,-2.3540265832603593,10.56797921636065,3.524233587732078,258.8188405579229,60.37935625873294,0.040831568496249276,0.058368187508165956,False,False,normal
2287,train,train,1634,False,-1.176008491661469,-2.9978113872934613,501.2264138812896,35.703826509970405,258.8188405579229,60.37935625873294,1.9365916824324718,0.5913250607869208,True,False,t2 alarm only
2288,train,train,1635,False,-1.9363167546652933,-2.4376653813717057,56.89543686569696,6.392600970915494,258.8188405579229,60.37935625873294,0.21982726119570853,0.1058739504197828,False,False,normal
2289,train,train,1636,False,1.0479270841825983,0.7581383751376243,9.934388814448996,3.274283718897011,258.8188405579229,60.37935625873294,0.03838356123160867,0.05422852977872609,False,False,normal
2290,test,train,1637,False,3.4712670817127167,-0.49968957261674257,6.525911446628813,1.7656544906184326,258.8188405579229,60.37935625873294,0.02521420555227444,0.029242684917878004,False,False,normal
2291,train,train,1638,False,3.838132402720607,4.807211879880045,13.300089421895338,4.145917066664227,258.8188405579229,60.37935625873294,0.05138764006988439,0.06866447944390901,False,False,normal
2292,train,train,1638,False,1.6125769608476783,-0.15057575035956644,9.881313278682937,2.6564732091604077,258.8188405579229,60.37935625873294,0.038178492946581016,0.04399638177288765,False,False,normal
2293,train,train,1639,False,5.708462200629644,0.38502824026559496,23.004679306587846,3.7880168544859907,258.8188405579229,60.37935625873294,0.08888332571538379,0.06273695330990073,False,False,normal
2294,train,train,1640,False,-8.790112464572733,4.38260589406602,27.998201363698534,7.652360404491707,258.8188405579229,60.37935625873294,0.1081768286394615,0.12673802568713063,False,False,normal
2295,test,train,1640,False,-0.46043067711954616,-0.018631539047917353,8.193223748010142,1.7874594697841057,258.8188405579229,60.37935625873294,0.03165621069296353,0.029603817936127423,False,False,normal
2296,train,train,1640,False,-0.4796455347857393,-0.06968501188472086,7.186601973107042,1.4172649426351367,258.8188405579229,60.37935625873294,0.02776691974052291,0.023472673947731122,False,False,normal
2297,train,train,1640,False,-0.4641909135254731,-0.052282248631147256,7.494389207021811,1.427335768858872,258.8188405579229,60.37935625873294,0.028956119233308243,0.023639466488224275,False,False,normal
2298,train,train,1640,False,-0.4579049196530814,-0.044917738037596,7.814196617479212,1.4905733548071542,258.8188405579229,60.37935625873294,0.03019176115863334,0.024686804351140557,False,False,normal
2299,test,train,1640,False,-0.48019366206996955,-0.06881925671106941,7.106519140378779,1.195258827392132,258.8188405579229,60.37935625873294,0.02745750319049266,0.01979581932391431,False,False,normal
2300,train,train,1640,False,-0.47853751861720234,-0.1458585452365299,9.02631297298958,1.4754017690230157,258.8188405579229,60.37935625873294,0.03487502282883273,0.02443553327565697,False,False,normal
2301,train,train,1640,False,-0.4629365445055767,-0.05146607221141739,7.666809439966261,1.6578304463274784,258.8188405579229,60.37935625873294,0.029622300383694254,0.027456908272149704,False,False,normal
2302,train,train,1640,False,-0.47945109792672663,-0.06996726737810503,7.217199891863216,1.5012468688940228,258.8188405579229,60.37935625873294,0.027885141113782357,0.02486357857909243,False,False,normal
2303,train,train,1640,False,-0.4664969658603085,-0.055277025239507706,7.43301377448203,1.4653356284707961,258.8188405579229,60.37935625873294,0.02871898258433989,0.024268818339030534,False,False,normal
2304,train,train,1640,False,-0.2546464506735942,-0.9271320965642994,5.719307908783228,1.2919596361719643,258.8188405579229,60.37935625873294,0.02209772633419731,0.021397373477049987,False,False,normal
2305,train,test,1641,False,-5.136821139594976,-3.0974437648939137,14.315154023755456,7.191096839215115,258.8188405579229,60.37935625873294,0.055309551626523755,0.11909860066080175,False,False,normal
2306,train,train,1642,False,-2.0097434024361864,-1.2392613836821549,26.817370556237822,3.8971204435767226,258.8188405579229,60.37935625873294,0.10361444514019517,0.06454392171518165,False,False,normal
2307,test,train,1643,False,2.2909475062973517,-1.9315771285274297,7.793508268352328,2.8762075771951516,258.8188405579229,60.37935625873294,0.030111827452561992,0.04763561182849068,False,False,normal
2308,train,test,1644,False,1.7346076993862964,-1.0005849499872752,30.83663073703566,4.738516327536397,258.8188405579229,60.37935625873294,0.11914368625778042,0.07847907995625647,False,False,normal
2309,test,train,1645,False,4.45345865398394,-0.2884465686530964,7.6558059211564675,3.213207334622777,258.8188405579229,60.37935625873294,0.029579786018101416,0.05321698563419242,False,False,normal
2310,train,train,1646,False,5.1345260711482235,0.4775003622890542,8.063276316254209,2.9980874334183367,258.8188405579229,60.37935625873294,0.03115413197459893,0.04965418015672716,False,False,normal
2311,test,train,1647,False,4.786157049958768,1.492330887321209,11.646048086873126,5.090599075282228,258.8188405579229,60.37935625873294,0.044996910046302345,0.08431025752358781,False,False,normal
2312,train,train,1648,False,5.8962866037189805,-0.08798209256288873,10.366546823797401,2.4434954850304145,258.8188405579229,60.37935625873294,0.040053292880266184,0.04046905492929963,False,False,normal
2313,train,train,1649,False,-10.321207903883348,5.155366177550598,31.729284414084002,3.2499139723611834,258.8188405579229,60.37935625873294,0.12259263794585727,0.0538249192064073,False,False,normal
2314,train,test,1650,False,-6.253264084112571,0.9466895647927748,25.858617200251082,7.6993679984663395,258.8188405579229,60.37935625873294,0.09991010370229983,0.12751656320205873,False,False,normal
2315,train,test,1651,False,-3.8082403040179615,1.0508503278626864,30.146452018645007,6.49515319063052,258.8188405579229,60.37935625873294,0.11647703835493506,0.10757241535994509,False,False,normal
2316,train,test,1651,False,0.027460601051638667,-1.6375075038938953,6.045458918264428,1.4268449580141214,258.8188405579229,60.37935625873294,0.023357878063407337,0.02363133770257364,False,False,normal
2317,train,train,1652,False,-1.5230320878503694,-2.9327129803219067,9.27001476178977,2.9587681676282274,258.8188405579229,60.37935625873294,0.03581661497983246,0.04900297636413252,False,False,normal
2318,train,test,1653,False,-2.0957940369879635,-1.2283948021063058,9.907372099215005,3.3580612710766515,258.8188405579229,60.37935625873294,0.038279176577169484,0.055616049576397396,False,False,normal
2319,train,train,1654,False,0.9785197907212728,-2.7999336544553572,10.75430234285724,3.6730586432785244,258.8188405579229,60.37935625873294,0.041551466344856215,0.060833020934158655,False,False,normal
2320,train,train,1655,False,1.4835561494840568,-0.5841564113544181,18.668188259651707,4.461755419652362,258.8188405579229,60.37935625873294,0.07212839768314247,0.0738953790850832,False,False,normal
2321,train,test,1656,False,3.4933218175840053,-0.3861656697395622,10.875032231823784,2.13999068074983,258.8188405579229,60.37935625873294,0.042017931184534396,0.0354424229297793,False,False,normal
2322,train,test,1657,False,3.9558598992126464,-1.144025248812525,13.511275420527708,3.3861146319927355,258.8188405579229,60.37935625873294,0.05220360075565644,0.056080667993259475,False,False,normal
2323,test,train,1658,False,6.6061121040670985,0.5293277037347054,31.56581349515578,6.672134891789119,258.8188405579229,60.37935625873294,0.12196103431694125,0.11050357779897824,False,False,normal
2324,train,train,1659,False,-11.162840310601732,5.3504756174204005,36.80504510887479,6.367559725290892,258.8188405579229,60.37935625873294,0.14220388681726565,0.10545921851178934,False,False,normal
2325,train,train,1659,False,-0.3887561261582049,-0.44957772474745905,6.162906757788779,1.1431286900635105,258.8188405579229,60.37935625873294,0.023811662027786337,0.01893244249185208,False,False,normal
2326,train,train,1660,False,-2.656863926373722,0.7113454669746725,30.580993581219317,4.823469490178708,258.8188405579229,60.37935625873294,0.11815597935334766,0.07988607015797833,False,False,normal
2327,train,train,1661,False,-0.11683220887921447,-1.0984500819702756,11.945983365772685,3.0573585529989424,258.8188405579229,60.37935625873294,0.04615577189056764,0.05063582559406209,False,False,normal
2328,train,train,1662,False,3.648247357403826,-0.554771512559104,6.317806118782367,2.729959739724834,258.8188405579229,60.37935625873294,0.024410147673806847,0.04521346216456204,False,False,normal
2329,train,train,1663,False,4.513342219639587,-2.4079355780397322,80.70753069453129,22.68155241591624,258.8188405579229,60.37935625873294,0.31183019953475594,0.3756507823422795,False,False,normal
2330,train,train,1664,False,-9.971226654295512,4.902646240436581,24.82855315452403,2.6328205739736417,258.8188405579229,60.37935625873294,0.09593023869901571,0.04360464796430891,False,False,normal
2331,test,train,1664,False,-0.4732277159683517,-0.013234957214861105,7.477760929640503,1.5655624250828826,258.8188405579229,60.37935625873294,0.02889187245225682,0.025928769733387945,False,False,normal
2332,train,train,1664,False,-0.4734623654706355,-0.12743431743833233,9.330233676590604,1.6633131710079405,258.8188405579229,60.37935625873294,0.036049283183858964,0.02754771289512329,False,False,normal
2333,test,train,1664,False,-0.04107963582761461,-1.989740424936851,7.450916441565786,2.0632667565400817,258.8188405579229,60.37935625873294,0.028788153232988046,0.034171724979953924,False,False,normal
2334,train,test,1665,False,-6.132071994073613,-2.6651317253319697,21.398271823879604,4.65801748089145,258.8188405579229,60.37935625873294,0.08267663890987385,0.07714586192226486,False,False,normal
2335,train,train,1666,False,-5.522422400728891,-3.1988547648477303,25.164977757564216,5.875109531265544,258.8188405579229,60.37935625873294,0.09723008457698569,0.09730328203715818,False,False,normal
2336,train,test,1667,False,-5.092228092806702,-2.2534978478393746,24.384605143176497,6.78094476531546,258.8188405579229,60.37935625873294,0.09421495394466577,0.11230568170118078,False,False,normal
2337,test,train,1668,False,-2.9991163515738077,-3.4780661890629534,21.293731236858672,2.7406041060015736,258.8188405579229,60.37935625873294,0.0822727247790649,0.04538975364788172,False,False,normal
2338,train,train,1669,False,1.7938170407599336,-2.49029564016327,24.23078903815852,4.048359145341724,258.8188405579229,60.37935625873294,0.09362065368164625,0.06704872983398513,False,False,normal
2339,train,test,1670,False,4.240867670281922,-1.06120784768617,14.626251599798765,2.6716452797721106,258.8188405579229,60.37935625873294,0.0565115413092404,0.04424766087806208,False,False,normal
2340,train,test,1671,False,4.652975894320404,0.835301141988218,57.26667599578672,27.23612655348539,258.8188405579229,60.37935625873294,0.22126162018321308,0.45108342057797457,False,False,normal
2341,train,train,799,False,-10.365453004951434,4.9145907781666445,30.614215769858596,4.029463867248496,258.8188405579229,60.37935625873294,0.11828434013484125,0.06673578714522475,False,False,normal
2342,test,train,799,False,-0.4670165907400529,-0.012175982537758962,7.767883265674373,1.644166032262711,258.8188405579229,60.37935625873294,0.03001281996677496,0.0272305989023344,False,False,normal
2343,train,train,799,False,-0.48012257832076916,-0.0615108582340819,7.1721643528825405,1.4167189634679114,258.8188405579229,60.37935625873294,0.02771113701545785,0.023463631466971873,False,False,normal
2344,train,train,799,False,-0.2512999192741725,-1.0012277112901542,5.211475588757275,1.1088060287683126,258.8188405579229,60.37935625873294,0.02013561137018911,0.01836399222305291,False,False,normal
2345,train,test,1672,False,-2.98907238169626,-4.981275879480281,25.927254391664025,11.287156836653871,258.8188405579229,60.37935625873294,0.10017529765520135,0.18693734971746007,False,False,normal
2346,test,train,1673,False,-2.3619387263255516,-3.1765809092618653,17.2326713535985,2.1369283611337178,258.8188405579229,60.37935625873294,0.06658198188528659,0.0353917049392961,False,False,normal
2347,train,test,1674,False,-0.5489548193960938,0.0004615952807640498,11.547207563188353,2.2020085870840407,258.8188405579229,60.37935625873294,0.04461501928644998,0.03646956051747495,False,False,normal
2348,test,test,1675,False,0.3451835483403907,-1.472105539334869,10.903306372518895,2.6646846062356984,258.8188405579229,60.37935625873294,0.042127174161723235,0.04413237853708142,False,False,normal
2349,train,train,1676,False,2.1086091438083927,0.050206839093375394,187.54295889610793,6.998234868395754,258.8188405579229,60.37935625873294,0.7246109228054299,0.11590442995793893,False,False,normal
2350,train,train,1677,False,2.1823514438938547,-1.535416472967376,35.872678303092414,3.731256910490427,258.8188405579229,60.37935625873294,0.13860149526117754,0.06179689784206267,False,False,normal
2351,train,train,1678,False,2.677615635579903,0.15352896704309257,7.655634993947498,2.6588641382773397,258.8188405579229,60.37935625873294,0.029579125605557255,0.044035980226151815,False,False,normal
2352,train,train,1679,False,3.7575332428358728,2.2378983808808495,9.56611004232844,2.180689753777478,258.8188405579229,60.37935625873294,0.03696064019801361,0.03611647902360792,False,False,normal
2353,train,train,1680,False,3.6526056937161995,0.6407685791069072,9.620490730012154,3.8746005179470973,258.8188405579229,60.37935625873294,0.0371707512068045,0.06417094778791545,False,False,normal
2354,test,train,1681,False,4.517122392903108,2.891447021580188,9.625419971838769,2.3185624421453337,258.8188405579229,60.37935625873294,0.037189796349793275,0.03839991987012928,False,False,normal
2355,train,train,1682,False,5.185848315355848,4.668980086054243,16.823812111078915,4.834146468346189,258.8188405579229,60.37935625873294,0.06500226983017411,0.08006290175786702,False,False,normal
2356,train,train,1682,False,1.930478556482266,0.8125471914042027,20.008324028067772,5.2460106959578425,258.8188405579229,60.37935625873294,0.07730628877301522,0.08688417732507853,False,False,normal
2357,test,train,1682,False,2.1566440835824827,-0.16183055696865448,15.406026592540831,4.8413550152717955,258.8188405579229,60.37935625873294,0.05952436290700795,0.080182289366021,False,False,normal
2358,train,train,1683,False,-9.935806627839055,5.840156318392645,22.42699236752578,2.57476936732522,258.8188405579229,60.37935625873294,0.08665131301562524,0.042643206666397995,False,False,normal
2359,train,train,1683,False,0.042333805376134195,-2.552548309761781,14.796732429433419,3.3699444540442056,258.8188405579229,60.37935625873294,0.05717022917472638,0.055812858282284106,False,False,normal
2360,train,train,1684,False,-2.674231287354561,-0.8057729211096646,13.362682284726558,2.409910016792594,258.8188405579229,60.37935625873294,0.05162948051201098,0.03991281401652966,False,False,normal
2361,train,train,1685,False,-0.07538601185955697,-2.1094061585662116,7.238013190632154,2.1952745641977893,258.8188405579229,60.37935625873294,0.027965557588580218,0.03635803195368246,False,False,normal
2362,train,train,1686,False,1.932783892332564,1.8618013724720748,13.253196206643276,5.077049427270365,258.8188405579229,60.37935625873294,0.05120645845593783,0.08408584890363166,False,False,normal
2363,train,train,1687,False,2.1784583387865957,3.8712429018272263,11.284010003647667,3.777349689906988,258.8188405579229,60.37935625873294,0.04359810120207357,0.06256028424219334,False,False,normal
2364,train,train,1687,False,0.7891590747260777,0.4469636764576471,7.392784078994384,1.6025762867483042,258.8188405579229,60.37935625873294,0.02856354685407804,0.02654179153353455,False,False,normal
2365,train,train,1687,False,0.7762792276510752,0.35387063944316566,8.639556108713256,2.2188441345181973,258.8188405579229,60.37935625873294,0.033380707873079854,0.036748390045931896,False,False,normal
2366,train,train,1687,False,0.7996442703399262,0.4598375165234915,7.806843925521216,1.5284855166439293,258.8188405579229,60.37935625873294,0.030163352515962093,0.025314703755604507,False,False,normal
2367,train,train,1687,False,1.2664518775902898,-1.6005191464775097,6.431711585996779,2.628719864762706,258.8188405579229,60.37935625873294,0.02485024495176726,0.04353673221520149,False,False,normal
2368,train,train,1688,False,3.944753118691944,1.4811764723902061,6.006887563186787,3.342329231417023,258.8188405579229,60.37935625873294,0.023208849673532414,0.0553554962907311,False,False,normal
2369,train,train,1689,False,5.186634164216979,0.41578360001516024,221.93456893926825,14.85807841790532,258.8188405579229,60.37935625873294,0.8574900052131249,0.24607878153315568,False,False,normal
2370,test,train,1690,False,3.8119871189052166,4.230519776085196,15.82954030419293,6.60179304936569,258.8188405579229,60.37935625873294,0.06116069552769025,0.1093385795813423,False,False,normal
2371,train,train,1690,False,1.1572607431402648,0.4043162656019524,8.464987521008968,6.347136091338775,258.8188405579229,60.37935625873294,0.03270622611074764,0.10512096326665887,False,False,normal
2372,train,train,1690,False,1.1570951671833762,0.40520052081023494,8.383759718518963,6.336194238121348,258.8188405579229,60.37935625873294,0.032392385733768486,0.10493974481890764,False,False,normal
2373,train,train,1690,False,1.1569908934357114,0.40571957852650714,8.310175316415041,6.331517179198936,258.8188405579229,60.37935625873294,0.03210807721146269,0.10486228359354495,False,False,normal
2374,train,train,1690,False,1.1569012123477402,0.4059415660143182,8.242344755314958,6.332912192309025,258.8188405579229,60.37935625873294,0.03184599984123005,0.10488538773371019,False,False,normal
2375,train,train,1690,False,1.1567151181482993,0.40650661270538824,8.17244738302685,6.339839985485572,258.8188405579229,60.37935625873294,0.03157593691946812,0.10500012551174909,False,False,normal
2376,train,train,1690,False,1.1565470214356635,0.40679863061148763,8.104910666541873,6.352991901907465,258.8188405579229,60.37935625873294,0.031314994878543306,0.10521794692020427,False,False,normal
2377,train,train,1690,False,1.1563258754454475,0.40729187871889544,8.038421779724382,6.37167342562697,258.8188405579229,60.37935625873294,0.031058101343767543,0.10552734941928775,False,False,normal
2378,train,train,1690,False,1.1566074483706927,0.40549043185513495,7.9683062825700075,6.394953828615872,258.8188405579229,60.37935625873294,0.030787195651572837,0.10591291833607352,False,False,normal
2379,train,train,1690,False,1.155809707948953,0.40826010165840876,7.9158290235923365,6.427161509381322,258.8188405579229,60.37935625873294,0.030584438932376706,0.10644634039886326,False,False,normal
2380,train,train,1690,False,1.1557642588070878,0.40803521888048033,7.859924410732955,6.461080204813825,258.8188405579229,60.37935625873294,0.030368439924194492,0.10700810020443585,False,False,normal
2381,train,train,1690,False,1.1555689411019334,0.4084154414751399,7.806466719863733,6.501248458806631,258.8188405579229,60.37935625873294,0.030161895104064765,0.10767336489889003,False,False,normal
2382,train,train,1690,False,1.1553783275792908,0.4087617488815399,7.755933399059464,6.546902713693861,258.8188405579229,60.37935625873294,0.029966649191150014,0.10842948847681616,False,False,normal
2383,train,train,1690,False,1.1551493585567336,0.4092283854563956,7.707863085300357,6.597644236030801,258.8188405579229,60.37935625873294,0.02978091961421703,0.10926986713404307,False,False,normal
2384,test,train,1690,False,1.136013428381881,0.3890533126033416,7.182645111619841,6.752642535051928,258.8188405579229,60.37935625873294,0.027751631589634552,0.11183694152213262,False,False,normal
2385,train,train,1690,False,1.135799399964344,0.38956836932295036,7.151042743234878,6.801186202258099,258.8188405579229,60.37935625873294,0.027629529317957424,0.11264091940818617,False,False,normal
2386,train,train,1690,False,1.1356239717017456,0.3899290953659937,7.129131090347143,6.85481781482872,258.8188405579229,60.37935625873294,0.027544869125366724,0.11352916360113191,False,False,normal
2387,test,train,1690,False,1.1354096063359016,0.3905131562321596,7.103149193395608,6.913929248725081,258.8188405579229,60.37935625873294,0.027444482704905498,0.11450816433182968,False,False,normal
2388,test,train,1690,False,1.1352093288756495,0.3909326573883141,7.0832780009035785,6.978620799214016,258.8188405579229,60.37935625873294,0.027367706252120243,0.1155795826856744,False,False,normal
2389,train,train,1690,False,1.1350981955356452,0.3909643778818197,7.069397083226562,7.048495112357119,258.8188405579229,60.37935625873294,0.027314074462227767,0.11673683770581213,False,False,normal
2390,train,train,1690,False,1.134794724325852,0.3917529413384147,7.051724186204864,7.124601102147769,258.8188405579229,60.37935625873294,0.027245791577629408,0.11799730145545076,False,False,normal
2391,train,train,1690,False,1.1354968541563577,0.3925803468065516,7.039018101412235,7.197157997030129,258.8188405579229,60.37935625873294,0.02719669899702268,0.11919898526558358,False,False,normal
2392,train,train,1690,False,1.1352903407094554,0.39289652289410243,7.029302270146756,7.284547662522467,258.8188405579229,60.37935625873294,0.027159159877982758,0.12064632871054948,False,False,normal
2393,train,train,1690,False,1.1351394434003363,0.3930408069665907,7.023765170633294,7.37718781462417,258.8188405579229,60.37935625873294,0.027137766151384163,0.12218063046270344,False,False,normal
2394,train,train,1690,False,1.1349687039887544,0.39330742495592746,7.020398869565661,7.475179248124018,258.8188405579229,60.37935625873294,0.027124759752544046,0.12380355988049888,False,False,normal
2395,train,train,1690,False,1.1227204618299045,0.30085633852215915,8.401705515808118,8.31854415954231,258.8188405579229,60.37935625873294,0.032461723024865496,0.13777132905982514,False,False,normal
2396,train,train,1690,False,1.134660548016531,0.3938336409884638,7.02305360050541,7.686838550023534,258.8188405579229,60.37935625873294,0.027135016853356436,0.12730905107839324,False,False,normal
2397,train,train,1690,False,1.134009427778942,0.3962534983109422,7.034580044722826,7.801486017501103,258.8188405579229,60.37935625873294,0.0271795516491718,0.1292078369313972,False,False,normal
2398,test,train,1690,False,1.1352853448069247,0.39482466013190787,7.029145996689104,7.915107265704458,258.8188405579229,60.37935625873294,0.027158556083230742,0.1310896265900427,False,False,normal
2399,train,train,1690,False,1.134967326217753,0.39591284434752255,7.036022318288042,8.042229289717136,258.8188405579229,60.37935625873294,0.027185124170716626,0.13319501544957185,False,False,normal
2400,train,train,1690,False,1.137196375612207,0.3991413518389914,7.0385645226182385,8.16875669010012,258.8188405579229,60.37935625873294,0.027194946501752172,0.13529055618108937,False,False,normal
2401,train,train,1690,False,1.1428079456873095,0.4051662966343996,7.084074440365642,8.328254450960038,258.8188405579229,60.37935625873294,0.02737078346033409,0.1379321504401678,False,False,normal
2402,train,train,1690,False,1.1425387690322102,0.4057607492254949,7.096349395807152,8.47610732010183,258.8188405579229,60.37935625873294,0.0274182102837255,0.14038088256159392,False,False,normal
2403,train,train,1690,False,1.1423618407146379,0.40590743186547185,7.10778242386826,8.63001379818428,258.8188405579229,60.37935625873294,0.027462384146943734,0.14292987426370718,False,False,normal
2404,test,train,1690,False,1.142150139868825,0.40618677646919116,7.124675901540578,8.78896538418326,258.8188405579229,60.37935625873294,0.027527655584045848,0.14556242280095646,False,False,normal
2405,train,train,1690,False,1.1419667965958666,0.40636904039937793,7.147847639596154,8.952871060681613,258.8188405579229,60.37935625873294,0.027617184375711964,0.14827702074724783,False,False,normal
2406,train,train,1690,False,1.1417695616675014,0.4065110487333828,7.170391008022525,9.122997950266242,258.8188405579229,60.37935625873294,0.027704285331646143,0.15109465412604067,False,False,normal
2407,test,train,1690,False,1.1415831294127883,0.4067325326553113,7.196098263541355,9.298089920853213,258.8188405579229,60.37935625873294,0.027803610618257483,0.1539945189380582,False,False,normal
2408,train,train,1690,False,1.1413641440936877,0.4070580725256149,7.22553826926939,9.478739799616537,258.8188405579229,60.37935625873294,0.02791735815558735,0.1569864335584993,False,False,normal
2409,train,train,1690,False,1.1412280851339414,0.40715894585387646,7.256371833408365,9.664097535984581,258.8188405579229,60.37935625873294,0.028036489993410702,0.16005631949060103,False,False,normal
2410,train,train,1690,False,1.1410620658816304,0.4074578000082377,7.291615554059379,9.854695882162998,258.8188405579229,60.37935625873294,0.028172661380992225,0.16321300015082008,False,False,normal
2411,train,train,1690,False,1.14090992038019,0.40778577715232944,7.329771898036728,10.050254788137895,258.8188405579229,60.37935625873294,0.028320086289840042,0.16645183736426936,False,False,normal
2412,train,train,1690,False,1.1407596154022963,0.408100558928172,7.370888506120399,10.251209352885674,258.8188405579229,60.37935625873294,0.028478948789938712,0.1697800372193103,False,False,normal
2413,train,train,1690,False,1.151327757398114,0.36214671590231023,7.210064248297028,10.462313288853355,258.8188405579229,60.37935625873294,0.027857571082362673,0.17327633047330052,False,False,normal
2414,train,train,1691,False,6.586035547066355,-0.5395275154164794,14.240298401482084,7.7888026157442285,258.8188405579229,60.37935625873294,0.05502033148276602,0.12899777504033422,False,False,normal
2415,train,train,1692,False,-10.247473445095505,4.434443921684824,36.204132419441784,5.10990286719598,258.8188405579229,60.37935625873294,0.13988213663811466,0.08462996599863404,False,False,normal
2416,test,train,1692,False,-0.448178421240413,-0.2259770963401017,6.422636084846203,1.3722798989236387,258.8188405579229,60.37935625873294,0.024815179880263917,0.02272763381317368,False,False,normal
2417,test,train,1692,False,-0.4420738273790571,-0.2474291909875798,6.392895195228959,1.238061674152022,258.8188405579229,60.37935625873294,0.024700269815938102,0.020504718017310023,False,False,normal
2418,train,train,1692,False,-0.4422976635294553,-0.24517126684307278,6.361071175138157,1.1585149257263143,258.8188405579229,60.37935625873294,0.02457731114715572,0.019187268588322405,False,False,normal
2419,train,train,1692,False,-0.4426091461637128,-0.24286451995310904,6.335231295354628,1.083730597239818,258.8188405579229,60.37935625873294,0.02447747343932955,0.01794869412976017,False,False,normal
2420,test,train,1692,False,-0.4355363056242618,-0.27316582903135467,6.146816870456585,0.9623897808314834,258.8188405579229,60.37935625873294,0.023749495427791107,0.01593905335306202,False,False,normal
2421,train,train,1693,False,-2.447726301032757,-1.0987626971547169,17.940622266920045,2.7678751992801067,258.8188405579229,60.37935625873294,0.06931729633069346,0.04584141618568145,False,False,normal
2422,train,train,1694,False,-2.785630316155679,-3.368545020516475,18.17975722031146,2.9456291435771087,258.8188405579229,60.37935625873294,0.07024124357068542,0.04878536847850326,False,False,normal
2423,train,train,1695,False,-0.992952028525107,-2.192750460818528,19.9714346989792,4.153698799279279,258.8188405579229,60.37935625873294,0.07716375923764966,0.06879336012593726,False,False,normal
2424,train,train,1696,False,0.5353507537684047,-1.7535094303768064,9.264600249982966,3.64016457858463,258.8188405579229,60.37935625873294,0.035795694896135564,0.06028823101369413,False,False,normal
2425,train,train,1697,False,1.7558972512020141,-1.4128493259156178,9.339220024913901,3.6935157628019115,258.8188405579229,60.37935625873294,0.03608400379501666,0.0611718307657131,False,False,normal
2426,train,train,1698,False,1.9458154746939134,1.5604803775454024,10.70111702800508,2.4964844385930265,258.8188405579229,60.37935625873294,0.04134597390567554,0.04134665543460392,False,False,normal
2427,train,train,1699,False,3.761948453196707,-0.3287236227520127,22.987422238168094,15.54847009782785,258.8188405579229,60.37935625873294,0.08881664947039887,0.25751301539553934,False,False,normal
2428,train,train,1700,False,7.277058828229088,1.045026019481856,12.374298385976388,3.7613718012101818,258.8188405579229,60.37935625873294,0.04781065535763057,0.062295659216574664,False,False,normal
2429,train,train,1701,False,-10.153274122946957,5.682286817814859,33.815210666417805,4.136559072728995,258.8188405579229,60.37935625873294,0.1306520444706577,0.06850949279756036,False,False,normal
2430,train,train,1701,False,0.03434806020348369,-2.332646952220779,8.814659538236054,2.593080937141354,258.8188405579229,60.37935625873294,0.03405725610714711,0.04294648200669256,False,False,normal
2431,train,train,1702,False,-4.444657875222894,-1.4978698210532986,17.95810874747419,2.435861863152903,258.8188405579229,60.37935625873294,0.06938485895680077,0.04034262725019685,False,False,normal
2432,test,train,1703,False,-4.095359090863189,1.6030310263011456,68.39608010859749,7.910302416994122,258.8188405579229,60.37935625873294,0.2642623696217766,0.13101004891634663,False,False,normal
2433,train,train,1703,False,0.08453606192964393,-1.7269616488184478,6.494219072599841,1.9190602437875788,258.8188405579229,60.37935625873294,0.02509175552521824,0.03178338363801314,False,False,normal
2434,train,train,1704,False,-1.1214214371567635,-0.454781866854084,4.8877426525633405,1.9729523952178551,258.8188405579229,60.37935625873294,0.01888480236611476,0.03267594286304598,False,False,normal
2435,train,train,1705,False,1.6178071955803883,-0.8060717591435638,7.1787249133161515,1.56945838783673,258.8188405579229,60.37935625873294,0.027736485094521448,0.0259932944815014,False,False,normal
2436,train,test,1706,False,2.975636523634886,3.927924160944268,14.802186463129571,3.7774927600085797,258.8188405579229,60.37935625873294,0.05719130195939845,0.06256265376234818,False,False,normal
2437,test,test,1706,False,1.3496169848329869,-0.17153878711010379,7.769246830892328,2.0228196580914055,258.8188405579229,60.37935625873294,0.030018088382377996,0.03350184207700684,False,False,normal
2438,train,train,1707,False,5.538073172463201,1.103357222809455,10.159214085450289,4.480014391633678,258.8188405579229,60.37935625873294,0.039252220060759783,0.07419778330256234,False,False,normal
2439,train,train,1708,False,4.587072014216657,4.086230167223406,15.251706302170492,5.168992852304481,258.8188405579229,60.37935625873294,0.05892811461983659,0.08560861149553686,False,False,normal
2440,train,train,1709,False,5.573209865371076,4.375326746814295,18.60263856192903,7.841418074495924,258.8188405579229,60.37935625873294,0.0718751328992443,0.1298691897425088,False,False,normal
2441,train,train,1709,False,2.007710945353364,0.942998391839179,19.71407688437598,5.0257178996381535,258.8188405579229,60.37935625873294,0.076169404212921,0.08323569860702616,False,False,normal
2442,train,train,1709,False,2.177757803169397,0.15801585518603317,16.717873503165,4.688138774350521,258.8188405579229,60.37935625873294,0.06459295415715142,0.07764472933863806,False,False,normal
2443,train,train,1710,False,6.1222106324599075,0.9563219112102,15.56357391661059,13.198950579815975,258.8188405579229,60.37935625873294,0.060133079504803316,0.21860038592092393,False,False,normal
2444,train,train,1711,False,-10.11139295659598,5.5606902369306255,27.45589527101273,4.2309968355608,258.8188405579229,60.37935625873294,0.10608151714082105,0.07007356649233656,False,False,normal
2445,test,train,1711,False,-0.48348223602354495,-0.03734744475396989,7.120358920630107,1.4723289849382908,258.8188405579229,60.37935625873294,0.027510976037451923,0.024384641973146926,False,False,normal
2446,train,train,1711,False,0.022151896886959458,-2.2144826114561713,7.835308622230754,2.7155937787209545,258.8188405579229,60.37935625873294,0.030273331745635554,0.04497553380801714,False,False,normal
2447,train,train,1712,False,-3.4923449568405616,2.2118943794048995,200.9635464160059,7.860069451605901,258.8188405579229,60.37935625873294,0.7764641321427713,0.1301780929548924,False,False,normal
2448,train,train,1713,False,-1.5096530424108239,-2.5579989718376,10.82254719804766,4.651852449253832,258.8188405579229,60.37935625873294,0.04181514442580005,0.07704375696421926,False,False,normal
2449,train,train,1714,False,-2.917030395262033,2.223067958307912,20.61633094075895,11.083171354163273,258.8188405579229,60.37935625873294,0.07965544894767843,0.18355895194825406,False,False,normal
2450,train,train,1715,False,1.2127646694340515,-3.000471861006983,10.20210735918169,6.128550089145616,258.8188405579229,60.37935625873294,0.03941794707521877,0.1015007523909998,False,False,normal
2451,test,train,1716,False,0.4695708097757779,3.8056597334297595,10.445507068570612,2.7974961259005444,258.8188405579229,60.37935625873294,0.040358372080076366,0.046331996550492034,False,False,normal
2452,train,train,1716,False,0.9565065188409358,-1.9720998985926734,6.2922992041445704,3.311204043496319,258.8188405579229,60.37935625873294,0.024311596445531453,0.054840002422473735,False,False,normal
2453,train,train,1443,False,1.6174204465340247,3.751347213590519,10.128099957041526,2.0847140213332427,258.8188405579229,60.37935625873294,0.039132004204983244,0.03452693354993696,False,False,normal
2454,train,train,1443,False,0.6305831221947154,0.35128453991723135,9.26634729671787,1.5244056861140711,258.8188405579229,60.37935625873294,0.03580244497171406,0.025247133798210863,False,False,normal
2455,train,train,1443,False,1.0781245842241594,-1.540680149549739,5.71688776721046,1.9712546436371527,258.8188405579229,60.37935625873294,0.022088375617813794,0.03264782478286262,False,False,normal
2456,train,train,1717,False,3.4345013973942824,-1.67551754732454,9.096353762399875,4.675245158342249,258.8188405579229,60.37935625873294,0.0351456398722416,0.07743118588923424,False,False,normal
2457,test,test,1718,False,3.3726192505412778,1.5101744860116089,10.150994594332124,6.298109406266088,258.8188405579229,60.37935625873294,0.03922046236066173,0.10430898566188611,False,False,normal
2458,train,train,1719,False,2.039094343212562,4.051189198038991,11.676349456538784,6.965371474646985,258.8188405579229,60.37935625873294,0.04511398564095511,0.1153601480081953,False,False,normal
2459,train,train,1719,False,0.9616926271722512,0.5289454822288792,8.523835117256624,1.835220259921314,258.8188405579229,60.37935625873294,0.032933595942560505,0.030394829849744842,False,False,normal
2460,test,train,1719,False,1.3430389128409608,-1.2968388990600779,8.012366320739977,2.4637330907396637,258.8188405579229,60.37935625873294,0.03095743070121216,0.04080422918360152,False,False,normal
2461,train,test,1720,False,4.461238518153608,-0.6626033967764346,18.96803474143115,18.55018115455482,258.8188405579229,60.37935625873294,0.07328691644141015,0.3072272098275613,False,False,normal
2462,test,train,1721,False,6.155134074275626,-2.7758367206610615,38.60754586487944,10.658131612271024,258.8188405579229,60.37935625873294,0.14916822044969785,0.17651946414598432,False,False,normal
2463,train,train,1722,False,6.721247757376739,0.4805684573417231,23.409116787642517,9.940708699781208,258.8188405579229,60.37935625873294,0.09044595338260789,0.16463754030738673,False,False,normal
2464,train,train,1723,False,-9.646074881638981,4.303054605208598,27.07334481284607,2.212941854203806,258.8188405579229,60.37935625873294,0.10460345450310111,0.03665063676268888,False,False,normal
2465,train,train,1724,False,-4.775279338326019,-2.582641245374965,21.61079398564342,6.641063554162727,258.8188405579229,60.37935625873294,0.08349776213763305,0.10998897579671033,False,False,normal
2466,train,train,1725,False,-3.021806267261925,-1.9230612897900587,13.747340056836103,5.742198039223535,258.8188405579229,60.37935625873294,0.0531156851920117,0.09510200828603592,False,False,normal
2467,train,test,1726,False,-3.4939142521631377,1.5327493648818444,10.624989522956975,4.03072675888538,258.8188405579229,60.37935625873294,0.04105183958035363,0.06675670309589293,False,False,normal
2468,train,test,1727,False,-1.6541505961631933,-2.3579222114707883,12.132596186665285,5.714828779044956,258.8188405579229,60.37935625873294,0.0468767890332545,0.0946487199127499,False,False,normal
2469,train,test,1728,False,-1.8707333738851153,-1.520635842644992,6.57125823854731,2.9956579396942984,258.8188405579229,60.37935625873294,0.025389412240553955,0.049613942998291284,False,False,normal
2470,test,test,1729,False,-0.6849889836639322,-0.5641581187427999,8.200902075595588,3.3373957187755927,258.8188405579229,60.37935625873294,0.03168587749607915,0.055273787691184434,False,False,normal
2471,test,train,1730,False,1.189100908352248,-1.110872864410454,10.273234922163404,5.685607868450047,258.8188405579229,60.37935625873294,0.03969276309258593,0.09416476459415235,False,False,normal
2472,train,train,1731,False,1.2010177995798028,0.7376513399933377,9.272015577196052,6.683001428461222,258.8188405579229,60.37935625873294,0.03582434554304018,0.1106835488577212,False,False,normal
2473,test,test,1732,False,2.113342184467785,-2.849287679414845,16.442591229247007,19.975872970854358,258.8188405579229,60.37935625873294,0.06352934428499306,0.3308394492524116,False,False,normal
2474,train,train,1733,False,1.5523602916516424,0.7577354363504324,6.900935924059707,6.419638820833918,258.8188405579229,60.37935625873294,0.026663190010370583,0.10632174999224867,False,False,normal
2475,train,train,1734,False,3.6750660915873867,-0.8134018318664984,8.35351872003966,3.8167693758949546,258.8188405579229,60.37935625873294,0.03227554339565232,0.06321315118928446,False,False,normal
2476,test,train,1735,False,3.3610000393323993,3.740287269998145,14.602620511356848,9.486481963856056,258.8188405579229,60.37935625873294,0.056420237722565734,0.15711465891099133,False,False,normal
2477,train,train,1735,False,1.576811916151538,-1.4438407919188048,8.353148615561409,3.7632180340000705,258.8188405579229,60.37935625873294,0.03227411342062634,0.0623262364354171,False,False,normal
2478,train,train,1736,False,4.976745788152628,-0.016375626517955665,15.173568272394837,8.50238459122631,258.8188405579229,60.37935625873294,0.058626212217340636,0.14081608546458413,False,False,normal
2479,train,train,1737,False,3.7463723560233326,4.623384005051649,16.182588782991452,4.3598259788783285,258.8188405579229,60.37935625873294,0.06252477118013298,0.07220722857984672,False,False,normal
2480,test,train,1737,False,1.837656543341745,-1.0132679494689225,10.811527871113354,3.461310256635851,258.8188405579229,60.37935625873294,0.04177256898225601,0.057326054319024405,False,False,normal
2481,train,test,1738,False,5.23981297952702,1.2079179069886985,10.358248364651452,3.63605527944753,258.8188405579229,60.37935625873294,0.04002123007089704,0.06022017299864191,False,False,normal
2482,train,test,1739,False,6.117331538763957,0.033694200193706836,21.69420772027787,3.8956514839792122,258.8188405579229,60.37935625873294,0.08382004831453825,0.06451959287684135,False,False,normal
2483,train,train,1740,False,4.930402162694056,4.296437096188487,19.79699635861208,7.611625858745991,258.8188405579229,60.37935625873294,0.07648978071278227,0.12606338209584814,False,False,normal
2484,train,test,1741,False,-9.282112995781393,0.2573477247215054,42.03493356715751,4.22320717753915,258.8188405579229,60.37935625873294,0.16241064010852105,0.06994455455010468,False,False,normal
2485,train,train,1742,False,-5.496456564500843,-3.4481732286578346,28.80439237938437,6.89724347490266,258.8188405579229,60.37935625873294,0.11129171399304694,0.1142318153467408,False,False,normal
2486,train,train,1743,False,-3.2228025614001976,2.436200421536306,15.044978074156292,7.6617501843002715,258.8188405579229,60.37935625873294,0.05812937745074733,0.12689353876958762,False,False,normal
2487,test,train,1743,False,-0.03919316151644788,-0.9322178539734058,5.665778221837199,1.270917777355242,258.8188405579229,60.37935625873294,0.02189090334236782,0.021048879221388244,False,False,normal
2488,train,test,1744,False,-0.8987859710703131,-0.6273071104446587,8.363756305891402,2.974228202048562,258.8188405579229,60.37935625873294,0.03231509842120484,0.04925902471208255,False,False,normal
2489,train,train,1745,False,0.32468772574521987,-2.0356848057462495,7.166525389149668,2.2619765907176483,258.8188405579229,60.37935625873294,0.027689349715426997,0.03746274771504356,False,False,normal
2490,train,train,1746,False,1.4030310299408606,-0.8631198015241511,9.586028655046269,6.236225643783527,258.8188405579229,60.37935625873294,0.037037599868626814,0.10328406975822227,False,False,normal
2491,train,test,1747,False,2.1532975589444,3.5778047841818483,12.147143180440079,4.116110274676624,258.8188405579229,60.37935625873294,0.046932994345601296,0.06817082078580942,False,False,normal
2492,train,test,1747,False,0.7324056263659036,0.35869730533897526,8.297508348993594,2.401718146245816,258.8188405579229,60.37935625873294,0.03205913576889174,0.039777140649763794,False,False,normal
2493,train,test,1747,False,1.0341450302895074,-0.715678657576167,5.258800940279683,1.2553855276765162,258.8188405579229,60.37935625873294,0.02031846263179121,0.020791634847795254,False,False,normal
2494,train,train,1748,False,2.4795568565990465,4.452241486524685,9.784160456839823,4.187141507901646,258.8188405579229,60.37935625873294,0.037803122971065764,0.06934723666080889,False,False,normal
2495,train,train,1748,False,1.569232989164006,-1.7793995200760344,9.510602026163708,4.03760843429982,258.8188405579229,60.37935625873294,0.03674617352300233,0.0668706770737696,False,False,normal
2496,train,train,1749,False,4.635521553643981,0.686110279108258,8.091231479499186,4.551714745790992,258.8188405579229,60.37935625873294,0.03126214251658543,0.07538528112632299,False,False,normal
2497,train,train,1750,False,4.627842342371744,3.0441919205045616,14.723364522216107,9.790056930217194,258.8188405579229,60.37935625873294,0.056886757125090594,0.16214245293152182,False,False,normal
2498,train,train,1751,False,5.160196264151715,0.011070330848818538,28.28127020414855,12.102470152863996,258.8188405579229,60.37935625873294,0.10927052351824165,0.20044052972349402,False,False,normal
2499,train,train,1752,False,-10.724777188543403,5.332586413658453,33.242826495497496,5.270432989354753,258.8188405579229,60.37935625873294,0.12844052010988685,0.0872886581759882,False,False,normal
2500,train,train,1752,False,0.028240684284477253,-2.4754629512746025,9.518848691167324,3.4728406882672846,258.8188405579229,60.37935625873294,0.036778036215014395,0.05751702077421523,False,False,normal
2501,train,train,1753,False,-4.991210053426831,1.6575531750161279,26.184397393218187,4.9988326924358795,258.8188405579229,60.37935625873294,0.10116882270538646,0.08279042709589796,False,False,normal
2502,train,test,1754,False,-2.9923176732270544,-2.5871226208909697,12.562781314868438,4.2612091626994575,258.8188405579229,60.37935625873294,0.048538898048486254,0.07057394160414122,False,False,normal
2503,test,train,1755,False,-2.4521930959599505,2.000759991330771,24.624034963100687,15.721632247104639,258.8188405579229,60.37935625873294,0.09514004046235537,0.2603809185996538,False,False,normal
2504,train,train,1755,False,-0.027179583227089712,0.1312356567103058,5.810910397349201,1.1263346318243155,258.8188405579229,60.37935625873294,0.022451651451737095,0.018654300105450505,False,False,normal
2505,test,train,1755,False,-0.018147436241713912,0.143798121658607,5.949340089327697,1.0187481485766916,258.8188405579229,60.37935625873294,0.022986503132859264,0.016872457934318328,False,False,normal
2506,train,train,1755,False,0.4601495233405589,-1.9146154842282541,5.379940003937434,2.2486476079732367,258.8188405579229,60.37935625873294,0.0207865084023256,0.03724199374265446,False,False,normal
2507,train,train,1756,False,1.7941800396682457,-1.6744042227582032,13.169638309037726,4.168285858537759,258.8188405579229,60.37935625873294,0.05088361527564451,0.0690349503011616,False,False,normal
2508,train,train,1757,False,2.874750846141047,-0.6022631717996094,9.170439749593434,2.1236393358075287,258.8188405579229,60.37935625873294,0.035431886372047625,0.03517161273974956,False,False,normal
2509,train,train,1758,False,3.0355461965796398,-0.8324662474376786,7.2557894348276415,2.2010085176608873,258.8188405579229,60.37935625873294,0.028034239776311094,0.036452997415694466,False,False,normal
2510,test,train,1759,False,2.7371151417611133,3.134920659047696,11.220725976973164,3.069372661365667,258.8188405579229,60.37935625873294,0.043353590305810825,0.05083480268012513,False,False,normal
2511,train,test,1760,False,4.837639306380411,-0.0964727523082855,15.114868650415703,11.449592803516406,258.8188405579229,60.37935625873294,0.058399414114649974,0.18962760640331272,False,False,normal
2512,train,train,1761,False,4.443907647409239,4.1102405966127815,19.129041819702795,7.620307293781246,258.8188405579229,60.37935625873294,0.07390900051351468,0.12620716360617187,False,False,normal
2513,train,train,1761,False,1.6427398000540683,0.8027440544188624,14.37323688487406,3.7619515590689225,258.8188405579229,60.37935625873294,0.05553396674635583,0.062305261138401326,False,False,normal
2514,train,train,1761,False,1.6408937901672211,0.7286795783345671,16.5441613343462,3.958105462210176,258.8188405579229,60.37935625873294,0.06392178134591274,0.0655539526663585,False,False,normal
2515,train,train,1761,False,2.0671695918090602,-0.9540950671308958,12.745867086290806,4.2971608581562455,258.8188405579229,60.37935625873294,0.04924628770770773,0.07116937185852702,False,False,normal
2516,train,train,1762,False,6.099588478951082,-0.6057845981669598,16.471593805414162,6.05160668310189,258.8188405579229,60.37935625873294,0.06364140172294709,0.10022641939357574,False,False,normal
2517,train,train,1763,False,-10.139110408081425,4.745583347208998,31.5521457710224,7.957736922746491,258.8188405579229,60.37935625873294,0.12190822624429894,0.13179565692364478,False,False,normal
2518,test,train,1763,False,-0.469831975276079,0.01286485513607798,7.688001314933334,1.6097083292741012,258.8188405579229,60.37935625873294,0.02970417956575608,0.026659912079491272,False,False,normal
2519,train,train,1763,False,-0.1897512596577252,-1.2091502187835326,5.422675409763762,1.6356594848939285,258.8188405579229,60.37935625873294,0.02095162546155593,0.027089713873147757,False,False,normal
2520,train,train,1764,False,-4.347491643034902,-5.4188852837143875,38.82664499305389,6.829754358460781,258.8188405579229,60.37935625873294,0.15001475514439838,0.11311406383987346,False,False,normal
2521,test,train,1765,False,-2.568352834455176,2.904633337016235,23.974935427492714,2.903376276436363,258.8188405579229,60.37935625873294,0.09263211045923526,0.048085578521159446,False,False,normal
2522,train,train,1765,False,-0.17088872762424676,-0.020271925647340858,7.2687497977183995,2.1065460410489174,258.8188405579229,60.37935625873294,0.028084314812822427,0.03488851441247749,False,False,normal
2523,train,train,1765,False,0.14498200811303194,-1.0683055179519014,4.709489580272407,1.3598625379495517,258.8188405579229,60.37935625873294,0.018196084837256803,0.022521978076784622,False,False,normal
2524,train,test,1766,False,-1.1240996842089517,-2.0402455709218685,9.076406034123288,2.5805985285522537,258.8188405579229,60.37935625873294,0.035068567707658885,0.042739748954826094,False,False,normal
2525,train,train,1767,False,-0.9905880188312998,0.20049561693656942,6.632064625727348,2.7999693154853196,258.8188405579229,60.37935625873294,0.025624350265347515,0.04637295739767592,False,False,normal
2526,train,train,1768,False,-0.6556829175983648,3.3748667272069834,11.782764109046948,4.5181693180534355,258.8188405579229,60.37935625873294,0.045525140610503584,0.07482970336239635,False,False,normal
2527,test,train,1768,False,0.6805745640632783,-1.4686711122143028,4.52505646218096,1.3356881737316875,258.8188405579229,60.37935625873294,0.01748348942614271,0.022121603417037106,False,False,normal
2528,test,test,1769,False,2.1314632416861388,-2.620635381119647,280.9106838916823,29.39544374842863,258.8188405579229,60.37935625873294,1.0853563955627694,0.486845928308105,True,False,t2 alarm only
2529,train,train,1770,False,2.4255621261330975,-1.682417356679335,7.4827057002328505,3.7933336723374245,258.8188405579229,60.37935625873294,0.0289109775938365,0.06282501019193588,False,False,normal
2530,train,train,1771,False,3.3909390755648774,3.247732963703234,21.36534408202465,4.205224652824627,258.8188405579229,60.37935625873294,0.08254941578429313,0.06964672883898801,False,False,normal
2531,train,train,1772,False,5.086349911402074,2.5617790232852924,12.545457428814316,11.351683723973798,258.8188405579229,60.37935625873294,0.04847196363978255,0.1880060409278039,False,False,normal
2532,train,train,1773,False,6.257519118371368,0.08457174883599355,10.06758769630614,6.15748392734425,258.8188405579229,60.37935625873294,0.038898202598404125,0.1019799532303504,False,False,normal
2533,train,train,1774,False,-9.834685418665297,4.348039373382467,45.82588325189475,19.454700859916997,258.8188405579229,60.37935625873294,0.17705775651073227,0.32220782176860613,False,False,normal
2534,train,train,1775,False,-3.856864211294844,-1.365241556249429,9.50329993887721,5.387984155187148,258.8188405579229,60.37935625873294,0.036717960401922135,0.08923553494176015,False,False,normal
2535,train,train,1776,False,0.41270083576267136,-3.1309803933073295,10.155654438808385,3.2648608491235076,258.8188405579229,60.37935625873294,0.03923846663139494,0.054072468661858185,False,False,normal
2536,test,train,1777,False,0.07337017867970144,-1.412201156336494,25.577288749971903,17.765738369931306,258.8188405579229,60.37935625873294,0.09882313318008926,0.29423530608380355,False,False,normal
2537,train,train,1778,False,2.0145671387680393,1.5236037165324872,19.42842853246751,4.827237399609282,258.8188405579229,60.37935625873294,0.07506574285931664,0.0799484740930986,False,False,normal
2538,train,train,1779,False,5.712312240055398,-0.2627298495459034,25.011058903305756,6.437414745621937,258.8188405579229,60.37935625873294,0.09663538732107238,0.10661615400529986,False,False,normal
2539,train,test,1780,False,5.215096591972596,0.22066874108128834,10.068376723822185,6.928191793941553,258.8188405579229,60.37935625873294,0.03890125116903501,0.11474437992106777,False,False,normal
2540,train,train,1781,False,4.471598628827378,3.5686438325364915,13.028580527167058,4.32469013153413,258.8188405579229,60.37935625873294,0.05033860942689487,0.07162531036273892,False,False,normal
2541,train,train,1782,False,4.335302180245285,2.9421341016252875,12.799755888786358,9.936839716308173,258.8188405579229,60.37935625873294,0.0494544982165694,0.16457346238882703,False,False,normal
2542,train,test,1783,False,-8.962783928110529,3.465208674992906,21.704805903798086,9.314119129621426,258.8188405579229,60.37935625873294,0.08386099658359536,0.15425999392423603,False,False,normal
2543,test,train,1784,False,-3.646509858920723,-0.3828469318730304,15.395178480754394,4.549892458436695,258.8188405579229,60.37935625873294,0.05948244898851943,0.07535510049063537,False,False,normal
2544,train,train,1785,False,-0.30786540995860434,-1.9009603097213121,10.357794849503671,2.1380193021829266,258.8188405579229,60.37935625873294,0.04001947782153682,0.035409773052585254,False,False,normal
2545,train,train,1786,False,3.001218443326373,-0.7587246518309015,7.819025505923814,2.5196502177062694,258.8188405579229,60.37935625873294,0.03021041856562192,0.041730325956263255,False,False,normal
2546,train,train,1787,False,3.2496621650020696,-1.0679507802294086,23.115660719371764,34.46832757968464,258.8188405579229,60.37935625873294,0.0893121253056481,0.5708627868105057,False,False,normal
2547,train,test,1788,False,2.66176301421333,-1.0013437066679323,18.619908733593387,13.183440395559654,258.8188405579229,60.37935625873294,0.07194185977131873,0.21834350699379762,False,False,normal
2548,train,test,857,False,2.1800558856838337,3.5319202962463327,13.157997762565454,6.59605921494514,258.8188405579229,60.37935625873294,0.05083863962222152,0.10924361609090727,False,False,normal
2549,train,test,857,False,0.5595778937212245,0.22020366309476475,5.992088430379792,2.3709138065322803,258.8188405579229,60.37935625873294,0.023151670170003642,0.039266960654112046,False,False,normal
2550,train,test,857,False,0.7455286916354514,-0.7296933509524451,5.690939685862064,2.454210834630568,258.8188405579229,60.37935625873294,0.021988119850913437,0.040646522035014315,False,False,normal
2551,train,train,1789,False,4.785581612470268,-3.506665331269257,28.866258105226333,9.929744055369884,258.8188405579229,60.37935625873294,0.11153074499136452,0.1644559443929762,False,False,normal
2552,test,train,1790,False,6.073789674497542,2.360851961468305,16.232654299345192,12.78445737475967,258.8188405579229,60.37935625873294,0.06271820963401763,0.2117355693554715,False,False,normal
2553,train,train,1791,False,-9.79697507557621,4.754355158049954,30.551354703533192,5.975564469342083,258.8188405579229,60.37935625873294,0.11804146343316876,0.09896701189949851,False,False,normal
2554,test,train,1791,False,0.02716059358766043,-2.2684487466964467,7.783002097419952,2.555509160462679,258.8188405579229,60.37935625873294,0.03007123469312559,0.04232422004487774,False,False,normal
2555,train,train,1792,False,-4.920453769591727,-5.220699578182415,30.76225591797179,8.968669282967642,258.8188405579229,60.37935625873294,0.1188563237964405,0.14853867014639566,False,False,normal
2556,train,test,1793,False,-5.3614948649815934,-1.5322402360390914,13.08805913226197,6.283654795988466,258.8188405579229,60.37935625873294,0.05056841729160324,0.10406958910032486,False,False,normal
2557,train,train,1794,False,-4.033849596116024,-2.171831433233327,13.83456764503092,2.617900365908747,258.8188405579229,60.37935625873294,0.05345270697916902,0.04335754019454469,False,False,normal
2558,train,train,1795,False,-4.200488780680228,-2.8539277407929946,11.685725291569627,3.8511313086636014,258.8188405579229,60.37935625873294,0.045150211114381354,0.06378225187034177,False,False,normal
2559,test,train,1796,False,-3.7608973039635156,-2.1277920040749145,10.998236139970317,4.344371324323957,258.8188405579229,60.37935625873294,0.0424939549078497,0.07195126933297853,False,False,normal
2560,train,train,1797,False,-2.9255267875929234,-2.793861644882806,14.749511347829959,8.065636461424077,258.8188405579229,60.37935625873294,0.05698778078147314,0.13358268390378056,False,False,normal
2561,test,train,1798,False,-1.9477497058420068,-2.935768973258907,12.98032799624251,3.5750978400066837,258.8188405579229,60.37935625873294,0.05015217581634112,0.059210598812729165,False,False,normal
2562,train,train,1799,False,-1.2015025327235285,-2.416618162561862,7.365439327783149,3.2115031617868524,258.8188405579229,60.37935625873294,0.028457894764947707,0.05318876120548831,False,False,normal
2563,train,train,1800,False,-1.940793967818372,-1.327025031215198,5.263365506723369,4.450948026508038,258.8188405579229,60.37935625873294,0.02033609877618412,0.07371638755860828,False,False,normal
2564,train,train,1801,False,-0.9049102630137343,-1.2814227194044974,6.747468242133123,2.747399337189067,258.8188405579229,60.37935625873294,0.026070235951864792,0.04550229594062123,False,False,normal
2565,train,train,1802,False,-0.37360815835346084,-1.2790928239856831,5.141103400612919,5.693006956444745,258.8188405579229,60.37935625873294,0.01986371389938421,0.09428730793434618,False,False,normal
2566,train,train,1803,False,2.429443268504906,-2.341926486236685,6.466816768471379,2.809995232474932,258.8188405579229,60.37935625873294,0.02498588106851566,0.04653900615358929,False,False,normal
2567,train,train,1804,False,3.0706087842662595,-1.8806961306236636,9.316625310050494,3.5295756245316174,258.8188405579229,60.37935625873294,0.03599670445152721,0.05845666206520907,False,False,normal
2568,train,train,1805,False,2.5733476243675573,-0.4677122240190675,5.30559929085389,5.126684919701755,258.8188405579229,60.37935625873294,0.02049927771647873,0.08490790954665502,False,False,normal
2569,test,train,1806,False,2.5701451662782904,0.02449152445864021,8.325263936208001,7.625331636580471,258.8188405579229,60.37935625873294,0.03216637520769989,0.12629037653043187,False,False,normal
2570,train,train,1807,False,-3.732247655309688,-2.586669012478426,27.003398489769275,7.603442740686065,258.8188405579229,60.37935625873294,0.10433320244986567,0.12592785368734938,False,False,normal
2571,train,train,1808,False,-2.4999078564782837,-2.339644725565522,6.754750706056555,8.192500559950771,258.8188405579229,60.37935625873294,0.026098373254032338,0.1356838010137919,False,False,normal
2572,train,train,1809,False,-2.3241563390131015,-2.6039872005463622,13.505130589388612,8.612824888752648,258.8188405579229,60.37935625873294,0.052179858932511536,0.14264519237081028,False,False,normal
2573,train,train,1810,False,-0.8049195618873878,-2.1708932976047186,11.286316706654874,8.340390125214437,258.8188405579229,60.37935625873294,0.04360701362515002,0.13813314089462703,False,False,normal
2574,test,train,1811,False,-0.5240673534030746,-1.562150721131381,9.097493456525502,6.983178751804672,258.8188405579229,60.37935625873294,0.03515004331568169,0.11565507127768795,False,False,normal
2575,test,train,1812,False,-0.05898322244086877,-1.5663703318050062,25.860063543842628,32.310552098336565,258.8188405579229,60.37935625873294,0.09991569194923126,0.5351258128669324,False,False,normal
2576,train,train,1813,False,-0.1360284354250519,-0.5053762662326087,6.494571468270452,9.83376851715797,258.8188405579229,60.37935625873294,0.02509311707861154,0.16286640213617162,False,False,normal
2577,test,test,1814,False,-0.5769519060002366,1.1367271198469622,11.605283435654243,8.75891374313652,258.8188405579229,60.37935625873294,0.044839407404180125,0.14506470896449278,False,False,normal
2578,train,train,1815,False,0.9488015848886072,-1.0885160786124037,10.582014590506157,5.808728831947057,258.8188405579229,60.37935625873294,0.040885797060581194,0.09620388808148173,False,False,normal
2579,train,train,1816,False,0.8738211793888058,-1.8812776907669189,10.095256475071631,6.345971002597303,258.8188405579229,60.37935625873294,0.039005106634856214,0.10510166712284974,False,False,normal
2580,test,train,1817,False,2.1308115279100224,0.0032387360268329754,13.187917625448419,4.2817817949570385,258.8188405579229,60.37935625873294,0.05095424118669213,0.07091466455205449,False,False,normal
2581,train,train,1818,False,4.554874949975669,-1.7231460606703144,16.29271990729405,9.439484033984611,258.8188405579229,60.37935625873294,0.06295028550538533,0.15633628145247633,False,False,normal
2582,train,train,1819,False,4.457803207931428,-0.2614342904867782,17.06413504838573,13.934283940631646,258.8188405579229,60.37935625873294,0.06593080709117398,0.23077894174494892,False,False,normal
2583,train,train,1820,False,4.571207180713508,3.2681953476062504,42.7804165266774,38.873138103059375,258.8188405579229,60.37935625873294,0.16529096735947732,0.6438150472569336,False,False,normal
2584,train,train,1820,False,1.9840005898727078,-1.0026133527361656,14.70760927254065,9.515654125729272,258.8188405579229,60.37935625873294,0.05682588346673754,0.15759780685560024,False,False,normal
2585,train,train,1821,False,6.131003853710046,-1.2806217393084138,69.72637901003803,100.6587568940619,258.8188405579229,60.37935625873294,0.2694022539461669,1.667105499812333,False,True,q alarm only
2586,train,test,1822,True,-6.215468965439281,4.732495061648667,1917.0189070928611,311.7511788635619,258.8188405579229,60.37935625873294,7.40679814097165,5.163208059517394,True,True,both alarms
2587,train,train,1823,False,6.175239644476046,-0.06922062482734047,436.4279580751645,552.6497749361771,258.8188405579229,60.37935625873294,1.6862294767041628,9.152959043948814,True,True,both alarms
2588,test,train,1824,False,5.142857384491772,0.9576731199462257,19.282913414485524,6.545639311220518,258.8188405579229,60.37935625873294,0.07450351517269109,0.10840856406569907,False,False,normal
2589,train,train,1825,False,-5.426110669306621,-1.3057419022544015,20.921626277893967,24.20625343144648,258.8188405579229,60.37935625873294,0.08083502048303075,0.40090280737210443,False,False,normal
2590,train,test,1826,False,-3.402597168686196,-3.1621465882498847,14.422220143335148,11.97906488524314,258.8188405579229,60.37935625873294,0.055723223673538935,0.19839669760491283,False,False,normal
2591,train,train,1827,False,-1.7374192445166274,-2.3672470313170892,19.143593156730347,2.692074935157649,258.8188405579229,60.37935625873294,0.07396522260691477,0.04458601584988382,False,False,normal
2592,train,train,1828,False,-0.9798349966352247,-3.0666756417471124,18.394919114984802,6.37625993051033,258.8188405579229,60.37935625873294,0.07107256595127229,0.10560331089300248,False,False,normal
2593,train,train,1829,False,-1.1451569132420378,-1.1464270963729077,16.92955787989253,7.663259450533278,258.8188405579229,60.37935625873294,0.06541084042953876,0.1269185351644902,False,False,normal
2594,test,train,1830,False,-0.6951630663019612,-2.469744826014714,15.25242818675048,6.579298059707165,258.8188405579229,60.37935625873294,0.058930903769878494,0.10896601864243247,False,False,normal
2595,train,test,1831,False,-1.1626037697353417,-1.8206335191321639,13.78001183112976,4.843633208822039,258.8188405579229,60.37935625873294,0.05324191933409823,0.08022002069824126,False,False,normal
2596,test,train,1832,False,0.19364888542676764,-2.8994479709458765,21.33137212889006,3.22289989058704,258.8188405579229,60.37935625873294,0.08241815813295153,0.053377513280806095,False,False,normal
2597,train,train,1833,False,-0.47137767897504446,-0.16849320681069868,16.20186401843324,3.8023348730073123,258.8188405579229,60.37935625873294,0.06259924502987375,0.06297408764535087,False,False,normal
2598,test,train,1834,False,0.8215564842023236,-1.7309251779106143,22.963122906039235,7.54099212069715,258.8188405579229,60.37935625873294,0.08872276398634185,0.12489354951687585,False,False,normal
2599,train,test,1835,False,1.6246725528317363,-1.29478771326929,14.724943463516563,3.0606526411093693,258.8188405579229,60.37935625873294,0.05689285769063309,0.050690382123222674,False,False,normal
2600,train,train,1836,False,1.940774388282779,-1.5173277865731907,17.696478357860773,4.731340006638973,258.8188405579229,60.37935625873294,0.06837399595683744,0.07836022607403434,False,False,normal
2601,train,test,1837,False,2.5211576535457834,-0.6453628152232161,14.652518324007499,3.0842492519271425,258.8188405579229,60.37935625873294,0.05661302821858638,0.05108118805889146,False,False,normal
2602,train,train,1838,False,2.80352833322891,-0.7070726538534012,16.482961700850346,5.160982601029553,258.8188405579229,60.37935625873294,0.06368532393282825,0.08547594609843322,False,False,normal
2603,test,test,1839,False,1.022710028121842,-0.0029015803396588336,74.40895219493301,8.30351431609571,258.8188405579229,60.37935625873294,0.28749434173545224,0.1375224055141319,False,False,normal
2604,train,test,1840,False,2.5853180901349253,2.9125427088195757,20.806187097017197,8.606396612818658,258.8188405579229,60.37935625873294,0.08038899738584075,0.14253872757336455,False,False,normal
2605,test,test,1840,False,0.9706453971054486,-0.5757423396028467,10.080940198313687,12.613280380984648,258.8188405579229,60.37935625873294,0.03894979274531447,0.20890054420148496,False,False,normal
2606,train,test,1840,False,0.9400200704978796,-0.6145625178326138,11.258566933923564,12.207957492966509,258.8188405579229,60.37935625873294,0.043499796651797186,0.20218760598662092,False,False,normal
2607,train,test,1840,False,1.1694935723402986,-1.5435245343604151,10.667669905025672,8.049231419321343,258.8188405579229,60.37935625873294,0.041216744043941725,0.13331098438395733,False,False,normal
2608,train,train,1841,False,2.973321546116094,2.8884083497007387,21.160554590408662,8.189716028529734,258.8188405579229,60.37935625873294,0.08175816932335338,0.135637683738061,False,False,normal
2609,train,train,1841,False,1.163470729364869,-0.4852466111888603,10.74135169668303,12.896770617557973,258.8188405579229,60.37935625873294,0.0415014288508844,0.21359569589138597,False,False,normal
2610,train,train,1841,False,1.1598563934977535,-0.5120745016059054,10.647547814885398,12.673252343206775,258.8188405579229,60.37935625873294,0.04113899819631758,0.2098937969610066,False,False,normal
2611,train,train,1841,False,1.5479971630059173,-2.326934270369288,15.685535795055047,8.45395711076836,258.8188405579229,60.37935625873294,0.060604304390061085,0.14001403185787736,False,False,normal
2612,train,train,1842,False,3.959430247635183,1.287877768096561,18.410698796995717,5.453000307119975,258.8188405579229,60.37935625873294,0.0711335340089952,0.09031232932913694,False,False,normal
2613,train,train,1843,False,5.165781127572905,-0.3370630831146111,14.39731947471218,3.938276054884102,258.8188405579229,60.37935625873294,0.05562701480184593,0.06522553897408423,False,False,normal
2614,train,train,1844,False,-7.637943508048231,-3.289262616202181,52.78264629475255,11.964022325773113,258.8188405579229,60.37935625873294,0.2039366461149877,0.19814756345704998,False,False,normal
2615,train,train,1845,False,-5.386199766613023,-3.014579992073959,16.22243985774958,6.318634210347153,258.8188405579229,60.37935625873294,0.06267874403107469,0.1046489164818358,False,False,normal
2616,train,train,1846,False,-6.059482176319033,-2.354916949224029,40.196873758063425,23.925929891730327,258.8188405579229,60.37935625873294,0.15530891673655992,0.3962601023635427,False,False,normal
2617,train,train,1847,False,-3.2917712708815556,-3.670203390567549,28.47444163552578,8.959636412645454,258.8188405579229,60.37935625873294,0.11001688120596183,0.14838906818171949,False,False,normal
2618,train,train,1848,False,-2.903670824937726,-3.2966101770634575,16.77669438383675,5.3860557026324996,258.8188405579229,60.37935625873294,0.0648202207678238,0.08920359600312051,False,False,normal
2619,train,train,1849,False,-2.802152922339393,-3.2323893246137394,14.38094587267765,6.54165301219514,258.8188405579229,60.37935625873294,0.05556375201155125,0.10834254317259288,False,False,normal
2620,train,train,1850,False,-3.6049160548470685,-0.598517635252662,21.330539080620156,4.6947049128408755,258.8188405579229,60.37935625873294,0.08241493947905405,0.07775347740912457,False,False,normal
2621,train,train,1851,False,-2.33035053670101,1.8870726813480543,22.312297988642808,6.895675301420368,258.8188405579229,60.37935625873294,0.08620816761463461,0.11420584333280326,False,False,normal
2622,test,train,1851,False,-0.8400793912703628,-1.1009981161707374,37.0142837506416,18.83472911131837,258.8188405579229,60.37935625873294,0.1430123234879337,0.3119398794284796,False,False,normal
2623,train,train,1851,False,-0.8342611266832887,-1.1069796407034675,36.865596751772145,18.92134731049072,258.8188405579229,60.37935625873294,0.14243784058495437,0.3133744458852862,False,False,normal
2624,train,train,1851,False,-0.263847877107388,-3.5169344328025347,32.132801899993794,24.729073094261697,258.8188405579229,60.37935625873294,0.12415171102199017,0.40956172153102444,False,False,normal
2625,train,train,1852,False,-0.9325930394015125,-2.22623821952159,19.851220907884233,12.072523667311668,258.8188405579229,60.37935625873294,0.07669928844859958,0.1999445574672811,False,False,normal
2626,train,train,1853,False,-2.3524051235990124,1.501601371614294,59.79392960024557,22.70977949343763,258.8188405579229,60.37935625873294,0.23102618600466168,0.37611827784521984,False,False,normal
2627,test,train,1853,False,-0.7394122910761548,-1.0403752446831418,37.11444630423029,18.63145588465202,258.8188405579229,60.37935625873294,0.14339932218313214,0.3085732780060448,False,False,normal
2628,train,train,1853,False,-0.7309887050565732,-1.0678775126792563,37.02873181235908,18.627373436082802,258.8188405579229,60.37935625873294,0.14306814655586156,0.30850566468880897,False,False,normal
2629,train,train,1853,False,-0.7376028585277503,-1.1556370384950108,35.52731152298569,20.35593027329423,258.8188405579229,60.37935625873294,0.13726709943681548,0.33713394005173847,False,False,normal
2630,train,train,1853,False,-0.7235783916802917,-1.055305099746346,36.98728285747295,18.670576541978324,258.8188405579229,60.37935625873294,0.14290799996530895,0.30922119245479557,False,False,normal
2631,train,train,1853,False,-0.3106564694008834,-3.023393623320378,31.923509638861475,21.90437287874596,258.8188405579229,60.37935625873294,0.12334306718183867,0.36277917215418853,False,False,normal
2632,train,train,1854,False,-0.6684259256338333,-1.9207527551095724,14.838652330423397,7.510957387579064,258.8188405579229,60.37935625873294,0.057332195362735004,0.12439611570871494,False,False,normal
2633,train,train,1855,False,1.872966380426282,-1.1962199136168734,16.21568060572169,6.554536090550799,258.8188405579229,60.37935625873294,0.06265262826603486,0.10855591209789997,False,False,normal
2634,train,train,1856,False,2.0568062490041314,-2.547101788322336,19.052603159862894,6.477792099030992,258.8188405579229,60.37935625873294,0.07361366397744518,0.10728488179424868,False,False,normal
2635,train,train,1857,False,2.7905883651013847,-0.8623685005788658,15.84661161497862,6.932459164352435,258.8188405579229,60.37935625873294,0.06122665405972327,0.11481505590496856,False,False,normal
2636,train,train,1858,False,3.1553678633674687,-1.0760478000023295,33.07155993526773,16.375876277223217,258.8188405579229,60.37935625873294,0.12777879641210435,0.2712164768211602,False,False,normal
2637,train,test,1859,False,4.075115830264086,-0.2750666608752475,15.628952541175874,5.55221310421722,258.8188405579229,60.37935625873294,0.06038568331225547,0.09195548691220401,False,False,normal
2638,test,train,1860,False,4.590165467933556,0.1571404191794791,13.125298932892937,4.381163349293869,258.8188405579229,60.37935625873294,0.05071230094609567,0.07256061708442282,False,False,normal
2639,train,test,1861,False,4.250692746468835,1.0408310237106768,15.668559161967718,3.8329365420294663,258.8188405579229,60.37935625873294,0.06053871166485324,0.06348091101874064,False,False,normal
2640,train,train,1862,False,5.057804294296028,-0.1813437450686331,14.749777568403653,4.901161514676649,258.8188405579229,60.37935625873294,0.05698880937959652,0.08117280173830557,False,False,normal
2641,train,train,1863,False,4.305599147703782,4.205131929530709,23.015484703292064,4.80671662942221,258.8188405579229,60.37935625873294,0.08892507459533752,0.0796086100823076,False,False,normal
2642,train,train,1863,False,0.8694892274098383,-0.2510026198973411,58.811505696282076,15.735624117882105,258.8188405579229,60.37935625873294,0.22723038852003602,0.2606126512918261,False,False,normal
2643,test,train,1863,False,1.2294807934427021,-1.8107879858168157,52.50916900871791,18.08791921517813,258.8188405579229,60.37935625873294,0.20288001018599153,0.299571249777311,False,False,normal
2644,train,train,1864,False,4.960594130682369,4.194686723966596,27.196766142231812,10.118326043204808,258.8188405579229,60.37935625873294,0.10508031827824087,0.16757923022310045,False,False,normal
2645,train,train,1864,False,1.0504629944782533,-0.18022427241598316,62.05330758007193,15.999364103967514,258.8188405579229,60.37935625873294,0.23975575907189253,0.2649807002812067,False,False,normal
2646,train,train,1864,False,1.050405715168011,-0.17922602939896498,61.9388102528128,16.122503196898716,258.8188405579229,60.37935625873294,0.23931337502051392,0.26702012402735487,False,False,normal
2647,train,train,1864,False,1.0580775567304441,-0.17197745962892674,62.79347645092767,16.114410868092385,258.8188405579229,60.37935625873294,0.24261555424468673,0.26688609926611606,False,False,normal
2648,train,train,1864,False,1.08348348219911,-0.385901184026692,59.43474171751275,16.76073410193888,258.8188405579229,60.37935625873294,0.22963838949819973,0.27759047363998185,False,False,normal
2649,train,train,1865,False,5.282467661687682,4.1142987353950495,23.052356019203604,8.103194114617825,258.8188405579229,60.37935625873294,0.08906753453307645,0.13420471195311598,False,False,normal
2650,test,train,1865,False,1.627771564994036,-2.803874905985378,58.98126426106151,24.330111397046956,258.8188405579229,60.37935625873294,0.22788628576620826,0.4029541370528935,False,False,normal
2651,test,train,1866,False,-8.218762098233436,1.8125965424899935,26.532665639979125,13.953062498393273,258.8188405579229,60.37935625873294,0.1025144289449098,0.23108995131718016,False,False,normal
2652,train,train,1867,False,-3.7839123885575274,1.651022624529094,26.5147574817226,5.885756742359647,258.8188405579229,60.37935625873294,0.1024452370799825,0.0974796206362065,False,False,normal
2653,train,train,1867,False,-0.4908026034462531,-3.6502442022014847,31.522919579819117,25.6024327776237,258.8188405579229,60.37935625873294,0.12179530482350794,0.4240262626834599,False,False,normal
2654,train,train,1868,False,-2.668128835495909,2.113438286602042,25.934671872778026,5.262964826876442,258.8188405579229,60.37935625873294,0.10020395662414662,0.08716497082751253,False,False,normal
2655,test,train,1868,False,-0.9002737718329025,-1.0899844862708856,36.65247763869083,18.176736926196757,258.8188405579229,60.37935625873294,0.14161441091259397,0.30104224444373356,False,False,normal
2656,train,test,1869,False,-0.3923632762050777,-2.6304029600168257,21.065621547651016,10.417882490636378,258.8188405579229,60.37935625873294,0.08139137592240543,0.1725404697260182,False,False,normal
2657,train,train,1870,False,0.5167753868625383,-2.9496583934835985,21.21871629642578,7.739803050393975,258.8188405579229,60.37935625873294,0.08198288907672119,0.12818624659110261,False,False,normal
2658,train,train,1871,False,1.1739289352324898,-1.7716810032409842,16.155538614427496,9.430003554553512,258.8188405579229,60.37935625873294,0.06242025727185009,0.15617926620722472,False,False,normal
2659,train,train,1872,False,0.8762827618435025,-2.210684060176607,33.50747511910126,14.455204018779673,258.8188405579229,60.37935625873294,0.12946304467971056,0.23940639507379563,False,False,normal
2660,train,train,1873,False,1.574938035942185,-1.0500544179272517,27.84225470246591,6.611662070663794,258.8188405579229,60.37935625873294,0.10757429653284803,0.10950202983834428,False,False,normal
2661,train,test,1874,False,2.9298650234024404,-0.8788997271546732,14.017131832419457,4.202178925549894,258.8188405579229,60.37935625873294,0.054158081390842425,0.06959628565006626,False,False,normal
2662,train,train,1875,False,3.1367381911334316,-0.7675167627771119,16.74973055383161,2.6752564004077204,258.8188405579229,60.37935625873294,0.0647160404463796,0.04430746808468641,False,False,normal
2663,train,train,1876,False,2.648965604762079,2.520662042113393,19.441959711418303,4.478934295138735,258.8188405579229,60.37935625873294,0.07511802336146874,0.07417989479626039,False,False,normal
2664,train,train,1877,False,4.555233229576068,-0.5282417578641525,16.61059154156498,5.356410821626327,258.8188405579229,60.37935625873294,0.06417844815994984,0.08871261890692327,False,False,normal
2665,test,train,1878,False,4.079298694301061,1.9987885151365015,15.075130168626787,4.264595633387442,258.8188405579229,60.37935625873294,0.05824587628987936,0.07063002816911673,False,False,normal
2666,train,train,1879,False,5.684341990184206,-0.15675410639793613,23.66529513351649,5.051410678759388,258.8188405579229,60.37935625873294,0.09143575128650755,0.08366122118151566,False,False,normal
2667,train,train,1880,False,6.331018367666669,0.22335744793610482,24.262892017666424,5.411670089218989,258.8188405579229,60.37935625873294,0.0937446901677023,0.08962782024421259,False,False,normal
2668,test,train,1881,False,-8.592285408461722,3.6436062638789632,29.126954357638855,21.388141957049392,258.8188405579229,60.37935625873294,0.11253799875948493,0.3542293804093999,False,False,normal
2669,train,train,1881,False,-0.8675844034262497,-3.1633291511267068,28.947286847708206,24.475151390952302,258.8188405579229,60.37935625873294,0.1118438162589245,0.40535628246967853,False,False,normal
2670,train,test,1882,False,-5.430002008625274,-4.441659318440026,53.09208869298132,18.08241688305688,258.8188405579229,60.37935625873294,0.20513224067665764,0.29948012041684424,False,False,normal
2671,train,train,1883,False,-4.954779074216517,-3.599654607239791,18.448123835576972,9.947520344837253,258.8188405579229,60.37935625873294,0.07127813336853403,0.16475035444582928,False,False,normal
2672,train,train,1884,False,-1.4235447068025648,2.2508636182442743,27.919769897678176,10.049118185791084,258.8188405579229,60.37935625873294,0.10787379248548103,0.1664330130107612,False,False,normal
2673,train,train,1884,False,-0.45606815854913213,-1.942827686794452,34.93016814656876,18.436650283809218,258.8188405579229,60.37935625873294,0.1349599127763324,0.3053469169960328,False,False,normal
2674,train,train,1885,False,2.3739893135307457,1.1575544864910785,19.17418357351293,3.8334727088466862,258.8188405579229,60.37935625873294,0.07408341499475114,0.06348979098783011,False,False,normal
2675,train,train,1886,False,3.4793052206734183,-0.13049248746365416,11.754870747748928,5.584898997538682,258.8188405579229,60.37935625873294,0.04541736885309253,0.09249682910839103,False,False,normal
2676,train,train,1887,False,3.90084795780869,-0.49378088103571277,13.718548912903593,3.9860823846918696,258.8188405579229,60.37935625873294,0.05300444466612709,0.06601730511353944,False,False,normal
2677,train,train,1888,False,4.574935123312196,-0.912359471226798,11.265316450032742,5.905851100462234,258.8188405579229,60.37935625873294,0.043525874800105974,0.09781242243052309,False,False,normal
2678,test,train,1889,False,4.35646885182995,1.3355341264261622,12.584147576469757,3.97281939219339,258.8188405579229,60.37935625873294,0.04862145100929568,0.06579764406843577,False,False,normal
2679,train,train,1890,False,5.611324858847731,0.2775468695097,14.619759456335345,5.496128676586092,258.8188405579229,60.37935625873294,0.05648645757325957,0.09102661931396729,False,False,normal
2680,train,test,1891,False,6.639096571814286,0.4796937963102556,13.79209735767033,3.7713669509616605,258.8188405579229,60.37935625873294,0.053288614259840564,0.06246119840696696,False,False,normal
2681,train,train,1892,False,-8.388110949386,4.247841349976348,41.83655811881849,12.619602802337129,258.8188405579229,60.37935625873294,0.16164417562737513,0.20900525584043303,False,False,normal
2682,train,train,1892,False,0.0036807367220315678,-2.535921150442688,10.260707667370335,4.422074631260758,258.8188405579229,60.37935625873294,0.03964436145858562,0.07323818777251659,False,False,normal
2683,train,train,1893,False,-4.713305665804919,-4.557071665381371,24.12128879918806,5.999803951904272,258.8188405579229,60.37935625873294,0.09319757691206328,0.09936846504613889,False,False,normal
2684,train,train,1894,False,-2.971658254196313,2.2463091518644966,19.68867006138861,6.382405218411995,258.8188405579229,60.37935625873294,0.07607123970939181,0.10570508885624097,False,False,normal
2685,test,train,1894,False,-0.25564357290104417,-0.19536419615125408,8.164781344972406,4.354279286263829,258.8188405579229,60.37935625873294,0.03154631759949157,0.07211536452302023,False,False,normal
2686,test,train,1894,False,-0.26418787365253743,-0.21111722079938702,7.739503743142273,4.054029021952189,258.8188405579229,60.37935625873294,0.02990316982511246,0.06714263405823967,False,False,normal
2687,train,train,1894,False,0.08679106199568201,-1.638782788618883,5.92218598646672,4.799561760046846,258.8188405579229,60.37935625873294,0.022881587652972088,0.0794901114791641,False,False,normal
2688,test,train,1895,False,-1.1195447363644433,-3.4026611254202077,9.868547733605267,2.94918744748868,258.8188405579229,60.37935625873294,0.03812917062889289,0.0488443009370794,False,False,normal
2689,test,train,1896,False,-0.9530643711091434,-0.006345320291439826,9.712322181173324,2.9479530727088967,258.8188405579229,60.37935625873294,0.03752556096857924,0.04882385728122964,False,False,normal
2690,train,test,1897,False,-0.10451828407817189,2.6549413989875013,23.20792052633406,7.355918320371963,258.8188405579229,60.37935625873294,0.0896685901084554,0.12182836611988626,False,False,normal
2691,train,test,1897,False,0.8414199892453949,-2.500986093532934,7.730347369523787,4.77627093992237,258.8188405579229,60.37935625873294,0.029867792286140612,0.079104370034279,False,False,normal
2692,train,train,1898,False,1.601999319924424,-0.7638458526853891,12.058081606705471,6.9574588677020355,258.8188405579229,60.37935625873294,0.04658888657685223,0.11522909979179757,False,False,normal
2693,train,train,1899,False,2.6650764356030208,-1.9159428177904139,13.016502203970086,6.403385664780987,258.8188405579229,60.37935625873294,0.050291942332756995,0.10605256600189135,False,False,normal
2694,train,train,1900,False,3.5207836091898503,-2.0809083251065004,10.428613151838798,3.0555707447599434,258.8188405579229,60.37935625873294,0.04029309894657729,0.05060621599982697,False,False,normal
2695,train,train,1901,False,3.246333216166952,3.381610043576025,14.243676879147776,4.967138604622007,258.8188405579229,60.37935625873294,0.05503338492840548,0.08226551113491852,False,False,normal
2696,train,test,1902,False,4.50944772289065,-0.39676323034894834,13.955830200587068,4.5203680107550674,258.8188405579229,60.37935625873294,0.05392122988613649,0.07486611800537814,False,False,normal
2697,test,train,1903,False,3.905057884447252,4.471536559079998,14.792414603277873,5.28604599846466,258.8188405579229,60.37935625873294,0.05715354636235369,0.08754724008340375,False,False,normal
2698,train,train,1903,False,1.660340173438474,-0.27379513277545187,10.739038384979276,6.47504445994173,258.8188405579229,60.37935625873294,0.04149249089374508,0.10723937552754571,False,False,normal
2699,train,train,1904,False,-7.567932682763431,0.3525970599946495,23.129386830110906,11.545298443922517,258.8188405579229,60.37935625873294,0.08936515896699034,0.19121267862561334,False,False,normal
2700,train,train,1905,False,-4.711332023299393,-3.082845194678103,13.12599573065839,5.575641514011631,258.8188405579229,60.37935625873294,0.05071499316805274,0.09234350711059792,False,False,normal
2701,train,train,1906,False,-2.5381984576302203,-3.184360993655128,14.183238878307941,2.1169639458036627,258.8188405579229,60.37935625873294,0.054799870240257,0.035061055250940616,False,False,normal
2702,test,train,1907,False,-2.0987341561700736,2.223171901161948,15.434436836915319,5.578553764091302,258.8188405579229,60.37935625873294,0.05963413174884823,0.0923917396566223,False,False,normal
2703,train,train,1908,False,-0.32986277477362963,-3.392676430183158,11.832438428998781,8.912987470630407,258.8188405579229,60.37935625873294,0.0457170675963627,0.14761647064332986,False,False,normal
2704,train,train,1909,False,0.18864661590030063,-1.214708106237589,8.013746861502115,3.075891794065527,258.8188405579229,60.37935625873294,0.0309627647053332,0.05094277224296585,False,False,normal
2705,train,train,1910,False,1.7243013289116746,-0.5019222851749691,6.287574683395335,3.1899511023745464,258.8188405579229,60.37935625873294,0.024293342284671098,0.05283181703205339,False,False,normal
2706,train,train,1911,False,2.97780132629487,-0.47412540754555305,7.586269315196779,2.699878207760538,258.8188405579229,60.37935625873294,0.02931111699149658,0.044715253276156657,False,False,normal
2707,train,train,1912,False,3.561169625462651,0.8223017967656253,8.429744201980196,1.990757345471237,258.8188405579229,60.37935625873294,0.03257005627491652,0.032970827594461224,False,False,normal
2708,train,train,1913,False,3.1635156185665894,4.27416592757218,13.609461815855239,3.5926084885224747,258.8188405579229,60.37935625873294,0.052582964155615565,0.05950060933289363,False,False,normal
2709,train,train,1913,False,1.545562153731657,-1.871387913501855,8.930690971655096,5.969437102181463,258.8188405579229,60.37935625873294,0.034505567494250614,0.09886553073871297,False,False,normal
2710,test,train,1914,False,3.613859958408097,4.096305547465781,14.530339858718959,3.266282263482859,258.8188405579229,60.37935625873294,0.056140966505361926,0.05409601005824639,False,False,normal
2711,train,train,1915,False,4.404740992807772,2.3573480970636966,11.799708911837099,7.306689462535176,258.8188405579229,60.37935625873294,0.04559061035278983,0.12101304013949928,False,False,normal
2712,train,test,1916,False,5.430518566490155,-0.061863821639898384,9.581972366355032,5.924383679239625,258.8188405579229,60.37935625873294,0.03702192756021799,0.09811935811062501,False,False,normal
2713,train,train,1917,False,5.774488721167009,0.1665828345996735,12.579929404904217,3.709090921232187,258.8188405579229,60.37935625873294,0.04860515323299606,0.06142978579198954,False,False,normal
2714,train,test,1918,False,6.691595264244201,0.6169439455934919,11.994190548056014,5.578241777016312,258.8188405579229,60.37935625873294,0.04634203028728795,0.09238657254166247,False,False,normal
2715,test,train,1919,False,-9.005514297267306,4.158516244696834,27.174270612885078,10.831615993949862,258.8188405579229,60.37935625873294,0.10499340215846287,0.17939270414767358,False,False,normal
2716,train,train,1919,False,-0.22552308793908185,-1.4264624339761436,6.515974419688328,4.525856576747093,258.8188405579229,60.37935625873294,0.025175811798098493,0.07495701937187343,False,False,normal
2717,train,train,1920,False,-5.167823857386796,-3.10029109422885,15.398107688365824,5.863108320203164,258.8188405579229,60.37935625873294,0.0594937665865935,0.09710451855563061,False,False,normal
2718,test,train,1921,False,-3.428319162143878,1.9760305524584387,16.661016312917024,3.43325717683492,258.8188405579229,60.37935625873294,0.06437327466965581,0.056861440557977996,False,False,normal
2719,train,train,1921,False,0.20673565830522103,-2.6714344118272217,15.33490100930133,4.658003779286912,258.8188405579229,60.37935625873294,0.05924955453878337,0.07714563499694821,False,False,normal
2720,train,test,1922,False,-2.48228633616763,-2.0981932565410957,9.137485913703726,2.1634433120080794,258.8188405579229,60.37935625873294,0.03530456242677891,0.03583084428289463,False,False,normal
2721,train,train,1923,False,-3.3100114540212364,0.6134744382729684,16.802680236378905,4.845878313985885,258.8188405579229,60.37935625873294,0.06492062247152565,0.08025720402219431,False,False,normal
2722,train,test,1924,False,-3.393399778245169,2.036280369026225,13.048438569916797,4.950773765637224,258.8188405579229,60.37935625873294,0.050415335072937224,0.08199447745720494,False,False,normal
2723,train,test,1924,False,0.1768591627314222,-2.1177105825899316,7.323437271731576,3.916968945105803,258.8188405579229,60.37935625873294,0.028295611153905206,0.06487265164472955,False,False,normal
2724,train,test,1925,False,-1.9573736751943303,-2.2106696974476034,7.9247148447006275,2.4403942958186016,258.8188405579229,60.37935625873294,0.030618771135894566,0.040417693182438263,False,False,normal
2725,train,train,1926,False,1.2921460064747643,2.2559076600692864,11.824902177314375,6.611123174644471,258.8188405579229,60.37935625873294,0.04568794973280933,0.10949310466834059,False,False,normal
2726,train,test,1927,False,2.8121953362614507,-0.6534155964807715,6.49552161584308,4.136761898611828,258.8188405579229,60.37935625873294,0.025096788169829548,0.0685128519900957,False,False,normal
2727,train,train,1928,False,3.602120842359233,-0.13677854888906427,13.209661793327298,3.476805848679554,258.8188405579229,60.37935625873294,0.05103825426638914,0.05758269157062581,False,False,normal
2728,test,train,1929,False,4.173692026433129,0.9485772380160349,9.1499063762385,4.727922794988865,258.8188405579229,60.37935625873294,0.03535255144685179,0.07830363037871979,False,False,normal
2729,train,train,1930,False,6.521351303155331,-1.1077451316393232,9.82523247648684,4.146761774979991,258.8188405579229,60.37935625873294,0.037961813194538216,0.06867846946248662,False,False,normal
2730,train,train,1931,False,6.086550445270477,0.6145485927993485,12.813691191246638,3.911448736481711,258.8188405579229,60.37935625873294,0.04950834013329478,0.06478122621448089,False,False,normal
2731,train,train,1932,False,-8.409405380403195,4.3122205371805435,21.956921701587007,10.69332280703894,258.8188405579229,60.37935625873294,0.08483509799462652,0.17710229902446695,False,False,normal
2732,train,train,1932,False,-0.1839473935833605,-1.6391045532149977,6.939225276136992,4.180902432014474,258.8188405579229,60.37935625873294,0.026811128823459873,0.06924390538545648,False,False,normal
2733,train,train,1933,False,-3.3446859557626176,-2.722884245809248,9.195305596059054,2.356757575161153,258.8188405579229,60.37935625873294,0.03552796070114985,0.039032505829677246,False,False,normal
2734,train,train,1934,False,-1.7495850301426694,-2.2326986682946948,8.163373932944513,2.9740334343182764,258.8188405579229,60.37935625873294,0.03154087977269017,0.04925579897828289,False,False,normal
2735,train,train,1935,False,-1.125393664145191,-1.7984636280832458,14.644164969710257,7.686001963883861,258.8188405579229,60.37935625873294,0.05658075331047214,0.12729519557890615,False,False,normal
2736,train,train,1936,False,-0.9014226293534932,-2.3865289567966097,63.12384322124514,82.41449067699519,258.8188405579229,60.37935625873294,0.24389199443584636,1.3649448384947829,False,True,q alarm only
2737,train,train,1937,False,0.4672573290574151,-1.1638749996915734,12.082710120304338,7.4445782999258485,258.8188405579229,60.37935625873294,0.04668404392144807,0.12329674844536133,False,False,normal
2738,train,train,1938,False,1.0283843103280337,-1.1812071452777977,9.263804758654608,3.0347962144688756,258.8188405579229,60.37935625873294,0.03579262135123195,0.05026214922637469,False,False,normal
2739,train,train,1939,False,1.3959881942192753,-0.9231324494580865,9.204863243884256,5.399825938019237,258.8188405579229,60.37935625873294,0.03556488864582575,0.0894316579805906,False,False,normal
2740,train,test,1940,False,2.044965853974159,3.690131296663749,13.800930593867918,4.292634142239868,258.8188405579229,60.37935625873294,0.05332274329070456,0.07109440060681345,False,False,normal
2741,train,test,1940,False,1.1392547503068768,-1.9699465828215978,6.96841933897532,5.061560269909348,258.8188405579229,60.37935625873294,0.026923926109682916,0.08382931822293603,False,False,normal
2742,train,train,1941,False,2.9421782361492386,-1.3914311283843595,10.735693088547245,3.1000206669524073,258.8188405579229,60.37935625873294,0.0414795656506491,0.05134239347747331,False,False,normal
2743,train,train,1942,False,4.065085598633838,0.7804994634683031,13.847248155092672,5.963264730762812,258.8188405579229,60.37935625873294,0.05350170074652544,0.09876330421956624,False,False,normal
2744,train,train,1943,False,4.7321028120730215,-1.016389639682296,8.93169370547048,3.6092272486379824,258.8188405579229,60.37935625873294,0.03450944176326913,0.059775848440185436,False,False,normal
2745,train,train,1944,False,6.1990803371843,-0.7459993401265378,9.830061829724208,3.3358779937123346,258.8188405579229,60.37935625873294,0.037980472397349564,0.05524865120154128,False,False,normal
2746,train,train,1945,False,6.1843680463092765,0.1867703009296642,11.221489757025337,4.010805202151761,258.8188405579229,60.37935625873294,0.04335654132765501,0.0664267632295543,False,False,normal
2747,train,train,1946,False,-8.784684063448228,3.8937253328032013,31.915301314302155,12.815772513610797,258.8188405579229,60.37935625873294,0.12331135262604503,0.21225420918192042,False,False,normal
2748,test,train,1946,False,-0.4892595397863582,-0.297973599593213,8.803760156268584,4.253743791778625,258.8188405579229,60.37935625873294,0.03401514409573413,0.0704503004893065,False,False,normal
2749,train,train,1946,False,-0.4796980796077232,-0.2908752352344979,9.008887862854321,4.412226341875138,258.8188405579229,60.37935625873294,0.03480769732000309,0.073075080876454,False,False,normal
2750,test,train,1946,False,-0.47802785847256807,-0.29181237563911383,9.044316222357097,4.44924538084334,258.8188405579229,60.37935625873294,0.034944582097890226,0.07368818842284072,False,False,normal
2751,train,train,1946,False,-0.492768349165514,-0.3087870563184186,8.662875288037169,4.039389385543374,258.8188405579229,60.37935625873294,0.033470806334511966,0.06690017310277532,False,False,normal
2752,train,train,1946,False,-0.49722962513831265,-0.3898991756832964,10.537643143173915,4.172485244304853,258.8188405579229,60.37935625873294,0.04071435881738146,0.0691045003266554,False,False,normal
2753,test,train,1946,False,-0.47680198783960054,-0.2899304191468179,8.990092772497793,4.390501364222508,258.8188405579229,60.37935625873294,0.03473507860988132,0.07271527283942332,False,False,normal
2754,train,train,1946,False,-0.5050319441387596,-0.3211838595665028,8.997474547641174,4.231939080599324,258.8188405579229,60.37935625873294,0.03476359962144087,0.07008917190943452,False,False,normal
2755,train,train,1946,False,-0.49626030389271886,-0.3060655422482783,8.767900656780634,4.19098123621216,258.8188405579229,60.37935625873294,0.03387659351954482,0.06941083005677125,False,False,normal
2756,train,train,1946,False,-0.4833918115547395,-0.29788708514477086,8.87027583377949,4.316052884670943,258.8188405579229,60.37935625873294,0.034272141141882394,0.07148226069479985,False,False,normal
2757,test,train,1946,False,-0.4768344224377052,-0.2890778598588185,9.067805497695847,4.4298686570073516,258.8188405579229,60.37935625873294,0.03503533776037645,0.07336727205279933,False,False,normal
2758,train,train,1946,False,-0.01258559765642805,-2.609384275611932,10.97760331655041,4.925377429071067,258.8188405579229,60.37935625873294,0.042414235736805465,0.08157386455008267,False,False,normal
2759,train,train,1947,False,-4.460801317350115,-2.097041882473296,11.608392493971902,2.9550009736832887,258.8188405579229,60.37935625873294,0.04485141989257145,0.04894058427885099,False,False,normal
2760,train,train,1948,False,-2.419652576039037,-2.0917877475804216,7.118574959736171,4.13142486518674,258.8188405579229,60.37935625873294,0.027504083336402457,0.06842446029870007,False,False,normal
2761,train,train,1949,False,-0.6488441363142318,-1.4225364137911072,8.487396813468989,4.006035951544715,258.8188405579229,60.37935625873294,0.032792809036518086,0.06634777512993613,False,False,normal
2762,train,train,1950,False,-0.5354452928862113,-2.3597652901621156,7.060006054918141,4.443098307851684,258.8188405579229,60.37935625873294,0.02727779028643833,0.07358638089502748,False,False,normal
2763,train,train,1951,False,-1.7110062457244775,2.461621803264244,13.540413734176141,3.5575038435359008,258.8188405579229,60.37935625873294,0.05231618264338,0.05891920788773502,False,False,normal
2764,test,test,1952,False,-0.16906496316911826,-1.9937989730513255,8.268755090430913,3.7358428861197135,258.8188405579229,60.37935625873294,0.03194804162095143,0.06187285055029684,False,False,normal
2765,train,train,1953,False,1.419531555030845,-1.3541355989102146,10.560384327851631,2.661258676545249,258.8188405579229,60.37935625873294,0.04080222407722381,0.04407563845400122,False,False,normal
2766,train,train,1954,False,3.1584190247766504,-0.4108321910141045,7.381267627541224,3.3914995492029085,258.8188405579229,60.37935625873294,0.02851905066736947,0.056169852733605134,False,False,normal
2767,test,train,1955,False,3.5756763004340786,-0.13709951947042973,7.124941504608598,2.530282864599744,258.8188405579229,60.37935625873294,0.027528681796308633,0.04190642334371986,False,False,normal
2768,train,train,1956,False,4.842215059540633,0.04141921951793544,11.956788575234329,3.009380857719969,258.8188405579229,60.37935625873294,0.046197520047071054,0.04984122130789873,False,False,normal
2769,train,train,1957,False,6.343012338744107,0.5935940157437557,17.355747126104358,5.892848966984149,258.8188405579229,60.37935625873294,0.06705751053011225,0.09759708171999332,False,False,normal
2770,train,train,1958,False,-8.189963070747782,-2.7960027032393024,40.688752936233264,11.661631004336316,258.8188405579229,60.37935625873294,0.15720939344493834,0.19313937290693856,False,False,normal
2771,train,train,1959,False,-1.3359893413585584,-1.814262939316949,10.511943757451778,3.2321549001716465,258.8188405579229,60.37935625873294,0.040615063937353646,0.053530794305283194,False,False,normal
2772,train,train,1960,False,2.587904344483236,-2.844511697234038,17.329898857547718,3.2742063222228235,258.8188405579229,60.37935625873294,0.06695764041053007,0.05422724793872343,False,False,normal
2773,train,train,1961,False,4.699894827366443,-0.009929407923607159,12.197029222404682,2.519436192682256,258.8188405579229,60.37935625873294,0.047125739363147415,0.04172678128408927,False,False,normal
2774,train,test,1962,False,5.346128936525459,-0.9986397692097021,13.441204282278612,3.1710849520033113,258.8188405579229,60.37935625873294,0.05193286645324613,0.05251935675522647,False,False,normal
2775,train,train,1963,False,-9.249612865338845,4.091989541341161,45.24679584773478,9.07992402111033,258.8188405579229,60.37935625873294,0.1748203328250699,0.15038126577901464,False,False,normal
2776,test,test,1964,False,-4.211928582659019,-2.709566386724648,13.398289858054765,4.337904244991049,258.8188405579229,60.37935625873294,0.05176705771949499,0.07184416187550258,False,False,normal
2777,train,train,1965,False,-0.7267393895822377,-2.225307569029194,9.044822677511986,3.727412234967914,258.8188405579229,60.37935625873294,0.03494653889189254,0.06173322251061267,False,False,normal
2778,train,test,1966,False,0.5080744772647198,-1.6910329116547895,8.803180545080318,2.2698716939785286,258.8188405579229,60.37935625873294,0.034012904648300486,0.03759350603626594,False,False,normal
2779,train,train,1967,False,1.5366908434390107,3.973671030941288,24.00639811887956,3.3043252990472562,258.8188405579229,60.37935625873294,0.0927536730600066,0.05472607698710495,False,False,normal
2780,train,train,1967,False,0.610393751507185,0.153330160891834,7.285432426784476,4.641315967226011,258.8188405579229,60.37935625873294,0.028148771592823894,0.07686925225465147,False,False,normal
2781,train,train,1967,False,0.687441573628363,-0.11355563845348744,6.264393935591157,4.33028238696426,258.8188405579229,60.37935625873294,0.024203778681982015,0.07171792902873077,False,False,normal
2782,train,train,1968,False,4.3162683390070855,-1.0745869039917328,8.472610186071867,4.3426912512184614,258.8188405579229,60.37935625873294,0.03273567785022096,0.07192344404285295,False,False,normal
2783,train,train,1969,False,4.356913119791637,4.365736044165157,18.22540493985036,3.6204480495585702,258.8188405579229,60.37935625873294,0.0704176129549254,0.05996168680640626,False,False,normal
2784,test,train,1969,False,1.788271160145261,-0.33042558019680474,11.682852419763814,6.812166008459552,258.8188405579229,60.37935625873294,0.04513911118131767,0.11282276643143702,False,False,normal
2785,train,train,1970,False,6.561605671701359,-0.22920120114219722,20.060572756533197,3.8066877016480016,258.8188405579229,60.37935625873294,0.07750816251741804,0.06304617898435151,False,False,normal
2786,train,test,1971,False,-8.815358236290468,1.950672860033978,26.783797585277277,10.902062506020107,258.8188405579229,60.37935625873294,0.1034847290388164,0.1805594358989757,False,False,normal
2787,train,test,1972,False,2.517877909370612,0.6295477625230814,8.165454869997761,2.5440190697799396,258.8188405579229,60.37935625873294,0.03154891990241474,0.042133921714542735,False,False,normal
2788,train,train,1973,False,3.0728940660615702,4.2489781466483905,14.851326555358186,3.8568015784450393,258.8188405579229,60.37935625873294,0.05738116484620641,0.0638761626062751,False,False,normal
2789,train,train,1973,False,1.3298737281758344,0.4157842443468146,11.60662254566901,6.504999621818307,258.8188405579229,60.37935625873294,0.044844581332059104,0.10773549148062438,False,False,normal
2790,train,train,1973,False,1.333850059036419,0.42104292098055796,11.756521600876212,6.546190310064709,258.8188405579229,60.37935625873294,0.0454237472648176,0.10841768968210727,False,False,normal
2791,train,train,1973,False,1.315655150779192,0.4019375612255808,10.952109097978303,6.483753040281778,258.8188405579229,60.37935625873294,0.04231573356239981,0.10738360661710439,False,False,normal
2792,test,train,1973,False,1.3156346485165205,0.32281489404628483,12.835368223852514,6.714720199573784,258.8188405579229,60.37935625873294,0.049592093822010595,0.11120887362230868,False,False,normal
2793,train,train,1973,False,1.3225717599110922,0.4099509042727253,10.961661628772951,6.531691229143963,258.8188405579229,60.37935625873294,0.04235264173637222,0.1081775565998893,False,False,normal
2794,train,train,1973,False,1.8846165144258278,-2.120105661731644,12.212976799117024,6.756294687233208,258.8188405579229,60.37935625873294,0.047187356116695826,0.11189742829124671,False,False,normal
2795,train,train,1973,False,1.1141853490208622,1.1532447858789088,9.230243920346073,15.149360238260398,258.8188405579229,60.37935625873294,0.035662952126857904,0.250902977059635,False,False,normal
2796,train,train,1973,False,1.2514341498134882,0.7213099672371043,10.08335284182156,19.10389154273145,258.8188405579229,60.37935625873294,0.03895911449137697,0.31639773469708643,False,False,normal
2797,train,train,1974,False,4.509799842776354,-0.9897781116993057,18.181139031048666,4.550396691130178,258.8188405579229,60.37935625873294,0.07024658248161722,0.07536345156830045,False,False,normal
2798,train,train,1975,False,6.8826892905434525,-1.0689100941402248,14.99520002795948,4.049717865602765,258.8188405579229,60.37935625873294,0.05793704969713594,0.06707123289372659,False,False,normal
2799,train,train,1975,False,2.356237281130699,-1.1623661831673788,15.11808643549026,10.4462504429851,258.8188405579229,60.37935625873294,0.05841184669130328,0.17301029839108648,False,False,normal
2800,train,train,1976,False,-10.7819526133046,6.2251278804195795,31.477863590164272,4.542570063278561,258.8188405579229,60.37935625873294,0.1216212217097836,0.07523382733351928,False,False,normal
2801,train,train,1976,False,-0.18315862079400477,-1.605638815393617,6.894935483838767,4.553402785806511,258.8188405579229,60.37935625873294,0.026640006071334286,0.07541323836402995,False,False,normal
2802,train,test,1977,False,-2.8818051555133395,-2.6710263929102784,9.468637560245325,3.3199478912844422,258.8188405579229,60.37935625873294,0.036584035149196455,0.054984817609814496,False,False,normal
2803,train,test,1978,False,-2.2144516401861463,-1.5980978842465627,7.400651296522844,3.4912937102849955,258.8188405579229,60.37935625873294,0.028593943472467572,0.05782263883908225,False,False,normal
2804,train,train,1979,False,-1.205174602611807,-2.3115004124120704,8.306584639027587,2.4518919620447215,258.8188405579229,60.37935625873294,0.03209420388840896,0.040608116978559095,False,False,normal
2805,test,train,1980,False,0.16707037762994942,0.5564087508013364,11.038439595738968,3.3659668007082373,258.8188405579229,60.37935625873294,0.04264928925554242,0.05574698057867091,False,False,normal
2806,train,train,1981,False,0.15496025832660773,3.535723856963419,14.050288704179266,3.411824714584746,258.8188405579229,60.37935625873294,0.05428618980709348,0.05650647714700135,False,False,normal
2807,test,train,1981,False,0.833834725520113,-1.5488752133894923,6.055185845889869,3.7908093997439876,258.8188405579229,60.37935625873294,0.023395460055523804,0.06278320331041465,False,False,normal
2808,train,train,1982,False,0.7778580150526843,3.4091852741380015,32.43236221889572,3.4887327532644923,258.8188405579229,60.37935625873294,0.12530912413092837,0.0577802243918409,False,False,normal
2809,test,train,1982,False,1.0563464057037903,-1.4694482063961052,6.127948127060835,3.801347272677378,258.8188405579229,60.37935625873294,0.02367659214395336,0.06295773105609373,False,False,normal
2810,test,train,1983,False,3.7800770349796147,-1.9247892193852318,10.040765235749666,2.997867560772732,258.8188405579229,60.37935625873294,0.03879456848699765,0.04965053863652508,False,False,normal
2811,train,train,1984,False,3.8797445253271543,0.22864945948251642,7.893131106773709,2.957724432096247,258.8188405579229,60.37935625873294,0.03049674084683665,0.048985690066353726,False,False,normal
2812,test,train,1985,False,5.40537371050917,0.06186871272586433,16.044479873573437,3.256249504674484,258.8188405579229,60.37935625873294,0.06199115890862949,0.053929847988459095,False,False,normal
2813,train,train,1986,False,5.955453868727457,-0.5774670810407377,14.75055203121784,4.545631874606214,258.8188405579229,60.37935625873294,0.05699180167649623,0.07528453690575343,False,False,normal
2814,train,test,1987,False,-10.069516668355018,5.426606422864093,23.600165958304842,2.363467235490247,258.8188405579229,60.37935625873294,0.09118411127810919,0.039143630901967555,False,False,normal
2815,train,test,1987,False,-0.4826141417216382,-0.2555460282672359,8.689546321970537,3.8569766066981295,258.8188405579229,60.37935625873294,0.03357385537791188,0.06387906141580099,False,False,normal
2816,train,test,1987,False,-0.503795644834508,-0.2735519680972473,8.481020720774268,3.469458919401205,258.8188405579229,60.37935625873294,0.03276817368663021,0.05746101208058841,False,False,normal
2817,test,test,1987,False,-0.4986217614094856,-0.3596740773172262,10.150956502746634,3.722186884819701,258.8188405579229,60.37935625873294,0.03922031518596066,0.061646680512287576,False,False,normal
2818,train,test,1987,False,-0.03970905989423545,-2.3908882296178096,11.202386187641252,3.466336566134603,258.8188405579229,60.37935625873294,0.043282730745152966,0.05740929981566756,False,False,normal
2819,train,train,1988,False,0.14229569062324338,-1.2608808573544275,12.543832589183701,4.320558707207882,258.8188405579229,60.37935625873294,0.04846568573656997,0.0715568859113661,False,False,normal
2820,train,train,1989,False,3.5302661372350284,-1.8552989479570166,10.729485813223784,3.4778569977681935,258.8188405579229,60.37935625873294,0.041455582561512,0.05760010065137412,False,False,normal
2821,train,train,1990,False,3.2988461019165554,0.46965829584056845,12.506141904241648,3.999287464362611,258.8188405579229,60.37935625873294,0.048320059997497784,0.06623600700917005,False,False,normal
2822,test,test,1991,False,5.312702796357585,0.2593232684247463,10.994621600180185,3.652693486863089,258.8188405579229,60.37935625873294,0.042479989387479,0.060495734191183655,False,False,normal
2823,train,test,1992,False,-11.510477671555536,5.063426411077121,89.32996485341852,15.152020668681873,258.8188405579229,60.37935625873294,0.34514475322142063,0.25094703898056825,False,False,normal
2824,train,train,1993,False,-5.312692902220182,-0.7289472962697421,20.51275210161538,4.104264303749739,258.8188405579229,60.37935625873294,0.07925525072825866,0.067974628383954,False,False,normal
2825,train,train,1994,False,2.7767357969416677,-1.9737795431169347,19.887197390644,4.097703563051207,258.8188405579229,60.37935625873294,0.07683829101380008,0.06786596971143655,False,False,normal
2826,train,train,1995,False,2.7151877127844877,-8.213916226546914,211.98043048490226,10.535528977039661,258.8188405579229,60.37935625873294,0.8190301371721881,0.17448892518650957,False,False,normal
2827,train,train,1996,False,6.107161636083585,-1.4352841866994783,13.33316736193933,3.2035096546875272,258.8188405579229,60.37935625873294,0.05151544351716314,0.05305637312461722,False,False,normal
2828,train,train,1997,False,-8.754097002012623,0.7511694058836901,30.364953869860425,3.460149280774643,258.8188405579229,60.37935625873294,0.11732126534685113,0.05730682629254077,False,False,normal
2829,train,train,1998,False,-0.01079555677290078,-2.63786654869439,18.2058578555826,4.092701712484424,258.8188405579229,60.37935625873294,0.07034208876114713,0.06778312930245059,False,False,normal
2830,train,train,1999,False,3.060154353129209,-1.796408762239176,10.56865755104606,3.1719810581379853,258.8188405579229,60.37935625873294,0.040834189382286584,0.052534198022013645,False,False,normal
2831,train,train,2000,False,4.353918944477605,-1.5010191653674814,8.937014411797712,2.803011795043888,258.8188405579229,60.37935625873294,0.03452999941013813,0.046423346798078455,False,False,normal
2832,train,train,2001,False,-9.497393096249892,4.818080019573018,21.09083438091169,2.8496643091811773,258.8188405579229,60.37935625873294,0.08148879090659408,0.04719600349778518,False,False,normal
2833,train,train,2001,False,-0.5046575419974331,-0.2674738634282334,8.56747597464375,3.611639084058316,258.8188405579229,60.37935625873294,0.033102211400743736,0.059815793142642994,False,False,normal
2834,train,train,2001,False,0.05010067866158219,-2.648662588309222,9.94360800433077,4.423470800000903,258.8188405579229,60.37935625873294,0.03841918147417641,0.07326131105217135,False,False,normal
2835,train,train,2002,False,-6.582516159635476,2.2257156340845325,18.514876387152206,6.823457160169282,258.8188405579229,60.37935625873294,0.07153604562651084,0.11300976994405061,False,False,normal
2836,train,train,2002,False,-0.27048817418716886,-1.2861698436631543,6.967480784951534,3.0548111694716664,258.8188405579229,60.37935625873294,0.026920299812533285,0.050593635950364,False,False,normal
2837,train,test,2003,False,-2.306938663012718,-1.7892269892697852,19.957334858865643,13.844836874166038,258.8188405579229,60.37935625873294,0.07710928159574708,0.229297523723824,False,False,normal
2838,train,train,2004,False,-1.4863704546153955,-2.0174068622440795,10.979982429012336,3.7324869076556597,258.8188405579229,60.37935625873294,0.04242342792875254,0.06181726899607038,False,False,normal
2839,train,train,2005,False,-0.09584372988830808,-1.6255165076847713,10.441181396871814,6.460512331548852,258.8188405579229,60.37935625873294,0.04034165895482832,0.10699869511468067,False,False,normal
2840,train,train,2006,False,0.41011472772468927,-2.1053066821922606,10.627948873640047,3.3517333785740995,258.8188405579229,60.37935625873294,0.04106327364240527,0.05551124732452448,False,False,normal
2841,test,train,2007,False,0.9042175104207428,-0.8324404890877531,6.979218903072472,2.387877412523159,258.8188405579229,60.37935625873294,0.026965652454155647,0.039547911082238305,False,False,normal
2842,test,train,2008,False,2.6321312986277445,-1.0017119796060652,7.996852153541883,2.0979511705817706,258.8188405579229,60.37935625873294,0.030897488514759847,0.034746166580375465,False,False,normal
2843,train,train,2009,False,1.9579627331580078,0.620348238704053,10.222060874879329,4.456008938146776,258.8188405579229,60.37935625873294,0.039495041600697,0.0738002061342329,False,False,normal
2844,train,train,2010,False,2.496313034794966,2.180854704279375,7.627094395375433,4.617422276499798,258.8188405579229,60.37935625873294,0.02946885311337492,0.07647352609579966,False,False,normal
2845,train,test,2011,False,3.572708470459378,-0.7600358659502533,10.35146349678658,5.956961530360922,258.8188405579229,60.37935625873294,0.039995015333784995,0.0986589109170792,False,False,normal
2846,test,train,2012,False,5.17940187896577,0.6371251816599729,12.097899902149146,4.589161184641272,258.8188405579229,60.37935625873294,0.04674273277814824,0.07600546724904045,False,False,normal
2847,train,test,2013,False,-9.016291697240714,4.069350945191457,32.137454791493795,5.680604918343078,258.8188405579229,60.37935625873294,0.1241696884284648,0.0940819059746346,False,False,normal
2848,train,test,2014,False,-3.8548515258148086,-5.098314586886768,14.769431144096322,10.92906799891239,258.8188405579229,60.37935625873294,0.05706474502497034,0.1810066995759278,False,False,normal
2849,train,train,2015,False,-0.8824093422999857,-3.863451819193765,22.10198202240558,10.433226723551606,258.8188405579229,60.37935625873294,0.08539556847855989,0.1727946001749994,False,False,normal
2850,train,train,2016,False,-0.9163241009385616,3.393780708740974,18.504952078792574,5.412340960690696,258.8188405579229,60.37935625873294,0.07149770101319661,0.08963893118532354,False,False,normal
2851,train,train,2016,False,0.13748066723556698,-0.027957023930703692,6.535138008930146,3.4420361030028426,258.8188405579229,60.37935625873294,0.02524985427970651,0.057006836711761155,False,False,normal
2852,train,train,2016,False,0.12308055591179662,-0.12188297520882067,7.91504559813566,3.7967904718395977,258.8188405579229,60.37935625873294,0.030581412006458225,0.06288226153935603,False,False,normal
2853,train,train,2016,False,0.14831350187651543,-0.014794401355206308,6.7042238073912435,3.461491290212552,258.8188405579229,60.37935625873294,0.02590315215437671,0.05732905258843168,False,False,normal
2854,train,train,2016,False,0.6169726769570665,-2.071281740953479,5.845181154821507,4.094534566331023,258.8188405579229,60.37935625873294,0.02258406359529832,0.06781348493987649,False,False,normal
2855,train,train,2017,False,2.206723777020431,0.46021719088482715,13.550077626559732,5.617984281864764,258.8188405579229,60.37935625873294,0.05235352108583171,0.09304478599922486,False,False,normal
2856,train,train,2018,False,2.739129325212679,-0.5476071261127262,34.23499545389785,15.689940303737833,258.8188405579229,60.37935625873294,0.13227396962330554,0.25985603815490377,False,False,normal
2857,train,train,2019,False,3.7859573355517298,-0.7865478879500009,9.970018445677825,4.424192754786496,258.8188405579229,60.37935625873294,0.038521223664343573,0.07327326803267474,False,False,normal
2858,train,train,2020,False,4.3539983930694595,-1.060756357488491,9.420934152370586,4.024699493619637,258.8188405579229,60.37935625873294,0.036399723188861935,0.0666568798178852,False,False,normal
2859,train,train,2021,False,4.936330967533717,0.7516246639972665,79.04183872164077,10.801137724844075,258.8188405579229,60.37935625873294,0.30539445486755995,0.1788879245177752,False,False,normal
2860,train,train,2022,False,5.714400848365845,-1.333989046322686,12.58768171310375,5.02403973366172,258.8188405579229,60.37935625873294,0.04863510587548075,0.08320790490268054,False,False,normal
2861,train,train,2023,False,-9.92583960493541,5.14559296542695,25.54824002269141,4.386921055581566,258.8188405579229,60.37935625873294,0.09871089742778516,0.07265597593957564,False,False,normal
2862,train,train,2023,False,0.023730912800316337,-2.5411025856877156,9.753561708803474,4.55825222536438,258.8188405579229,60.37935625873294,0.03768489839371124,0.0754935545492024,False,False,normal
2863,train,test,2024,False,-6.264942164087535,0.7233568974562594,29.690011908110957,9.375613559289391,258.8188405579229,60.37935625873294,0.11471348779752538,0.15527846171651347,False,False,normal
2864,train,train,2025,False,-2.788956193005669,0.7559122193069835,8.922034340517877,2.750900065148185,258.8188405579229,60.37935625873294,0.03447212081348132,0.04556027482903662,False,False,normal
2865,train,train,2026,False,-0.9898551606539574,-3.01891260725367,12.38846725456904,3.6803671080053775,258.8188405579229,60.37935625873294,0.04786539970530676,0.06095406337614057,False,False,normal
2866,train,train,2027,False,1.0926192689108347,-2.8696015525945895,8.81293925916716,4.123110911884526,258.8188405579229,60.37935625873294,0.03405060945396999,0.06828676500319894,False,False,normal
2867,test,test,2028,False,2.2203208207326925,-0.5992672885498966,14.921638422368222,4.649325825853853,258.8188405579229,60.37935625873294,0.057652829253861074,0.07700191114875293,False,False,normal
2868,train,test,2029,False,5.503178329126186,0.3186495002203734,7.113385953167867,4.066519823874721,258.8188405579229,60.37935625873294,0.027484034538729465,0.06734950612009152,False,False,normal
2869,train,train,2030,False,5.008029147664812,1.5932143799290859,10.95754205723736,3.4235749881734634,258.8188405579229,60.37935625873294,0.04233672492163527,0.05670108461413575,False,False,normal
2870,train,test,2031,False,5.082116857580912,4.51523380424298,17.620932500269856,4.329674407812847,258.8188405579229,60.37935625873294,0.06808210894649434,0.07170785970720957,False,False,normal
2871,train,test,2031,False,2.348391409448714,-1.058775958477849,17.01656901897557,8.405936080637273,258.8188405579229,60.37935625873294,0.06574702592088659,0.13921870986197346,False,False,normal
2872,train,train,2032,False,-9.817905223893609,5.406820127792898,22.620233562876194,3.096500001421217,258.8188405579229,60.37935625873294,0.08739794025085222,0.05128408438394631,False,False,normal
2873,train,train,2032,False,-0.47625845540723805,-0.24258460955549963,9.007245622699187,3.994869033488069,258.8188405579229,60.37935625873294,0.03480135218627329,0.06616282916912142,False,False,normal
2874,test,train,2032,False,0.0013421032332985628,-2.3391188425614864,8.025066977289605,4.442691916009042,258.8188405579229,60.37935625873294,0.031006502308681884,0.07357965025283746,False,False,normal
2875,train,train,2033,False,-4.291145946708663,-0.924697392916658,10.382922041833671,3.863606040472007,258.8188405579229,60.37935625873294,0.04011656191431707,0.06398885777973487,False,False,normal
2876,test,train,2034,False,-1.160254698379442,-1.894169561556677,11.784004612322637,2.7531597737129414,258.8188405579229,60.37935625873294,0.04552993355089778,0.045597700013814566,False,False,normal
2877,train,train,2035,False,-2.0785548845816755,5.5687062725557235,68.84275416923728,6.1091889984529955,258.8188405579229,60.37935625873294,0.265988187030111,0.10118009493632843,False,False,normal
2878,train,train,2035,False,-0.0033892949821362718,-0.05961605069882512,6.949984300509453,4.673735478519151,258.8188405579229,60.37935625873294,0.026852698534340535,0.07740618264447242,False,False,normal
2879,train,train,2035,False,0.31468811856054846,-1.388962156553322,4.839960718766769,4.428207771832731,258.8188405579229,60.37935625873294,0.018700187004676735,0.07333976455226382,False,False,normal
2880,train,train,2036,False,0.59596885651563,4.204290965833252,20.67669859665323,4.042948682929465,258.8188405579229,60.37935625873294,0.07988869184361348,0.06695912201522876,False,False,normal
2881,train,train,2036,False,0.22930851416768602,-0.8451238418342875,5.038530256691271,3.9247190407279735,258.8188405579229,60.37935625873294,0.019467401390988237,0.06500100835640035,False,False,normal
2882,train,train,2037,False,1.8876271074602367,0.22876102374591123,41.83402034430932,8.262570221679075,258.8188405579229,60.37935625873294,0.16163437041186726,0.13684429138782053,False,False,normal
2883,train,train,2038,False,3.1343569000944274,-0.5394029587518974,15.171860247660854,5.374906837033479,258.8188405579229,60.37935625873294,0.058619612911315226,0.08901894902624242,False,False,normal
2884,train,train,2039,False,0.6970225977717086,1.673360699954272,60.488212620496455,6.567506031682031,258.8188405579229,60.37935625873294,0.2337086917247022,0.10877071964032646,False,False,normal
2885,train,train,2040,False,3.459731554410912,-1.8346700953474695,66.21960447235934,7.980532412672417,258.8188405579229,60.37935625873294,0.25585310686661383,0.13217319473355857,False,False,normal
2886,train,train,2041,False,4.117063327547175,-0.7461475019230538,16.047065069378373,6.902356145933902,258.8188405579229,60.37935625873294,0.06200114734609936,0.11431649115893948,False,False,normal
2887,train,train,2042,False,4.057984487880882,4.324373189501927,22.10482947619874,5.724626939275545,258.8188405579229,60.37935625873294,0.08540657020388648,0.0948109965721532,False,False,normal
2888,train,test,2043,False,6.367064921638886,-0.8084085002672181,24.72652067113777,18.75195510417129,258.8188405579229,60.37935625873294,0.09553601514416818,0.310568980295465,False,False,normal
2889,train,test,2044,False,5.84709958158517,-1.2172161405517001,36.363508888353884,19.157837421897803,258.8188405579229,60.37935625873294,0.14049792051446824,0.3172911837583051,False,False,normal
2890,test,train,2045,False,-10.833280168621615,4.294969710245488,39.46011991704975,5.987543318993186,258.8188405579229,60.37935625873294,0.15246231623628145,0.09916540503240594,False,False,normal
2891,train,train,2046,False,-3.8507758805708474,-3.9786422584383496,11.233966202146341,3.1069497415563303,258.8188405579229,60.37935625873294,0.043404746648002285,0.05145715247845091,False,False,normal
2892,test,train,2047,False,-3.8784704517729933,2.1210734875322617,14.489341166306039,3.541059708228498,258.8188405579229,60.37935625873294,0.05598255959679012,0.05864686090813263,False,False,normal
2893,train,train,2047,False,0.2498812595940562,-2.6233914483016014,8.456622278791762,5.371514120688312,258.8188405579229,60.37935625873294,0.03267390527120144,0.08896275902099247,False,False,normal
2894,train,train,2048,False,-3.03034440264483,0.17035871855429854,42.6245768013715,9.411216194643513,258.8188405579229,60.37935625873294,0.1646888484218839,0.15586811085423466,False,False,normal
2895,train,train,2049,False,-0.5675761544075669,-3.1097342816737146,10.298585936437332,2.715886458891291,258.8188405579229,60.37935625873294,0.03979071196763413,0.04498038116294888,False,False,normal
2896,train,train,2050,False,-0.0034453180997269465,-2.541648936777435,8.678646784136163,3.908910791636813,258.8188405579229,60.37935625873294,0.03353174276427495,0.06473919289378727,False,False,normal
2897,test,train,2051,False,-0.5228544853625219,2.9084779882679,12.5675257637749,2.6138953078027862,258.8188405579229,60.37935625873294,0.0485572292058944,0.04329120861444637,False,False,normal
2898,train,train,2051,False,0.27426096123694,-0.0002562282444882167,6.566773535420221,3.5842891853025014,258.8188405579229,60.37935625873294,0.025372084664565198,0.05936282543231138,False,False,normal
2899,train,train,2051,False,0.7668009577612004,-2.6832074192079958,339.1548913107646,5.294348167753065,258.8188405579229,60.37935625873294,1.3103949101219419,0.08768474021263384,True,False,t2 alarm only
2900,train,train,2052,False,3.308438366833136,-1.1314353278096159,8.421387274858283,6.291752344853278,258.8188405579229,60.37935625873294,0.03253776756245688,0.10420370031592169,False,False,normal
2901,train,train,2053,False,4.363684582840662,-2.823466545912148,29.240812683367775,5.116728862559438,258.8188405579229,60.37935625873294,0.1129779138965881,0.08474301780617911,False,False,normal
2902,train,train,2054,False,4.400835682621326,0.21004593112884656,7.660471499402656,3.1976615486665247,258.8188405579229,60.37935625873294,0.02959781244243796,0.05295951707342081,False,False,normal
2903,train,train,2055,False,4.842383487729032,-0.7458631483569769,14.507606948335638,3.7737884951787564,258.8188405579229,60.37935625873294,0.056053133214963455,0.06250130390605044,False,False,normal
2904,train,train,2056,False,4.773052436557942,0.47265837988267384,10.753943612190525,2.5936420023421993,258.8188405579229,60.37935625873294,0.04155008031489819,0.04295577434161645,False,False,normal
2905,train,train,2057,False,4.433657875562216,3.532070537405827,17.28467210740635,6.9543056869629,258.8188405579229,60.37935625873294,0.06678289752842816,0.11517687696375642,False,False,normal
2906,train,train,2058,False,6.038312960036935,-0.059156726128352814,18.10132985279105,11.476570170556354,258.8188405579229,60.37935625873294,0.06993822325210527,0.19007440426124855,False,False,normal
2907,train,test,2059,False,5.679087534908033,0.8338905355378244,15.572092317233466,4.944002895463247,258.8188405579229,60.37935625873294,0.06016599210345538,0.0818823386304019,False,False,normal
2908,train,train,2060,False,6.467559104447089,1.0358390079692723,14.978548087812195,3.1706522548163703,258.8188405579229,60.37935625873294,0.05787271149010514,0.052512190445186874,False,False,normal
2909,train,train,2061,False,-9.806043146078732,5.288362837719971,25.071700568956665,2.122773010007532,258.8188405579229,60.37935625873294,0.09686968891024644,0.035157264693435775,False,False,normal
2910,train,train,2061,False,-0.1461918420425157,-1.8881536044332372,8.196235685030382,3.52128968162972,258.8188405579229,60.37935625873294,0.03166784793318046,0.05831943067661342,False,False,normal
2911,train,train,2062,False,-3.368992486770814,-2.986868672409839,9.582051341268102,3.3853576661514517,258.8188405579229,60.37935625873294,0.03702223269609179,0.05606813116133235,False,False,normal
2912,train,train,2063,False,-3.0547598862829566,-3.0731645829431917,44.98590760586764,8.77388011771303,258.8188405579229,60.37935625873294,0.1738123372660729,0.14531258134180627,False,False,normal
2913,train,test,2064,False,-2.3076623507498737,-2.953649915690535,13.961175856509534,6.5089467771564165,258.8188405579229,60.37935625873294,0.05394188393091524,0.10780086407786102,False,False,normal
2914,train,train,2065,False,-2.000504856977886,-0.6190410077962958,11.581656470076547,2.872488650348531,258.8188405579229,60.37935625873294,0.04474811974704217,0.04757401914057456,False,False,normal
2915,train,test,2066,False,-0.866223544707387,-3.3421031509045265,17.216234629109138,9.58232306769011,258.8188405579229,60.37935625873294,0.0665184752083618,0.15870197467208297,False,False,normal
2916,train,train,2067,False,-1.7674556624040045,-0.5324779943735413,13.470423712054917,5.164459172765624,258.8188405579229,60.37935625873294,0.052045761749868726,0.08553352491264206,False,False,normal
2917,test,train,2068,False,0.7156304027904289,-2.2492836684444764,9.54084341717648,2.6648945877300023,258.8188405579229,60.37935625873294,0.036863017377752556,0.04413585624051045,False,False,normal
2918,train,train,2069,False,1.0792629518290826,3.236124845502729,15.39939523039632,3.564503074322948,258.8188405579229,60.37935625873294,0.05949874127092375,0.05903512881204986,False,False,normal
2919,train,train,2069,False,0.9150919043646054,-1.8801182343751006,5.842723599986341,5.398904269150733,258.8188405579229,60.37935625873294,0.02257456832505498,0.0894163933450328,False,False,normal
2920,train,train,2070,False,3.20084468189793,-1.1203549856969774,8.657417029565648,2.1239845931377803,258.8188405579229,60.37935625873294,0.033449717226548444,0.03517733087507999,False,False,normal
2921,train,test,2071,False,1.9764168504943616,2.489909045759212,11.594222288384689,6.796197573180165,258.8188405579229,60.37935625873294,0.044796670379140875,0.11255829797286386,False,False,normal
2922,train,train,2072,False,3.9778098372496413,0.13877384552871244,9.876101535154415,8.919020208076512,258.8188405579229,60.37935625873294,0.03815835629997026,0.14771638455132607,False,False,normal
2923,train,train,2073,False,4.513262975003405,-0.1711393839057901,11.091019752289508,3.7704314656669573,258.8188405579229,60.37935625873294,0.04285244354074513,0.06244570494442167,False,False,normal
2924,test,train,2074,False,3.2562525989592217,3.9149555845623945,14.276602864571803,10.232788617040502,258.8188405579229,60.37935625873294,0.055160601267652855,0.169474953876483,False,False,normal
2925,train,train,2075,False,6.815167917447254,-2.0651032108304967,14.592392472125335,11.191679368456061,258.8188405579229,60.37935625873294,0.0563807195823505,0.1853560564723205,False,False,normal
2926,train,train,2076,False,-9.268650245317316,0.8113180714859617,34.009687291549696,4.030032987881973,258.8188405579229,60.37935625873294,0.131403445043787,0.06674521289383722,False,False,normal
2927,train,test,2077,False,-6.605010024933588,2.122235043323512,19.77949034448975,6.533176294201061,258.8188405579229,60.37935625873294,0.07642214261470336,0.10820215217607819,False,False,normal
2928,train,test,2077,False,-0.5037196995229553,-0.37060232681091154,9.983946340835958,3.9385704186545487,258.8188405579229,60.37935625873294,0.03857503696142855,0.06523041421272019,False,False,normal
2929,train,test,2077,False,-0.07072237584050947,-2.0317046108017216,7.219617995362357,3.8301749832421876,258.8188405579229,60.37935625873294,0.027894483955647843,0.06343517421466732,False,False,normal
2930,train,test,2078,False,-1.6344102732361458,-3.946174351671215,10.853757255948773,5.959834380117081,258.8188405579229,60.37935625873294,0.041935730924966164,0.09870649091683688,False,False,normal
2931,train,train,2079,False,-1.3155947972015003,-3.109332929270553,17.031698537366225,9.655434902210306,258.8188405579229,60.37935625873294,0.06580548193729575,0.15991284936585917,False,False,normal
2932,train,test,2080,False,1.204105433761762,-1.386655132240553,12.179186732081236,4.00417178734515,258.8188405579229,60.37935625873294,0.04705680121983071,0.06631690093194739,False,False,normal
2933,train,train,2081,False,3.0565906310347275,-1.1860969455535422,11.511015286549139,3.41451039596962,258.8188405579229,60.37935625873294,0.04447518295706532,0.05655095727317835,False,False,normal
2934,train,train,2082,False,3.6478214154490254,-0.9900165484752315,12.597747639637454,5.254931348902035,258.8188405579229,60.37935625873294,0.04867399765983464,0.08703192075092703,False,False,normal
2935,train,test,2083,False,4.534539058610058,0.24378096139651453,11.051861445976845,3.968003685093966,258.8188405579229,60.37935625873294,0.04270114734365125,0.06571788655862086,False,False,normal
2936,train,test,2084,False,4.912177818933537,2.309439865127683,27.003460371053627,25.233605379480924,258.8188405579229,60.37935625873294,0.10433344154097751,0.4179177610200386,False,False,normal
2937,train,train,2085,False,5.431081498897265,0.04668181505425643,20.36280071555103,20.082859982121285,258.8188405579229,60.37935625873294,0.07867588260443466,0.3326113629973756,False,False,normal
2938,train,test,2086,False,-9.428448204296178,3.449057722355092,23.94522583847204,2.2643164937660094,258.8188405579229,60.37935625873294,0.09251732133122345,0.037501501077009426,False,False,normal
2939,test,train,2087,False,-5.369359443220087,0.8957236033785135,69.07976340689885,14.333544066409889,258.8188405579229,60.37935625873294,0.2669039211287209,0.23739146878262327,False,False,normal
2940,train,train,2088,False,-2.7008086543122136,-3.101289127440755,14.486703360600913,5.9365031362698355,258.8188405579229,60.37935625873294,0.055972367890114366,0.09832007997619571,False,False,normal
2941,train,train,2089,False,-1.5570361183017782,2.8134447670983533,26.759442370440038,3.310301380948704,258.8188405579229,60.37935625873294,0.10339062764038368,0.05482505256869015,False,False,normal
2942,train,train,2089,False,0.028459270229866707,-0.05767198812267325,6.619646473228178,3.382623326855174,258.8188405579229,60.37935625873294,0.025576370170573886,0.05602284516516239,False,False,normal
2943,train,train,2089,False,0.039143278393695496,-0.06345508812926613,6.59096292685839,3.3109916555620886,258.8188405579229,60.37935625873294,0.025465545370076535,0.05483648486370215,False,False,normal
2944,test,train,2089,False,0.492515036847204,-2.0347068999177824,5.925802798324601,4.345802251459148,258.8188405579229,60.37935625873294,0.022895561951945396,0.07197496827950355,False,False,normal
2945,test,train,2090,False,2.5970974381692313,-1.9692347319565127,11.376548483554737,5.754666863167658,258.8188405579229,60.37935625873294,0.043955642715309585,0.09530851634966436,False,False,normal
2946,train,test,2091,False,3.705326731543731,-0.9049519858710025,9.207051855985258,3.306204934699727,258.8188405579229,60.37935625873294,0.035573344800316986,0.054757207422554056,False,False,normal
2947,train,test,2092,False,3.7098217200365857,-0.7779029727324437,10.02505645088262,4.079389920116099,258.8188405579229,60.37935625873294,0.038733874355020306,0.06756266003624506,False,False,normal
2948,test,train,2093,False,2.9020522864308607,4.005216675834326,15.622075393831716,3.3525744031940246,258.8188405579229,60.37935625873294,0.06035911203433253,0.05552517633390844,False,False,normal
2949,train,train,2093,False,1.1223188674097015,0.3782233239722499,9.718409074595066,5.3283881084232165,258.8188405579229,60.37935625873294,0.037549078937397194,0.08824850807601228,False,False,normal
2950,train,train,2093,False,1.6646424773661894,-2.118182723620875,10.738173046630905,7.155456808053636,258.8188405579229,60.37935625873294,0.0414891474804661,0.1185083321755142,False,False,normal
2951,train,train,2094,False,4.847095690512877,0.16964473992057927,8.489248461351151,2.1383803313853202,258.8188405579229,60.37935625873294,0.032799963260214365,0.03541575240090501,False,False,normal
2952,test,train,2095,False,4.79545143862812,4.41654142251362,19.989731264303895,4.32333233778015,258.8188405579229,60.37935625873294,0.07723445179343601,0.07160282264776295,False,False,normal
2953,train,train,2095,False,1.6929117259511286,0.5820500579492254,14.778374956926406,7.188511829771185,258.8188405579229,60.37935625873294,0.05709930129147244,0.11905578785847817,False,False,normal
2954,test,train,2095,False,1.688225458585183,0.4998011721319805,16.631309921163478,7.35238516990011,258.8188405579229,60.37935625873294,0.06425849789494532,0.12176985025137133,False,False,normal
2955,test,train,2095,False,2.118122640941435,-1.2068471763457616,12.797071592021814,7.298402219838749,258.8188405579229,60.37935625873294,0.04944412688209175,0.12087578722376902,False,False,normal
2956,train,train,2096,False,6.910877951030473,-0.6696596422238763,15.728115371953587,6.285753548769182,258.8188405579229,60.37935625873294,0.060768819372072264,0.10410434854313382,False,False,normal
2957,test,train,2097,False,-9.594611554334758,1.9691093528343633,26.74963689618531,3.081148446895104,258.8188405579229,60.37935625873294,0.10335274216715619,0.05102983267479708,False,False,normal
2958,train,train,2098,False,-2.6070543840228155,-4.381523292616563,12.87013334711417,5.174444001829071,258.8188405579229,60.37935625873294,0.049726416049815626,0.0856988931722946,False,False,normal
2959,train,test,2099,False,0.6263925098528959,-3.2733935767049425,11.946140887179043,4.441024665737308,258.8188405579229,60.37935625873294,0.04615638050702701,0.07355203733386909,False,False,normal
2960,train,train,2100,False,0.7874272968191872,-1.455096476698382,7.626804287112954,2.932531776895958,258.8188405579229,60.37935625873294,0.029467732220236485,0.048568450520235756,False,False,normal
2961,train,train,2101,False,0.7827651877366605,0.6985251134176935,8.730379578503698,1.9171800365042921,258.8188405579229,60.37935625873294,0.033731623090823115,0.03175224373524191,False,False,normal
2962,train,test,2102,False,1.7932024770158446,3.8741001933613552,13.757622231687979,3.3036098836233125,258.8188405579229,60.37935625873294,0.053155412496367564,0.054714228311195295,False,False,normal
2963,train,test,2102,False,1.050280938278158,-1.561713215712874,5.755478997235911,3.8266932379742498,258.8188405579229,60.37935625873294,0.022237480798650944,0.06337750971667204,False,False,normal
2964,train,train,2103,False,1.0850722735644265,-0.9516920943473941,189.55716548800962,48.80701522519812,258.8188405579229,60.37935625873294,0.7323932256221791,0.8083394433033383,False,False,normal
2965,train,train,2104,False,3.514193353682089,-1.6183344803872317,10.455674868404362,8.686437040025126,258.8188405579229,60.37935625873294,0.04039765747294743,0.1438643532866213,False,False,normal
2966,train,train,2105,False,4.161349964115261,2.964119879276931,18.53352714584788,6.160547015454386,258.8188405579229,60.37935625873294,0.07160810668147681,0.10203068394859474,False,False,normal
2967,train,train,2106,False,5.882710574120999,2.228285289865924,14.780663040129266,7.365611667538339,258.8188405579229,60.37935625873294,0.05710814177309243,0.12198890687035135,False,False,normal
2968,train,train,2107,False,-9.215592242039229,4.6680026123794205,26.991278167934325,7.76780187859261,258.8188405579229,60.37935625873294,0.1042863730853232,0.128649961839716,False,False,normal
2969,train,train,2108,False,-6.449807686662066,2.3532556033977006,19.242651039343535,6.453030453352693,258.8188405579229,60.37935625873294,0.07434795317784096,0.10687478060714438,False,False,normal
2970,train,train,2108,False,-0.22016902980646272,-1.4650975782823603,6.834136096894715,2.9155456770970414,258.8188405579229,60.37935625873294,0.02640509509339702,0.048287127550740536,False,False,normal
2971,train,train,2109,False,-2.163810486993534,-1.8866807492303976,15.868874203001782,3.8682544962242087,258.8188405579229,60.37935625873294,0.06131267016262819,0.06406584528076557,False,False,normal
2972,train,train,2110,False,1.3539742089371851,-3.114836870620084,13.011604440526947,3.445298153015493,258.8188405579229,60.37935625873294,0.050273018812998616,0.05706086262748427,False,False,normal
2973,train,train,2111,False,0.8442929661896544,-0.7058459904842748,20.49616763809643,3.145842017210293,258.8188405579229,60.37935625873294,0.07919117323110583,0.05210128448090726,False,False,normal
2974,train,train,2112,False,2.576928056887053,1.3306614286130494,19.63027583931617,2.5834226970989507,258.8188405579229,60.37935625873294,0.07584562158226256,0.04278652269872948,False,False,normal
2975,train,train,2113,False,6.083737367428753,-0.47611994224746274,23.425669850598098,4.776305390583536,258.8188405579229,60.37935625873294,0.09050990955720437,0.07910494060447551,False,False,normal
2976,train,test,2114,False,5.837502388592805,-0.24898295142181262,20.74343401355094,10.364375396082504,258.8188405579229,60.37935625873294,0.08014653789822777,0.17165428779448866,False,False,normal
2977,test,train,2115,False,5.796573329892938,-1.4572970461034445,22.093595419544645,7.367805949420048,258.8188405579229,60.37935625873294,0.0853631651077587,0.12202524846154532,False,False,normal
2978,train,train,2116,False,4.969192640197684,2.462523564458782,22.204002455114598,8.214495239224803,258.8188405579229,60.37935625873294,0.08578974547312913,0.13604807583612988,False,False,normal
2979,train,test,2117,False,-8.499307088234685,2.5724868747423844,27.879731571133682,7.786631699171175,258.8188405579229,60.37935625873294,0.10771909614862168,0.12896182042426063,False,False,normal
2980,test,train,2118,False,-1.333535402470531,-0.11997004796951016,9.972817108326712,4.692783366051303,258.8188405579229,60.37935625873294,0.03853203687501577,0.07772165284343463,False,False,normal
2981,train,train,2119,False,2.0324452078777933,-1.4168119994666857,9.848233887278052,2.4611074099415746,258.8188405579229,60.37935625873294,0.03805068389166996,0.040760742784262685,False,False,normal
2982,train,train,2120,False,4.344703878674104,-0.7100110435495451,12.288641898605999,4.46313661967079,258.8188405579229,60.37935625873294,0.04747970384271866,0.07391825445348742,False,False,normal
2983,train,train,2121,False,3.5930298919580994,3.4332122465551627,10.556408091656962,1.5578070091651723,258.8188405579229,60.37935625873294,0.040786861068155,0.025800324907237805,False,False,normal
2984,train,train,2122,False,4.598170456842589,-1.0268887816747947,9.8029311856211,7.883935607039206,258.8188405579229,60.37935625873294,0.03787564755521433,0.13057336307554482,False,False,normal
2985,train,train,2123,False,5.950680985372162,-0.31481278240719884,13.544057779777498,11.50632854118221,258.8188405579229,60.37935625873294,0.052330262165541146,0.19056726096707924,False,False,normal
2986,train,train,2124,False,-9.977620139824078,5.0377318169724985,24.72945553795129,13.859194974014931,258.8188405579229,60.37935625873294,0.09554735460773733,0.22953532188429737,False,False,normal
2987,train,train,2124,False,-0.0960098119238881,-2.135591084985734,8.599638874447015,3.971450042382977,258.8188405579229,60.37935625873294,0.03322647940122597,0.06577496496260786,False,False,normal
2988,train,train,2125,False,-4.473390133534702,-0.6374973796969623,10.935002565369649,5.356705473977429,258.8188405579229,60.37935625873294,0.04224963894358544,0.08871749892501817,False,False,normal
2989,train,train,2126,False,-0.4983486589396811,-2.1228287834717157,13.863095072551605,7.16796739050548,258.8188405579229,60.37935625873294,0.053562928582276396,0.11871553184154303,False,False,normal
2990,train,test,2127,False,1.6925301865974383,-1.0543699265582969,16.368873108294725,5.09628334589551,258.8188405579229,60.37935625873294,0.06324451911232258,0.08440440014062607,False,False,normal
2991,test,train,2128,False,1.6401910012389411,-0.4681758465396053,12.622063567766823,4.426583030112333,258.8188405579229,60.37935625873294,0.04876794726596437,0.07331285565788218,False,False,normal
2992,train,test,2129,False,1.9157684929453835,-0.2445748519816493,15.978041646230084,4.032073300421209,258.8188405579229,60.37935625873294,0.06173446110718607,0.06677900445217205,False,False,normal
2993,train,train,2130,False,3.5321229987009635,-1.9021771208320153,16.468772507091913,15.34596230081191,258.8188405579229,60.37935625873294,0.0636305010546798,0.2541590909822321,False,False,normal
2994,train,train,2131,False,3.649662228363324,-0.13670066804425002,9.727113021209528,2.39846853940149,258.8188405579229,60.37935625873294,0.03758270843127677,0.039723320817197164,False,False,normal
2995,train,test,2132,False,3.9772461632402356,-1.2783436033005837,14.084414063297848,5.667290821072382,258.8188405579229,60.37935625873294,0.054418040174110886,0.09386139853474665,False,False,normal
2996,train,train,2133,False,4.835689295487675,-1.617290480139492,13.584436892844815,3.867068071968346,258.8188405579229,60.37935625873294,0.052486275201455664,0.06404619577919124,False,False,normal
2997,train,train,2134,False,3.9967664891013452,0.2618341837614558,12.714005516348436,4.30009745499831,258.8188405579229,60.37935625873294,0.04912318395732508,0.07121800763446146,False,False,normal
2998,train,train,2135,False,4.448719680243158,0.18359506964425415,12.185653146368148,6.582580225571669,258.8188405579229,60.37935625873294,0.04708178554582867,0.10902037771592837,False,False,normal
2999,train,train,2136,False,5.20398379311146,-0.22940278676159967,18.295670739833277,10.319551557237432,258.8188405579229,60.37935625873294,0.07068909937311445,0.17091191752719073,False,False,normal
3000,train,train,2137,False,7.110995290776533,-1.6694304101248678,20.07400079041598,8.125322536759615,258.8188405579229,60.37935625873294,0.07756004449731502,0.13457120181840979,False,False,normal
3001,train,train,2138,False,-9.863893722336162,3.9206453980714264,36.2080334979504,7.48850254836404,258.8188405579229,60.37935625873294,0.13989720925995397,0.12402421973952305,False,False,normal
3002,train,train,2139,False,-6.101434701362732,-2.8347059288704988,19.932030698669372,16.02748258158426,258.8188405579229,60.37935625873294,0.07701151375109666,0.2654463971577393,False,False,normal
3003,train,train,2140,False,-4.116215466926077,-2.7271855934836107,11.0870206072208,4.606485801405685,258.8188405579229,60.37935625873294,0.04283699201851404,0.07629239672026858,False,False,normal
3004,train,train,2141,False,-5.002431264604965,-2.5711385145759356,14.977485808923767,10.322288558782141,258.8188405579229,60.37935625873294,0.05786860715640927,0.1709572476153914,False,False,normal
3005,train,train,2142,False,-5.259478020468317,-2.7466776784242275,15.483090559595382,8.019688717019198,258.8188405579229,60.37935625873294,0.0598221154465388,0.13282169956655135,False,False,normal
3006,train,train,2143,False,-4.930839179810248,-3.480998205603769,13.96046630885368,8.32789124587432,258.8188405579229,60.37935625873294,0.053939142447125554,0.13792613505497284,False,False,normal
3007,test,test,2144,False,-5.239477352368664,-2.915050348543973,14.763020806034524,8.830230801124086,258.8188405579229,60.37935625873294,0.057039977361039926,0.14624585865548922,False,False,normal
3008,train,train,2145,False,-4.9190420269994775,-3.554556686632949,14.883867763693946,9.564944031463783,258.8188405579229,60.37935625873294,0.05750689451977117,0.1584141439083389,False,False,normal
3009,train,train,2146,False,-5.087370381816779,-2.71373262752101,12.974534992191266,8.455945485425039,258.8188405579229,60.37935625873294,0.0501297933497527,0.14004696322349441,False,False,normal
3010,train,test,2147,False,-5.067359940764382,-2.592853728572118,11.880627660389047,9.616184537216519,258.8188405579229,60.37935625873294,0.04590325663610334,0.1592627867049458,False,False,normal
3011,train,train,2148,False,-5.310539563199079,-2.9581712813321377,15.33583584332871,8.284821811882626,258.8188405579229,60.37935625873294,0.05925316646295923,0.13721282115664085,False,False,normal
3012,train,test,2149,False,-5.379726619113639,-2.732996170607003,13.290186514744253,15.41455605951455,258.8188405579229,60.37935625873294,0.0513493781445557,0.25529513752119665,False,False,normal
3013,train,train,2150,False,-5.256864564880274,-2.7764086619746506,13.982583170176726,8.52785058372651,258.8188405579229,60.37935625873294,0.05402459550485261,0.14123785200994235,False,False,normal
3014,train,train,2151,False,-5.327519206542066,-2.6906083247739767,14.656330846965323,8.364220239943743,258.8188405579229,60.37935625873294,0.056627758687781,0.13852781411086984,False,False,normal
3015,test,train,2152,False,-5.304221569623517,-2.9907042942690927,18.18354824548348,6.152091515063479,258.8188405579229,60.37935625873294,0.07025589097874833,0.10189064435700529,False,False,normal
3016,train,train,2153,False,-5.30820611599241,-2.995940786399173,18.951342636401968,5.857181057533091,258.8188405579229,60.37935625873294,0.07322242304906977,0.097006351515812,False,False,normal
3017,train,train,2154,False,-4.936680747974476,-3.2834033364341573,16.136553511049094,7.13353566702739,258.8188405579229,60.37935625873294,0.062346904407207485,0.11814527529010603,False,False,normal
3018,test,train,2155,False,-6.013723697632574,-2.3776589092611777,37.56129417977065,12.094481026778308,258.8188405579229,60.37935625873294,0.14512581116120307,0.2003082142007605,False,False,normal
3019,train,train,2156,False,-4.462867117951313,-3.63755324750282,22.253208176208837,5.508390036217477,258.8188405579229,60.37935625873294,0.08597986193060252,0.09122969136360698,False,False,normal
3020,train,test,2157,False,-5.0068257222095065,-3.127411053652694,19.678464228306737,5.5570463037944755,258.8188405579229,60.37935625873294,0.07603180736721814,0.09203553413159708,False,False,normal
3021,train,train,2158,False,-4.61240719795706,-3.811002178741045,18.247884595424612,4.850329215183354,258.8188405579229,60.37935625873294,0.0705044677431077,0.08033091963417263,False,False,normal
3022,train,train,2159,False,-6.056675026989493,0.7710206445420552,29.6887898515156,10.04256494557957,258.8188405579229,60.37935625873294,0.11470876612968729,0.1663244785609497,False,False,normal
3023,train,train,2159,False,0.19179890051395676,-2.414676130955863,15.403094601932004,6.39262583888953,258.8188405579229,60.37935625873294,0.05951303455624915,0.10587436228197507,False,False,normal
3024,test,train,2160,False,-4.623564273589505,-2.9704297246478797,23.702169471776614,5.979426515635294,258.8188405579229,60.37935625873294,0.0915782229017139,0.09903097492481898,False,False,normal
3025,train,train,2161,False,-4.6145071714697705,-3.0686117221556874,21.463809456129017,5.920730064532567,258.8188405579229,60.37935625873294,0.08292985707632625,0.09805884711922917,False,False,normal
3026,train,train,2162,False,-4.226303749411045,-2.7701325803561514,37.48866810411513,12.817322080791158,258.8188405579229,60.37935625873294,0.14484520533088963,0.21227987303917853,False,False,normal
3027,train,train,2163,False,-3.890975177831147,-4.396056066605731,61.9276658702882,35.4775538784005,258.8188405579229,60.37935625873294,0.2392703163988905,0.5875775443245012,False,False,normal
3028,train,train,2164,False,-3.9827133944170643,0.41243480833996055,25.16182461162486,8.590421549889871,258.8188405579229,60.37935625873294,0.09721790174697006,0.14227414934798016,False,False,normal
3029,train,train,2165,False,-3.094410113144263,-3.203592936769651,14.171903725355389,6.866297135070056,258.8188405579229,60.37935625873294,0.054756074537718046,0.1137192835519334,False,False,normal
3030,train,train,2166,False,-3.140350471597031,-2.3623150530392207,16.78434474051544,3.56044799504094,258.8188405579229,60.37935625873294,0.06484977949956913,0.058967968783634986,False,False,normal
3031,train,train,2167,False,-2.9397317774614815,-2.3280944670065917,14.03072459737128,3.7035046288011637,258.8188405579229,60.37935625873294,0.05421059984321831,0.06133726588490266,False,False,normal
3032,train,train,2168,False,-2.516571781172005,-2.5558448777572567,21.351521428636225,5.6988378054714675,258.8188405579229,60.37935625873294,0.08249600911050298,0.09438387817603171,False,False,normal
3033,train,train,2169,False,-2.1263721897390866,-1.8375006938564942,12.93036353476895,4.830326585697084,258.8188405579229,60.37935625873294,0.04995912780883961,0.07999963704479629,False,False,normal
3034,train,train,2170,False,-1.9529531389989916,-2.04498900489529,13.711310793766307,2.025684542345501,258.8188405579229,60.37935625873294,0.05297647869919175,0.0335492901525017,False,False,normal
3035,test,test,2171,False,-0.9745402322671531,-2.696046448799809,29.02248044098414,3.1868969557620623,258.8188405579229,60.37935625873294,0.11213434222339387,0.052781234402463954,False,False,normal
3036,train,train,2172,False,-0.7885608465545036,-1.6922120991292908,15.922066696930035,2.0337055169030047,258.8188405579229,60.37935625873294,0.06151819033965081,0.033682133148096635,False,False,normal
3037,train,train,2173,False,-0.8132242563318591,-1.6399064151312046,11.352268521777884,2.0217834457219177,258.8188405579229,60.37935625873294,0.04386183207260477,0.033484680377484116,False,False,normal
3038,train,test,2174,False,-0.09110765347117318,-1.74403772326208,14.649010551344125,1.930108979124489,258.8188405579229,60.37935625873294,0.05659947521504223,0.03196637226229666,False,False,normal
3039,train,train,2175,False,-0.6570865902176872,2.25094851084477,16.2516224123017,6.103461809772298,258.8188405579229,60.37935625873294,0.06279149685265913,0.10108524151231783,False,False,normal
3040,train,train,2176,False,1.1160326223882424,2.4856689768704285,14.101779552008708,7.959200254384048,258.8188405579229,60.37935625873294,0.05448513532326396,0.1318198925519825,False,False,normal
3041,train,train,2176,False,1.3280563208907243,-1.5952204855326275,10.307414647653799,6.084019729818198,258.8188405579229,60.37935625873294,0.039824823515299805,0.10076324271738553,False,False,normal
3042,train,test,2177,False,2.439868076884714,-1.2864801801381627,12.678534220136807,1.763248674868744,258.8188405579229,60.37935625873294,0.04898613328460294,0.029202839912916716,False,False,normal
3043,train,test,2178,False,3.0039351265992797,-1.778715944960203,14.200601554727934,1.8364670598055182,258.8188405579229,60.37935625873294,0.054866954523543975,0.03041547928957758,False,False,normal
3044,train,train,2179,False,2.5840225856946946,-0.4063796377760499,12.030641350413562,3.093439489674588,258.8188405579229,60.37935625873294,0.04648286548413441,0.05123339633531071,False,False,normal
3045,train,train,2180,False,3.3553397980432096,-1.7537401850048608,13.426807278847171,3.241563254396247,258.8188405579229,60.37935625873294,0.051877240659542675,0.05368661501632696,False,False,normal
3046,test,train,2181,False,3.128492728067763,-3.1451540607624118,30.696757446061206,23.01749515775683,258.8188405579229,60.37935625873294,0.11860325693403824,0.3812146499065681,False,False,normal
3047,train,train,2182,False,1.5497466113562097,1.4009854588386077,35.562810234149886,8.717529060993579,258.8188405579229,60.37935625873294,0.13740425603286416,0.1443792978454076,False,False,normal
3048,train,test,2183,False,2.681661773375112,-0.5441916878799161,13.935587164699083,7.850360309196866,258.8188405579229,60.37935625873294,0.05384301673965786,0.13001729060437658,False,False,normal
3049,test,test,2184,False,3.989632985207965,-0.3546509176013764,19.568673150418654,6.029891913314046,258.8188405579229,60.37935625873294,0.07560760688145979,0.09986678041871165,False,False,normal
3050,train,train,2185,False,3.9754837503683498,0.026368328522063562,13.69124794410556,6.834352469482398,258.8188405579229,60.37935625873294,0.05289896173938504,0.11319021753389287,False,False,normal
3051,train,test,2186,False,4.231015495438869,0.005250234763156593,15.60149477689294,7.189417681118431,258.8188405579229,60.37935625873294,0.06027959457380141,0.11907079052500817,False,False,normal
3052,train,train,2187,False,4.250855102685966,4.473649685680179,27.950184734370257,4.731991162605895,258.8188405579229,60.37935625873294,0.10799130648340528,0.0783710104879014,False,False,normal
3053,train,train,2187,False,0.7304914416597256,-2.93667591969383,36.077314702688206,24.979957338043036,258.8188405579229,60.37935625873294,0.1393921502195054,0.41371685433347216,False,False,normal
3054,train,train,2188,False,5.895335899907402,0.335904379644829,22.289472314447178,6.314004649440286,258.8188405579229,60.37935625873294,0.08611997591210467,0.10457224191632654,False,False,normal
3055,train,train,2189,False,-8.01598465779945,-4.310341833074995,44.276672074588646,20.663389621520917,258.8188405579229,60.37935625873294,0.1710720594340954,0.3422260670182663,False,False,normal
3056,train,train,2190,False,-7.373337470077011,-0.9168361745925132,26.53897063200777,7.877153203395529,258.8188405579229,60.37935625873294,0.10253878958270207,0.13046103323197025,False,False,normal
3057,train,train,2191,False,-4.402391744613074,-3.7566420631795463,15.562872294009061,4.0914903020920566,258.8188405579229,60.37935625873294,0.06013036864109642,0.06776306598168287,False,False,normal
3058,train,train,2192,False,-3.98872444821474,-4.549711410297448,15.327156635588212,6.297197555160945,258.8188405579229,60.37935625873294,0.059219632552824295,0.10429388362765384,False,False,normal
3059,train,train,2193,False,-4.45955829698173,-3.31379832011278,16.098105978668208,8.39750246468341,258.8188405579229,60.37935625873294,0.06219835443187336,0.13907903271937982,False,False,normal
3060,train,train,2194,False,-4.7424623545520745,1.7285539620777133,21.743044981305967,2.9030752298779934,258.8188405579229,60.37935625873294,0.08400874115051117,0.048080592602510706,False,False,normal
3061,train,train,2194,False,-1.1182021131788713,-0.8199175240268618,35.88743327063907,17.20843788257191,258.8188405579229,60.37935625873294,0.13865850412310912,0.285005322163947,False,False,normal
3062,test,train,2194,False,-1.098746293062703,-0.9961303978924352,34.06575519264821,17.348741499647268,258.8188405579229,60.37935625873294,0.13162007494977707,0.28732902393503146,False,False,normal
3063,test,test,2195,False,-3.351968983089876,-2.82410009031223,11.816326936822533,4.019035232693942,258.8188405579229,60.37935625873294,0.045654817521594115,0.06656306860033226,False,False,normal
3064,test,train,2196,False,-4.025872842174706,2.1517136283342517,18.901271108175965,3.8013634683832906,258.8188405579229,60.37935625873294,0.07302896136707604,0.06295799928859762,False,False,normal
3065,train,train,2196,False,-0.5189288084781476,-2.895824584025779,29.689508385294992,21.06946293059453,258.8188405579229,60.37935625873294,0.11471154233321962,0.3489514336706291,False,False,normal
3066,train,train,2197,False,-2.4983661769402152,-2.6367179804536067,12.364606874691127,3.775908686880129,258.8188405579229,60.37935625873294,0.047773210203852855,0.06253641841923417,False,False,normal
3067,train,train,2198,False,-3.2741648574663462,2.0121394774347,19.877603436945027,2.9925303772604734,258.8188405579229,60.37935625873294,0.07680122279388883,0.04956214445939294,False,False,normal
3068,train,train,2198,False,-0.9372514411553111,-0.7423746809089539,35.495452729882494,16.270684540868743,258.8188405579229,60.37935625873294,0.13714400641532398,0.26947429633311865,False,False,normal
3069,train,train,2198,False,-0.45265324287099645,-3.027393090100448,30.24211037050856,21.59441938054863,258.8188405579229,60.37935625873294,0.11684663413728748,0.3576457371955722,False,False,normal
3070,train,train,2199,False,-2.838809542811594,0.24896877748886537,13.020168783383472,4.703162795513075,258.8188405579229,60.37935625873294,0.05030610891895096,0.07789355645594243,False,False,normal
3071,test,train,2200,False,-1.868545407309499,-1.8561343675389577,14.114174951218084,3.1240592020505957,258.8188405579229,60.37935625873294,0.05453302750600714,0.05174051854186088,False,False,normal
3072,train,train,2201,False,-2.0467320238769924,-2.509924850251492,13.472521503413937,2.76385194555002,258.8188405579229,60.37935625873294,0.05205386699968168,0.04577478325052979,False,False,normal
3073,train,train,2202,False,-1.394571373962747,-2.1364675166703804,11.699433645186936,2.2212573784145655,258.8188405579229,60.37935625873294,0.04520317616741907,0.036788358075501924,False,False,normal
3074,train,train,2203,False,-0.9443061351355203,-1.9047642251289925,10.923488201570244,3.576679532940299,258.8188405579229,60.37935625873294,0.042205150822957956,0.05923679473517056,False,False,normal
3075,train,train,2204,False,-0.05590514602530752,-0.823763576194371,11.356694616419919,2.6846489825910242,258.8188405579229,60.37935625873294,0.043878933202617154,0.044463027579939314,False,False,normal
3076,test,train,2205,False,-0.6307747788134904,3.0698140484572995,17.94078849624287,2.752242655816604,258.8188405579229,60.37935625873294,0.06931793859198505,0.04558251075123933,False,False,normal
3077,train,train,2205,False,-0.5034839196060747,-0.6634818130444362,35.92563131969109,17.194510001210432,258.8188405579229,60.37935625873294,0.13880609016811912,0.2847746492614106,False,False,normal
3078,test,train,2205,False,-0.503843078230478,-0.5262993728929964,38.95071141553018,14.720922398703834,258.8188405579229,60.37935625873294,0.150494111369814,0.24380721012696588,False,False,normal
3079,train,train,2205,False,0.11988974056224218,-2.940535349961505,32.9009215256331,20.465155187292478,258.8188405579229,60.37935625873294,0.12711949970377048,0.33894291783431374,False,False,normal
3080,train,train,2206,False,0.9348426054065522,-2.8631731065586647,15.38088158617071,3.6453781103286023,258.8188405579229,60.37935625873294,0.059427209986007624,0.06037457727617549,False,False,normal
3081,train,train,2207,False,1.8315795972705162,-2.544540065101437,12.216738623772669,2.7323319806614235,258.8188405579229,60.37935625873294,0.047201890702537934,0.04525275110508045,False,False,normal
3082,train,train,2208,False,3.308829793252373,-2.2958067424369397,13.67466825992086,3.1612778094695115,258.8188405579229,60.37935625873294,0.05283490270817634,0.05235693133134856,False,False,normal
3083,train,train,2209,False,3.372186106171543,-1.6463790964993887,14.072647288490225,4.030819869136902,258.8188405579229,60.37935625873294,0.05437257681146596,0.06675824518340913,False,False,normal
3084,test,train,2210,False,4.532177628585562,-1.7014156794630384,13.037933023767552,3.1430089720544845,258.8188405579229,60.37935625873294,0.050374744727479374,0.05205436372302987,False,False,normal
3085,train,test,2211,False,3.13421707547534,3.50275883748381,34.643262835138025,18.193836871622512,258.8188405579229,60.37935625873294,0.13385139490022932,0.3013254529190356,False,False,normal
3086,train,train,2212,False,5.48396217960999,3.8079898307309374,1397.9785676000447,4.184036983970143,258.8188405579229,60.37935625873294,5.401378680881546,0.06929581968448009,True,False,t2 alarm only
3087,train,train,2213,False,-9.426794562714445,3.287770854730879,22.43448543894564,16.628441974946327,258.8188405579229,60.37935625873294,0.08668026404331591,0.2753994577830776,False,False,normal
3088,train,train,2213,False,-0.7627314569767809,-3.4386981167778425,32.51335431360363,25.14682594342712,258.8188405579229,60.37935625873294,0.12562205380225105,0.4164805241657412,False,False,normal
3089,train,train,2214,False,-5.348594343459843,-4.230275323193194,14.28774691817415,8.899112105096775,258.8188405579229,60.37935625873294,0.055203658618417285,0.1473866675054134,False,False,normal
3090,train,train,2215,False,-1.5875308986027135,-2.760089735510241,9.048960677618508,7.149238102824206,258.8188405579229,60.37935625873294,0.03496252690921617,0.11840533827801748,False,False,normal
3091,train,test,2216,False,-0.160855407531718,0.9016481838085457,8.986412849538384,4.768814722817487,258.8188405579229,60.37935625873294,0.034720860468143745,0.07898088052450462,False,False,normal
3092,train,train,2217,False,1.088314434805209,0.5840547687031005,4.410872510736052,3.1876867435091536,258.8188405579229,60.37935625873294,0.017042316166890146,0.05279431482921953,False,False,normal
3093,train,test,2218,False,1.8650430481982954,-0.544055570885507,7.255723246713744,3.089404312367268,258.8188405579229,60.37935625873294,0.028033984044874564,0.051166565922445284,False,False,normal
3094,train,train,2219,False,0.2687138389263697,4.283973220544758,11.711729686619337,4.900156138551765,258.8188405579229,60.37935625873294,0.045250684460887564,0.08115615074718577,False,False,normal
3095,test,train,2219,False,0.8260477644556806,0.012332264465687597,6.210105697217134,1.1592577833711475,258.8188405579229,60.37935625873294,0.023994024870176833,0.019199571760977144,False,False,normal
3096,train,train,2220,False,2.397736221074999,-1.0157638136218166,6.003777954994725,3.7326805079991408,258.8188405579229,60.37935625873294,0.02319683506058786,0.06182047539566582,False,False,normal
3097,train,train,2221,False,2.117341704118427,0.012619031700269512,4.9413387865964005,3.0429271507874067,258.8188405579229,60.37935625873294,0.01909188208997692,0.05039681340337732,False,False,normal
3098,train,train,2222,False,2.6361112835959872,-0.13688714817000752,8.918737544263164,3.4572537131198113,258.8188405579229,60.37935625873294,0.03445938296082884,0.0572588700400358,False,False,normal
3099,train,train,2223,False,3.1796587703303554,-1.3582375084785152,7.8825392424680905,10.264902817893102,258.8188405579229,60.37935625873294,0.030455816993369158,0.17000682772944342,False,False,normal
3100,train,train,2224,False,4.231437340676115,-1.0165919240024042,8.178109224183402,5.707343632684798,258.8188405579229,60.37935625873294,0.03159781261114631,0.09452475127803832,False,False,normal
3101,train,train,2225,False,4.998120792055427,-0.7090700315721423,8.11051194221033,3.1228134820166527,258.8188405579229,60.37935625873294,0.031336636562960034,0.05171988698645633,False,False,normal
3102,test,train,2226,False,5.081204534153748,0.6875619764200653,9.64312095890256,3.6908365663715546,258.8188405579229,60.37935625873294,0.03725818776606589,0.061127458043041524,False,False,normal
3103,test,train,2227,False,5.440026935803174,-1.0387311559185857,10.191961912163597,5.597366692778605,258.8188405579229,60.37935625873294,0.0393787480470637,0.09270331847847471,False,False,normal
3104,train,test,2228,False,4.616938469802768,1.9650108588871167,9.683414393121149,5.752186572516472,258.8188405579229,60.37935625873294,0.03741386976406777,0.09526743789495945,False,False,normal
3105,test,train,2229,False,-9.429305485039565,3.553687973455504,18.271747788621596,11.868632755602448,258.8188405579229,60.37935625873294,0.0705966681144004,0.19656772597481667,False,False,normal
3106,train,train,2229,False,-0.19403973940312497,-1.2185705600653545,5.34925462876671,1.360170627097087,258.8188405579229,60.37935625873294,0.020667949123161156,0.022527080634457068,False,False,normal
3107,train,train,2230,False,-7.020851562624093,1.1274068620242277,13.747626640675188,5.864377409330484,258.8188405579229,60.37935625873294,0.05311679246781306,0.0971255371488379,False,False,normal
3108,train,train,2231,False,-4.827613561161417,-2.733555453488983,9.812738122062804,3.5995573190975874,258.8188405579229,60.37935625873294,0.03791353867790294,0.05961569553131774,False,False,normal
3109,test,train,2232,False,-4.785613727744213,-3.191405444925319,9.86182884342879,6.4118359260732944,258.8188405579229,60.37935625873294,0.03810321081019503,0.10619251882378129,False,False,normal
3110,train,test,2233,False,-3.9603796683535855,-1.7457884606163554,8.307070735629209,2.401456954419103,258.8188405579229,60.37935625873294,0.03209608202293956,0.03977281480326762,False,False,normal
3111,train,train,2234,False,-3.102561532127202,-3.3778491589343815,8.90040729193749,3.8780163100897256,258.8188405579229,60.37935625873294,0.03438856024836262,0.06422751997341526,False,False,normal
3112,train,train,2235,False,-3.4971043091142495,-2.1128248248235746,9.272765140351693,12.632129900582509,258.8188405579229,60.37935625873294,0.03582724163497083,0.20921272904024157,False,False,normal
3113,train,train,2236,False,-1.9968433976469722,0.48287579148491155,8.465435930721224,1.8378945569097302,258.8188405579229,60.37935625873294,0.03270795863420416,0.030439121428094178,False,False,normal
3114,test,train,2237,False,-1.3925069176267042,-0.1545379335560563,7.3240504353245734,5.1734927776587805,258.8188405579229,60.37935625873294,0.028297980237978356,0.08568313904324733,False,False,normal
3115,train,train,2238,False,0.33662270768172026,-2.6058265951621973,8.70421558677898,1.3122829577711341,258.8188405579229,60.37935625873294,0.033630533109628866,0.02173396735380617,False,False,normal
3116,train,train,2239,False,1.107112792758855,-0.6287599719169087,6.971777315527886,2.1100022039584565,258.8188405579229,60.37935625873294,0.026936900345041235,0.03494575521668099,False,False,normal
3117,train,train,2240,False,1.3095475572267954,-0.25532106187891807,6.254694272374482,3.19661215418154,258.8188405579229,60.37935625873294,0.024166302031535063,0.052942137052334,False,False,normal
3118,train,train,2241,False,2.0053495395632983,-1.438292485448797,7.698061189703433,4.06776046042867,258.8188405579229,60.37935625873294,0.02974304796787245,0.06737005348314444,False,False,normal
3119,test,test,2242,False,2.5666793526728116,-1.2134249450885122,7.6020200442244965,1.9055670507155813,258.8188405579229,60.37935625873294,0.029371973183394223,0.031559910022061065,False,False,normal
3120,train,train,2243,False,2.755608679040696,-0.05316059496372889,5.396009430232569,1.6573093060610011,258.8188405579229,60.37935625873294,0.02084859594688184,0.02744827717207232,False,False,normal
3121,test,test,2244,False,2.8295842362713652,-0.36085906778085214,11.575579857101358,6.675106082666401,258.8188405579229,60.37935625873294,0.04472464149885092,0.11055278651966334,False,False,normal
3122,train,test,2245,False,2.8690054377224437,0.41368685848010567,5.0914110304164515,4.038168837474677,258.8188405579229,60.37935625873294,0.019671717172680125,0.06687995844425086,False,False,normal
3123,train,train,2246,False,3.5933486105575545,-1.542029992369913,7.5164667435298735,2.4869859461473665,258.8188405579229,60.37935625873294,0.029041420351497597,0.04118934185866982,False,False,normal
3124,train,train,2247,False,3.5238412438613747,0.3087979495203727,5.235736691060261,2.0903876168405855,258.8188405579229,60.37935625873294,0.020229349145424822,0.03462089936638308,False,False,normal
3125,train,train,2248,False,3.7725148257266405,-0.8036368178009646,6.5351404347773485,2.4065399761405666,258.8188405579229,60.37935625873294,0.02524986365246777,0.039856999565021,False,False,normal
3126,train,train,2249,False,4.174604568782402,-0.49174277690566937,8.38919501945128,4.807506819010357,258.8188405579229,60.37935625873294,0.03241338614054182,0.07962169716433547,False,False,normal
3127,train,test,2250,False,3.7715004634500024,0.5465533373996545,6.350957331235036,4.008955063579885,258.8188405579229,60.37935625873294,0.024538234224156918,0.06639612132333808,False,False,normal
3128,test,train,2251,False,4.115490433008975,-1.3609271913015506,11.344122437586647,5.063450100063285,258.8188405579229,60.37935625873294,0.04383035799531706,0.08386061749922906,False,False,normal
3129,train,train,2252,False,2.8013520837470387,4.693821565227524,13.358659227239967,4.683772762866073,258.8188405579229,60.37935625873294,0.051613936599218854,0.07757241966601189,False,False,normal
3130,test,train,2252,False,1.817850992433509,-1.3890729346164659,11.004519953534233,4.129560902628971,258.8188405579229,60.37935625873294,0.042518233718273124,0.06839358944029308,False,False,normal
3131,train,train,2253,False,3.5089401129111564,4.502657095095336,11.848843687408538,2.91983435594891,258.8188405579229,60.37935625873294,0.04578045269759564,0.048358156444018086,False,False,normal
3132,train,train,2253,False,1.5371689103581418,0.6617353574015835,14.138435351618305,4.880779349262612,258.8188405579229,60.37935625873294,0.05462676256929667,0.08083523329311221,False,False,normal
3133,train,train,2253,False,1.9863715460633078,-1.074044763821997,11.68639252201787,3.927656283919541,258.8188405579229,60.37935625873294,0.04515278909690692,0.06504965483714421,False,False,normal
3134,train,train,2254,False,5.688135434995795,-0.5765529876396496,11.988311069318144,2.4012412666456076,258.8188405579229,60.37935625873294,0.04631931370790294,0.03976924259271653,False,False,normal
3135,test,train,2255,False,-9.641490497231647,3.326214669896112,17.91897944968412,14.345474343952327,258.8188405579229,60.37935625873294,0.0692336748401201,0.23758905746659856,False,False,normal
3136,train,train,2255,False,0.01134251034947376,-2.193453435862125,7.739936219477771,2.3876371666528575,258.8188405579229,60.37935625873294,0.029904840786679886,0.03954393214166676,False,False,normal
3137,train,train,2256,False,-6.22456182373781,-3.9600138474838458,18.84383125007067,9.159286617232084,258.8188405579229,60.37935625873294,0.07280703062207512,0.15169566528638395,False,False,normal
3138,train,train,2257,False,-6.528945105369683,-2.9922665377823083,14.97299520435048,5.082467662439488,258.8188405579229,60.37935625873294,0.05785125677896532,0.08417558545441411,False,False,normal
3139,train,train,2258,False,-3.5076297528706535,-3.732880821929456,14.113109748478232,3.090991862384044,258.8188405579229,60.37935625873294,0.054528911875407926,0.05119285884961683,False,False,normal
3140,train,train,2259,False,-2.609283590215628,-3.4341477695548814,12.616095889083946,2.850774643871373,258.8188405579229,60.37935625873294,0.048744889907891,0.04721439280762541,False,False,normal
3141,train,test,2260,False,-0.5802192899140811,-2.953410376070194,12.547386633310353,1.8878217498539447,258.8188405579229,60.37935625873294,0.04847941751946101,0.03126601320100859,False,False,normal
3142,train,train,2261,False,-2.9661580767181204,1.0129249563985978,7.81573149598562,8.149591376071845,258.8188405579229,60.37935625873294,0.030197691478478294,0.13497314117013515,False,False,normal
3143,train,train,2262,False,-2.033959931463593,-0.04425950440110404,15.614408975485897,13.550619940635132,258.8188405579229,60.37935625873294,0.06032949124502178,0.2244247169938193,False,False,normal
3144,train,train,2263,False,-1.3181877402938638,-1.8652430230265833,6.4128826887904,5.82840540875111,258.8188405579229,60.37935625873294,0.024777495621904757,0.09652977060198653,False,False,normal
3145,train,train,2264,False,0.0934130441766315,-3.674013381462271,12.56319857344365,2.272930533392779,258.8188405579229,60.37935625873294,0.048540510213096494,0.03764416638781296,False,False,normal
3146,train,train,2265,False,0.7037367743563511,-3.328300751618388,15.372655453605278,4.883309694653017,258.8188405579229,60.37935625873294,0.05939542662530753,0.0808771407520053,False,False,normal
3147,train,train,2266,False,1.5401869475969563,-1.1973735311819222,10.014814264662743,11.012457327956046,258.8188405579229,60.37935625873294,0.038694301554996174,0.1823877896406566,False,False,normal
3148,test,train,2267,False,1.9470968015597647,-0.995590989360634,1012.6936549287008,18.710652554505298,258.8188405579229,60.37935625873294,3.9127509139044414,0.3098849294505205,True,False,t2 alarm only
3149,train,test,2268,False,2.7621056136248696,-0.39462969211556864,8.98481135886991,2.0787581506040067,258.8188405579229,60.37935625873294,0.034714672778464656,0.034428292704815754,False,False,normal
3150,train,train,2269,False,3.1225129460790733,1.7313035737310927,8.872293638545749,1.7743473794110192,258.8188405579229,60.37935625873294,0.03427993734698829,0.029386656124780846,False,False,normal
3151,test,train,2270,False,3.9954685706239506,-0.8505897775365905,8.409596533857421,1.8457923705789048,258.8188405579229,60.37935625873294,0.03249221160147875,0.03056992463896863,False,False,normal
3152,train,train,2271,False,4.303575553288606,-0.6807731044074197,8.179314422776718,2.038112067710457,258.8188405579229,60.37935625873294,0.03160246914461473,0.033755114231044415,False,False,normal
3153,train,train,2272,False,4.360146264888719,-0.7016092848625624,16.36114101002952,12.511219425142185,258.8188405579229,60.37935625873294,0.06321464455508967,0.2072102155499982,False,False,normal
3154,train,train,2273,False,4.351082144047764,1.2353438677768867,10.83672962052286,3.8154264419080994,258.8188405579229,60.37935625873294,0.04186994114169842,0.06319090958105829,False,False,normal
3155,train,test,2274,False,5.250032017621011,1.12441178577007,9.582559827089359,2.9941563037584116,258.8188405579229,60.37935625873294,0.037024197335992666,0.04958907297600334,False,False,normal
3156,train,train,2275,False,5.157836876624618,0.8783019225005657,7.53212422149665,4.167125056408267,258.8188405579229,60.37935625873294,0.02910191624867813,0.0690157251520143,False,False,normal
3157,train,train,2276,False,-10.08069234484973,3.954714399752695,21.671338155980578,14.01612841574234,258.8188405579229,60.37935625873294,0.08373168703354343,0.23213444601299676,False,False,normal
3158,test,train,2276,False,0.019978299342735557,-2.243992595136881,8.358242185877446,2.9681294288085462,258.8188405579229,60.37935625873294,0.0322937934806446,0.049158017122437475,False,False,normal
3159,train,train,2277,False,-6.447057059344416,-5.004675411546752,25.821835018336216,6.4838933708743625,258.8188405579229,60.37935625873294,0.09976798815215064,0.10738593076564257,False,False,normal
3160,train,train,2278,False,-3.2257776247190604,-3.5003247320288016,14.31887237637918,3.812817272804003,258.8188405579229,60.37935625873294,0.0553239182491997,0.06314769664760277,False,False,normal
3161,train,train,2279,False,-3.0599682922339726,-1.5427506073595776,9.2128013122664,3.341852163986656,258.8188405579229,60.37935625873294,0.03559555901110917,0.05534759512284977,False,False,normal
3162,train,train,2280,False,-2.2385076915847026,-2.036078120672215,10.253609576428996,2.9534576034095106,258.8188405579229,60.37935625873294,0.039616936519481345,0.048915023054462235,False,False,normal
3163,test,test,2281,False,-0.9237794086743534,-2.571531424515113,9.601467576843534,3.3978716126156625,258.8188405579229,60.37935625873294,0.03709725132894548,0.0562753865419725,False,False,normal
3164,train,train,2282,False,0.22196794191861313,-1.2156607869802007,7.437618251418944,1.4957125570432546,258.8188405579229,60.37935625873294,0.02873677293115926,0.024771919571880543,False,False,normal
3165,test,train,2283,False,1.7067417776790108,-1.7906004080151356,10.464081940543819,2.9182264846619987,258.8188405579229,60.37935625873294,0.04043013993103021,0.04833152695694602,False,False,normal
3166,train,train,2284,False,1.1224633016660188,3.7949747264017564,11.183113024893986,2.547156899682023,258.8188405579229,60.37935625873294,0.04320826490369521,0.04218589030275751,False,False,normal
3167,train,train,2284,False,0.9874342232620499,-0.33494309806805883,5.438627777804323,1.1616583630972708,258.8188405579229,60.37935625873294,0.02101326072738964,0.019239330047167484,False,False,normal
3168,train,train,2285,False,2.8611293059469656,-0.3683819552895888,9.566123944623797,3.761920700656612,258.8188405579229,60.37935625873294,0.03696069391240058,0.062304750062857926,False,False,normal
3169,train,train,2286,False,2.212050089726865,3.3085762311850617,9.43453517067903,2.5487511364540314,258.8188405579229,60.37935625873294,0.03645227352978428,0.04221229397564824,False,False,normal
3170,train,train,2287,False,4.133698616614037,-0.425569133218758,9.109414736822849,2.206781525847603,258.8188405579229,60.37935625873294,0.0351961036421697,0.036548609700164304,False,False,normal
3171,train,train,2288,False,4.300512979934259,-0.4811968264408605,11.531284559179806,2.4895115352413115,258.8188405579229,60.37935625873294,0.04455349747461348,0.04123117054400927,False,False,normal
3172,test,test,2289,False,4.556217060651481,0.7963158865524312,16.327446339397383,5.59253501128897,258.8188405579229,60.37935625873294,0.06308445824191593,0.09262329640157592,False,False,normal
3173,test,train,2290,False,-9.43085564814316,1.840038756640693,27.391184890109063,6.50589024274275,258.8188405579229,60.37935625873294,0.10583149523065341,0.10775024190162302,False,False,normal
3174,test,train,2291,False,-6.468768644969141,-5.118083427884346,23.018872379755248,5.893137588446208,258.8188405579229,60.37935625873294,0.08893816358242936,0.0976018618547934,False,False,normal
3175,train,train,2292,False,-6.150332525796854,-2.1246996741009467,13.822738390661534,4.516461395341177,258.8188405579229,60.37935625873294,0.053407002213844035,0.07480141682842041,False,False,normal
3176,test,train,2293,False,-1.0398994149235192,-2.01609149013501,14.063973916363931,3.408471695828764,258.8188405579229,60.37935625873294,0.054339065448430736,0.0564509446113179,False,False,normal
3177,train,train,2294,False,-2.8169098259645757,2.4985074589680627,66.4406781138413,6.013151976007346,258.8188405579229,60.37935625873294,0.25670727050093584,0.09958953438059612,False,False,normal
3178,train,train,2294,False,0.4489334129019201,-0.6563545528616869,3.960911852923735,0.6782024058732701,258.8188405579229,60.37935625873294,0.015303800312161952,0.011232355690694841,False,False,normal
3179,train,test,2295,False,-0.6837923827759326,3.3627448373859203,16.615416245310517,2.841204501499184,258.8188405579229,60.37935625873294,0.06419708939849005,0.04705589256904751,False,False,normal
3180,train,test,2295,False,0.8625284355526394,-1.3860840721884384,4.763989893018976,1.5101549871300766,258.8188405579229,60.37935625873294,0.0184066580421637,0.025011114405706438,False,False,normal
3181,train,train,2296,False,1.5111941661680484,-2.4877141315660656,11.317374681447179,1.9456476391054889,258.8188405579229,60.37935625873294,0.04372701251984159,0.032223722803008205,False,False,normal
3182,train,train,2297,False,0.4244856272964789,3.1471623477024258,11.384773665757502,2.6045129895152352,258.8188405579229,60.37935625873294,0.0439874224040874,0.043135819109342236,False,False,normal
3183,train,train,2298,False,1.858093913932813,0.16978582471354037,7.455135380791685,2.320565484625065,258.8188405579229,60.37935625873294,0.028804453975301875,0.038433094163527644,False,False,normal
3184,train,test,2299,False,1.5220922131581067,4.56712594717389,10.818505091755979,2.9889098906907003,258.8188405579229,60.37935625873294,0.041799526914018566,0.049502182134616594,False,False,normal
3185,train,test,2299,False,1.074487079095126,0.4730667558372027,11.084519117458735,2.476370753129702,258.8188405579229,60.37935625873294,0.04282732699661427,0.04101353354146655,False,False,normal
3186,train,test,2299,False,1.1068354989188112,0.5004867917849382,9.53119809646724,2.0402843073972607,258.8188405579229,60.37935625873294,0.036825750690797125,0.03379109076046443,False,False,normal
3187,test,train,2300,False,3.7028620906343814,-0.9426669069318456,11.780842872540482,3.8689779483389355,258.8188405579229,60.37935625873294,0.0455177175167971,0.06407782705996219,False,False,normal
3188,train,train,2301,False,2.368108220010335,4.636208324295762,25.136115636310297,4.223031605409849,258.8188405579229,60.37935625873294,0.09711856981557303,0.06994164673292708,False,False,normal
3189,test,train,2301,False,1.9590805498448813,-1.110702617882415,11.427673319623583,3.8881245706056053,258.8188405579229,60.37935625873294,0.044153174069513315,0.06439493249885797,False,False,normal
3190,train,train,2302,False,4.668686758488449,0.7001115207287842,10.666632311492267,2.541859142279335,258.8188405579229,60.37935625873294,0.041212735087209025,0.042098149098959536,False,False,normal
3191,train,train,2303,False,4.745498006723814,-4.8231416189947245,172.2964544611567,9.729058592145014,258.8188405579229,60.37935625873294,0.6657029066730452,0.16113220138444018,False,False,normal
3192,test,train,2304,False,-11.243527374267584,5.0333489504324875,29.436992498747315,2.6687430060880297,258.8188405579229,60.37935625873294,0.11373589509670724,0.04419959356062259,False,False,normal
3193,train,train,2304,False,0.05571869114870874,-2.616241152342586,15.215268618277396,3.7342042786160894,258.8188405579229,60.37935625873294,0.05878733010888465,0.061845712011478995,False,False,normal
3194,train,train,2305,False,-3.8779573885700724,0.5665180123409813,19.861845572489422,2.2679956415640015,258.8188405579229,60.37935625873294,0.07674033903279309,0.03756243494623166,False,False,normal
3195,train,train,2306,False,-3.274220518713871,-2.016718338125537,14.889254419201286,5.5250234817497805,258.8188405579229,60.37935625873294,0.0575277069749067,0.09150517369006682,False,False,normal
3196,test,test,2307,False,-1.5280894171911132,-3.1868004457797414,13.480609653512436,3.2636150303106164,258.8188405579229,60.37935625873294,0.052085117236646904,0.05405183547048144,False,False,normal
3197,train,train,2308,False,-0.19958405681196537,0.7734583644762416,10.820706881404341,1.8350883759759289,258.8188405579229,60.37935625873294,0.04180803398268334,0.030392645594172128,False,False,normal
3198,train,train,2309,False,1.1204602608695757,3.723055184134912,10.998733683898655,4.3769516353374724,258.8188405579229,60.37935625873294,0.042495877271489325,0.07249086288004956,False,False,normal
3199,train,train,2309,False,1.2672342691763492,-2.0946456123304844,13.298051201500042,3.6398457265589768,258.8188405579229,60.37935625873294,0.05137976498478277,0.06028295020175094,False,False,normal
3200,train,train,2310,False,3.2438746401399947,-1.2945852434525327,9.522492626176499,2.319519001434641,258.8188405579229,60.37935625873294,0.036792115309879816,0.038415762359161595,False,False,normal
3201,train,train,2311,False,4.053514936471918,0.3792313267044388,8.078949762972398,2.839747785016636,258.8188405579229,60.37935625873294,0.031214689570345837,0.047031766500589524,False,False,normal
3202,train,train,2312,False,5.1936950654124265,1.8285907236188645,9.798842152470439,3.222999162269306,258.8188405579229,60.37935625873294,0.037859848731829425,0.0533791574136425,False,False,normal
3203,train,train,2313,False,-9.510146400602093,-2.307575198161035,44.17394479393782,3.3483395829308242,258.8188405579229,60.37935625873294,0.1706751513866388,0.05545503944399107,False,False,normal
3204,train,train,2314,False,-6.730600684666914,-2.3132180641957847,17.44314951544509,4.929048585882099,258.8188405579229,60.37935625873294,0.06739520769756854,0.08163466607296245,False,False,normal
3205,train,test,2315,False,-3.147764987329917,-4.213326327446016,31.514354504190415,5.603411983457668,258.8188405579229,60.37935625873294,0.12176221188633907,0.09280344029251257,False,False,normal
3206,train,train,2316,False,-1.7026784893148104,-7.865760683477927,200.78719029741126,5.374588446834193,258.8188405579229,60.37935625873294,0.7757827438859718,0.08901367586304536,False,False,normal
3207,train,train,2317,False,-1.243014583623028,-0.48165643306637645,10.898430461671234,1.8987711973070198,258.8188405579229,60.37935625873294,0.04210833507397695,0.0314473574241261,False,False,normal
3208,train,test,2318,False,4.2645234814865525,-0.9606232765171681,11.985335252770168,3.881657479613967,258.8188405579229,60.37935625873294,0.046307816026584375,0.06428782484829068,False,False,normal
3209,train,train,2319,False,-9.54885445104671,-0.27878992195058305,30.151855239344933,3.6937119322649536,258.8188405579229,60.37935625873294,0.1164979148131105,0.06117507971494339,False,False,normal
3210,train,train,2320,False,-7.591536126800719,1.9675819887540429,16.69568612353158,6.336530289249485,258.8188405579229,60.37935625873294,0.06450722863738019,0.10494531048156056,False,False,normal
3211,train,train,2320,False,-0.49014174939652905,-0.12373619804911944,8.620286821552929,1.9715305816412878,258.8188405579229,60.37935625873294,0.033306257005751995,0.03265239485484141,False,False,normal
3212,train,train,2320,False,-0.4641297697822042,-0.016378223256617308,7.622758373487688,1.5146463068487177,258.8188405579229,60.37935625873294,0.029452099998036028,0.025085499427292213,False,False,normal
3213,train,train,2320,False,-0.18903615693838752,-1.3680138848508223,6.154551183092832,1.0763784250695432,258.8188405579229,60.37935625873294,0.0237793785407035,0.01782692780719837,False,False,normal
3214,test,test,2321,False,-2.604755597123833,-4.254583362117514,17.350416027206226,1.8063169005722999,258.8188405579229,60.37935625873294,0.06703691272940099,0.029916133799638582,False,False,normal
3215,train,train,2322,False,-0.42152107092148017,3.4383155403650485,12.362654081114037,3.3875320604911283,258.8188405579229,60.37935625873294,0.047765665182891937,0.056104143376009816,False,False,normal
3216,train,train,2323,False,1.1031064751734287,3.2961857480384484,9.270593811243925,5.043205261206113,258.8188405579229,60.37935625873294,0.035818852256890445,0.08352532344987848,False,False,normal
3217,train,train,2323,False,0.705250865705485,0.4361891817861304,7.816281321473326,1.4927955858874875,258.8188405579229,60.37935625873294,0.030199815842711288,0.024723608835620497,False,False,normal
3218,train,train,2323,False,0.6796437779178275,0.3882452384573061,6.706275247998698,1.675288732372176,258.8188405579229,60.37935625873294,0.025911078318496112,0.027746051567581448,False,False,normal
3219,train,train,2323,False,0.9251360257646333,-0.6473201567717298,4.6614206590165645,1.0454378292487385,258.8188405579229,60.37935625873294,0.01801036064054754,0.01731449114443866,False,False,normal
3220,train,train,2324,False,1.793355897005912,0.9084240958716916,8.55374694507919,2.9745890705845714,258.8188405579229,60.37935625873294,0.03304916646191716,0.04926500139945336,False,False,normal
3221,train,train,2325,False,2.35786004846911,0.5485956804727913,11.596762974306762,4.478007522492614,258.8188405579229,60.37935625873294,0.044806486843493296,0.07416454563218268,False,False,normal
3222,train,train,2326,False,1.8854075439234284,0.8805315474564128,7.8563582766637525,8.385372112228922,258.8188405579229,60.37935625873294,0.030354661429315546,0.13887813040431526,False,False,normal
3223,train,train,2327,False,3.0891944212798625,-1.0784453544874604,8.55933057880207,7.596946053058483,258.8188405579229,60.37935625873294,0.03307073998303658,0.1258202558587183,False,False,normal
3224,train,train,2328,False,3.957063748759218,-1.3866293214819658,12.921375061910995,11.656848864014744,258.8188405579229,60.37935625873294,0.04992439898910384,0.19306017132848716,False,False,normal
3225,train,train,2329,False,4.804681311376209,-1.0350699578680205,9.055146012389292,7.404789462431248,258.8188405579229,60.37935625873294,0.034986425226500376,0.1226377676287375,False,False,normal
3226,test,train,2330,False,-10.829466495470907,4.576225117574634,27.433564977303487,3.7852106394551295,258.8188405579229,60.37935625873294,0.10599523944302632,0.06269047691126481,False,False,normal
3227,test,train,2330,False,-0.456761728417911,-0.025541442892587515,8.069517534476011,1.7097670218355574,258.8188405579229,60.37935625873294,0.031178246209128183,0.028317079342631547,False,False,normal
3228,train,train,2330,False,-0.30695026976755746,-0.7067584458811325,5.6823388358263855,1.2021849565666218,258.8188405579229,60.37935625873294,0.021954888691940858,0.01991052954283103,False,False,normal
3229,train,train,2331,False,-4.294417132403991,-8.979381897698582,213.71031537489324,7.21100204501558,258.8188405579229,60.37935625873294,0.8257139044213649,0.11942826972377037,False,False,normal
3230,train,train,2332,False,-4.741279120686977,2.0588016851230093,15.230092257282848,4.206720049689937,258.8188405579229,60.37935625873294,0.05884460429716823,0.06967149553008857,False,False,normal
3231,train,train,2332,False,0.2803513860902963,-2.6554720657580546,10.792053454750427,4.610618253208654,258.8188405579229,60.37935625873294,0.041697325555923724,0.07636083818866153,False,False,normal
3232,train,train,2333,False,-1.5850937333392983,0.08529260198079128,8.17957324934725,3.076456931882498,258.8188405579229,60.37935625873294,0.03160346917448108,0.05095213202836253,False,False,normal
3233,train,train,2334,False,-0.4541292179980179,0.6894568991296429,5.734872353168714,1.749095928387379,258.8188405579229,60.37935625873294,0.022157862776938243,0.028968442805058878,False,False,normal
3234,train,test,2335,False,-0.4458007389432306,1.1587557377817936,6.914557639512189,1.3505289151084832,258.8188405579229,60.37935625873294,0.02671582031897995,0.022367395063327626,False,False,normal
3235,train,train,2336,False,0.017507402801305864,-4.0149859426380345,224.598806169297,5.956750609071383,258.8188405579229,60.37935625873294,0.8677838355397178,0.0986554176488066,False,False,normal
3236,train,train,2337,False,3.3226969503181496,-1.5869895305509782,5.866202484325668,2.5278332515302835,258.8188405579229,60.37935625873294,0.022665283839770657,0.04186585296965089,False,False,normal
3237,train,test,2338,False,3.4682925772293043,0.6048382325997893,10.100708617101281,3.619722058776076,258.8188405579229,60.37935625873294,0.03902617211068439,0.059949662981915924,False,False,normal
3238,test,train,2339,False,3.098349452732367,1.7324385729781409,7.650345278877432,2.7650688993670274,258.8188405579229,60.37935625873294,0.029558687699805637,0.045794938381230305,False,False,normal
3239,train,train,2340,False,3.5484149979175243,4.4072153253707045,11.183008800546002,3.6304163601227266,258.8188405579229,60.37935625873294,0.04320786221141918,0.060126781487466474,False,False,normal
3240,train,train,2340,False,1.5090963179286387,0.7577278000758686,13.399736136142007,3.2310387526819144,258.8188405579229,60.37935625873294,0.05177264571333703,0.053512308724136065,False,False,normal
3241,train,train,2340,False,1.973262605323229,-1.4033380921787784,12.338979228668968,4.332962931803211,258.8188405579229,60.37935625873294,0.047674192504960015,0.07176232408368075,False,False,normal
3242,train,train,2341,False,-6.785896261789389,-2.149454988101879,17.411354313208484,4.2400326701003435,258.8188405579229,60.37935625873294,0.06727236037251266,0.07022321755023826,False,False,normal
3243,train,train,2342,False,-6.649623857539034,-2.2820567151068287,22.0649984411883,9.16514334173216,258.8188405579229,60.37935625873294,0.08525267478064534,0.15179266407641706,False,False,normal
3244,train,train,2343,False,-6.0308332105954925,-2.8967096225100843,52.6642857642928,6.801624330201155,258.8188405579229,60.37935625873294,0.20347933578083813,0.11264817566214785,False,False,normal
3245,train,train,2344,False,-5.20251218483409,-2.0941540625275468,26.584171249671225,4.119556904710391,258.8188405579229,60.37935625873294,0.1027134314965829,0.068227903706982,False,False,normal
3246,train,test,2345,False,-3.4325056000765057,-1.3995840560933712,14.566218368792853,2.9583768455523582,258.8188405579229,60.37935625873294,0.056279590532873035,0.0489964953066964,False,False,normal
3247,train,test,2346,False,-1.901376980736328,-2.116963511745961,9.910749938100468,1.3810228684037624,258.8188405579229,60.37935625873294,0.03829222755474971,0.02287243445401952,False,False,normal
3248,train,test,2347,False,-1.2521193029035675,2.805065384837281,7.258487907618722,6.050376273900989,258.8188405579229,60.37935625873294,0.028044665882792617,0.10020604141545307,False,False,normal
3249,train,test,2347,False,0.3542025795236756,0.0902525784723626,5.240730008421061,0.9397118808588326,258.8188405579229,60.37935625873294,0.020248641857462463,0.015563463062309775,False,False,normal
3250,train,test,2347,False,0.35618220161094666,0.0820345032850494,5.230238095000522,0.9135341032092966,258.8188405579229,60.37935625873294,0.020208104184865204,0.015129907965475668,False,False,normal
3251,train,test,2347,False,0.3577616198381345,0.07536975468554759,5.209662621313264,0.8918735219342987,258.8188405579229,60.37935625873294,0.020128606596347673,0.01477116645816016,False,False,normal
3252,train,test,2347,False,0.35853638912961616,0.07589600490849376,5.196779301712024,0.8699375523131951,258.8188405579229,60.37935625873294,0.020078829232483945,0.014407863982275766,False,False,normal
3253,train,test,2347,False,0.35706273424791446,0.08143543230356227,5.126193618757423,0.8421257895839988,258.8188405579229,60.37935625873294,0.019806106880423165,0.013947246902987613,False,False,normal
3254,test,test,2347,False,0.3568814884542163,0.08161681610872969,5.081874267909855,0.8246321205966892,258.8188405579229,60.37935625873294,0.01963486992274253,0.013657517596958794,False,False,normal
3255,train,test,2347,False,0.35636203419503787,0.08319934713532236,5.031785388350835,0.8116036577992695,258.8188405579229,60.37935625873294,0.019441341200293092,0.013441740821506084,False,False,normal
3256,train,test,2347,False,0.35568997904265653,0.08541469484365928,4.982456802996462,0.8036565447723084,258.8188405579229,60.37935625873294,0.019250750031396587,0.013310121117034465,False,False,normal
3257,test,test,2347,False,0.37844451314523647,-0.012559646160992073,4.65471134293276,0.7445915064788738,258.8188405579229,60.37935625873294,0.017984437813332407,0.012331888788085252,False,False,normal
3258,train,test,2348,False,2.0259276341154857,1.6407834419677179,5.396687707661313,3.235811751723901,258.8188405579229,60.37935625873294,0.020851216611696203,0.05359135890515379,False,False,normal
3259,train,train,2349,False,2.7737916278571686,-0.3471277743410233,4.8947388911640815,5.233035754207377,258.8188405579229,60.37935625873294,0.018911833777683018,0.08666928696263632,False,False,normal
3260,train,train,2350,False,3.223251156366086,3.979792421859832,9.937229590627734,3.6600936456567634,258.8188405579229,60.37935625873294,0.03839453715659394,0.06061829526589872,False,False,normal
3261,train,train,2350,False,1.826343704202149,-1.615561045990113,10.501254589852131,4.0864266634020545,258.8188405579229,60.37935625873294,0.040573764132530304,0.06767920224076612,False,False,normal
3262,train,test,2351,False,5.756804738353371,0.22457263438070124,11.054463526501177,3.2224934210973295,258.8188405579229,60.37935625873294,0.04271120101871881,0.053370781352629036,False,False,normal
3263,test,train,2352,False,5.554465983990483,1.0592463717932936,12.420471284141511,5.260820992251045,258.8188405579229,60.37935625873294,0.04798905387786809,0.08712946474135601,False,False,normal
3264,train,train,2353,False,-10.646725945980755,4.906783108712987,26.301202742547417,4.470931476870197,258.8188405579229,60.37935625873294,0.1016201242763132,0.07404735250425175,False,False,normal
3265,train,train,2353,False,-0.034080171188845536,-1.9598337802120052,6.764854245623171,2.3882271841338554,258.8188405579229,60.37935625873294,0.026137410364100663,0.03955370398286476,False,False,normal
3266,train,train,2354,False,-7.19641212065092,1.9721760750158543,16.417281021407987,6.473631024107923,258.8188405579229,60.37935625873294,0.06343155307402688,0.1072159662711146,False,False,normal
3267,train,train,2355,False,-6.865949606917834,1.0605165902227884,23.847092619216546,7.337353117511727,258.8188405579229,60.37935625873294,0.09213816338799198,0.12152089012129029,False,False,normal
3268,train,train,2355,False,-0.500969493373242,-0.12776281541510112,8.407170111145053,2.3498480528050028,258.8188405579229,60.37935625873294,0.03248283661661622,0.0389180706520887,False,False,normal
3269,train,train,2355,False,0.11539569433527978,-2.5847514305471027,8.736711541799385,3.191993812872681,258.8188405579229,60.37935625873294,0.03375608793767135,0.05286564830526838,False,False,normal
3270,train,train,2356,False,-3.6137131939358795,-2.2265673419899463,11.601733480823826,2.695408566374799,258.8188405579229,60.37935625873294,0.04482569142112895,0.04464122729007979,False,False,normal
3271,train,test,2357,False,-1.9208974962245626,-3.511106739523495,22.749688084336846,6.5114711769804305,258.8188405579229,60.37935625873294,0.08789811450857471,0.10784267306656896,False,False,normal
3272,train,train,2358,False,-1.0284788642913136,-1.1067398302868208,8.712589234094938,4.189038864556447,258.8188405579229,60.37935625873294,0.03366288642400856,0.06937866059064794,False,False,normal
3273,train,test,2359,False,3.045801971376212,4.316222914276059,24.157775338906944,5.2683746198031915,258.8188405579229,60.37935625873294,0.09333855018757997,0.08725456755828202,False,False,normal
3274,train,test,2359,False,1.413473545704921,0.7192572358325627,12.105525499123814,3.063173635593776,258.8188405579229,60.37935625873294,0.04677219584566771,0.050732134712859506,False,False,normal
3275,train,test,2359,False,1.4252749215344582,0.6978212192474168,12.3503288492816,2.9934876681744154,258.8188405579229,60.37935625873294,0.047718044106289215,0.04957799906555734,False,False,normal
3276,train,test,2359,False,1.4038491675474438,0.6740337017882608,11.466459697381726,3.338265572223976,258.8188405579229,60.37935625873294,0.044303033243886146,0.05528819416224146,False,False,normal
3277,train,test,2359,False,1.9399157997626628,-1.6152974905027535,11.67626111762303,4.444073843911275,258.8188405579229,60.37935625873294,0.045113644325324595,0.0736025376764183,False,False,normal
3278,train,train,2360,False,5.159827364611035,0.4029058161787451,11.3827483859382,2.22077646682252,258.8188405579229,60.37935625873294,0.043979597317571534,0.0367803932407994,False,False,normal
3279,train,train,2361,False,-9.751202905348693,2.8905990248040223,23.22784703808495,4.46560922217242,258.8188405579229,60.37935625873294,0.08974558029861286,0.07395920557742844,False,False,normal
3280,train,train,2362,False,-3.3033155878729596,-3.2564750864416876,14.352903629589077,2.852312719919219,258.8188405579229,60.37935625873294,0.05545540501861934,0.047239866349298415,False,False,normal
3281,train,train,2363,False,0.18507726287299017,3.248843911570579,15.79152808103876,3.9689402370115756,258.8188405579229,60.37935625873294,0.06101382745938336,0.06573339768652353,False,False,normal
3282,test,train,2363,False,0.4581057394744733,0.30375659766783336,6.053800165563529,1.4152592979402911,258.8188405579229,60.37935625873294,0.02339010619363588,0.023439456556570953,False,False,normal
3283,train,train,2363,False,0.4762655627141281,0.3225192849168771,6.3373157181395685,1.1679571899763135,258.8188405579229,60.37935625873294,0.024485527036897825,0.019343650915579057,False,False,normal
3284,train,train,2363,False,0.48130418296426525,0.3269385402343361,6.528541797980419,1.1507888489367888,258.8188405579229,60.37935625873294,0.025224368457517105,0.019059309675404913,False,False,normal
3285,train,train,2363,False,0.4875601332953763,0.3350230338692829,6.9097176781619485,1.1936782614581536,258.8188405579229,60.37935625873294,0.026697120129535446,0.0197696420667868,False,False,normal
3286,test,train,2363,False,0.6878387442909931,-0.8223733880777307,4.927234435007558,1.6537554745523975,258.8188405579229,60.37935625873294,0.01903738701705859,0.027389418785219447,False,False,normal
3287,train,test,2364,False,0.7576732855590688,3.63707751100159,10.864104503333571,2.5679308737470774,258.8188405579229,60.37935625873294,0.041975709650481245,0.042529947864021256,False,False,normal
3288,train,test,2364,False,1.1334424336001963,-2.2563806490948326,13.276276495494141,4.254219790064311,258.8188405579229,60.37935625873294,0.05129563391473021,0.07045818395006495,False,False,normal
3289,train,train,2365,False,4.812939725490737,-1.227901259123467,10.010421467634645,2.8651011878125137,258.8188405579229,60.37935625873294,0.03867732907718649,0.04745166834066935,False,False,normal
3290,test,train,2366,False,4.510202300984231,-0.7104346786768907,15.795480772824588,2.8341530203460352,258.8188405579229,60.37935625873294,0.06102909949977001,0.04693910627667745,False,False,normal
3291,train,train,2367,False,-10.977313187281963,4.486186970378527,25.292068295944098,5.686907741036707,258.8188405579229,60.37935625873294,0.09772112509824728,0.09418629302153556,False,False,normal
3292,train,train,2367,False,-0.14590167708659488,-1.4590417543202838,5.4719835499916964,2.312287615606744,258.8188405579229,60.37935625873294,0.021142137636487413,0.03829599649420421,False,False,normal
3293,train,train,2368,False,-6.206741913163596,-5.5868985829644,32.601994814434946,10.521092622673848,258.8188405579229,60.37935625873294,0.12596453466894622,0.1742498309784834,False,False,normal
3294,train,test,2369,False,-1.8404251347467144,-4.548455852964778,17.840769389088887,1.3164485220928852,258.8188405579229,60.37935625873294,0.06893149413168852,0.021802957230145713,False,False,normal
3295,train,train,2370,False,3.3611395347930038,-4.025251359128265,20.43658488918519,4.362597726497791,258.8188405579229,60.37935625873294,0.0789609629852721,0.07225313413086958,False,False,normal
3296,train,train,2371,False,4.473224533225726,-0.3670591715534534,9.06410711530833,6.8877135139508,258.8188405579229,60.37935625873294,0.03502104829682911,0.11407398059091758,False,False,normal
3297,train,train,2372,False,-10.196037832672866,0.1687631665071525,31.1536214360315,6.7274343129359435,258.8188405579229,60.37935625873294,0.12036844523712102,0.11141944415750415,False,False,normal
3298,test,train,2373,False,-6.739797119001067,-3.3979843984202485,14.387811883554924,7.997652484737261,258.8188405579229,60.37935625873294,0.05559028026143628,0.13245673654529108,False,False,normal
3299,train,train,2374,False,-2.6746903532686512,-3.850180114709308,27.728869860276895,5.73252070563744,258.8188405579229,60.37935625873294,0.10713621079710871,0.09494173275171876,False,False,normal
3300,train,test,2375,False,-3.6899497680013167,2.119755147688701,30.12435279544744,6.050594985199446,258.8188405579229,60.37935625873294,0.11639165344574556,0.10020966370147943,False,False,normal
3301,train,train,2376,False,-1.0502847449446078,1.6574119638685003,10.047200303751946,1.5202777648208812,258.8188405579229,60.37935625873294,0.03881943170015636,0.025178767363903395,False,False,normal
3302,train,train,2377,False,-0.1955429703279037,-0.20046651419709985,17.50837763741318,4.321647269781222,258.8188405579229,60.37935625873294,0.06764723000717893,0.07157491463245208,False,False,normal
3303,train,train,2378,False,3.6348788590311747,-2.5760273341998694,10.792505233337558,3.5098299068991743,258.8188405579229,60.37935625873294,0.041699071095723524,0.0581296344376234,False,False,normal
3304,train,train,2379,False,4.120610770335123,-1.865689183464806,11.679398740201611,7.1909015687557964,258.8188405579229,60.37935625873294,0.04512576717763248,0.11909536660082798,False,False,normal
3305,test,train,2380,False,4.810421132355703,0.637849634295478,13.273999001167473,5.660042625338658,258.8188405579229,60.37935625873294,0.051286834345418496,0.09374135426493588,False,False,normal
3306,train,train,2381,False,-9.382130815698474,0.8468696297322859,23.587152905276728,5.068645136037555,258.8188405579229,60.37935625873294,0.09113383266237912,0.08394665743566045,False,False,normal
3307,train,train,2382,False,-3.0460242297645532,-2.377438691442042,12.749247188587793,2.3998644644729143,258.8188405579229,60.37935625873294,0.04925934743044546,0.039746440061222264,False,False,normal
3308,train,train,2383,False,0.12112147103859461,-0.04876364911652946,8.755823605404169,1.998308001551878,258.8188405579229,60.37935625873294,0.033829931339347925,0.033095881198018796,False,False,normal
3309,train,train,2384,False,1.7186103459438102,1.3044874538109636,9.947128008438428,1.575136018058085,258.8188405579229,60.37935625873294,0.03843278173642962,0.02608732712068731,False,False,normal
3310,train,train,2385,False,2.7666687878126175,-0.0820797574263597,9.44494470554485,1.7983261221099625,258.8188405579229,60.37935625873294,0.03649249291583585,0.029783790910322308,False,False,normal
3311,train,train,2386,False,4.4345329545061976,0.15884179599170958,8.516476805618879,3.370881052294193,258.8188405579229,60.37935625873294,0.03290516558709688,0.055828370177541393,False,False,normal
3312,train,train,2387,False,5.45002676896268,-0.8662677998994247,9.835874129153588,2.5554658191129085,258.8188405579229,60.37935625873294,0.03800292941561319,0.04232350222752333,False,False,normal
3313,train,train,2388,False,-10.87882582232627,5.0393476434481945,27.8480292032052,4.627021557823113,258.8188405579229,60.37935625873294,0.1075966075080724,0.07663250893228736,False,False,normal
3314,train,train,2388,False,0.024281499527293266,-2.2192168292686856,7.63577104649527,2.5619500483235407,258.8188405579229,60.37935625873294,0.02950237714547835,0.042430893720450925,False,False,normal
3315,train,train,2389,False,-3.709662639582265,-2.647572946953505,10.254851077946814,3.165647897249013,258.8188405579229,60.37935625873294,0.03962173331679,0.05242930851537774,False,False,normal
3316,train,train,2390,False,-0.5255904659320405,2.8610922616110366,15.917317384499427,2.450572702309828,258.8188405579229,60.37935625873294,0.061499840391013486,0.04058626746215749,False,False,normal
3317,train,train,2390,False,0.9763925180340277,-2.1505607217209266,6.863480864284733,3.0568359975683657,258.8188405579229,60.37935625873294,0.0265184746577547,0.05062717105610482,False,False,normal
3318,train,train,2391,False,3.106053727232013,-1.3217035664745977,8.813540170434305,2.398172797814902,258.8188405579229,60.37935625873294,0.03405293119865383,0.03971842275923641,False,False,normal
3319,train,train,2392,False,2.717336545400048,4.278172108132627,15.324815937898258,5.251852288168046,258.8188405579229,60.37935625873294,0.05921058878427596,0.08698092549485317,False,False,normal
3320,train,train,2392,False,1.583775914644334,-0.13436738511607912,10.042510025329143,2.5088396545856604,258.8188405579229,60.37935625873294,0.03880130984159037,0.04155128192879326,False,False,normal
3321,train,train,2393,False,4.926588422130335,-1.3512984493652418,11.629504102070696,6.694925415093901,258.8188405579229,60.37935625873294,0.04493298894702392,0.11088103335195104,False,False,normal
3322,test,train,2394,False,-10.24238767195605,-0.12168748073897764,29.58320882319044,2.7382958331083627,258.8188405579229,60.37935625873294,0.1143008320391954,0.04535152414302712,False,False,normal
3323,train,train,2395,False,-6.097214518781061,-0.6416838877031895,15.98892738150704,1.3106402412816713,258.8188405579229,60.37935625873294,0.06177652039179414,0.02170676076216211,False,False,normal
3324,train,train,2396,False,-1.3988428980601801,-2.650096681148468,10.17206850723883,1.9019847798552352,258.8188405579229,60.37935625873294,0.03930188577196084,0.0315005806240298,False,False,normal
3325,train,train,2397,False,0.9580510920319842,2.3147178348627393,21.06768247677433,5.934658272210982,258.8188405579229,60.37935625873294,0.0813993387473639,0.09828952542621099,False,False,normal
3326,train,train,2398,False,2.6696805778417976,3.729734579558186,11.029080507612228,5.405871789153538,258.8188405579229,60.37935625873294,0.04261312848723604,0.08953178907686123,False,False,normal
3327,train,train,2398,False,1.1556270088532525,0.5927622272715596,9.755375715187007,2.3181554233310524,258.8188405579229,60.37935625873294,0.037691907181709915,0.038393178844065054,False,False,normal
3328,train,train,2398,False,1.4939862442227545,-1.0210169994441176,8.475625233988357,2.7976184349265028,258.8188405579229,60.37935625873294,0.032747327110027515,0.04633402222670883,False,False,normal
3329,train,train,2399,False,5.73836038090804,-0.40724650835978277,14.16925594117364,7.3769431329072,258.8188405579229,60.37935625873294,0.05474584427713871,0.1221765780558523,False,False,normal
3330,train,test,2400,False,-10.11256176831116,1.392800107033942,28.24330198351122,4.736514157751713,258.8188405579229,60.37935625873294,0.10912382546273887,0.0784459201163916,False,False,normal
3331,test,train,2401,False,-3.947658846733144,-3.1444132506798668,14.159764052901137,3.491626803733732,258.8188405579229,60.37935625873294,0.05470917040806472,0.05782815551679093,False,False,normal
3332,train,train,2402,False,-2.2429380730858766,-1.6114328449782902,13.198804245444727,2.099979322042655,258.8188405579229,60.37935625873294,0.05099630388959599,0.03477975672751439,False,False,normal
3333,test,train,2403,False,-0.5493719305385649,2.787805671236257,14.884159785530477,2.5588726661203913,258.8188405579229,60.37935625873294,0.05750802280639784,0.042379926264124256,False,False,normal
3334,test,train,2403,False,0.4036129875912015,0.05028415728957953,5.2338532120214545,0.8694782088024766,258.8188405579229,60.37935625873294,0.020222071935486217,0.01440025635710086,False,False,normal
3335,train,test,2404,False,3.0113391583668454,3.261813009944288,11.864432931482565,4.532205840878277,258.8188405579229,60.37935625873294,0.04584068495905088,0.07506217557963386,False,False,normal
3336,train,train,397,False,4.507962070286584,3.85421058828588,14.509957556981998,8.678939019229377,258.8188405579229,60.37935625873294,0.05606221527653708,0.1437401714261255,False,False,normal
3337,train,train,397,False,2.1973546758417943,-1.1336806982993461,15.069918847295446,5.1546383906800815,258.8188405579229,60.37935625873294,0.05822574127451453,0.08537087359116292,False,False,normal
3338,train,train,2405,False,-10.362448960579696,4.222124188815027,28.052209963240003,7.064150341592102,258.8188405579229,60.37935625873294,0.10838550200893123,0.11699611886091253,False,False,normal
3339,train,train,2406,False,-3.461494616740083,-3.75012381852947,19.91225560625457,3.4790310479631823,258.8188405579229,60.37935625873294,0.07693510860079085,0.05761954521434624,False,False,normal
3340,train,test,2407,False,0.08398075780208505,-1.281191904385658,20.144969974288855,2.724436076476226,258.8188405579229,60.37935625873294,0.07783424858431227,0.04512197951898798,False,False,normal
3341,test,train,2408,False,3.5879490577105924,-1.4253649042194447,9.761929670602381,2.772820797394794,258.8188405579229,60.37935625873294,0.03771722974092255,0.045923324944256064,False,False,normal
3342,train,test,2409,False,4.533485617032891,0.4468075242790947,12.591201757625255,8.288545753787016,258.8188405579229,60.37935625873294,0.04864870629388118,0.137274496903703,False,False,normal
3343,train,train,2410,False,-8.348438029736347,2.0173496608737387,20.188113403964888,8.33636256922687,258.8188405579229,60.37935625873294,0.07800094212788519,0.1380664367056935,False,False,normal
3344,train,test,2411,False,-6.639126621815096,-1.4726675590073883,12.923473384595965,6.4228138684255685,258.8188405579229,60.37935625873294,0.04993250629180425,0.1063743349780515,False,False,normal
3345,train,train,2412,False,-1.2576237746111933,-2.1994674437024386,10.668593990147185,2.8701393844156358,258.8188405579229,60.37935625873294,0.04122031443750165,0.047535110710964466,False,False,normal
3346,test,train,2413,False,2.2158433531672537,0.5512248077628055,15.686609009409707,4.310934155269024,258.8188405579229,60.37935625873294,0.060608450975187377,0.07139748454415683,False,False,normal
3347,train,train,2414,False,4.390932654777867,0.05433988973984824,10.904705228807721,6.634137056688685,258.8188405579229,60.37935625873294,0.042132578931661196,0.10987425947803409,False,False,normal
3348,train,train,2415,False,4.583021332804304,3.354747889632871,20.533408238873783,15.416665918275763,258.8188405579229,60.37935625873294,0.07933505997712893,0.25533008090072146,False,False,normal
3349,train,train,2416,False,-10.657310929643696,4.703307869155488,31.881998162051424,5.955136444546233,258.8188405579229,60.37935625873294,0.12318267902493106,0.09862868393342493,False,False,normal
3350,train,train,2416,False,-0.18438577845794982,-1.5021894965418285,6.835443683393047,2.0319383286525228,258.8188405579229,60.37935625873294,0.026410147223665095,0.03365286506112152,False,False,normal
3351,train,train,2417,False,-5.789381941558076,-3.492264546391947,15.811271529289447,6.025713456925948,258.8188405579229,60.37935625873294,0.061090110345931065,0.09979757702458814,False,False,normal
3352,train,train,2418,False,-1.2053607839321014,2.098499831389922,18.790511915474355,5.260021717456575,258.8188405579229,60.37935625873294,0.07260102036995678,0.08711622719057714,False,False,normal
3353,train,test,2419,False,1.0091865350615494,0.7604761929464489,9.597847262593211,1.905426348317566,258.8188405579229,60.37935625873294,0.03708326349775622,0.0315575797156992,False,False,normal
3354,train,train,2420,False,3.6250456342357533,-0.13425007616895676,8.689012197483695,1.7733059259170818,258.8188405579229,60.37935625873294,0.03357179167773576,0.02936940762200658,False,False,normal
3355,test,train,2421,False,4.737165375052671,0.390275161548326,12.282859045493993,4.530736799124259,258.8188405579229,60.37935625873294,0.04745736059637871,0.07503784538062143,False,False,normal
3356,train,test,2422,False,5.417556206753409,1.5070325020610806,17.719494577910524,10.490700973719978,258.8188405579229,60.37935625873294,0.06846292387259556,0.17374648594738307,False,False,normal
3357,train,train,2423,False,-11.06429856652043,4.015953727731955,24.22541011447457,4.047966935978831,258.8188405579229,60.37935625873294,0.09359987110000594,0.06704223408134391,False,False,normal
3358,train,test,2424,False,-3.860405822583441,-0.79410528899149,11.38181477523993,3.260093106954142,258.8188405579229,60.37935625873294,0.04397599011998013,0.05399350554491246,False,False,normal
3359,train,train,2425,False,-2.532730569543193,3.110767686595649,16.67230797902117,1.8805048868026877,258.8188405579229,60.37935625873294,0.06441690235178206,0.031144831666381035,False,False,normal
3360,train,train,2425,False,0.5288768793668184,-1.688748475540518,5.066669700267083,1.4811718696314746,258.8188405579229,60.37935625873294,0.019576123938060748,0.02453109740495529,False,False,normal
3361,train,test,2426,False,3.0546953813560203,-2.3058242867963727,9.724957713767648,2.252788908346361,258.8188405579229,60.37935625873294,0.037574380956208756,0.03731058176064157,False,False,normal
3362,test,train,2427,False,4.288157736678257,0.20735344544519413,12.713001571282692,12.927923904157877,258.8188405579229,60.37935625873294,0.04911930500839084,0.21411165512861943,False,False,normal
3363,train,train,2428,False,5.2374203295810196,0.24623769614569813,12.822210477313776,7.039735549622334,258.8188405579229,60.37935625873294,0.04954125615304348,0.11659176224827911,False,False,normal
3364,train,train,2429,False,-10.023298563000719,2.4586129485957255,28.92361651667285,3.2126576936963516,258.8188405579229,60.37935625873294,0.11175236105039205,0.053207882507553074,False,False,normal
3365,train,train,2430,False,-6.272480111924934,-2.727162428090428,15.84958045875435,6.621164892402446,258.8188405579229,60.37935625873294,0.061238124800297375,0.1096594151158211,False,False,normal
3366,train,test,2431,False,-2.2299400577935637,-1.987201937984026,20.20590014722054,3.517619402040643,258.8188405579229,60.37935625873294,0.07806966488090158,0.05825864368224154,False,False,normal
3367,train,train,2432,False,-1.1655818299995448,-4.678830992575685,24.06161969380403,3.566038386451741,258.8188405579229,60.37935625873294,0.09296703301017652,0.05906055657782818,False,False,normal
3368,train,train,2433,False,0.9321080945229006,-1.9462585462407955,12.25367703162504,1.5818830739058258,258.8188405579229,60.37935625873294,0.047344609863835256,0.026199071535762373,False,False,normal
3369,train,train,2434,False,3.4836110440326356,2.180802597660709,13.278350609392925,3.595164368274742,258.8188405579229,60.37935625873294,0.051303647681789494,0.05954293969066218,False,False,normal
3370,train,train,2435,False,5.590791005426292,-0.3354149572723775,10.6014908647707,7.430657393033559,258.8188405579229,60.37935625873294,0.04096104766529977,0.12306619105364888,False,False,normal
3371,train,train,2436,False,-9.994815770115222,4.696164908959157,29.80526865240454,3.7874789433059384,258.8188405579229,60.37935625873294,0.11515880601332888,0.06272804445075776,False,False,normal
3372,train,train,2436,False,-0.02569223478150184,-2.039391493432914,7.262897692967154,2.0818572249304146,258.8188405579229,60.37935625873294,0.028061703998483598,0.034479619425046557,False,False,normal
3373,train,test,2437,False,-6.503714445221113,2.3351031345720497,16.886059062876818,3.0515656453578517,258.8188405579229,60.37935625873294,0.06524277377364175,0.050539883735784115,False,False,normal
3374,train,test,2437,False,0.0344367700820367,-2.19596348647728,7.5611806812106135,2.63336797588508,258.8188405579229,60.37935625873294,0.029214181876834593,0.04361371400848952,False,False,normal
3375,test,train,2438,False,-0.8300485022255344,-2.954383424438341,9.209458228952222,1.6274684947410425,258.8188405579229,60.37935625873294,0.035582642318850714,0.026954055087423268,False,False,normal
3376,train,train,2439,False,2.6602625361661696,1.0933317101722444,8.942667717942701,2.3554415249093186,258.8188405579229,60.37935625873294,0.034551842125037875,0.039010709468580006,False,False,normal
3377,train,train,2440,False,4.4345126484323165,-1.112720191377311,11.736329831679754,9.194556737376777,258.8188405579229,60.37935625873294,0.045345732197781013,0.15227980732316812,False,False,normal
3378,train,train,2441,False,5.95385402070751,0.8786379193611632,16.641623820364067,5.282080030658278,258.8188405579229,60.37935625873294,0.06429834777286904,0.08748155591497064,False,False,normal
3379,train,train,2442,False,-10.578101667313625,4.416874539275182,31.37492640858131,4.6279880345632325,258.8188405579229,60.37935625873294,0.12122350266676082,0.07664851567366397,False,False,normal
3380,train,train,2442,False,-0.059260979946481634,-1.821605003923501,6.248971151872205,2.721239206135785,258.8188405579229,60.37935625873294,0.02414418957445914,0.045069033105867205,False,False,normal
3381,train,train,2443,False,-7.18308240161532,1.1436342820718626,18.312911264976204,7.649070798045726,258.8188405579229,60.37935625873294,0.0707557116997355,0.12668354338308147,False,False,normal
3382,test,train,2443,False,0.02460583464974337,-2.4405615574850517,9.519341801093715,3.6363872889449973,258.8188405579229,60.37935625873294,0.0367799414469725,0.06022567172400169,False,False,normal
3383,train,train,2444,False,-2.2964357102944617,-2.680197041815861,20.131304699836893,2.494730452126914,258.8188405579229,60.37935625873294,0.07778144997651965,0.04131760599494781,False,False,normal
3384,train,train,2445,False,1.8824616356897466,-2.326974542714778,10.820033588150352,2.325230280933725,258.8188405579229,60.37935625873294,0.04180543257525667,0.038510352296070006,False,False,normal
3385,train,train,2446,False,2.8143559834814416,0.19081400738078907,6.629476707703894,2.5641382171297553,258.8188405579229,60.37935625873294,0.025614351310024652,0.042467134067181986,False,False,normal
3386,train,train,2447,False,4.679795911303782,0.03437723077474865,19.356845477118753,17.270020131535745,258.8188405579229,60.37935625873294,0.07478916695319461,0.28602524441518706,False,False,normal
3387,train,train,2448,False,-10.406342048027446,4.185126764423408,30.00448799355599,5.973319913186677,258.8188405579229,60.37935625873294,0.1159285310485002,0.09892983766819688,False,False,normal
3388,train,train,2449,False,-3.5183672925329206,-2.393713823688162,9.6337837528764,4.33966064527148,258.8188405579229,60.37935625873294,0.03722211154377066,0.07187325129263555,False,False,normal
3389,train,train,574,False,-3.7904888796549407,0.9564083675433175,9.767500373532478,3.025257563268419,258.8188405579229,60.37935625873294,0.03773875330125567,0.05010417054307137,False,False,normal
3390,train,train,1806,False,-0.09546485373511,-1.0957427150137053,9.635064853261659,5.59761383461613,258.8188405579229,60.37935625873294,0.037227061339475245,0.09270741162972439,False,False,normal
3391,train,train,2450,False,2.7980724884990837,-1.397978145258575,7.147306416432049,2.854227468347021,258.8188405579229,60.37935625873294,0.027615093248331366,0.04727157832084705,False,False,normal
3392,train,train,2451,False,4.865449075536233,0.020058370432886816,15.617524735764627,6.6157696125991725,258.8188405579229,60.37935625873294,0.060341529627822715,0.10957005875070594,False,False,normal
3393,test,train,2452,False,-9.353428306240177,-0.2678721062057388,34.278903595629565,4.970062965965522,258.8188405579229,60.37935625873294,0.1324436177897105,0.0823139442671133,False,False,normal
3394,train,train,2453,False,-6.368352189908587,-3.0581111470011337,14.765630282331566,5.341145043401141,258.8188405579229,60.37935625873294,0.057050059611201534,0.08845978782075252,False,False,normal
3395,train,train,2454,False,-2.745841168353968,-2.218842450102244,12.773979048887584,2.7746642587604087,258.8188405579229,60.37935625873294,0.04935490407634681,0.04595385626290271,False,False,normal
3396,test,train,2455,False,-1.932559207996536,-2.1824597149377754,12.729979689091465,2.1213458048385654,258.8188405579229,60.37935625873294,0.04918490347012637,0.035133627389936695,False,False,normal
3397,train,train,2456,False,-1.6272436174793061,-1.431854922950303,11.345303706585966,2.8022350788345896,258.8188405579229,60.37935625873294,0.043834922071860995,0.046410482861504336,False,False,normal
3398,test,train,2457,False,-1.1685506723446704,-0.9663397327866765,10.742684187375598,3.723939730891512,258.8188405579229,60.37935625873294,0.0415065772036461,0.061675711064788,False,False,normal
3399,test,train,2458,False,-0.4604007848077373,-1.1092546415449838,16.252164636574356,7.528149798482587,258.8188405579229,60.37935625873294,0.0627935918480292,0.1246808555928212,False,False,normal
3400,train,train,2459,False,0.5854068969741028,-0.9267742942796375,30.188558694552725,20.99319824802719,258.8188405579229,60.37935625873294,0.116639726186381,0.34768834165884055,False,False,normal
3401,train,test,2460,False,1.8610809593377362,2.9498222921841672,24.332842116275184,24.870819024752088,258.8188405579229,60.37935625873294,0.09401495680848461,0.4119093108276541,False,False,normal
3402,train,test,2460,False,1.1054082137208172,-0.8636537066774792,5.196844318103735,1.4046832280703876,258.8188405579229,60.37935625873294,0.020079080436730016,0.023264296195062893,False,False,normal
3403,test,train,2461,False,4.53372450952531,0.21025478977285225,13.234716992392531,4.240151843045592,258.8188405579229,60.37935625873294,0.05113506019833452,0.07022519128683687,False,False,normal
3404,test,train,2462,False,4.611370447262968,-0.2017285589720074,19.341833959977304,7.914183849852779,258.8188405579229,60.37935625873294,0.07473116685896233,0.1310743330210334,False,False,normal
3405,train,test,2463,False,3.9620503343283637,2.1323215426326074,13.876191865647723,6.803841713895699,258.8188405579229,60.37935625873294,0.05361353074503968,0.11268489986445705,False,False,normal
3406,train,train,2464,False,3.924690857685388,1.9159338714681302,61.688979947547296,63.42282167399254,258.8188405579229,60.37935625873294,0.2383481040814781,1.0504057281137278,False,True,q alarm only
3407,train,train,2465,False,-7.295080868787041,0.9500549397561384,16.24529409052376,6.363267612762977,258.8188405579229,60.37935625873294,0.06276704607556617,0.10538813275013392,False,False,normal
3408,train,train,2466,False,-4.8363135144162,-2.8189417123700498,27.314767921159923,3.420824363001532,258.8188405579229,60.37935625873294,0.10553624250181647,0.05665552889207497,False,False,normal
3409,train,train,2467,False,-5.0243812292920405,-2.4155905485322284,12.848672509318911,4.563276582297118,258.8188405579229,60.37935625873294,0.0496434976743643,0.07557676770754095,False,False,normal
3410,train,train,2468,False,-1.8887814651778847,-2.3408012442391666,8.97821570611715,2.5450532851196903,258.8188405579229,60.37935625873294,0.03468918911298442,0.04215105033935481,False,False,normal
3411,train,train,2469,False,-0.05699749671568319,-0.7679300494365418,9.696815987373627,2.882079574208785,258.8188405579229,60.37935625873294,0.037465649588997015,0.04773286356116022,False,False,normal
3412,train,test,2470,False,1.7114342496879151,-0.8323303355290366,9.416073086004397,8.919059647222287,258.8188405579229,60.37935625873294,0.036380941455833114,0.14771703774056524,False,False,normal
3413,train,test,2471,False,1.2149211414706316,2.923401377631861,9.50050946818961,3.7671991628878887,258.8188405579229,60.37935625873294,0.03670717884258285,0.062392171700953195,False,False,normal
3414,test,train,2472,False,1.7221053008898664,-0.26247024756031834,9.103889832242746,3.2002918155211453,258.8188405579229,60.37935625873294,0.03517475703321267,0.05300307942680778,False,False,normal
3415,train,train,2473,False,-3.82466623138805,-2.5179167683205574,31.360212980178854,14.1058563736759,258.8188405579229,60.37935625873294,0.12116665429988482,0.2336205161451304,False,False,normal
3416,train,train,2474,False,-3.7678195980505174,-2.1080770963310687,14.372025943361766,5.933196710527694,258.8188405579229,60.37935625873294,0.05552928802393483,0.0982653191117709,False,False,normal
3417,train,train,2475,False,-4.411688220274839,-2.6211867513824108,23.1766697739152,13.199474840143452,258.8188405579229,60.37935625873294,0.08954784637762231,0.21860906869530183,False,False,normal
3418,test,train,2476,False,-3.829960772894558,-2.376786472705112,18.708027477934646,6.252454944580014,258.8188405579229,60.37935625873294,0.07228232472414559,0.10355285865896746,False,False,normal
3419,train,train,2477,False,-3.6265303919832435,-2.5374094009164256,23.38289702336197,10.754875780860127,258.8188405579229,60.37935625873294,0.09034464791263504,0.17812173642219978,False,False,normal
3420,train,test,2478,False,-3.7517641436684213,-2.247821656743184,13.28434581473082,8.570502135662382,258.8188405579229,60.37935625873294,0.05132681139477488,0.14194424496572522,False,False,normal
3421,train,train,2479,False,-4.40520677384706,-2.3750595208309666,26.355429127550675,21.93428908450168,258.8188405579229,60.37935625873294,0.10182963910485646,0.36327464291786354,False,False,normal
3422,train,train,2480,False,-3.5983341008105407,-2.4368373213951497,19.18609218692378,8.4023093240595,258.8188405579229,60.37935625873294,0.07412942638010925,0.1391586436936256,False,False,normal
3423,test,train,2481,False,-3.669368974127131,-2.4326033556826583,22.601136317183038,9.674416034791774,258.8188405579229,60.37935625873294,0.08732415410123502,0.16022721397253253,False,False,normal
3424,test,train,2482,False,-3.6977874037384253,-2.5437740374667324,32.84724040609431,14.394357547777151,258.8188405579229,60.37935625873294,0.12691209162086944,0.23839865874183164,False,False,normal
3425,train,test,2483,False,-3.881109907425005,-1.6101612120225175,27.709669138597622,7.278582469293942,258.8188405579229,60.37935625873294,0.10706202484666598,0.12054753346664254,False,False,normal
3426,train,test,2484,False,-3.5218187064507434,-2.5040089004448975,22.511308417877675,4.921686480602177,258.8188405579229,60.37935625873294,0.08697708547550545,0.08151273523871548,False,False,normal
3427,train,train,2485,False,-3.9657638374227977,-2.8025691456075053,19.68540073843596,3.8545211144185085,258.8188405579229,60.37935625873294,0.07605860800551119,0.06383839367053556,False,False,normal
3428,train,test,2486,False,-3.931554099049105,-2.6543173619332974,26.999066853146147,8.046193572776616,258.8188405579229,60.37935625873294,0.10431646627790157,0.13326067171530764,False,False,normal
3429,train,test,2487,False,-3.612341315446012,-2.2871895973447347,25.944137031993655,4.681611735167025,258.8188405579229,60.37935625873294,0.1002405272199936,0.07753662882899488,False,False,normal
3430,train,train,2488,False,-4.008046031373662,-2.4307970869267543,18.36104115339921,3.539136855824751,258.8188405579229,60.37935625873294,0.0709416714556762,0.0586150147189234,False,False,normal
3431,test,train,2489,False,-4.706215543637431,-1.43645296892485,27.838015559469365,8.782774601902238,258.8188405579229,60.37935625873294,0.10755791772909708,0.1454598913619909,False,False,normal
3432,train,train,2490,False,-4.01394763546055,-0.868091422277721,19.410411512799996,4.710660056397397,258.8188405579229,60.37935625873294,0.07499613038586347,0.07801772573082166,False,False,normal
3433,test,train,2491,False,-3.4642999832206365,-2.451306254641844,19.05263265582255,3.568431257945378,258.8188405579229,60.37935625873294,0.07361377794117205,0.0591001872006421,False,False,normal
3434,train,train,2492,False,-2.752780058146122,-2.411542009172909,15.870148189716106,3.608615635604881,258.8188405579229,60.37935625873294,0.06131759247319715,0.05976571893449014,False,False,normal
3435,test,train,2493,False,-2.5448009848079227,-1.9560741004476372,12.916081101797259,2.4140609429926996,258.8188405579229,60.37935625873294,0.04990394468175,0.03998156145700117,False,False,normal
3436,train,train,2494,False,-1.4259722054384478,-1.8135934002510374,15.276103791049646,2.5103340841042785,258.8188405579229,60.37935625873294,0.059022379352753875,0.04157603259874434,False,False,normal
3437,train,train,2495,False,-0.6995888598242826,-3.5668130866725964,16.77757514032647,2.8219462851643353,258.8188405579229,60.37935625873294,0.06482362375227355,0.04673693891455135,False,False,normal
3438,test,train,2496,False,-1.0414478574910926,-1.2176493841743832,12.647563843563638,3.2899642643527756,258.8188405579229,60.37935625873294,0.048866472843707646,0.05448823021985984,False,False,normal
3439,train,train,2497,False,-1.2636929289844612,1.6998552728914176,18.62926465056548,4.5153252076307595,258.8188405579229,60.37935625873294,0.07197800828721473,0.07478259934210027,False,False,normal
3440,train,train,2498,False,-0.684597799359257,-0.7637074869901337,9.500525785276162,4.924176740416579,258.8188405579229,60.37935625873294,0.03670724188701391,0.08155397880222304,False,False,normal
3441,test,train,2499,False,-0.19517918038789342,-1.3094147976754575,11.512999495974238,2.609128203536301,258.8188405579229,60.37935625873294,0.044482849359637956,0.04321225606241754,False,False,normal
3442,train,test,2500,False,-0.29433674509396573,-1.235617872897022,15.033785341946654,3.2118035154427735,258.8188405579229,60.37935625873294,0.058086132020138376,0.053193735648319966,False,False,normal
3443,train,train,2501,False,0.3637722213865112,-1.1777318489622455,14.972572222015197,2.183790401810545,258.8188405579229,60.37935625873294,0.057849622499426885,0.03616783180749287,False,False,normal
3444,train,train,2502,False,0.444938703759663,-0.922979878039116,11.98915515325493,3.013877966518732,258.8188405579229,60.37935625873294,0.04632257500037673,0.0499157022079516,False,False,normal
3445,train,train,2503,False,0.5409577064539984,-1.0361773693726601,12.114979158586104,1.607740172189905,258.8188405579229,60.37935625873294,0.046808722009844594,0.026627315556339178,False,False,normal
3446,train,train,2504,False,1.494037873285005,-1.091980594832946,13.186214811458845,1.730139299435662,258.8188405579229,60.37935625873294,0.05094766201345303,0.028654484026325207,False,False,normal
3447,train,train,2505,False,1.6729096786068702,-0.8068610434547728,12.133015524155923,2.281564721789276,258.8188405579229,60.37935625873294,0.04687840923018349,0.037787165401573536,False,False,normal
3448,train,train,2506,False,1.9103083540478731,-0.7407930321702342,10.463030266082594,1.6167465008842046,258.8188405579229,60.37935625873294,0.04042607656972715,0.02677647793984831,False,False,normal
3449,train,train,2507,False,1.9685126547440426,-0.748053161104049,10.342907544544996,2.123397478509173,258.8188405579229,60.37935625873294,0.03996195764670495,0.035167607110783934,False,False,normal
3450,train,train,2508,False,1.3419542805504001,3.2120565527192637,17.643261047187494,4.746055305763323,258.8188405579229,60.37935625873294,0.06816837989519926,0.07860394015176138,False,False,normal
3451,train,train,2508,False,1.249464120781769,-2.151889715730959,12.962517356278328,5.900049065833017,258.8188405579229,60.37935625873294,0.05008336073346003,0.09771632941150588,False,False,normal
3452,train,train,2509,False,-0.8876603980296922,5.070785652460343,55.466768030795585,9.01664322659754,258.8188405579229,60.37935625873294,0.21430730433390643,0.1493332122979271,False,False,normal
3453,train,train,2509,False,0.7387236801330127,-2.421755705604599,12.895445504082566,7.624338678159102,258.8188405579229,60.37935625873294,0.049824214791645366,0.12627393120072158,False,False,normal
3454,test,train,2510,False,0.5002851172771634,3.5102464694836377,19.037567201085814,8.74771382000057,258.8188405579229,60.37935625873294,0.07355556944790989,0.14487921637513895,False,False,normal
3455,test,train,2510,False,0.6314127373603244,-1.8311236597709715,9.774361835381233,7.609878294348194,258.8188405579229,60.37935625873294,0.037765263975030286,0.1260344390181792,False,False,normal
3456,train,train,2511,False,2.1555393019635933,-1.472839592894516,15.149901051865138,6.994253887807356,258.8188405579229,60.37935625873294,0.05853476902688865,0.11583849714853071,False,False,normal
3457,train,test,2512,False,2.9494083003212683,-1.6720943057028548,16.169889063191825,3.5682912105123505,258.8188405579229,60.37935625873294,0.062475703191990195,0.05909786774177892,False,False,normal
3458,train,train,2513,False,3.0511362295467133,-0.37512548705312593,12.302811016016168,4.379395751506595,258.8188405579229,60.37935625873294,0.04753444915175267,0.07253134221471902,False,False,normal
3459,test,train,2514,False,1.8884544293787697,3.2432228157948106,23.985790451726466,8.160514372273116,258.8188405579229,60.37935625873294,0.09267405108539042,0.13515404730889002,False,False,normal
3460,test,train,2514,False,0.6121816900017945,-0.5472767828387434,10.705029307929934,10.753135791204254,258.8188405579229,60.37935625873294,0.04136108980649799,0.17809291879704298,False,False,normal
3461,train,train,2514,False,0.8029267553058234,-1.267139217267089,9.222845538946267,7.779057660536293,258.8188405579229,60.37935625873294,0.03563436695359981,0.12883637955996213,False,False,normal
3462,train,train,2515,False,3.208133278267725,-3.5428479873870793,30.386591582543296,26.952742314338533,258.8188405579229,60.37935625873294,0.1174048671149304,0.44639002441236253,False,False,normal
3463,train,train,2516,False,2.8879920429864487,-0.09884840236021894,15.370757060878054,3.785417359200447,258.8188405579229,60.37935625873294,0.05938809179325615,0.0626939005937637,False,False,normal
3464,train,test,2517,False,4.232628903244598,-0.3074941681820252,23.18156082553218,4.9902847219282,258.8188405579229,60.37935625873294,0.08956674396485527,0.0826488560186733,False,False,normal
3465,train,train,2518,False,4.291932867701622,-0.08842661951248171,14.248137353922614,5.037890236317221,258.8188405579229,60.37935625873294,0.05505061889315559,0.08343729626280287,False,False,normal
3466,train,train,2519,False,4.454855786356392,0.03560277528622181,18.575544289579934,4.900857353282069,258.8188405579229,60.37935625873294,0.07177044858688632,0.08116776423188903,False,False,normal
3467,train,train,2520,False,3.6249156527195554,-0.4444646574706682,29.83226537061953,9.407820521085581,258.8188405579229,60.37935625873294,0.1152631134051586,0.15581187187176884,False,False,normal
3468,train,train,2521,False,4.317548186411876,0.5881942152064843,19.44263306452407,4.759071150738011,258.8188405579229,60.37935625873294,0.0751206250001451,0.07881950795143969,False,False,normal
3469,train,train,2522,False,4.70580656816376,-0.07702250593101607,22.53549025816175,7.8803342743970095,258.8188405579229,60.37935625873294,0.0870705170055747,0.13051371797719757,False,False,normal
3470,train,train,2523,False,4.186152169504568,4.449482010083626,27.040290554549877,6.319742720565204,258.8188405579229,60.37935625873294,0.10447574255514191,0.10466727557485594,False,False,normal
3471,train,train,2523,False,0.20306794308721382,-0.25629545749213906,45.35323028362323,15.510601310101778,258.8188405579229,60.37935625873294,0.1752315642317906,0.2568858343510148,False,False,normal
3472,train,train,2523,False,0.18100026516932002,-0.2249349757729292,45.83295852606112,15.382968531111317,258.8188405579229,60.37935625873294,0.177085093292518,0.25477198639206106,False,False,normal
3473,test,train,2523,False,0.4186076031901826,-1.245779558163774,41.81454076649947,16.634691940730306,258.8188405579229,60.37935625873294,0.16155910704321966,0.2755029694163782,False,False,normal
3474,train,train,2524,False,5.014621743808741,-0.6065459288159895,26.17239571763616,22.18124100408404,258.8188405579229,60.37935625873294,0.10112245175512583,0.367364648755689,False,False,normal
3475,train,test,2525,False,-8.884263439781828,4.285214440813702,56.461711750542385,15.654333367252868,258.8188405579229,60.37935625873294,0.21815147471038307,0.25926631778206,False,False,normal
3476,train,test,2525,False,-0.7438904231532528,-3.5268410922345237,32.13636055894714,28.130343726249173,258.8188405579229,60.37935625873294,0.12416546063521645,0.4658934024686716,False,False,normal
3477,test,train,2526,False,-5.80018520083482,-0.06694146374674649,17.833299588575503,7.3829955511085945,258.8188405579229,60.37935625873294,0.06890263301594717,0.12227681791557289,False,False,normal
3478,train,train,2527,False,-3.7771492394193564,-2.6598280670248053,15.529555656432251,4.183637331760909,258.8188405579229,60.37935625873294,0.06000164293664233,0.06928920066377504,False,False,normal
3479,train,test,2528,False,-3.7581575817939,-2.751377283696712,17.753060652657616,2.700512085745651,258.8188405579229,60.37935625873294,0.06859261332903055,0.0447257515329184,False,False,normal
3480,test,train,2529,False,-4.172262831625074,2.257416663968849,22.789229631939257,2.6781209359735456,258.8188405579229,60.37935625873294,0.08805089143747669,0.04435491038522288,False,False,normal
3481,train,train,2529,False,-1.2649380012708888,-1.853837763254166,32.35949852241868,24.432455136262355,258.8188405579229,60.37935625873294,0.1250276002035359,0.40464914914902855,False,False,normal
3482,train,train,2530,False,-2.697278272386132,-2.0242105665593195,16.121681884316796,2.3158811221272892,258.8188405579229,60.37935625873294,0.06228944480843855,0.03835551197670036,False,False,normal
3483,train,train,2531,False,-3.3315443270295835,2.6124161752889807,20.09266970037441,2.0183803133051357,258.8188405579229,60.37935625873294,0.07763217568343032,0.033428317861756075,False,False,normal
3484,train,train,2531,False,-0.6339432492495193,-2.9001142525928127,29.698582698259344,21.56692726706206,258.8188405579229,60.37935625873294,0.1147466028139203,0.3571904141316965,False,False,normal
3485,train,train,2532,False,-2.02587129800742,-1.9679510057686311,15.476646704110195,2.4283929350822473,258.8188405579229,60.37935625873294,0.05979721828112651,0.0402189272220175,False,False,normal
3486,train,train,2533,False,-3.1157351566899165,2.126304953700033,26.89174757105091,10.294842947035157,258.8188405579229,60.37935625873294,0.1039018160852653,0.17050269471109453,False,False,normal
3487,test,train,2533,False,-1.0615981860787909,-0.7154292412889639,35.43377091272099,16.6235062681056,258.8188405579229,60.37935625873294,0.13690568598614447,0.2753177128433076,False,False,normal
3488,train,train,2533,False,-0.5880933153901605,-3.0055343863101562,30.31057709972984,22.104241249784803,258.8188405579229,60.37935625873294,0.11711116947433517,0.366089382521162,False,False,normal
3489,train,train,2534,False,-3.0234118369913925,2.554164375401922,19.398776552242513,2.2507315612547525,258.8188405579229,60.37935625873294,0.07495117631477498,0.03727650807686806,False,False,normal
3490,train,train,2534,False,-0.6411834982804192,-2.47108179959995,28.735341790868627,21.291351933535875,258.8188405579229,60.37935625873294,0.11102492279513068,0.35262634868612747,False,False,normal
3491,train,train,2535,False,-1.3904270467237272,-1.229275886975505,15.735561321339965,2.078793143466678,258.8188405579229,60.37935625873294,0.060797588334062534,0.03442887225492758,False,False,normal
3492,train,test,2536,False,-1.817668945819718,-2.0103360461403272,12.616352892483842,1.9882180699286562,258.8188405579229,60.37935625873294,0.048745882893561375,0.03292877223481645,False,False,normal
3493,test,train,2537,False,-1.0361317872590643,-1.3988479902087914,16.233065908774936,2.136373686497436,258.8188405579229,60.37935625873294,0.06271979997198861,0.03538251844459575,False,False,normal
3494,test,test,2538,False,-0.5725118332248976,-1.373077316893524,12.53869894730205,1.8910244197441644,258.8188405579229,60.37935625873294,0.048445850851788846,0.0313190556659944,False,False,normal
3495,train,train,2539,False,0.6736765374053397,-0.5626390939814983,14.909869198976931,1.7653742096100689,258.8188405579229,60.37935625873294,0.05760735643060787,0.02923804291727166,False,False,normal
3496,train,train,2540,False,-0.1925168089299708,3.5743599790073572,23.15872070133398,2.4455026165498284,258.8188405579229,60.37935625873294,0.08947849643175851,0.04050229694517692,False,False,normal
3497,test,train,2540,False,-0.6438196947604735,-0.6467704424177736,36.970715509842165,16.949043461265173,258.8188405579229,60.37935625873294,0.14284398859892206,0.280709244209833,False,False,normal
3498,train,train,2540,False,-0.6711139754393147,-0.5173059615478968,38.1569051907279,15.311160365500902,258.8188405579229,60.37935625873294,0.1474270772115158,0.25358270300018937,False,False,normal
3499,test,train,2540,False,-0.005783591899184102,-2.9682331590863065,32.278157130740304,20.741047536518547,258.8188405579229,60.37935625873294,0.12471332095128734,0.3435122336786867,False,False,normal
3500,test,test,2541,False,0.829879105390118,-0.7207640226362004,19.172851543007148,3.019203008193561,258.8188405579229,60.37935625873294,0.07407826842001605,0.05000389529255506,False,False,normal
3501,train,test,2542,False,1.859897948102824,-0.6851104978171355,14.944862293472767,2.221383255927571,258.8188405579229,60.37935625873294,0.05774255947231999,0.03679044285282989,False,False,normal
3502,train,train,2543,False,2.581227259515119,-1.1756522189405723,15.249649729668825,1.8443521511005472,258.8188405579229,60.37935625873294,0.05892016862758489,0.030546071793102137,False,False,normal
3503,test,train,2544,False,3.2213193984260244,-1.5144242151719376,17.337900384425375,3.0907671459333166,258.8188405579229,60.37935625873294,0.06698855596080612,0.05118913710654682,False,False,normal
3504,train,train,2545,False,4.474860794233055,-1.581463974259835,16.891311819400038,1.9937720292128545,258.8188405579229,60.37935625873294,0.06526306888242091,0.03302075664187768,False,False,normal
3505,train,train,2546,False,3.0941009624400033,3.838519572050312,21.06566061893878,5.558674858815383,258.8188405579229,60.37935625873294,0.0813915268823884,0.09206250618167872,False,False,normal
3506,train,train,2547,False,5.268218274644487,3.932216833483631,1207.2257220551537,10.516470857452596,258.8188405579229,60.37935625873294,4.664365698620693,0.17417328552474506,True,False,t2 alarm only
3507,train,train,2548,False,6.202931598195162,-1.1698261899211608,12.139515338301095,10.855669131288208,258.8188405579229,60.37935625873294,0.04690352260342619,0.1797910710536617,False,False,normal
3508,test,train,2549,False,-7.941859003084952,2.7452464587522476,21.71862476503714,17.59714417260731,258.8188405579229,60.37935625873294,0.0839143886056339,0.2914430570806584,False,False,normal
3509,train,train,2550,False,-5.160114029821124,-0.9084753764174435,15.941344342701667,9.088000977701588,258.8188405579229,60.37935625873294,0.06159267350219831,0.15051503594636534,False,False,normal
3510,train,train,2551,False,-3.7873031571845233,-2.7394279161332475,9.943925374936674,1.6135322433500414,258.8188405579229,60.37935625873294,0.03842040770100449,0.02672324356085974,False,False,normal
3511,train,train,2552,False,-2.7404140293998753,-0.277380767451786,11.358844289173474,2.669393254463655,258.8188405579229,60.37935625873294,0.04388723890690407,0.044210362943006176,False,False,normal
3512,train,train,2553,False,-2.081624945357966,-1.5033706464262817,8.410454269383221,2.0629766767283417,258.8188405579229,60.37935625873294,0.03249552563968382,0.03416692069203643,False,False,normal
3513,train,test,2554,False,-3.2580118952464874,3.0936035239519946,14.42792849725278,1.9756415589261385,258.8188405579229,60.37935625873294,0.05574527907686787,0.032720480663296116,False,False,normal
3514,train,test,2554,False,-0.11103873923665525,-0.36384491701651206,5.366831826122817,0.9631715704456514,258.8188405579229,60.37935625873294,0.020735862252353052,0.01595200131512405,False,False,normal
3515,test,train,2555,False,-1.6299218691638133,-2.165632832248838,12.401725860899399,3.5083151001367314,258.8188405579229,60.37935625873294,0.0479166270668921,0.05810454628073826,False,False,normal
3516,test,train,2556,False,-1.8032109793681383,-1.0169658687269485,6.432552121513206,2.5157541953279967,258.8188405579229,60.37935625873294,0.024853492534186745,0.04166580022065293,False,False,normal
3517,train,train,2557,False,-0.9002294298296981,-1.0007082624236825,8.00550721240499,1.8057142511677695,258.8188405579229,60.37935625873294,0.030930929120723653,0.0299061527491294,False,False,normal
3518,train,train,2558,False,-0.4014116337479101,-1.8495174758722845,11.435691161547027,2.255722854006538,258.8188405579229,60.37935625873294,0.04418415265633551,0.03735917362782884,False,False,normal
3519,train,train,2559,False,0.956106166645743,-1.9674206980477367,8.63872059989853,3.2627714997860804,258.8188405579229,60.37935625873294,0.033377479712359694,0.0540378649584256,False,False,normal
3520,train,train,2560,False,1.2374731633532843,3.79785731178226,10.951733123599208,2.49149955279963,258.8188405579229,60.37935625873294,0.042314280907800615,0.04126409599538043,False,False,normal
3521,train,train,2561,False,2.534127260977909,-0.3903776816426496,7.3404610444657,3.535400176418839,258.8188405579229,60.37935625873294,0.028361386012866117,0.05855312801397246,False,False,normal
3522,train,train,2562,False,2.0565005258676448,1.7705386569004573,14.494352853099622,17.95374559362305,258.8188405579229,60.37935625873294,0.056001923282922014,0.29734907269777855,False,False,normal
3523,test,train,2563,False,2.178473397371879,1.3782597616020362,4.688123170920406,2.8826780415971345,258.8188405579229,60.37935625873294,0.018113531305582128,0.047742775349318166,False,False,normal
3524,train,train,2564,False,3.3865980819459294,3.031727303162741,8.253605074898148,2.418364261938111,258.8188405579229,60.37935625873294,0.03188950640960396,0.04005283281880522,False,False,normal
3525,test,train,2565,False,3.3890011745488513,4.382344017896966,11.612495097409834,3.10778045211066,258.8188405579229,60.37935625873294,0.044867271147561574,0.051470910666775574,False,False,normal
3526,test,train,2565,False,1.7952959325144033,-1.3821885557346703,9.96838676478089,3.6596904459797783,258.8188405579229,60.37935625873294,0.03851491932848681,0.06061161749220307,False,False,normal
3527,train,test,2566,False,4.329768660248373,0.7485372994519585,5.9998776766551485,3.6318246997322094,258.8188405579229,60.37935625873294,0.023181765530366764,0.06015010634047497,False,False,normal
3528,train,train,2567,False,3.971104595938293,0.7228533565386696,12.722319361179512,3.9480340068513695,258.8188405579229,60.37935625873294,0.049155306212463674,0.0653871497061605,False,False,normal
3529,train,train,2568,False,4.3460498698680965,0.8808246185839614,7.993885549198787,2.162705079371764,258.8188405579229,60.37935625873294,0.030886026426695853,0.03581861770940895,False,False,normal
3530,train,train,2569,False,4.486971435683811,0.6588973716561162,11.113306130609887,7.766856995333239,258.8188405579229,60.37935625873294,0.04293855156237268,0.12863431272853101,False,False,normal
3531,train,test,2570,False,4.750487330160139,1.3688187893065764,7.905982376397444,3.1105672194503935,258.8188405579229,60.37935625873294,0.030546394378998497,0.05151706497368458,False,False,normal
3532,test,train,2571,False,5.676748228284672,2.8748975275441353,9.271780000346613,2.753642506206255,258.8188405579229,60.37935625873294,0.03582343534326905,0.045605695006196476,False,False,normal
3533,train,train,2572,False,5.908903909264721,2.4046942209335165,10.435368288756047,5.2631880502652955,258.8188405579229,60.37935625873294,0.04031919881203796,0.08716866784256344,False,False,normal
3534,train,test,2573,False,-8.877576882793035,4.157332410896244,16.43117566510369,18.744829082003008,258.8188405579229,60.37935625873294,0.06348523789722503,0.3104509594583804,False,False,normal
3535,train,test,2573,False,0.05024500984228131,-2.3403760673259626,9.045842316754987,3.757176957611543,258.8188405579229,60.37935625873294,0.03495047847851924,0.06222618441825678,False,False,normal
3536,train,train,2574,False,-5.883786307472654,-2.6096913053908803,9.30754509671411,5.784052143118173,258.8188405579229,60.37935625873294,0.03596162117352159,0.09579519394563932,False,False,normal
3537,train,train,2575,False,-4.081723231323079,-2.0679495358915845,11.828213287156673,9.538493871477591,258.8188405579229,60.37935625873294,0.045700742888961185,0.1579760776283201,False,False,normal
3538,train,train,2576,False,-3.176231143262013,-2.7527485600093544,6.7090767954406205,2.6564311192126886,258.8188405579229,60.37935625873294,0.025921902675161503,0.04399568468119395,False,False,normal
3539,train,train,2577,False,-2.543063339154593,-2.284088238250294,9.980316330332297,2.5121211975908184,258.8188405579229,60.37935625873294,0.038561011666763616,0.04160563068652258,False,False,normal
3540,train,train,2578,False,-2.0965038236036246,-1.4408862488643661,9.9002367818881,1.8697852614218924,258.8188405579229,60.37935625873294,0.038251607806242593,0.030967293745392605,False,False,normal
3541,train,train,2579,False,-1.7735777748671375,-1.8109932489376452,10.057658808883668,3.2271733467555457,258.8188405579229,60.37935625873294,0.03885984029293568,0.05344829005673251,False,False,normal
3542,train,test,2580,False,-1.7996997584698755,-0.8565951588119852,7.068039331907316,1.557779056386006,258.8188405579229,60.37935625873294,0.02730882850982214,0.025799861954651053,False,False,normal
3543,train,train,2581,False,-1.736762907654489,0.59070996859396,7.365725703731615,1.1842645302938388,258.8188405579229,60.37935625873294,0.028459001237520754,0.019613732303125596,False,False,normal
3544,train,test,2582,False,-0.5718667596753896,-0.9270014368745126,10.087501934480251,2.60210199386997,258.8188405579229,60.37935625873294,0.03897514536706495,0.04309588831519906,False,False,normal
3545,train,test,2583,False,-0.3112885241994519,-2.2615254611889766,8.431097903676052,1.454713574338788,258.8188405579229,60.37935625873294,0.032575286580766506,0.024092896388380858,False,False,normal
3546,train,train,2584,False,-0.028720008906079633,-0.2085894557405801,5.109004989341501,1.7950315664763672,258.8188405579229,60.37935625873294,0.019739695063652526,0.02972922663806545,False,False,normal
3547,train,train,2585,False,0.12883306271990808,-0.8821408251963874,11.120161310851993,2.5213155224903363,258.8188405579229,60.37935625873294,0.04296503796586375,0.04175790665415826,False,False,normal
3548,train,train,2586,False,-1.0943909232530378,3.606402674992265,15.730002523949342,3.9793313670883834,258.8188405579229,60.37935625873294,0.06077611077323798,0.0659054950840559,False,False,normal
3549,train,train,2586,False,0.6892073230694054,-1.9495635184752989,6.302701379320026,2.4660459818317473,258.8188405579229,60.37935625873294,0.02435178739590057,0.040842535174844166,False,False,normal
3550,train,train,2587,False,0.17962033944287992,3.9466669253961584,16.798129126210018,2.8373540159539483,258.8188405579229,60.37935625873294,0.06490303831822725,0.04699212101228007,False,False,normal
3551,train,train,2587,False,0.35724130985724545,0.17906043391310106,7.079923124053018,2.1000399654950663,258.8188405579229,60.37935625873294,0.02735474399310027,0.03478076110146219,False,False,normal
3552,test,train,2587,False,0.8214569429926206,-1.6322560576849359,4.999131765154767,1.7400868921154207,258.8188405579229,60.37935625873294,0.019315177188717746,0.028819235578778534,False,False,normal
3553,train,train,2588,False,2.7221940321706497,-1.2581695464924456,15.579414472354943,2.845234640799062,258.8188405579229,60.37935625873294,0.060194282760757195,0.04712263954267552,False,False,normal
3554,train,train,2589,False,2.750816261597186,0.6543106256470799,14.337495637669148,5.9545869187145595,258.8188405579229,60.37935625873294,0.05539587306226441,0.09861958271297933,False,False,normal
3555,train,train,2590,False,3.1380105331285995,-0.14382900545273955,15.368477814470577,3.849651036051616,258.8188405579229,60.37935625873294,0.05937928545441867,0.0637577356663988,False,False,normal
3556,train,train,2591,False,3.6010676971416746,-1.5215283635687615,13.334627783040183,5.3951949062204205,258.8188405579229,60.37935625873294,0.0515210861554568,0.08935495905423949,False,False,normal
3557,test,train,2592,False,4.383892849687855,-0.694545441719657,13.48079342626397,3.261152502503863,258.8188405579229,60.37935625873294,0.05208582728059555,0.05401105120315336,False,False,normal
3558,train,train,2593,False,4.118489667831733,2.836271863850515,14.812810903905518,4.360529645541748,258.8188405579229,60.37935625873294,0.0572323516787815,0.07221888267334856,False,False,normal
3559,train,train,2594,False,5.885191223483093,1.7677782031350362,13.004722015995624,5.331069842123083,258.8188405579229,60.37935625873294,0.05024642714557407,0.08829292282081967,False,False,normal
3560,train,train,2595,False,-6.615467059913181,1.0374438450671675,11.49321997130573,4.217351766563945,258.8188405579229,60.37935625873294,0.04440642708440533,0.0698475775146074,False,False,normal
3561,train,train,2596,False,-4.596544044059765,1.4892430645851327,8.392285148062662,1.8723501496241595,258.8188405579229,60.37935625873294,0.032425325490106634,0.03100977330067763,False,False,normal
3562,train,test,2597,False,-2.9116579504415663,-2.175348984509178,8.252881555943155,2.853560421368558,258.8188405579229,60.37935625873294,0.03188671094481696,0.04726053072080964,False,False,normal
3563,test,train,2598,False,-2.4370153446352925,3.05355871918876,13.386045613201077,1.7318742746319105,258.8188405579229,60.37935625873294,0.051719749552797026,0.028683218602242412,False,False,normal
3564,test,train,2598,False,0.3158986025889414,-1.7982063687684076,5.958757185564738,2.0651261475216756,258.8188405579229,60.37935625873294,0.023022888027470264,0.03420252012413576,False,False,normal
3565,test,train,2599,False,-0.8680068653754707,-1.474872650980681,991.7433499026189,4.050476178850566,258.8188405579229,60.37935625873294,3.831805087159679,0.06708379204133577,True,False,t2 alarm only
3566,train,train,2600,False,2.5311516564580434,-0.5707673926846097,7.920034093703417,2.7565313918821306,258.8188405579229,60.37935625873294,0.030600686088503422,0.04565354059208673,False,False,normal
3567,train,train,2601,False,2.3533612910924817,1.5086436195893855,5.8533230040805595,1.7118694947176256,258.8188405579229,60.37935625873294,0.022615521310051626,0.02835190039758051,False,False,normal
3568,train,train,2602,False,3.2322163659581586,-0.7522571420637199,6.503668697737357,1.4424387567877257,258.8188405579229,60.37935625873294,0.025128266101948845,0.0238896014493215,False,False,normal
3569,train,train,2603,False,3.1035787310392218,2.5746589213864945,5.3672994617807195,2.329243524619207,258.8188405579229,60.37935625873294,0.02073766905921802,0.03857681944534343,False,False,normal
3570,train,train,2604,False,2.106150682544633,3.0598944964142794,13.934648265503744,3.6598617065230434,258.8188405579229,60.37935625873294,0.053839389108866716,0.0606144539010997,False,False,normal
3571,train,train,2605,False,3.3004673188697535,1.2415020320024879,8.321104284141,3.0806019225485604,258.8188405579229,60.37935625873294,0.032150303533558876,0.05102078116480414,False,False,normal
3572,train,test,2606,False,3.2489782777443947,1.2460600291366126,5.804119765341793,3.0935411753233617,258.8188405579229,60.37935625873294,0.022425414443670872,0.05123508044814454,False,False,normal
3573,test,train,2607,False,3.9742719345851274,-0.05261049472946434,19.10634696844755,3.86176285769019,258.8188405579229,60.37935625873294,0.07382131427241134,0.06395833107497972,False,False,normal
3574,test,train,2608,False,4.186926259707702,0.6141703227347756,6.2237064293918865,3.8549646942918785,258.8188405579229,60.37935625873294,0.02404657410556261,0.06384574021910538,False,False,normal
3575,train,test,2609,False,3.7946966024589304,4.95008014787128,14.859007011694867,1.7889797770109386,258.8188405579229,60.37935625873294,0.05741083987419171,0.029628997191439754,False,False,normal
3576,train,test,2609,False,1.6319378526244204,0.6208697292102446,14.802838653520768,4.948154567065475,258.8188405579229,60.37935625873294,0.057193821831559966,0.08195109841618758,False,False,normal
3577,train,train,2610,False,5.829545175670285,-0.13025564885987542,13.036982812268453,2.443576838618459,258.8188405579229,60.37935625873294,0.05037107338926825,0.04047040230351964,False,False,normal
3578,train,train,2611,False,-9.099426553398194,-0.1108199896525328,46.45835297814562,7.982174976591539,258.8188405579229,60.37935625873294,0.17950143381369632,0.13220039879833997,False,False,normal
3579,train,train,2612,False,-6.5274784002405015,-2.100031532423322,15.892124315001736,6.9346039960475645,258.8188405579229,60.37935625873294,0.06140250176820155,0.1148505785045461,False,False,normal
3580,test,train,2613,False,-3.786044893179649,-1.9917060864869676,7.117569496357045,2.2118618137563337,258.8188405579229,60.37935625873294,0.027500198521151143,0.036632749184642426,False,False,normal
3581,train,train,2614,False,-2.6610930301167706,-2.9608375934727063,6.993015127254023,2.2273785170321614,258.8188405579229,60.37935625873294,0.027018957013251153,0.036889736079456885,False,False,normal
3582,train,test,2615,False,-1.1068061508403593,-0.8364122750927053,9.360490406373092,2.0135200004388087,258.8188405579229,60.37935625873294,0.036166186303111275,0.0333478215933709,False,False,normal
3583,train,train,2616,False,0.4396489949450697,-2.3964945897571437,10.053966308460161,2.4941026292076844,258.8188405579229,60.37935625873294,0.03884557355557009,0.04130720802189657,False,False,normal
3584,train,train,2617,False,-0.07390984416592021,3.843727189845857,13.08926096936337,1.8942641928637192,258.8188405579229,60.37935625873294,0.05057306083725397,0.031372712632883416,False,False,normal
3585,train,train,2617,False,0.5748453856369115,-0.6621960114579147,3.9976411869425608,0.7904915709789552,258.8188405579229,60.37935625873294,0.015445711673559176,0.013092083453019968,False,False,normal
3586,train,train,2618,False,1.8517533805616875,-0.08188072565679488,9.11846242447516,3.0195791472919744,258.8188405579229,60.37935625873294,0.03523106125048294,0.050010124890247386,False,False,normal
3587,test,train,2619,False,1.1808753148614444,3.2460684560248394,9.16243175367497,2.6329994643264527,258.8188405579229,60.37935625873294,0.03540094582729747,0.04360761073774499,False,False,normal
3588,test,train,2620,False,3.4573668848860017,-0.576137084224031,8.504376244785666,3.243815716998976,258.8188405579229,60.37935625873294,0.03285841257326246,0.05372392019382963,False,False,normal
3589,train,test,2621,False,3.1769286055945765,-0.16215081905990267,8.715496757012637,1.558580080100109,258.8188405579229,60.37935625873294,0.03367412023879357,0.025813128470952927,False,False,normal
3590,test,train,2622,False,3.357218593958801,0.26513663827876294,12.643489654827427,3.7288389276461538,258.8188405579229,60.37935625873294,0.048850731374781235,0.061756851326264926,False,False,normal
3591,train,train,2623,False,4.2165146332159456,-0.8310378160259855,13.721079972394708,2.438555278555212,258.8188405579229,60.37935625873294,0.05301422393677701,0.04038723546679934,False,False,normal
3592,test,test,2624,False,-8.545816912420715,-0.07923494818266959,31.25745679733141,8.355646308576713,258.8188405579229,60.37935625873294,0.12076963458282738,0.1383858130711388,False,False,normal
3593,train,train,2625,False,-6.300145979747603,-1.6164632922460522,9.624183836581475,6.571425553706667,258.8188405579229,60.37935625873294,0.03718502028613953,0.1088356345759518,False,False,normal
3594,train,train,2626,False,-0.9955906380022719,-1.3303977629770274,16.23372391369243,2.789123299264187,258.8188405579229,60.37935625873294,0.06272234230977235,0.04619332619765689,False,False,normal
3595,test,train,2627,False,-2.4109239475088486,3.4166019514988246,13.010991209150623,2.1110902900837036,258.8188405579229,60.37935625873294,0.050270649467030595,0.03496377604685653,False,False,normal
3596,train,train,2627,False,0.2812482634746268,-0.7405982052832822,3.96777708267847,0.6787130930205842,258.8188405579229,60.37935625873294,0.015330325544018862,0.011240813666714422,False,False,normal
3597,train,test,2470,False,-0.6416106503000302,-2.6320255246214734,41.48815549923748,7.205694607814382,258.8188405579229,60.37935625873294,0.16029805021073243,0.11934036820361413,False,False,normal
3598,train,test,2628,False,-1.0140876238747039,3.2269086730271437,74.69341655493245,4.973350843310673,258.8188405579229,60.37935625873294,0.2885934284919891,0.08236839793387751,False,False,normal
3599,train,test,2628,False,0.6751924283619841,-1.447611309649062,4.446984842326478,1.382943185898071,258.8188405579229,60.37935625873294,0.017181843612081464,0.02290423866018031,False,False,normal
3600,train,test,2629,False,1.298452673309358,-2.503346738641272,11.715914783208007,2.464874457188147,258.8188405579229,60.37935625873294,0.045266854445188735,0.04082313243993291,False,False,normal
3601,test,train,2630,False,0.36282834317085627,3.237817582188724,11.752549948895478,1.7197695163575413,258.8188405579229,60.37935625873294,0.04540840196780532,0.028482740176760384,False,False,normal
3602,train,test,2631,False,1.9587055416093213,-0.24030596115968264,9.630031111363813,4.6165054616943815,258.8188405579229,60.37935625873294,0.037207612438896774,0.07645834185300171,False,False,normal
3603,train,train,2632,False,1.3590604653086227,4.367631449392576,22.029678805989903,3.0493547752458796,258.8188405579229,60.37935625873294,0.08511621008154438,0.05050326741111682,False,False,normal
3604,train,train,2632,False,0.8327520679130277,0.37709097835891114,9.613275951829737,1.9868040578358488,258.8188405579229,60.37935625873294,0.0371428754224649,0.03290535343441142,False,False,normal
3605,train,train,2632,False,0.8694187163499428,0.38624904534524707,7.961556342461444,1.5638879162458004,258.8188405579229,60.37935625873294,0.03076111586505493,0.025901036598408717,False,False,normal
3606,train,train,2633,False,3.4486528620125556,-1.0869342117337353,7.330361007499325,1.4874561969301037,258.8188405579229,60.37935625873294,0.028322362435816612,0.02463517813201207,False,False,normal
3607,train,test,2634,False,2.1964822288133097,4.644815892460997,12.808786056514673,1.7448224643779853,258.8188405579229,60.37935625873294,0.0494893881330409,0.02889766589927205,False,False,normal
3608,train,test,2634,False,1.6833202730849273,-1.2722379712282121,9.013068945921628,3.1537134148837156,258.8188405579229,60.37935625873294,0.03482385179723626,0.0522316501913281,False,False,normal
3609,train,train,2635,False,3.983812626734382,0.195016749597105,17.51647748382497,1.5444009152039768,258.8188405579229,60.37935625873294,0.06767852543526419,0.025578293822577862,False,False,normal
3610,train,test,2636,False,4.166912900132077,-5.5177949075678265,214.39120881601116,7.083771846915783,258.8188405579229,60.37935625873294,0.8283446767393698,0.11732108929020298,False,False,normal
3611,test,train,2637,False,-9.582585451280696,2.6598941205782864,28.464612537859814,1.5717920905359553,258.8188405579229,60.37935625873294,0.10997890445881013,0.02603194515358252,False,False,normal
3612,train,train,2638,False,-6.1710375223259515,-2.325701595493762,13.860911630401116,4.450077864513504,258.8188405579229,60.37935625873294,0.053554492402955824,0.07370197597742471,False,False,normal
3613,train,test,2639,False,-3.287448169418206,-1.752427317574061,12.880887939030039,1.298877909340188,258.8188405579229,60.37935625873294,0.049767968634985574,0.021511953585168036,False,False,normal
3614,test,train,2640,False,-2.0481683843166634,-2.6364490174176765,14.757449735644201,3.195197647315371,258.8188405579229,60.37935625873294,0.05701845238094839,0.052918710057516305,False,False,normal
3615,train,test,2641,False,-1.1005673586596065,1.2637429946701189,11.714864764085814,2.173211644686058,258.8188405579229,60.37935625873294,0.04526279747962962,0.035992626939803395,False,False,normal
3616,train,train,2642,False,0.7418034668749411,3.782628909627404,15.260903285239037,2.8979468804374777,258.8188405579229,60.37935625873294,0.05896364906179885,0.04799565712525023,False,False,normal
3617,train,train,2642,False,0.9872983580175677,-2.217393927549551,12.5118792253133,2.9932104303990617,258.8188405579229,60.37935625873294,0.048342227321403905,0.049573407466830026,False,False,normal
3618,train,train,2643,False,2.9301989843730945,-0.973682342312954,12.819019190484433,1.6504890982113802,258.8188405579229,60.37935625873294,0.04952892595782869,0.027335321217053593,False,False,normal
3619,train,train,2644,False,3.7358486405973665,0.4799735548730761,11.317955146481399,1.6633972769549858,258.8188405579229,60.37935625873294,0.04372925526628527,0.027549105853780963,False,False,normal
3620,train,test,2645,False,4.7082858485999,2.2124649356152966,8.469373255237816,2.153120843160018,258.8188405579229,60.37935625873294,0.03272317129997495,0.03565988404933686,False,False,normal
3621,train,train,2646,False,7.331382649087267,0.1429148420606077,29.594641374643814,26.331464049905215,258.8188405579229,60.37935625873294,0.11434500406094131,0.43610044361969785,False,False,normal
3622,train,train,2647,False,-10.564512348494054,5.800137895914372,28.00222635157498,2.626014172314233,258.8188405579229,60.37935625873294,0.10819238001071319,0.04349192066674975,False,False,normal
3623,train,train,2647,False,-0.3148628566731897,-0.9430992161367122,6.640613608977691,1.8115290509351205,258.8188405579229,60.37935625873294,0.025657381026291788,0.03000245718375162,False,False,normal
3624,train,test,2648,False,-2.258944142252898,-3.5151827020785773,11.032792951485677,2.355163222717105,258.8188405579229,60.37935625873294,0.04262747228023599,0.03900610024103175,False,False,normal
3625,train,train,2649,False,-1.0089780839097868,-6.96901701948681,149.9054565621514,4.705346448165786,258.8188405579229,60.37935625873294,0.5791906657143183,0.07792972200635594,False,False,normal
3626,train,test,2650,False,4.338223012970616,-0.7296096511663084,12.175285771445392,2.603438286451463,258.8188405579229,60.37935625873294,0.047041729053417185,0.04311801992878843,False,False,normal
3627,train,train,2651,False,-8.935478579794225,0.8727600857406757,26.29265406386162,4.528078551829281,258.8188405579229,60.37935625873294,0.1015870946921169,0.07499381961652439,False,False,normal
3628,train,train,2652,False,-4.629447217572563,-2.460780307775107,10.19987433279764,2.0200278161891903,258.8188405579229,60.37935625873294,0.0394093193169797,0.033455603725437606,False,False,normal
3629,test,test,2653,False,-2.863847987862401,-3.4184994103398694,23.20347461096244,2.9750027247101842,258.8188405579229,60.37935625873294,0.08965141239696409,0.04927185231922535,False,False,normal
3630,train,test,2654,False,-1.154037442714124,3.498320738733587,13.021486804936794,2.4492287297680333,258.8188405579229,60.37935625873294,0.05031120136720736,0.040564008653434264,False,False,normal
3631,train,train,2655,False,0.2975182540334753,2.806810563493535,10.133629391909992,4.152737808280674,258.8188405579229,60.37935625873294,0.03915336831764423,0.06877744423914828,False,False,normal
3632,train,train,2655,False,0.6914761557541427,-1.057178141225013,4.123905534320734,1.1328458608050913,258.8188405579229,60.37935625873294,0.015933560035394007,0.018762138767275158,False,False,normal
3633,train,test,2656,False,0.9949895131627636,1.0744454047004002,8.428151458959773,2.004239233062843,258.8188405579229,60.37935625873294,0.03256390238358083,0.03319411396958974,False,False,normal
3634,train,train,2657,False,1.6687657622963465,0.4234386409486703,16.532980005247104,2.8381331147897297,258.8188405579229,60.37935625873294,0.0638785799735745,0.047005024409799624,False,False,normal
3635,train,train,2658,False,1.4785957921411526,0.631616295756512,9.806043681133822,3.893567206972271,258.8188405579229,60.37935625873294,0.03788767332391808,0.0644850731811028,False,False,normal
3636,train,test,2659,False,2.1637680285353986,0.10337512830612196,8.498300270460025,3.6353010798050933,258.8188405579229,60.37935625873294,0.03283493679262554,0.06020768198036731,False,False,normal
3637,train,train,2660,False,2.545666662289359,-2.2678902215289227,32.73701184203534,7.787953542664044,258.8188405579229,60.37935625873294,0.12648620081701084,0.12898371273273782,False,False,normal
3638,train,train,2661,False,3.465758283796401,-1.1375789312437299,14.249990671685037,4.3892322910154595,258.8188405579229,60.37935625873294,0.055057779568778845,0.07269425450988681,False,False,normal
3639,test,train,2662,False,4.042618519591998,-1.2022456687261258,11.296143446666346,3.1703487045251078,258.8188405579229,60.37935625873294,0.043644981263017066,0.05250716305983415,False,False,normal
3640,train,test,2663,False,6.012245952047678,-6.109913591492688,228.01805593099556,11.955431304674399,258.8188405579229,60.37935625873294,0.8809948125857777,0.19800527937800314,False,False,normal
3641,test,train,2664,False,-10.246468995374597,5.248067774404607,23.132927253888802,2.986280827830092,258.8188405579229,60.37935625873294,0.08937883812485328,0.04945863972172066,False,False,normal
3642,train,train,2664,False,-0.4624080243074214,-0.03622320947381539,7.666017619086825,1.582949052077348,258.8188405579229,60.37935625873294,0.029619241020327473,0.026216726215069555,False,False,normal
3643,train,train,2664,False,-0.47264111894654404,-0.003332003902928508,7.3850728650173485,1.4419141454204163,258.8188405579229,60.37935625873294,0.028533752987602117,0.023880912861038755,False,False,normal
3644,train,train,2664,False,0.07004723316204942,-2.6530206737745305,14.864567035115538,4.266429483726851,258.8188405579229,60.37935625873294,0.05743232217203636,0.07066040031040871,False,False,normal
3645,train,test,2665,False,-6.374286795858519,3.3457996330863446,16.381038491821098,7.412155732618768,258.8188405579229,60.37935625873294,0.06329152258200875,0.12275976744198418,False,False,normal
3646,train,test,2665,False,0.12221864766891274,-2.634475699784895,11.195903524088175,3.7589807798961226,258.8188405579229,60.37935625873294,0.043257683636762,0.0622560592363461,False,False,normal
3647,train,train,2666,False,-4.9954416219059325,-2.465700472723589,7.6255267927064905,3.2797005439652964,258.8188405579229,60.37935625873294,0.0294627963569751,0.05431824297548615,False,False,normal
3648,train,train,2667,False,-3.303018386069244,-0.4959100783884254,8.95276604082795,2.649697102622709,258.8188405579229,60.37935625873294,0.034590859079381225,0.043884156221680015,False,False,normal
3649,train,train,2668,False,-3.07783778948142,0.22110820506072068,7.5343719259816595,2.527236086240965,258.8188405579229,60.37935625873294,0.029110600718789206,0.041855962746794595,False,False,normal
3650,train,train,2669,False,-2.3964441365014153,-4.637977873583187,202.5865950952419,3.775626929977642,258.8188405579229,60.37935625873294,0.782735115645121,0.06253175197494021,False,False,normal
3651,train,train,2670,False,1.5448571097458483,-2.2220113762536795,6.851895127007591,1.9124718904947806,258.8188405579229,60.37935625873294,0.02647371077096745,0.031674267647034925,False,False,normal
3652,test,train,2671,False,1.7893961245674004,-0.018820260736712727,7.090049178202361,1.7941649574318947,258.8188405579229,60.37935625873294,0.02739386809290504,0.029714873900670256,False,False,normal
3653,train,train,2672,False,1.719096955346105,1.6731839536641955,7.760338677106642,1.5888576187247168,258.8188405579229,60.37935625873294,0.029983669891952478,0.026314583612257594,False,False,normal
3654,train,train,2673,False,2.079243601677416,3.9735410350448994,10.073749623207341,2.1727989586425434,258.8188405579229,60.37935625873294,0.038922010474553785,0.035985792053360645,False,False,normal
3655,test,train,2673,False,0.8284906928507375,0.49128178440247766,8.177275982683664,1.6246664336778425,258.8188405579229,60.37935625873294,0.03159459321066549,0.02690764748660035,False,False,normal
3656,train,train,2673,False,1.2915662952741058,-1.6693415924771937,7.562185271804838,2.580587126731499,258.8188405579229,60.37935625873294,0.02921806331990133,0.04273956011841807,False,False,normal
3657,test,train,2674,False,3.673523340345157,-0.21997507944388361,32.20491858137924,10.724001470926645,258.8188405579229,60.37935625873294,0.12443034870242328,0.17761039758312402,False,False,normal
3658,train,train,2675,False,3.909909255080362,0.8085682140141413,6.916922917977182,2.9747623468948206,258.8188405579229,60.37935625873294,0.026724959060425105,0.04926787119338602,False,False,normal
3659,test,train,2676,False,4.413392163798489,1.00085213796822,7.9010703249392185,4.394036847691951,258.8188405579229,60.37935625873294,0.030527415654545375,0.07277382734693237,False,False,normal
3660,train,train,2677,False,4.813532918285236,1.383698140007521,16.854035941039626,5.1803253716554725,258.8188405579229,60.37935625873294,0.06511904583417583,0.08579630013703927,False,False,normal
3661,test,test,2678,False,6.030463567092883,0.8313717221521847,10.813890582263419,6.237569376702003,258.8188405579229,60.37935625873294,0.04178169780435015,0.10330632459831558,False,False,normal
3662,train,train,2679,False,-8.270133930303277,2.4382580085580314,22.497277837211143,5.502097232183206,258.8188405579229,60.37935625873294,0.08692287543176873,0.0911254702452614,False,False,normal
3663,test,train,2680,False,-6.519043498332738,2.152217533011706,12.998528457270657,6.131263702185279,258.8188405579229,60.37935625873294,0.05022249705334579,0.10154569511990262,False,False,normal
3664,train,train,2680,False,-0.4254334082780694,-0.21623312317433344,6.6028123980852556,1.3702908479507376,258.8188405579229,60.37935625873294,0.02551132824740232,0.022694691246439816,False,False,normal
3665,test,train,2680,False,-0.42384160484105904,-0.22294537204677226,6.597856821223146,1.3104548523306094,258.8188405579229,60.37935625873294,0.025492181353569447,0.021703690359253746,False,False,normal
3666,train,train,2680,False,-0.4250293037253258,-0.21801345910044082,6.564522365874394,1.2517743696042054,258.8188405579229,60.37935625873294,0.025363386806476606,0.020731827021146083,False,False,normal
3667,train,train,2680,False,-0.4252166594894697,-0.2178058369638463,6.53091652515527,1.1917139210638645,258.8188405579229,60.37935625873294,0.025233543706002615,0.01973710875546974,False,False,normal
3668,train,train,2680,False,-0.4255750675801833,-0.2168902380468992,6.498063366655246,1.1367022626000254,258.8188405579229,60.37935625873294,0.025106608748604597,0.018826008308686117,False,False,normal
3669,train,train,2680,False,-0.4260384505502272,-0.21554037865992723,6.463603091370095,1.0873501026239147,258.8188405579229,60.37935625873294,0.024973464363864807,0.01800864020418645,False,False,normal
3670,train,train,2680,False,-0.404136954848407,-0.3098623610665737,6.1793249688694125,0.9885696436500053,258.8188405579229,60.37935625873294,0.023875097174336106,0.016372642984364777,False,False,normal
3671,train,train,2681,False,-1.9344489652997003,0.38446813529434615,7.926585310184597,4.414804753767677,258.8188405579229,60.37935625873294,0.0306259980652786,0.07311778441044813,False,False,normal
3672,train,train,2682,False,-1.3070282735030587,-1.4881201848663348,8.80667045740664,3.7126337054745386,258.8188405579229,60.37935625873294,0.034026388644746795,0.06148846121454903,False,False,normal
3673,train,test,2683,False,0.1066601147313868,3.5351502141904128,12.146571126569127,3.1443503924392173,258.8188405579229,60.37935625873294,0.046930784097422615,0.05207658026305035,False,False,normal
3674,test,test,2683,False,0.9570831617179909,-1.9494986008220854,6.146528496102831,2.7019333669091004,258.8188405579229,60.37935625873294,0.023748381233966838,0.04474929072332247,False,False,normal
3675,train,test,2684,False,2.9432041408711824,0.2887927927708676,10.854131145695042,2.047508759883271,258.8188405579229,60.37935625873294,0.04193717552515625,0.0339107417957463,False,False,normal
3676,train,train,2685,False,1.9171559122367505,0.14242123749627428,66.44864841839085,12.827039479174715,258.8188405579229,60.37935625873294,0.25673806541730426,0.21244081212474805,False,False,normal
3677,train,train,2686,False,3.8913986072489823,0.9158367637951582,12.993761895424505,2.119431131263978,258.8188405579229,60.37935625873294,0.05020408045803196,0.03510191665810341,False,False,normal
3678,train,train,2687,False,4.9145959192134985,-0.33487606747378373,15.576762165511076,2.5102374661999334,258.8188405579229,60.37935625873294,0.06018403502593947,0.041574432417650464,False,False,normal
3679,train,train,2688,False,-10.740875212332284,5.939434795955372,28.58099338744441,2.148050338609917,258.8188405579229,60.37935625873294,0.11042856588737429,0.03557590659637473,False,False,normal
3680,train,train,2688,False,-0.4682367099741926,-0.041985013602943856,7.415427440113276,1.5192805291864977,258.8188405579229,60.37935625873294,0.02865103415241413,0.02516225119519649,False,False,normal
3681,test,train,2688,False,-0.4550751519308663,-0.0364571513297877,7.963346348792473,1.6122499618429085,258.8188405579229,60.37935625873294,0.030768031923898133,0.026702006476091264,False,False,normal
3682,test,train,2688,False,-0.4800053972574399,-0.06268045685575706,7.144342757280992,1.3380187656945404,258.8188405579229,60.37935625873294,0.02760364253962458,0.02216020256925175,False,False,normal
3683,train,train,2688,False,-0.4689645004757856,-0.04884857328575324,7.249325265889185,1.2803426036149361,258.8188405579229,60.37935625873294,0.028009264125680246,0.02120497274148653,False,False,normal
3684,train,train,2688,False,-0.47266219686953453,-0.13438922232918238,9.3124921955967,1.4626687765050108,258.8188405579229,60.37935625873294,0.03598073531093109,0.024224650064788633,False,False,normal
3685,train,train,2688,False,0.04039396216961283,-2.390242849355802,9.881051703195336,2.925414838774845,258.8188405579229,60.37935625873294,0.03817748229570631,0.04845058013270436,False,False,normal
3686,test,train,2689,False,-1.6148387975005407,-2.4284843636476916,12.460960314357616,1.5736326081185512,258.8188405579229,60.37935625873294,0.04814549160136929,0.026062427717436117,False,False,normal
3687,train,train,1795,False,0.9381730401044368,4.0059335226698485,10.982275576288412,3.5107881891502264,258.8188405579229,60.37935625873294,0.042432287976464415,0.05814550546226543,False,False,normal
3688,train,train,1795,False,0.5828575305746154,0.39611398070426307,6.805295070052017,1.3485458694391512,258.8188405579229,60.37935625873294,0.026293661834595118,0.022334551956143204,False,False,normal
3689,train,train,1795,False,0.5934690065429937,0.3713056165510068,6.922445973756414,1.2837162664003967,258.8188405579229,60.37935625873294,0.02674629852615846,0.021260847182595244,False,False,normal
3690,train,train,1795,False,0.5737603296754639,0.3490303330014255,6.255872700988699,1.3891827859698458,258.8188405579229,60.37935625873294,0.02417085513366502,0.023007578617052944,False,False,normal
3691,train,train,1795,False,1.1138388665314276,-1.9530498599886708,6.793749324989062,2.689665059499153,258.8188405579229,60.37935625873294,0.026249052465980124,0.04454610360490775,False,False,normal
3692,train,train,2690,False,2.9105041443506487,0.3024616858098427,7.516181232088797,1.4845698368508162,258.8188405579229,60.37935625873294,0.029040317219127244,0.02458737437493127,False,False,normal
3693,train,test,2691,False,5.16790821458551,-0.823838307029909,9.635620783138794,1.931231223990243,258.8188405579229,60.37935625873294,0.03722920928927649,0.031984958827892776,False,False,normal
3694,train,train,2692,False,-10.386108947467068,6.410810856000436,26.635241375996202,3.48259725564441,258.8188405579229,60.37935625873294,0.10291075146840137,0.05767860857477602,False,False,normal
3695,train,train,2693,False,-5.502114618354575,-1.6291610729254888,10.406059729247913,7.368914143921029,258.8188405579229,60.37935625873294,0.04020595914430374,0.1220436023256745,False,False,normal
3696,train,train,2694,False,-3.618360560705513,2.72915019298122,14.831292059813052,1.9241996389736384,258.8188405579229,60.37935625873294,0.057303757438376485,0.03186850205438109,False,False,normal
3697,test,train,2694,False,-0.3915736740931637,-0.028459194012258646,6.808119893570873,1.4170999687239918,258.8188405579229,60.37935625873294,0.026304576123186967,0.023469941657733893,False,False,normal
3698,train,train,2694,False,-0.3741335599064508,-0.01099052987834785,7.042736275977214,1.3314604495774403,258.8188405579229,60.37935625873294,0.02721106493173193,0.02205158405253559,False,False,normal
3699,train,train,2694,False,-0.21892918302714623,-0.6498426250977613,5.4542042986491985,1.0437794280520962,258.8188405579229,60.37935625873294,0.02107344383002351,0.017287024783427193,False,False,normal
3700,train,train,2695,False,-4.074787320203968,2.6024097224831655,10.801743269833661,4.564810809552973,258.8188405579229,60.37935625873294,0.04173476415607488,0.07560217750570575,False,False,normal
3701,train,train,2695,False,-0.34223981655046787,-0.3952703226727763,7.059109931403559,1.9771895625149019,258.8188405579229,60.37935625873294,0.027274327928316914,0.032746118624425245,False,False,normal
3702,test,train,2696,False,-2.4056096689652353,-2.0638077781559985,6.8192207359144055,3.97185955360259,258.8188405579229,60.37935625873294,0.026347466518335954,0.06578174726776954,False,False,normal
3703,train,train,2697,False,2.3884124842192023,-3.011352501994302,14.513113216870522,2.5471475309366856,258.8188405579229,60.37935625873294,0.056074407819714074,0.04218573513804696,False,False,normal
3704,train,train,2698,False,2.161710782306733,-0.8862157518998348,8.402167438711967,2.2085154768009505,258.8188405579229,60.37935625873294,0.0324635077593263,0.03657732731261975,False,False,normal
3705,test,test,2699,False,4.857722099064022,-2.5811733649175905,20.562821053702233,2.0963365581439786,258.8188405579229,60.37935625873294,0.07944870245680717,0.03471942544668611,False,False,normal
3706,test,train,2700,False,5.693624007868535,-1.8670512533068293,18.457210014786767,2.665277485756906,258.8188405579229,60.37935625873294,0.07131323969692267,0.04414219777925199,False,False,normal
3707,test,train,2701,False,4.291766893097061,3.2748368792212736,29.066633563519282,3.4085411348032575,258.8188405579229,60.37935625873294,0.1123049369236868,0.05645209465628022,False,False,normal
3708,train,train,2702,False,-10.255240645633071,5.207176998072329,20.39567504554332,2.3101303998142955,258.8188405579229,60.37935625873294,0.07880289936226195,0.03826026878980133,False,False,normal
3709,train,train,2702,False,-0.46523137591278846,-0.016967602642574173,7.763509598864978,1.6334776043686146,258.8188405579229,60.37935625873294,0.029995921402512917,0.02705357767262312,False,False,normal
3710,train,train,2702,False,-0.4557357600673679,-0.03709783118817043,7.908008043504489,1.5942823389122482,258.8188405579229,60.37935625873294,0.030554220961880478,0.02640442756760362,False,False,normal
3711,test,train,2702,False,-0.2381331781280097,-1.1422225612843453,5.724747579092559,1.0038952521946969,258.8188405579229,60.37935625873294,0.022118743622960388,0.016626464977415174,False,False,normal
3712,train,train,2703,False,-5.1592852499302255,2.6023973658285016,23.970830149673517,4.125073062873724,258.8188405579229,60.37935625873294,0.09261624887122125,0.068319262053694,False,False,normal
3713,train,train,2703,False,0.021493911245365194,-1.774579573996291,5.966366891879577,2.556702220734345,258.8188405579229,60.37935625873294,0.023052289698146305,0.04234397945182725,False,False,normal
3714,train,train,2704,False,-1.1295538141729053,-1.9361802336915375,6.946400155556131,2.0732703175495617,258.8188405579229,60.37935625873294,0.02683885045069409,0.03433740347719748,False,False,normal
3715,train,train,2705,False,0.5953746648490849,-0.34743596497215945,14.55978869879812,2.257252825618743,258.8188405579229,60.37935625873294,0.05625474817603042,0.037384512944227795,False,False,normal
3716,test,test,2706,False,3.221452090937232,-1.199767199418247,8.335726724705324,2.3476192717874955,258.8188405579229,60.37935625873294,0.03220680035014612,0.0388811576878637,False,False,normal
3717,train,train,2707,False,1.8978121358316589,4.620753038275456,11.414703758075294,2.097778337762867,258.8188405579229,60.37935625873294,0.044103063492090394,0.03474330413152518,False,False,normal
3718,test,train,2708,False,3.487676352668466,3.423619883818202,25.860936897606503,14.858411921452623,258.8188405579229,60.37935625873294,0.0999190663317221,0.24608430500289713,False,False,normal
3719,train,test,2709,False,7.251832344277181,-1.8969101877337353,18.378865415080288,6.418560256129654,258.8188405579229,60.37935625873294,0.07101053916887148,0.10630388685539038,False,False,normal
3720,train,train,2710,False,-8.70428789265914,3.979135689832612,21.936750905271673,4.860233813160088,258.8188405579229,60.37935625873294,0.08475716396064409,0.0804949591104183,False,False,normal
3721,test,test,2711,False,-5.442832863077654,-0.3353520001055462,20.262881505766583,11.020714788624916,258.8188405579229,60.37935625873294,0.07828982411824,0.18252454930787607,False,False,normal
3722,test,train,2712,False,-6.378378447857005,2.150536369527431,19.39917070576316,5.17507550079889,258.8188405579229,60.37935625873294,0.074952699208239,0.08570935202791924,False,False,normal
3723,train,train,2713,False,-0.46322218364595785,-1.0410533105781363,7.7499942229180725,1.951875861333902,258.8188405579229,60.37935625873294,0.029943701958527424,0.032326874320585244,False,False,normal
3724,train,test,2714,False,3.30702827113448,-0.3723054262206246,9.298590913954747,5.230379740049607,258.8188405579229,60.37935625873294,0.0359270248406578,0.08662529818365053,False,False,normal
3725,train,train,2715,False,4.369191678793727,1.5970767818072404,15.562888808194202,5.223676743485279,258.8188405579229,60.37935625873294,0.060130432447058554,0.0865142834763124,False,False,normal
3726,train,train,2716,False,4.126667295058667,3.611602487289248,12.995659490353942,2.7086490802961345,258.8188405579229,60.37935625873294,0.05021141220762695,0.04486051604606782,False,False,normal
3727,train,train,2717,False,5.195459821439084,1.9477810350271172,12.832803680080913,5.3724118612749825,258.8188405579229,60.37935625873294,0.049582185177933245,0.08897762735749516,False,False,normal
3728,train,train,2718,False,-10.749564164835006,5.3325854562126285,23.88248542969174,2.8602886298890255,258.8188405579229,60.37935625873294,0.09227491081487521,0.04737196298735512,False,False,normal
3729,train,train,2718,False,-0.22889624846729714,-1.1081451491130527,5.39159752602476,1.1328047218762107,258.8188405579229,60.37935625873294,0.02083154964454041,0.01876145742630981,False,False,normal
3730,train,train,2719,False,-5.975247886764584,-2.864998474892303,11.693262406531034,7.557797286215235,258.8188405579229,60.37935625873294,0.04517933231338356,0.12517187586149722,False,False,normal
3731,train,test,2720,False,-3.1089320260277478,-2.367456306184697,14.565038780974474,2.315068116493468,258.8188405579229,60.37935625873294,0.05627503295191859,0.03834204701641927,False,False,normal
3732,train,train,2721,False,-1.365987010529738,-2.7845115173360555,11.856466435040446,2.2218773613501144,258.8188405579229,60.37935625873294,0.04580990475609137,0.03679862620311978,False,False,normal
3733,train,train,2722,False,2.592550158873254,-1.4566887694275585,7.858097270782923,2.268899597143874,258.8188405579229,60.37935625873294,0.030361380391951426,0.037577406215153424,False,False,normal
3734,train,train,2723,False,3.143007265885764,4.163785817535209,14.095546137252427,3.2039784993744607,258.8188405579229,60.37935625873294,0.05446105123903407,0.05306413810781652,False,False,normal
3735,train,train,2723,False,1.889144957104174,-1.7969486112643591,11.381519063657203,4.524935506749012,258.8188405579229,60.37935625873294,0.04397484757725762,0.07494176465477884,False,False,normal
3736,train,train,2724,False,6.125798160197185,-0.9675154957528077,34.99498128189337,15.308903989874805,258.8188405579229,60.37935625873294,0.13521033169940963,0.25354533301538157,False,False,normal
3737,train,train,2725,False,-10.299963711954787,4.946385729417524,23.590087007587503,4.248868265425465,258.8188405579229,60.37935625873294,0.09114516917213417,0.07036955225588268,False,False,normal
3738,test,train,2725,False,-0.07640311942019229,-1.7164918398525735,5.945161922184571,2.7066492738765096,258.8188405579229,60.37935625873294,0.0229703599219009,0.044827395348141605,False,False,normal
3739,test,train,2726,False,-5.250742075396811,2.0860215422488957,17.75441087742008,4.70256851911087,258.8188405579229,60.37935625873294,0.06859783020103088,0.07788371407869583,False,False,normal
3740,train,train,2726,False,-0.1456295864169114,-0.8131341635201946,5.363749407143432,1.269707523219777,258.8188405579229,60.37935625873294,0.020723952690542405,0.02102883505049184,False,False,normal
3741,train,train,2727,False,-2.354150978713777,-3.2194802433397665,12.299428308050187,2.3779456081191523,258.8188405579229,60.37935625873294,0.04752137936147508,0.0393834210144501,False,False,normal
3742,test,train,2728,False,2.2164006534778093,-1.0820564285491407,12.103540036714996,3.328441962290578,258.8188405579229,60.37935625873294,0.046764524601933914,0.05512549600608189,False,False,normal
3743,train,train,2729,False,3.6661619576937414,-0.4860668166545735,5.302229279027705,1.1484555611758815,258.8188405579229,60.37935625873294,0.0204862569803572,0.019020665875512297,False,False,normal
3744,train,train,2730,False,4.474058958661087,3.5694120013970565,16.718595559033165,5.314249888390577,258.8188405579229,60.37935625873294,0.06459574396900056,0.08801435155450094,False,False,normal
3745,train,train,2731,False,-9.599844289252314,2.216581644911172,25.16511303034111,1.8846580752408506,258.8188405579229,60.37935625873294,0.09723060723127393,0.031213616573930663,False,False,normal
3746,train,train,2732,False,-7.386710781434432,2.5204095141486693,18.1879068683263,5.680812177942682,258.8188405579229,60.37935625873294,0.07027273141754108,0.09408533859817428,False,False,normal
3747,train,train,2732,False,-0.3371242038214842,-0.5790300673792992,5.983324673853514,1.2224900835209802,258.8188405579229,60.37935625873294,0.02311780958818747,0.020246822080753235,False,False,normal
3748,train,train,2733,False,-0.11733110250861517,-2.270184584329562,12.795176226142777,2.412447446500829,258.8188405579229,60.37935625873294,0.04943680374489296,0.0399548388055546,False,False,normal
3749,test,train,2734,False,2.9752812160076108,-1.1360742753586757,9.231195702051021,1.8518988308441058,258.8188405579229,60.37935625873294,0.03566662953188335,0.030671059540755823,False,False,normal
3750,train,train,2735,False,3.2171999695200673,0.02546875118954389,6.152159807744306,4.090648677541982,258.8188405579229,60.37935625873294,0.0237701389685635,0.06774912703628458,False,False,normal
3751,train,train,2736,False,3.6079548895961886,4.438419300069581,13.526840077652636,1.9262781519419412,258.8188405579229,60.37935625873294,0.05226373802036011,0.031902926286388404,False,False,normal
3752,train,train,2736,False,1.417678221099819,0.4207556584785739,10.636657215549738,2.5462942345159187,258.8188405579229,60.37935625873294,0.04109692011841497,0.042171602883686536,False,False,normal
3753,train,train,1147,False,4.767732463504665,3.482404374727519,42.16399828668515,22.737852165247723,258.8188405579229,60.37935625873294,0.16290930828603636,0.3765832160881815,False,False,normal
3754,train,train,2737,False,-9.203936851919238,0.8544759757232655,34.31924153880868,3.84095932504148,258.8188405579229,60.37935625873294,0.13259947175726622,0.06361378396587236,False,False,normal
3755,test,train,2738,False,-6.368554402694675,2.2484848461653595,15.333759414734963,5.758998763543683,258.8188405579229,60.37935625873294,0.05924514375259831,0.09538026107575025,False,False,normal
3756,train,test,2739,False,-1.6496609158832896,1.9612270927958004,15.515328568121193,5.091542040287691,258.8188405579229,60.37935625873294,0.059946673645069934,0.08432587486474366,False,False,normal
3757,test,test,2739,False,0.3509050178881957,-1.888249288578416,6.6645908428809175,1.7974383816014776,258.8188405579229,60.37935625873294,0.025750022017386333,0.029769088194634502,False,False,normal
3758,test,train,2740,False,2.8794105917356054,-1.6271705396399136,15.307253517713864,2.876452406060601,258.8188405579229,60.37935625873294,0.059142732749736374,0.04763966667240787,False,False,normal
3759,train,train,2741,False,4.15929286187206,0.23310249521262247,8.376272741582076,1.6581687837958767,258.8188405579229,60.37935625873294,0.032363458253370433,0.02746251180106029,False,False,normal
3760,train,train,2742,False,6.996257148780453,0.009513886777880487,14.305735896782194,6.5863245532490495,258.8188405579229,60.37935625873294,0.05527316274945066,0.10908239109118424,False,False,normal
3761,test,train,2743,False,-10.428774611504473,5.122601450930026,26.456920082458147,3.392832053436077,258.8188405579229,60.37935625873294,0.10222177035267711,0.0561919216047514,False,False,normal
3762,train,train,2743,False,0.0012113356259877462,-2.276663185311625,10.232868433265715,2.4783470029761876,258.8188405579229,60.37935625873294,0.039536798832755876,0.04104626409655921,False,False,normal
3763,train,train,2744,False,-3.274938463085629,-1.819751185719587,9.219720575993456,2.663215883146897,258.8188405579229,60.37935625873294,0.03562229301436852,0.044108053615787006,False,False,normal
3764,train,train,2745,False,1.9941253609001965,-3.096779190526371,14.601554599124619,2.2537010584158925,258.8188405579229,60.37935625873294,0.05641611935069631,0.03732568874630772,False,False,normal
3765,test,train,2746,False,4.423798047092528,-1.4491356917309823,10.44876807997499,6.327809411561055,258.8188405579229,60.37935625873294,0.040370971670575066,0.10480087572390828,False,False,normal
3766,train,train,2747,False,5.1220204769524456,0.3275467494268727,11.719116368768725,4.38624164569808,258.8188405579229,60.37935625873294,0.04527922443167742,0.07264472358569868,False,False,normal
3767,train,train,2748,False,-9.072776380793854,-0.056478570918807335,23.767750924407853,4.153697417356041,258.8188405579229,60.37935625873294,0.09183161037725421,0.06879333723859092,False,False,normal
3768,test,train,2749,False,-6.2888778287301115,-3.5200604283674006,33.52902762638776,13.58102288623462,258.8188405579229,60.37935625873294,0.1295463172391581,0.2249282491194221,False,False,normal
3769,train,train,2750,False,-0.6959857851615394,-1.070773693213784,10.043825406532616,2.0256561164881814,258.8188405579229,60.37935625873294,0.038806392088310264,0.03354881936481729,False,False,normal
3770,train,train,2751,False,0.8504993548926906,2.483185477785231,17.710697569726495,10.170453032354516,258.8188405579229,60.37935625873294,0.0684289348161379,0.16844255491517462,False,False,normal
3771,test,test,2752,False,4.723491436915025,-0.06425144612229093,13.480727735671318,5.087667252667453,258.8188405579229,60.37935625873294,0.05208557347143501,0.08426170081817659,False,False,normal
3772,train,train,2753,False,-9.18576386868354,0.48197320007177746,27.116405091832416,2.8531964120775943,258.8188405579229,60.37935625873294,0.10476982677682556,0.04725450201640604,False,False,normal
3773,train,train,2754,False,-6.433592272169649,0.9792999609910376,13.689976359730304,6.07799436666901,258.8188405579229,60.37935625873294,0.05289404871074881,0.10066345094214088,False,False,normal
3774,train,test,2755,False,-2.813174318479759,0.17684809568710075,11.544834077432292,2.469029988011012,258.8188405579229,60.37935625873294,0.044605848834442144,0.04089195614194553,False,False,normal
3775,train,train,2756,False,0.5289217969793033,-1.285059883830456,9.244152815614221,1.6057869092645205,258.8188405579229,60.37935625873294,0.035716692013947136,0.02659496570953037,False,False,normal
3776,train,test,2757,False,2.7713489239064746,0.5493514638536362,7.247468881182582,1.3573792355485195,258.8188405579229,60.37935625873294,0.028002091600285255,0.02248084974162333,False,False,normal
3777,train,train,2758,False,2.857540180424545,1.5785665858191587,8.474062720396786,1.3962444492322312,258.8188405579229,60.37935625873294,0.03274129001632829,0.02312453354502742,False,False,normal
3778,test,test,2759,False,4.650587231521913,2.3283337035671705,9.506176091705512,2.0597637671763893,258.8188405579229,60.37935625873294,0.036729073011893265,0.03411370863826453,False,False,normal
3779,train,train,2760,False,4.924046399066971,5.575565501506774,23.34845784398097,8.734392612117363,258.8188405579229,60.37935625873294,0.09021158503627426,0.1446585911696279,False,False,normal
3780,train,train,2760,False,2.409045947883074,-0.9541486846693147,16.980433297413036,5.648278313387121,258.8188405579229,60.37935625873294,0.06560740810371131,0.09354651429511034,False,False,normal
3781,test,train,2761,False,-10.437389683733121,5.958328133090883,29.56183485717469,3.6785768440143802,258.8188405579229,60.37935625873294,0.11421824931079096,0.06092441310985874,False,False,normal
3782,train,train,2761,False,-0.4736505692074586,0.0025486531113228495,7.524878116579485,1.571715256241622,258.8188405579229,60.37935625873294,0.02907391942703429,0.026030672627688003,False,False,normal
3783,train,train,2761,False,-0.42130408029761224,-0.3220065031893216,6.013736160032837,1.0574824810040993,258.8188405579229,60.37935625873294,0.023235310640714275,0.01751397408863813,False,False,normal
3784,test,train,2762,False,-2.883087873638061,-3.7085444017318574,10.0130949570103,4.928178327006641,258.8188405579229,60.37935625873294,0.038687658655086964,0.08162025288724167,False,False,normal
3785,train,train,2763,False,-0.2035426257432317,-0.9180348498311117,8.113695361768025,2.3010165104511864,258.8188405579229,60.37935625873294,0.03134893636134733,0.038109324991658554,False,False,normal
3786,train,train,2764,False,1.569589524177981,-0.8411300888850792,17.67461876911972,11.38389025595123,258.8188405579229,60.37935625873294,0.06828953692482133,0.18853944396442163,False,False,normal
3787,train,train,2765,False,3.6437944095380237,-1.0906903164764485,10.498953538733364,2.696247150149219,258.8188405579229,60.37935625873294,0.04056487354669116,0.04465511587429766,False,False,normal
3788,train,train,2766,False,4.403036430894232,0.07926631454492837,23.865309309172098,14.52449649696343,258.8188405579229,60.37935625873294,0.09220854732880666,0.24055401377126617,False,False,normal
3789,train,train,2767,False,6.885329286479392,-0.310914822149285,15.05719915357172,5.88021730673029,258.8188405579229,60.37935625873294,0.05817659611299419,0.09738787676921958,False,False,normal
3790,train,train,2768,False,-10.505630515413518,5.865718401938,24.514007881840087,2.9236065971681837,258.8188405579229,60.37935625873294,0.09471492812886596,0.04842063212201487,False,False,normal
3791,train,train,2769,False,-6.575255741656972,0.014932316936692199,12.672080592528449,13.95760083084317,258.8188405579229,60.37935625873294,0.048961198362576216,0.23116511496136427,False,False,normal
3792,train,test,2770,False,-2.2776760304691015,-2.756417313804309,10.159345145905705,2.494380449534898,258.8188405579229,60.37935625873294,0.03925272643987474,0.041311809268819825,False,False,normal
3793,train,test,2771,False,3.4583642507586645,-3.6065180170521325,19.04347730727298,3.507165255775574,258.8188405579229,60.37935625873294,0.07357840436276548,0.05808550261362412,False,False,normal
3794,train,train,2772,False,0.6384940797188071,4.600273609883478,15.009716032241993,2.5371847314646407,258.8188405579229,60.37935625873294,0.057993135275184356,0.04202073173142975,False,False,normal
3795,train,train,2772,False,1.0424028828582723,-1.8149150913077334,6.276051329662553,2.396914972842514,258.8188405579229,60.37935625873294,0.024248819429580865,0.039697590722422404,False,False,normal
3796,train,train,2773,False,4.26258117643173,-1.293996860673996,5.513351005697653,2.1180285675356187,258.8188405579229,60.37935625873294,0.02130196933813936,0.03507868746496082,False,False,normal
3797,train,train,2774,False,6.033722511533588,2.217337826443296,11.251623661282066,3.3254815510103426,258.8188405579229,60.37935625873294,0.043472969885142446,0.055076465816565626,False,False,normal
3798,train,train,2775,False,-10.053092990596683,5.073082736618462,31.535649969729374,6.05870731723928,258.8188405579229,60.37935625873294,0.12184449131195219,0.10034401975531135,False,False,normal
3799,test,train,2775,False,-0.4706952250759489,-0.021023379652108196,7.522345707650386,1.5735766868418644,258.8188405579229,60.37935625873294,0.02906413494255225,0.026061501551935987,False,False,normal
3800,train,train,2775,False,-0.12515312468801268,-1.4849525340624397,5.604001258701032,1.91614703481558,258.8188405579229,60.37935625873294,0.021652215297081022,0.03173513521086007,False,False,normal
3801,train,train,2776,False,-3.0724647834054686,-3.089188784996401,9.051042474680715,2.359432316139464,258.8188405579229,60.37935625873294,0.03497057036176282,0.03907680476136591,False,False,normal
3802,train,train,2777,False,-0.3900312838186836,-0.7319289883113363,9.228946432261463,3.009309128521589,258.8188405579229,60.37935625873294,0.035657939013895135,0.04984003333235834,False,False,normal
3803,test,train,2778,False,2.030596173796173,-2.1185114456743155,8.545229012680107,2.1873719305086414,258.8188405579229,60.37935625873294,0.03301625567234434,0.036227148913868586,False,False,normal
3804,train,train,2779,False,-0.020198271077141988,4.540909683080942,26.08182026566653,5.932607517031322,258.8188405579229,60.37935625873294,0.10077249480541388,0.09825556091736672,False,False,normal
3805,test,train,2779,False,0.9381908129598523,-1.5072529475114507,5.07151074159838,1.6372733246621138,258.8188405579229,60.37935625873294,0.019594828300234932,0.027116442209920176,False,False,normal
3806,train,train,2780,False,2.5878781231819823,-3.7935604336562383,24.362478837306483,4.858665714453931,258.8188405579229,60.37935625873294,0.09412946439598253,0.08046898833491951,False,False,normal
3807,test,train,2781,False,3.7818221081894356,-1.230711530872232,22.08695195522232,18.56971746934881,258.8188405579229,60.37935625873294,0.08533749671241313,0.30755076933538833,False,False,normal
3808,train,train,2782,False,4.791418920617387,0.8500765766960218,10.195311765252839,2.53996128863154,258.8188405579229,60.37935625873294,0.03939169089574512,0.042066716937946384,False,False,normal
3809,train,train,2783,False,-9.083699770546938,4.2562543524192025,20.53084130744918,8.046111535700522,258.8188405579229,60.37935625873294,0.0793251421078615,0.13325931302119134,False,False,normal
3810,test,train,2784,False,-4.7507758131844735,-3.77562296482223,11.658711337066261,4.122896356629567,258.8188405579229,60.37935625873294,0.045045837126594636,0.0682832115493655,False,False,normal
3811,train,train,2785,False,0.8321760831141476,-0.7920764433589677,9.646089336715136,2.3838539535620886,258.8188405579229,60.37935625873294,0.03726965670629519,0.03948127474806095,False,False,normal
3812,train,train,2786,False,0.3384371109525233,2.4083783388409543,10.367980604551589,1.7455152385532724,258.8188405579229,60.37935625873294,0.040058832588083036,0.028909139591908297,False,False,normal
3813,train,train,2787,False,3.3795661497797744,-0.017187655350558082,8.428676684248087,2.7170034483890895,258.8188405579229,60.37935625873294,0.03256593169986701,0.044998880689393186,False,False,normal
3814,train,test,810,False,4.604284797448627,-2.445995141481188,21.976293069777142,4.492078951191983,258.8188405579229,60.37935625873294,0.08490994327307835,0.07439759595883856,False,False,normal
3815,train,train,2788,False,4.8896053154859445,-0.6010222274813831,12.597066440220868,3.97915284512422,258.8188405579229,60.37935625873294,0.04867136570531727,0.06590253841185491,False,False,normal
3816,test,train,2789,False,-9.547251129476056,3.509773260626355,27.420497642167106,11.181223461718732,258.8188405579229,60.37935625873294,0.10594475109716937,0.185182886246846,False,False,normal
3817,train,train,2790,False,-5.582087010555735,0.9015983438864328,16.498549982346415,8.127509513356461,258.8188405579229,60.37935625873294,0.06374555247516492,0.1346074224198265,False,False,normal
3818,train,train,2790,False,-0.4159162754943787,-0.20069157653267497,6.6404020056144,1.436592962978399,258.8188405579229,60.37935625873294,0.025656563453031533,0.023792783692863865,False,False,normal
3819,train,train,2790,False,-0.4737011549412575,-0.08492043198288354,7.731868409495262,1.8436246129204996,258.8188405579229,60.37935625873294,0.02987366913795015,0.030534022340687805,False,False,normal
3820,train,train,2790,False,0.040940665034378106,-2.4540563834300717,12.63372961105718,2.8237390831284546,258.8188405579229,60.37935625873294,0.04881302143160551,0.0467666311483744,False,False,normal
3821,train,train,2791,False,-1.204546661135975,-1.7225705514435388,14.267777583369234,2.689532314062169,258.8188405579229,60.37935625873294,0.055126502972553684,0.04454390508135253,False,False,normal
3822,train,test,2792,False,2.572803243035725,-2.149458615541014,11.498915795829642,2.6570912593856844,258.8188405579229,60.37935625873294,0.044428434077836074,0.04400661789105075,False,False,normal
3823,train,train,2793,False,2.2391720476504484,0.03148158058714173,12.687939064758817,2.3401217642445333,258.8188405579229,60.37935625873294,0.04902247084257104,0.038756984327835906,False,False,normal
3824,train,train,2794,False,2.775567848042991,0.23826227103613135,8.621750314000543,1.3198860706960973,258.8188405579229,60.37935625873294,0.03331191151082767,0.021859889745101353,False,False,normal
3825,train,test,2795,False,2.9668902701559943,0.33737435974029295,9.917583333399305,1.4247225149239324,258.8188405579229,60.37935625873294,0.038318629787616944,0.023596185901996403,False,False,normal
3826,test,train,2796,False,3.155256877497032,0.381490462809463,10.778759596605259,3.39832090121728,258.8188405579229,60.37935625873294,0.041645961991677354,0.05628282763822553,False,False,normal
3827,train,train,2797,False,3.5653683070397255,0.5031151657205689,15.795933255626839,1.4846956306853623,258.8188405579229,60.37935625873294,0.06103084776045025,0.024589457766380607,False,False,normal
3828,train,train,2798,False,4.437298327794177,0.22909523830555603,11.274816438923803,3.6043768771756564,258.8188405579229,60.37935625873294,0.04356257996759139,0.059695516820856116,False,False,normal
3829,train,train,2799,False,4.571656644233611,4.271679184401334,14.451976303375641,6.64401695335024,258.8188405579229,60.37935625873294,0.055838192738296155,0.11003788985228351,False,False,normal
3830,train,train,2799,False,1.9754521707214137,-0.5301210336194407,12.015584193962255,3.699732672421526,258.8188405579229,60.37935625873294,0.04642468905301043,0.06127479492440625,False,False,normal
3831,test,train,2800,False,-8.97727455553191,0.3713426228823831,31.332051329687328,8.294981768093715,258.8188405579229,60.37935625873294,0.12105784595181086,0.1373810898637061,False,False,normal
3832,train,train,2801,False,-4.373953581403722,-4.226061535523698,25.41511965343433,4.830537444661421,258.8188405579229,60.37935625873294,0.09819655941062182,0.08000312928084188,False,False,normal
3833,test,train,2802,False,-4.297567208920477,-2.636307331915273,125.02219874177919,60.82226310080582,258.8188405579229,60.37935625873294,0.48304906425001776,1.0073354018577967,False,True,q alarm only
3834,train,train,2803,False,-4.656590190510659,0.20896763296328974,22.063632584341438,13.462706155814324,258.8188405579229,60.37935625873294,0.08524739751086112,0.22296869310969428,False,False,normal
3835,train,train,2804,False,-1.5849871691992146,-2.187992858068028,11.007627741262647,7.912848374641015,258.8188405579229,60.37935625873294,0.04253024129748071,0.13105221494468225,False,False,normal
3836,test,train,2805,False,0.8842480097149928,-0.49875081107921027,20.484872193293967,2.6964792185192263,258.8188405579229,60.37935625873294,0.07914753094919885,0.04465895937950187,False,False,normal
3837,test,train,2806,False,0.2809283361204,-0.1990992294002474,11.629199006079967,3.8832292226595446,258.8188405579229,60.37935625873294,0.04493181014570454,0.06431385598116401,False,False,normal
3838,train,test,2807,False,2.92039757081259,-0.5768657437709538,9.274637643621837,1.847664148803314,258.8188405579229,60.37935625873294,0.03583447643776227,0.030600924940071352,False,False,normal
3839,train,train,2808,False,2.551018017011336,3.486718097428402,11.45032440864099,2.4967238930036295,258.8188405579229,60.37935625873294,0.04424069122618004,0.04135062126705793,False,False,normal
3840,train,train,2809,False,4.7905353418899725,0.07853893229588749,10.80093386753766,3.7006287425553754,258.8188405579229,60.37935625873294,0.041731636863277126,0.0612896355949495,False,False,normal
3841,train,train,2810,False,4.157713498317496,3.5932091060353986,12.752208893586038,2.518346330942941,258.8188405579229,60.37935625873294,0.04927079058887961,0.041708731046278764,False,False,normal
3842,train,train,2811,False,4.524886193109606,0.7938900290204141,13.378399236865961,3.6101066879222072,258.8188405579229,60.37935625873294,0.05169020619993047,0.05979041367139553,False,False,normal
3843,train,train,2812,False,-5.050065360869957,-3.7175787193052257,58.447731397846724,13.60961068032634,258.8188405579229,60.37935625873294,0.2258248714500608,0.22540171879288493,False,False,normal
3844,test,train,2813,False,-5.259353848490461,-4.168937577488521,70.79830260260104,18.184019284652845,258.8188405579229,60.37935625873294,0.27354385194673103,0.30116285451491226,False,False,normal
3845,train,train,2814,False,-6.062628447193997,-4.881250359687944,82.67681516982465,18.206603006623386,258.8188405579229,60.37935625873294,0.3194389364839219,0.3015368850341143,False,False,normal
3846,train,train,2815,False,-4.66357107379916,-3.0304589790339196,11.06676384316191,6.4860031939508405,258.8188405579229,60.37935625873294,0.04275872583041419,0.10742087355415851,False,False,normal
3847,train,train,2816,False,-5.095429920453004,-2.496915566202395,17.2016551074566,6.812304737425983,258.8188405579229,60.37935625873294,0.06646214421784692,0.11282506405391972,False,False,normal
3848,test,train,2817,False,-4.963105883134066,-2.4579860947429895,11.796997398872895,7.313091482419758,258.8188405579229,60.37935625873294,0.04558013386290849,0.12111907008551508,False,False,normal
3849,train,train,2818,False,-4.646142278800848,-2.6210390286398124,26.296416352461033,8.277928475656942,258.8188405579229,60.37935625873294,0.1016016310705015,0.13709865405296812,False,False,normal
3850,train,train,2819,False,-4.7460808976854905,-2.4745781103056723,13.90997279000619,12.475237391499329,258.8188405579229,60.37935625873294,0.0537440503172843,0.20661428283603103,False,False,normal
3851,train,train,2820,False,-4.95918554089358,-2.42736399146591,12.541252201158741,6.499957340925331,258.8188405579229,60.37935625873294,0.04845571587495017,0.10765198146651675,False,False,normal
3852,train,train,2821,False,-4.728351931382234,-2.3234072551376506,17.964960872045385,6.219506635907139,258.8188405579229,60.37935625873294,0.06941133355407672,0.1030071703523269,False,False,normal
3853,train,train,2822,False,-4.687842056621708,-2.5282647677036505,23.576659175650263,8.011657976460619,258.8188405579229,60.37935625873294,0.09109328797249548,0.1326886948269154,False,False,normal
3854,train,train,2823,False,-4.619141387358483,-2.6101584186670608,34.20044515385763,12.156470014301524,258.8188405579229,60.37935625873294,0.13214047740934715,0.20133487283649665,False,False,normal
3855,train,train,2824,False,-4.742697367982728,-1.6790790830548552,27.512051579301573,5.9820935417461225,258.8188405579229,60.37935625873294,0.10629848862623452,0.09907514608324273,False,False,normal
3856,test,train,2825,False,-4.4086970791731614,-2.719790558429513,20.242189086543963,3.7066907266941196,258.8188405579229,60.37935625873294,0.07820987468651387,0.06139003388526528,False,False,normal
3857,train,test,2826,False,-4.548546952236847,-3.0939803059885365,19.15437516343124,3.7339304757269027,258.8188405579229,60.37935625873294,0.07400688111476393,0.061841177301171495,False,False,normal
3858,train,train,2827,False,-5.424770342327703,-3.0422356731285563,75.47530911261325,34.325262205670484,258.8188405579229,60.37935625873294,0.29161443173887525,0.5684933449535721,False,False,normal
3859,train,train,2828,False,-4.126318990813926,-2.555857090538797,18.22606075082804,7.9760401163332375,258.8188405579229,60.37935625873294,0.07042014681596992,0.1320987935372303,False,False,normal
3860,train,train,2829,False,-4.691689706660215,-2.632521743181013,15.502117714028957,4.272644838159065,258.8188405579229,60.37935625873294,0.059895630784110664,0.0707633387121628,False,False,normal
3861,test,test,2830,False,-4.692040237666029,-0.6269189663686329,22.442913040288925,4.019981915215578,258.8188405579229,60.37935625873294,0.08671282582021407,0.06657874751081251,False,False,normal
3862,test,train,2831,False,-4.048316727162057,-2.7540806603486745,13.000383479370626,5.167259164190396,258.8188405579229,60.37935625873294,0.050229664314028866,0.08557989823621268,False,False,normal
3863,train,train,2832,False,-3.2096771503496044,-2.7806978256094514,14.705664639308537,4.967281805672663,258.8188405579229,60.37935625873294,0.056818369974953396,0.08226788282384548,False,False,normal
3864,test,train,2833,False,-3.2589252586257933,-2.4052660698645423,13.111861016347342,3.407271377498369,258.8188405579229,60.37935625873294,0.050660380782491556,0.056431064996748125,False,False,normal
3865,train,test,2834,False,-2.4510763129795996,-2.1728876469404943,14.578639735959731,2.700712535792964,258.8188405579229,60.37935625873294,0.05632758304817873,0.0447290713769799,False,False,normal
3866,test,train,2835,False,-2.256453018795806,-1.7554283939969446,16.319805760375555,4.874545445019485,258.8188405579229,60.37935625873294,0.06305493728816558,0.08073198767028023,False,False,normal
3867,train,train,2836,False,-1.9374096118726436,-1.7652634301428982,12.25712548320241,5.0893994521902375,258.8188405579229,60.37935625873294,0.04735793366812221,0.08429038942352311,False,False,normal
3868,test,train,2837,False,-2.388133758556934,1.2478281530729742,17.365666145610174,4.444633257477839,258.8188405579229,60.37935625873294,0.06709583470884836,0.07361180265705451,False,False,normal
3869,train,train,2838,False,-1.9072923113436626,-1.328187022794014,14.766713958201974,7.738744489252609,258.8188405579229,60.37935625873294,0.057054246616552735,0.12816871475229283,False,False,normal
3870,train,train,2839,False,-1.5499153971273478,-1.8466824826750659,13.521992911795952,3.140056162121122,258.8188405579229,60.37935625873294,0.052245009994818244,0.05200545942665563,False,False,normal
3871,train,train,2840,False,-1.6115825258774552,-1.7817798893608627,17.11505880562556,3.6641373037993774,258.8188405579229,60.37935625873294,0.06612756153582744,0.060685266137951194,False,False,normal
3872,train,test,2841,False,-1.0331752171765982,-1.6516328045818596,14.331747221323583,2.9635983808062667,258.8188405579229,60.37935625873294,0.05537366286947793,0.04908297412292514,False,False,normal
3873,train,train,2842,False,-0.9219522376293878,-1.4465220738006397,11.528364371289516,3.3052188940297342,258.8188405579229,60.37935625873294,0.044542214726093335,0.054740876664310004,False,False,normal
3874,train,train,2843,False,-0.7254071992183322,-1.5778514445316456,12.19959254490774,3.5141219992382022,258.8188405579229,60.37935625873294,0.04713564328860173,0.058200719864911425,False,False,normal
3875,train,train,2844,False,0.0666471456326094,-1.6031821901076835,10.104149101376398,4.865115030681434,258.8188405579229,60.37935625873294,0.039039465131654974,0.08057580160069643,False,False,normal
3876,train,test,2845,False,-0.48446938039500204,-1.6548228949412183,9.688927266026173,5.434995349496369,258.8188405579229,60.37935625873294,0.0374351698861653,0.0900141320852569,False,False,normal
3877,train,train,2846,False,-0.1413877982932819,-1.5321003290248953,39.46970400291589,14.56671812821734,258.8188405579229,60.37935625873294,0.15249934632978424,0.24125328640135163,False,False,normal
3878,train,test,2847,False,0.24402751530770023,-1.1729320704442818,13.15573248575307,3.3858623182143717,258.8188405579229,60.37935625873294,0.05082988725779743,0.05607648918457389,False,False,normal
3879,test,train,2848,False,0.7416751112923019,-1.3932957699473258,15.612280996936434,4.0403800419792,258.8188405579229,60.37935625873294,0.06032126936076916,0.06691658030711153,False,False,normal
3880,test,train,2849,False,0.15785025592950824,2.7508235181696774,21.01323971444758,7.105988367600661,258.8188405579229,60.37935625873294,0.08118898790037998,0.11768903823933846,False,False,normal
3881,test,train,2849,False,0.7817399116925569,-2.43913071543331,12.55795309176454,6.279774321131215,258.8188405579229,60.37935625873294,0.04852024321217878,0.10400532086201138,False,False,normal
3882,test,test,2850,False,1.3554962447171712,3.3923622534779803,17.212220462419292,7.889217526576746,258.8188405579229,60.37935625873294,0.06650296564699759,0.1306608419733805,False,False,normal
3883,train,test,2850,False,1.0935094049625385,-1.7565122425462623,9.585335512144145,6.377239521004798,258.8188405579229,60.37935625873294,0.03703492176798843,0.10561953482374911,False,False,normal
3884,train,train,2851,False,3.190978047742928,-1.1329916126846609,18.989776532051405,2.6214684427287445,258.8188405579229,60.37935625873294,0.07337092033607788,0.04341663451156105,False,False,normal
3885,train,train,2852,False,3.278237903102698,-1.6667530886675328,15.848323478026945,3.607666160895556,258.8188405579229,60.37935625873294,0.06123326819586821,0.05974999377993141,False,False,normal
3886,train,train,2853,False,3.512029284368168,-0.19375633432690456,11.410414942126678,3.169825406940207,258.8188405579229,60.37935625873294,0.04408649276663868,0.05249849623035259,False,False,normal
3887,test,train,2854,False,3.4639156347826368,-0.8095959210994828,14.903043954999777,3.480056272908758,258.8188405579229,60.37935625873294,0.057580985692054054,0.057636524940681555,False,False,normal
3888,train,train,2855,False,2.6107994583336023,2.4300422515782194,14.771590720635565,6.40510325791244,258.8188405579229,60.37935625873294,0.057073088994576984,0.1060810126968858,False,False,normal
3889,train,train,2856,False,3.375044434524994,-1.5727914179843914,36.705834587906544,30.431435125697273,258.8188405579229,60.37935625873294,0.14182056649655644,0.5040039677683023,False,False,normal
3890,train,train,2857,False,3.8660475774460887,-3.361719972016389,37.865958027948736,22.412301673244464,258.8188405579229,60.37935625873294,0.1463029428086571,0.37119146446684537,False,False,normal
3891,train,train,2858,False,3.4702738856510624,-0.04878094916268069,16.23198934623904,4.418252120482934,258.8188405579229,60.37935625873294,0.06271564045047319,0.07317487953250415,False,False,normal
3892,train,train,2859,False,4.877317658982707,0.21330449183747208,19.604881047008085,3.139115482478244,258.8188405579229,60.37935625873294,0.07574750356174542,0.05198987993556522,False,False,normal
3893,train,test,2860,False,4.56511524161917,0.29258664604958073,14.268319823093487,5.296240648867497,258.8188405579229,60.37935625873294,0.05512859802762419,0.08771608339400733,False,False,normal
3894,train,train,2861,False,4.236865456721365,-0.7611588765637215,26.49398083051487,9.15709551715531,258.8188405579229,60.37935625873294,0.1023649622005999,0.1516593763920906,False,False,normal
3895,train,test,2862,False,4.614220473494967,0.6132271888338783,22.83074116894403,9.427012124009217,258.8188405579229,60.37935625873294,0.08821127982695903,0.1561297222781461,False,False,normal
3896,train,train,2863,False,-9.25999635004041,0.5001876857620096,78.49148159820605,31.601279534118824,258.8188405579229,60.37935625873294,0.3032680365502213,0.5233788747051802,False,False,normal
3897,train,train,2864,False,-6.629129009990638,0.46949354991908554,19.99702579007684,7.1059549909862145,258.8188405579229,60.37935625873294,0.0772626356990482,0.11768848545745215,False,False,normal
3898,train,train,2865,False,-4.97242411257359,1.7901211238527848,22.798214409124984,5.293417841998544,258.8188405579229,60.37935625873294,0.08808560597822017,0.08766933220214537,False,False,normal
3899,train,train,2865,False,-1.2237492077592578,-0.91415739643944,33.09626603329667,18.086541331312812,258.8188405579229,60.37935625873294,0.12787425352015602,0.2995484293308754,False,False,normal
3900,train,train,2865,False,-1.2307875149654384,-0.8978099689918249,33.30168958012951,17.919454091679054,258.8188405579229,60.37935625873294,0.12866794978426885,0.2967811384886582,False,False,normal
3901,train,train,2865,False,-0.9811145279022243,-1.9560766952675568,29.379674076583257,19.277568128100977,258.8188405579229,60.37935625873294,0.11351443354452463,0.31927415796707465,False,False,normal
3902,test,train,2866,False,-4.152656377283833,-2.963843288728935,18.816248725328432,4.345115898214074,258.8188405579229,60.37935625873294,0.07270045984584113,0.07196360093000527,False,False,normal
3903,train,train,2867,False,-4.2756391911160945,-0.06446456696537825,16.684820539619974,3.273656151139891,258.8188405579229,60.37935625873294,0.06446524721173055,0.05421813603165747,False,False,normal
3904,train,train,2868,False,-3.434450119598952,-2.524797740586224,16.818074179236344,4.027502106280736,258.8188405579229,60.37935625873294,0.06498010014642852,0.06670329655424606,False,False,normal
3905,test,train,2869,False,-3.4411407230156965,-2.953519356013633,17.830027672085645,3.727672622284088,258.8188405579229,60.37935625873294,0.06888999129140036,0.061737535032843904,False,False,normal
3906,train,train,2870,False,-4.2032427890791775,2.299376045839793,25.09903730355369,4.18169468629272,258.8188405579229,60.37935625873294,0.09697531002553347,0.06925702666278265,False,False,normal
3907,train,train,2870,False,-0.7560796044936372,-2.1783593540928523,30.580658058789314,19.539344115828218,258.8188405579229,60.37935625873294,0.1181546829932014,0.32360967930992396,False,False,normal
3908,train,test,2871,False,-2.574566277621709,-1.9568450118174558,17.024733076591534,4.359169952451206,258.8188405579229,60.37935625873294,0.06577856944220971,0.07219636350165161,False,False,normal
3909,train,train,2872,False,-3.14490759502548,2.6857299554883443,21.652325155075346,3.219535137751309,258.8188405579229,60.37935625873294,0.08365822638104903,0.0533217864058571,False,False,normal
3910,train,train,2872,False,-0.45757567065546373,-2.9779587033715704,29.774093928289467,21.306610191600175,258.8188405579229,60.37935625873294,0.11503835603353656,0.3528790552237546,False,False,normal
3911,train,train,2873,False,-1.7954628191287951,-1.8545541006060464,16.025759769580606,4.35725827501167,258.8188405579229,60.37935625873294,0.06191882992379795,0.07216470239166321,False,False,normal
3912,train,train,2874,False,-2.6820652903846836,2.679408711252065,23.075172143603066,3.8741634759215735,258.8188405579229,60.37935625873294,0.08915568933799821,0.06416370951886781,False,False,normal
3913,train,train,2874,False,-0.905974023613359,-0.7523325371224447,35.43351658255793,16.269044864814017,258.8188405579229,60.37935625873294,0.13690470332907628,0.26944714009700876,False,False,normal
3914,train,train,2874,False,-0.4124647470372855,-3.0664602095064484,30.2840862927243,21.66819829409666,258.8188405579229,60.37935625873294,0.1170088167748623,0.35886766002018594,False,False,normal
3915,train,train,2875,False,-2.950054809108551,2.8565806311283293,19.751143715884027,4.997309844204405,258.8188405579229,60.37935625873294,0.07631261956551334,0.08276520575658872,False,False,normal
3916,train,train,2875,False,-0.501663510730619,-2.499835125750174,28.795097533551047,20.959781224361866,258.8188405579229,60.37935625873294,0.11125580143809813,0.3471348905169945,False,False,normal
3917,train,test,2876,False,-1.3111154583011757,-1.2143534623251508,17.67466864896434,3.754725349095489,258.8188405579229,60.37935625873294,0.06828972964589415,0.06218558099569712,False,False,normal
3918,train,test,2877,False,-1.6695759905024499,-2.163786694683737,19.863957437995587,4.962992690615149,258.8188405579229,60.37935625873294,0.07674849866097785,0.08219684670615097,False,False,normal
3919,train,train,2878,False,-1.1675309630408794,-1.9273492760266464,37.49695892646049,16.827703163981994,258.8188405579229,60.37935625873294,0.14487723863390378,0.27869961203086074,False,False,normal
3920,train,train,2879,False,-0.4239070043258509,-1.4376093008691986,12.13094518002416,3.487465177515388,258.8188405579229,60.37935625873294,0.04687041002839702,0.05775923086313097,False,False,normal
3921,train,train,2880,False,0.580839365523231,-0.5786225059358016,12.812164123426083,3.4903773454864115,258.8188405579229,60.37935625873294,0.04950243999164643,0.057807462049275865,False,False,normal
3922,train,train,2881,False,-0.24359800629908865,3.759017265012416,20.094771444393935,4.093891096054841,258.8188405579229,60.37935625873294,0.07764029620516279,0.0678028278160505,False,False,normal
3923,train,train,2881,False,-0.5032162565566078,-0.6812468589103812,37.03356189178335,16.6764613595007,258.8188405579229,60.37935625873294,0.14308680856444586,0.27619475252501896,False,False,normal
3924,train,train,2881,False,-0.5109581619926143,-0.5635815849554282,38.583200572838564,14.795702260850604,258.8188405579229,60.37935625873294,0.14907415739003652,0.24504571061422395,False,False,normal
3925,train,train,2881,False,0.0856742716375901,-2.9578991558102024,32.767450154677654,20.610547414548254,258.8188405579229,60.37935625873294,0.12660380551911327,0.34135089692294057,False,False,normal
3926,test,train,2882,False,0.5296068448660042,-1.1251221477579654,42.73569325899243,15.057414812256457,258.8188405579229,60.37935625873294,0.16511816978574365,0.24938018132776357,False,False,normal
3927,train,train,2883,False,1.3930777793087188,-0.8653566305169257,17.336414705004604,5.217687490582295,258.8188405579229,60.37935625873294,0.06698281573178118,0.08641508975723201,False,False,normal
3928,train,test,2884,False,-0.2733639095504081,3.6900832501406122,43.10813040723292,7.918617376828505,258.8188405579229,60.37935625873294,0.16655715756359493,0.1311477608819852,False,False,normal
3929,train,train,2885,False,1.2417622354559026,3.4206983256474692,16.53140464617993,7.203479317910915,258.8188405579229,60.37935625873294,0.06387249324872951,0.11930367867857225,False,False,normal
3930,train,train,2886,False,3.1436096843792654,-2.4946279629377464,12.933626659990018,8.768280189534284,258.8188405579229,60.37935625873294,0.0499717355665053,0.14521983560012017,False,False,normal
3931,train,train,2887,False,3.9646669578324154,-1.6906575405577609,19.081389048558506,4.085855324170349,258.8188405579229,60.37935625873294,0.07372488419863757,0.0676697397478363,False,False,normal
3932,train,train,2888,False,3.152430656628958,3.275334234652646,23.6084834167614,8.045743627940498,258.8188405579229,60.37935625873294,0.09121624749523553,0.1332532197505303,False,False,normal
3933,train,train,2889,False,4.896529689394359,3.470690701957827,1135.9640932744235,4.43199356261488,258.8188405579229,60.37935625873294,4.389031690373399,0.07340246463747054,True,False,t2 alarm only
3934,train,train,2890,False,6.025570577206395,-1.5612992434885062,13.809272619955015,11.049445831610617,258.8188405579229,60.37935625873294,0.05335497442994124,0.18300039146264474,False,False,normal
3935,train,train,2891,False,-10.167766764781405,4.1113665212687325,35.40619675844504,17.789988214223982,258.8188405579229,60.37935625873294,0.13679914755093434,0.29463693084092685,False,False,normal
3936,train,train,2891,False,-0.4404642808775249,-0.17095761205715126,8.111023538993189,7.348680090608795,258.8188405579229,60.37935625873294,0.031338613222703024,0.12170848690600146,False,False,normal
3937,train,train,2891,False,-0.24826125756083445,-0.948006781366167,6.122600334749828,7.074992693954982,258.8188405579229,60.37935625873294,0.023655929844796628,0.11717568938028705,False,False,normal
3938,train,train,2892,False,-7.375227483263667,1.2351744402450844,20.115386150494537,11.137261486790365,258.8188405579229,60.37935625873294,0.07771994537620522,0.184454790128365,False,False,normal
3939,test,train,2892,False,-0.43243133619577384,-0.17194918809576565,8.294376190116397,7.448166989190509,258.8188405579229,60.37935625873294,0.032047034026721634,0.12335618414469675,False,False,normal
3940,test,train,2892,False,-0.4260493976590162,-0.18841763997119632,8.308062029965251,7.39556695667123,258.8188405579229,60.37935625873294,0.03209991209316901,0.12248502493104298,False,False,normal
3941,train,train,2892,False,-0.4202179552578145,-0.1843355318971302,8.599757570332818,7.50260308837274,258.8188405579229,60.37935625873294,0.03322693800727469,0.12425775220628664,False,False,normal
3942,test,train,2892,False,-0.43496035559666174,-0.19963465062628905,7.975109075174351,7.071935599439384,258.8188405579229,60.37935625873294,0.030813479644614762,0.11712505792766775,False,False,normal
3943,train,train,2892,False,-0.42776526162847267,-0.19194168178514776,8.16450559309899,7.1681875508202015,258.8188405579229,60.37935625873294,0.03154525217522485,0.1187191781261072,False,False,normal
3944,test,train,2892,False,0.10521312481621163,-2.485491973864201,7.888609140423872,8.828083284568615,258.8188405579229,60.37935625873294,0.03047926929669722,0.14621029158938356,False,False,normal
3945,train,train,2893,False,-7.31568818740175,2.03812172368224,25.47798545357156,5.687604618253027,258.8188405579229,60.37935625873294,0.09843945440235315,0.09419783466854043,False,False,normal
3946,test,train,2893,False,-0.0032830490068576036,-2.145181897707509,8.105716451987925,2.738647518384564,258.8188405579229,60.37935625873294,0.03131810819689492,0.04535734873768981,False,False,normal
3947,train,train,2894,False,-3.645131882097076,-1.276313303828118,11.749321685846233,4.337924930109263,258.8188405579229,60.37935625873294,0.045395928907334585,0.07184450446143749,False,False,normal
3948,train,train,2895,False,-3.259749442283804,-2.6706589161142884,9.171954454107624,3.3716977272173576,258.8188405579229,60.37935625873294,0.03543773874551056,0.05584189590841644,False,False,normal
3949,train,train,2896,False,-4.263870086481265,2.5621042565018897,13.271964533397009,3.26351001467614,258.8188405579229,60.37935625873294,0.0512789737593573,0.05405009620658424,False,False,normal
3950,train,train,2896,False,-0.1210617300574653,-0.404218275086065,5.379299245183304,0.9639093680326394,258.8188405579229,60.37935625873294,0.020784032698652914,0.01596422068334365,False,False,normal
3951,train,test,2897,False,-2.6098761685698597,-3.0991707173939202,10.60041992338405,3.5249117621682893,258.8188405579229,60.37935625873294,0.040956909862254434,0.05837941940062445,False,False,normal
3952,train,test,2898,False,-2.6786015727080232,-1.6962571978495462,6.793224177097973,2.9158139474310136,258.8188405579229,60.37935625873294,0.026247023448734093,0.04829157063113415,False,False,normal
3953,train,train,2899,False,-1.804417667684985,-1.5148032014471453,6.926399158799362,2.0368895733374215,258.8188405579229,60.37935625873294,0.026761572472345785,0.03373486733792093,False,False,normal
3954,train,test,2900,False,-1.242309355844993,-2.4088493625384615,8.708447935842154,2.0078163541791736,258.8188405579229,60.37935625873294,0.03364688566361624,0.033253358077807826,False,False,normal
3955,train,train,2901,False,0.029341594618419852,-2.469218625715346,6.378164679516992,3.261565309634802,258.8188405579229,60.37935625873294,0.024643355428715697,0.05401788809504021,False,False,normal
3956,train,test,2902,False,0.6634088530006867,3.249133895855761,9.738427338751498,3.252885130456116,258.8188405579229,60.37935625873294,0.03762642363190738,0.053874127384152704,False,False,normal
3957,train,train,2903,False,2.00829422961754,-0.7448844825235597,6.232655296655804,4.147401711793987,258.8188405579229,60.37935625873294,0.02408114990091285,0.0686890680652815,False,False,normal
3958,train,train,2904,False,1.6328958814034138,1.6023886351102923,9.651801399656767,8.862337757718793,258.8188405579229,60.37935625873294,0.03729172644020373,0.1467776125293981,False,False,normal
3959,train,train,2905,False,1.585385917025348,0.8989330150489155,8.710236935019163,6.596731419954192,258.8188405579229,60.37935625873294,0.03365379783111205,0.1092547491179997,False,False,normal
3960,train,train,2906,False,2.9028402513548874,2.648679182844609,9.344167988712584,3.2448149390502006,258.8188405579229,60.37935625873294,0.036103121274207964,0.0537404692614769,False,False,normal
3961,train,train,2907,False,3.09828336346724,3.815833497621865,13.683070313248027,8.553406937892927,258.8188405579229,60.37935625873294,0.05286736577504216,0.1416611151208789,False,False,normal
3962,train,train,2907,False,1.3424016504308043,0.5129535210891293,10.610762091033491,2.509638021545865,258.8188405579229,60.37935625873294,0.040996868961163724,0.0415645044440646,False,False,normal
3963,train,train,2908,False,4.332227312322546,-0.2939830126360346,6.331007734745273,4.962015025915684,258.8188405579229,60.37935625873294,0.024461154841347078,0.08218065467032874,False,False,normal
3964,train,train,2909,False,3.8204536673279237,0.5507663250643295,13.260299628789795,5.030997680331561,258.8188405579229,60.37935625873294,0.051233903993253456,0.08332314208142795,False,False,normal
3965,train,train,2910,False,4.37893100316824,0.16246284275680878,10.580548565336192,5.810262666141288,258.8188405579229,60.37935625873294,0.040880132769810076,0.09622929136977877,False,False,normal
3966,train,train,2911,False,4.604397347001755,0.3943204092778577,7.8360790907635485,5.08206895048711,258.8188405579229,60.37935625873294,0.030276308609804844,0.08416898200619798,False,False,normal
3967,train,train,2912,False,4.371729761297204,0.9887814803474949,8.650621348462947,3.9821729600645286,258.8188405579229,60.37935625873294,0.03342346071026063,0.06595255741052339,False,False,normal
3968,train,train,2913,False,5.214523063735154,2.1562263142855636,16.658153678406592,5.33465304863045,258.8188405579229,60.37935625873294,0.06436221429049538,0.088352267714992,False,False,normal
3969,train,train,2914,False,5.593312270896949,1.6601324052711008,17.12546867778168,7.847667428558646,258.8188405579229,60.37935625873294,0.0661677822250697,0.12997269124451127,False,False,normal
3970,test,train,2915,False,-7.933459809212648,-0.4410935688445196,17.665546800498152,14.605882096177917,258.8188405579229,60.37935625873294,0.06825448550197277,0.2419019181587482,False,False,normal
3971,train,test,2916,False,-5.955467261641426,-2.6831094315925768,14.553522351260996,6.488386402139434,258.8188405579229,60.37935625873294,0.05623053684920577,0.10746034413377815,False,False,normal
3972,train,test,2917,False,-4.1911356929365144,-2.4979728265668575,11.175802178339396,3.2536530627439855,258.8188405579229,60.37935625873294,0.04318001793937518,0.05388684584184176,False,False,normal
3973,train,train,2918,False,-4.14159217427036,-2.9578348220260393,11.236147815200987,2.713405426680288,258.8188405579229,60.37935625873294,0.04341317576023361,0.04493929042656588,False,False,normal
3974,train,train,2919,False,-3.1536464786770244,-2.6991063227494942,12.03638644909154,3.1284585342682867,258.8188405579229,60.37935625873294,0.04650506285842754,0.05181338007087155,False,False,normal
3975,train,test,2920,False,-2.599022150232563,-1.5537545848735546,11.604540665884267,3.2563694356494564,258.8188405579229,60.37935625873294,0.04483653755989686,0.05393183427950961,False,False,normal
3976,train,train,2921,False,-2.9882581520171625,-0.7260777559683675,6.154696848204354,2.4384151825287432,258.8188405579229,60.37935625873294,0.023779941347921118,0.04038491520313392,False,False,normal
3977,train,test,2922,False,-2.725354637299555,-1.5525623178005747,9.018911746908948,2.600200125649548,258.8188405579229,60.37935625873294,0.034846426664563245,0.04306438966502677,False,False,normal
3978,test,train,2923,False,-2.967390547216605,-0.007384696425916,11.243274590633884,4.361823840796753,258.8188405579229,60.37935625873294,0.04344071152779031,0.07224031707303741,False,False,normal
3979,train,train,2924,False,-1.6711600807081974,-1.6271671826906078,9.090281029200025,2.832115743327405,258.8188405579229,60.37935625873294,0.035122176614362996,0.046905364992489186,False,False,normal
3980,train,train,2925,False,-1.4718650866608043,-2.4437422247892906,8.71608350161353,2.824996622069225,258.8188405579229,60.37935625873294,0.03367638724763894,0.04678745844794649,False,False,normal
3981,train,train,2926,False,-1.1338152005292794,-0.6325851161656985,6.3390430812650305,2.703435123779242,258.8188405579229,60.37935625873294,0.024492201060789358,0.04477416274851775,False,False,normal
3982,train,test,2927,False,-1.1674273912049886,-1.19871120466049,12.548073523206053,3.3859666586627752,258.8188405579229,60.37935625873294,0.048482071460318715,0.056078217266071755,False,False,normal
3983,train,train,2928,False,-1.283403441202814,-1.3029014958681002,10.693380165941695,3.8255120020307265,258.8188405579229,60.37935625873294,0.04131608094252531,0.06335794614367762,False,False,normal
3984,test,train,2929,False,-2.2753283410136413,3.2250845782131474,17.444809918159027,4.248255281241146,258.8188405579229,60.37935625873294,0.06740162300609229,0.07035940004124674,False,False,normal
3985,test,train,2929,False,0.5486133671852634,-2.0233580724416935,6.436793329101897,2.4947966236406263,258.8188405579229,60.37935625873294,0.024869879314915487,0.04131870192438152,False,False,normal
3986,test,test,2930,False,-1.0535794118593518,3.5270482071533853,16.32797306452132,3.370829137935609,258.8188405579229,60.37935625873294,0.06308649335312654,0.055827510374426535,False,False,normal
3987,train,test,2930,False,0.2136477975601404,0.1255387144189817,7.066327868342045,1.8283052948106664,258.8188405579229,60.37935625873294,0.02730221591716242,0.030280304529517577,False,False,normal
3988,train,test,2930,False,0.6787028249443362,-1.7115445831130571,4.945004918499695,1.724340118017759,258.8188405579229,60.37935625873294,0.0191060469471233,0.028558438262056826,False,False,normal
3989,test,train,2931,False,1.8813904184317813,-1.9295752418227115,10.362086784472314,2.0048825567596325,258.8188405579229,60.37935625873294,0.04003606059796605,0.033204768665774854,False,False,normal
3990,train,test,2932,False,2.215874902836861,0.36204753220187363,9.416912841065402,2.6310151509253563,258.8188405579229,60.37935625873294,0.036384186022802016,0.043574746634447936,False,False,normal
3991,train,train,2933,False,2.4029963052165497,-0.8337928447690258,7.95409082844309,3.017190230417441,258.8188405579229,60.37935625873294,0.030732271311071684,0.04997055976364523,False,False,normal
3992,train,train,2934,False,3.24671353656391,-1.602372459619945,7.966988201141475,1.940358228980736,258.8188405579229,60.37935625873294,0.030782102971976207,0.032136119846426704,False,False,normal
3993,train,train,2935,False,3.6436132294318653,-1.080078258901572,7.623067964527867,2.2538173936806296,258.8188405579229,60.37935625873294,0.029453296166906548,0.03732761548537791,False,False,normal
3994,train,train,2936,False,3.5011431665303396,2.7763240469593735,7.995266287255699,4.859502151267975,258.8188405579229,60.37935625873294,0.030891361193105964,0.0804828413612827,False,False,normal
3995,test,train,2937,False,4.896116149427331,1.9653439023217671,9.416150757648941,6.2471035562945705,258.8188405579229,60.37935625873294,0.03638124155626002,0.1034642292230637,False,False,normal
3996,train,train,2938,False,5.65519115882103,-1.2937106707071684,11.24231811375742,4.094003914585919,258.8188405579229,60.37935625873294,0.04343701598200082,0.06780469631114665,False,False,normal
3997,train,train,2939,False,5.441739201430832,0.698037128947611,11.57698163373824,6.238087277457574,258.8188405579229,60.37935625873294,0.04473005755215624,0.10331490204576886,False,False,normal
3998,train,train,2940,False,5.244927421523672,4.069771984222829,14.228062817025569,4.45598540870979,258.8188405579229,60.37935625873294,0.05497305677729968,0.07379981644082699,False,False,normal
3999,train,train,2941,False,-7.78277568566355,-1.1760364878879286,22.511443277961217,7.421520037800244,258.8188405579229,60.37935625873294,0.08697760653526775,0.12291485861489018,False,False,normal
4000,train,train,2942,False,-6.420479872466393,-2.90588882547492,993.1605881765694,5.803443412944014,258.8188405579229,60.37935625873294,3.8372808796904527,0.09611635122566639,True,False,t2 alarm only
4001,train,train,2943,False,-3.8218601807017047,-2.8726945450945207,10.919045101430077,2.864818512624249,258.8188405579229,60.37935625873294,0.04218798398869431,0.047446986687770414,False,False,normal
4002,train,train,2944,False,-3.794169461403265,-0.9304096372332988,17.273225518318725,9.747542572439542,258.8188405579229,60.37935625873294,0.06673867126938554,0.16143833217880177,False,False,normal
4003,train,train,2945,False,-2.3166860614924625,-2.826415252323066,12.269659082024278,1.686119069938565,258.8188405579229,60.37935625873294,0.04740635981358692,0.02792542309847323,False,False,normal
4004,train,train,2946,False,-2.007169595057951,0.9949949091504905,10.50829716329538,2.902720607910444,258.8188405579229,60.37935625873294,0.040600974568324184,0.04807471937050688,False,False,normal
4005,train,train,2947,False,-1.2983431817277622,-0.3690087601998112,18.32577134830421,9.955361783851806,258.8188405579229,60.37935625873294,0.0708053992854626,0.16488022398238003,False,False,normal
4006,test,test,2948,False,-1.0432006142746255,-0.2893840705907507,4.8191834976066845,2.8879464772126084,258.8188405579229,60.37935625873294,0.018619909923165603,0.047830030927083815,False,False,normal
4007,train,train,2949,False,0.7261301946947558,-0.8305803438489795,9.815402819840525,3.9198970197679794,258.8188405579229,60.37935625873294,0.03792383428765058,0.06492114627672975,False,False,normal
4008,test,train,2950,False,0.9696601708070581,-0.2430836812723996,5.640437563188671,5.180944100932752,258.8188405579229,60.37935625873294,0.021792994478415328,0.08580654750162907,False,False,normal
4009,train,train,2951,False,0.7459375617461786,4.193878356925657,12.430042516330559,2.424661970616224,258.8188405579229,60.37935625873294,0.04802603430853695,0.040157135167626666,False,False,normal
4010,train,train,2951,False,0.6091847016945532,0.22480670037399314,7.440359112253106,2.285759311327794,258.8188405579229,60.37935625873294,0.02874736281259237,0.03785663599215989,False,False,normal
4011,train,train,2952,False,2.4240196611465956,-1.7872433553567806,60.20210247877758,5.156004722743354,258.8188405579229,60.37935625873294,0.23260324615087102,0.08539350271720755,False,False,normal
4012,train,test,2953,False,2.832555135762318,0.09904017579666005,12.09429813067835,4.4053494472940775,258.8188405579229,60.37935625873294,0.046728816590814154,0.07296118607851027,False,False,normal
4013,test,train,2954,False,3.422417982656314,0.2622676990795455,5.757596409318454,3.106596066553305,258.8188405579229,60.37935625873294,0.022245661857178134,0.05145129493002807,False,False,normal
4014,train,test,2955,False,4.203398536846366,-0.8706321543754963,11.04178177963467,3.534889905495238,258.8188405579229,60.37935625873294,0.042662202472712,0.058544676931430034,False,False,normal
4015,train,test,2956,False,4.8487870667156034,0.6194845200416706,12.969363746716057,2.8998104296025233,258.8188405579229,60.37935625873294,0.05010981317572803,0.048026521137066784,False,False,normal
4016,train,test,2957,False,5.55291164743479,-0.5735235876744967,18.642438520663127,5.025251815240989,258.8188405579229,60.37935625873294,0.07202890825287893,0.08322797933961351,False,False,normal
4017,train,train,2958,False,5.787122792188184,0.17994766778545768,10.107883023204824,3.0684865116477096,258.8188405579229,60.37935625873294,0.03905389190916613,0.05082012631103367,False,False,normal
4018,train,train,2959,False,4.855868300241022,5.137145668717346,22.968085789254836,4.37010099165392,258.8188405579229,60.37935625873294,0.08874193910977916,0.07237740284821026,False,False,normal
4019,train,train,2959,False,2.1732149017692106,-0.02594119432002712,15.8368253293527,4.501475455485855,258.8188405579229,60.37935625873294,0.06118884272572292,0.07455322041189842,False,False,normal
4020,train,train,2960,False,-9.602598272196037,-2.892399385554396,95.90919384607427,15.406095604787174,258.8188405579229,60.37935625873294,0.3705649621153066,0.2551550158761244,False,False,normal
4021,test,train,2961,False,-6.760950854353731,-1.3725592173512278,23.438867308281836,5.024169087623898,258.8188405579229,60.37935625873294,0.09056090065837492,0.08321004725679283,False,False,normal
4022,train,test,2962,False,-5.239472516721811,-2.1548275008238864,14.744942399741669,3.2496740910583712,258.8188405579229,60.37935625873294,0.05697012770769211,0.05382094630378501,False,False,normal
4023,test,train,2963,False,-5.936562712969836,0.4956469736447639,13.904950308195803,2.8049915374747467,258.8188405579229,60.37935625873294,0.053724644922377336,0.04645613519718585,False,False,normal
4024,test,test,2964,False,-2.8225731658766486,-3.0075827768607932,15.431953849188984,4.639693964709621,258.8188405579229,60.37935625873294,0.05962453821338157,0.0768423887268351,False,False,normal
4025,train,train,2965,False,-1.8196748902514133,-1.9329048806950455,8.889228942705492,3.1040726825627933,258.8188405579229,60.37935625873294,0.034345370389355825,0.051409502765505835,False,False,normal
4026,test,train,2966,False,-0.927677098221765,-1.1454227157280152,10.150901985287735,4.3601537541452915,258.8188405579229,60.37935625873294,0.03922010454650805,0.07221265717808416,False,False,normal
4027,train,train,2967,False,0.40349641311138745,-2.1586960461771416,7.750975378555944,1.951598418200803,258.8188405579229,60.37935625873294,0.029947492855804284,0.03232227932073281,False,False,normal
4028,train,train,2968,False,3.048146856137948,-1.540654744963878,7.897388102683461,3.7210214820376364,258.8188405579229,60.37935625873294,0.03051318862900187,0.06162737916735322,False,False,normal
4029,train,test,2969,False,2.592962766068217,0.34211131409739365,14.497584589509271,6.508414616854852,258.8188405579229,60.37935625873294,0.056014409763437426,0.1077920504644915,False,False,normal
4030,test,train,2970,False,5.2653807652926,-0.1280999962985656,23.745129769745937,7.034048917159867,258.8188405579229,60.37935625873294,0.09174420887814713,0.11649758051440802,False,False,normal
4031,train,train,2971,False,4.046149677947671,4.782902560873218,17.689379342287655,5.804659683659035,258.8188405579229,60.37935625873294,0.06834656744522748,0.0961364950428646,False,False,normal
4032,train,train,2971,False,2.0286787305315426,-0.07880188821274935,14.100413501955646,3.9873907472653634,258.8188405579229,60.37935625873294,0.054479857306987726,0.06603897415167703,False,False,normal
4033,train,test,2972,False,-9.418683043306894,4.500017744780048,25.770431618896804,11.284216820473755,258.8188405579229,60.37935625873294,0.09956938051088077,0.18688865731061297,False,False,normal
4034,train,test,2972,False,0.057850538862760675,-2.3893292727036637,8.759779657585488,3.0068357809997517,258.8188405579229,60.37935625873294,0.03384521636331601,0.04979906986942842,False,False,normal
4035,test,test,2973,False,-6.587269484457674,0.30145193562755357,21.94889789162502,6.706295931410868,258.8188405579229,60.37935625873294,0.08480409634905586,0.11106935129737999,False,False,normal
4036,train,test,2974,False,-4.6260319371218355,-3.757133176433918,14.292424866060898,2.132714331617095,258.8188405579229,60.37935625873294,0.055221732835412714,0.03532191238472555,False,False,normal
4037,test,train,2975,False,-4.5863973543575485,1.7426930914194407,13.117209112495594,2.6774069092243753,258.8188405579229,60.37935625873294,0.05068104425558618,0.044343084708478156,False,False,normal
4038,train,train,2976,False,-3.1079040860067932,-3.1683101531523703,26.86322430693796,6.578215017663013,258.8188405579229,60.37935625873294,0.10379161056834287,0.1089480813520859,False,False,normal
4039,train,train,2977,False,-2.8847374395328744,-2.4192894023826987,9.747464057857359,4.86108880202728,258.8188405579229,60.37935625873294,0.03766133886097796,0.08050911939499518,False,False,normal
4040,train,train,2978,False,-2.6857238699408144,-2.082029670553501,12.12458770838572,2.928374775867922,258.8188405579229,60.37935625873294,0.0468458466248027,0.04849960246875567,False,False,normal
4041,test,train,2979,False,-3.107924536216346,3.1972891691067256,13.306814247848022,3.1115157240055904,258.8188405579229,60.37935625873294,0.051413622822678536,0.051532774060597204,False,False,normal
4042,train,train,2979,False,-0.04951724094225656,0.035826044089843655,8.113372750669528,1.3506997635100852,258.8188405579229,60.37935625873294,0.0313476898867947,0.02237022464635382,False,False,normal
4043,train,train,2979,False,-0.009722571923249263,0.02263693799713619,6.13814731385083,1.0448059588736787,258.8188405579229,60.37935625873294,0.023715998806806842,0.017304026137618247,False,False,normal
4044,train,train,2980,False,-0.294602970715661,-1.9410615738835915,5.6657511572320916,3.1085429597464533,258.8188405579229,60.37935625873294,0.021890798772680974,0.05148353928163735,False,False,normal
4045,train,train,2981,False,-1.248001648998749,3.5341547773469917,12.508001330126996,3.768648908644318,258.8188405579229,60.37935625873294,0.04832724427311443,0.06241618232057983,False,False,normal
4046,train,train,2981,False,0.7619854515765433,-1.6602780374339836,4.9674284421517525,1.8902300893817483,258.8188405579229,60.37935625873294,0.019192684858040914,0.03130590000466187,False,False,normal
4047,test,train,2982,False,1.4325738929159597,-0.2717928638917967,6.686040225089938,2.5518496566705857,258.8188405579229,60.37935625873294,0.025832896131816267,0.042263611518738246,False,False,normal
4048,test,train,2983,False,1.7339954875976467,-6.106579673199054,218.6175455045369,7.688535311041226,258.8188405579229,60.37935625873294,0.8446740006765888,0.12733715275291954,False,False,normal
4049,train,train,2984,False,3.1434531865012145,2.72899870807274,16.461854217564984,2.088338914443729,258.8188405579229,60.37935625873294,0.06360377081544366,0.03458696885562908,False,False,normal
4050,test,train,2985,False,3.894608148752184,-0.05474410264210947,11.318992164199152,9.046003579777325,258.8188405579229,60.37935625873294,0.04373326199823538,0.14981947705792178,False,False,normal
4051,test,train,2986,False,4.343472953030496,-0.735142108571073,21.948947426508347,8.449904817602386,258.8188405579229,60.37935625873294,0.08480428773729955,0.1399469179729825,False,False,normal
4052,train,train,2987,False,4.455716836504614,2.4976629731146014,25.483604201721175,15.857675457462458,258.8188405579229,60.37935625873294,0.09846116359530642,0.26263405971919235,False,False,normal
4053,train,test,2988,False,-9.248929569113225,0.12229847900987986,27.039246781494235,2.6638175750519157,258.8188405579229,60.37935625873294,0.10447170972254986,0.04411801880823524,False,False,normal
4054,train,train,2989,False,-5.473656517338259,-0.714764677825073,13.906711383942852,7.5460047927420115,258.8188405579229,60.37935625873294,0.053731449201939264,0.1249765691506623,False,False,normal
4055,train,train,2990,False,-3.699037326997539,0.47396949796054194,10.779706257649627,3.0987546342721077,258.8188405579229,60.37935625873294,0.04164961961197396,0.05132142550499486,False,False,normal
4056,train,test,2991,False,-0.523281756326289,-1.7041638847771101,13.914908901705273,2.8184660016523626,258.8188405579229,60.37935625873294,0.05376312200344301,0.0466792986260882,False,False,normal
4057,train,train,2992,False,0.529957417429056,-1.8302401430993693,9.887390576806617,2.605522005387915,258.8188405579229,60.37935625873294,0.03820197384198484,0.04315253038179033,False,False,normal
4058,train,train,2993,False,0.834974249068208,-5.815704876591472,205.82621934910955,9.592712793832545,258.8188405579229,60.37935625873294,0.7952520724744003,0.15887404881772166,False,False,normal
4059,train,train,2994,False,5.673121133353328,-0.2522962417537803,31.46774390873064,14.849500602050192,258.8188405579229,60.37935625873294,0.12158212223228104,0.24593671615871926,False,False,normal
4060,train,test,2995,False,-8.339342996522793,3.4569142148836995,24.435524513213334,7.175532424124152,258.8188405579229,60.37935625873294,0.09441169143845514,0.1188408235651953,False,False,normal
4061,train,test,2995,False,-0.362611490148173,-0.4548487511070949,6.211283350089696,1.2942212229739694,258.8188405579229,60.37935625873294,0.023998574975068823,0.021434829769103082,False,False,normal
4062,train,train,2996,False,-8.720381399543882,3.2786708079739557,39.15243738746916,14.270638455167532,258.8188405579229,60.37935625873294,0.1512735212902979,0.2363496290688509,False,False,normal
4063,train,test,2997,False,-2.231926256026733,2.9316448391872636,12.836752309833814,3.729650172647162,258.8188405579229,60.37935625873294,0.049597441523817454,0.06177028712702987,False,False,normal
4064,train,train,2998,False,-0.7054723867543136,2.705339230156121,11.536869384031476,5.0922177245634925,258.8188405579229,60.37935625873294,0.04457507559790478,0.08433706551528498,False,False,normal
4065,train,train,2998,False,0.2237671289546519,0.25561612421150326,6.603395260921936,1.1740475594489406,258.8188405579229,60.37935625873294,0.02551358025825062,0.01944451932243204,False,False,normal
4066,train,train,2998,False,0.193738357750387,0.2249459938219594,5.574347339474961,1.1600105711806654,258.8188405579229,60.37935625873294,0.021537641260808597,0.01921203939654272,False,False,normal
4067,train,train,2998,False,0.4320640712215156,-0.7815330716350333,3.802260285083696,0.5799914759113904,258.8188405579229,60.37935625873294,0.01469081724068987,0.009605790983031616,False,False,normal
4068,train,train,2999,False,0.17689741286530217,0.8656279627928912,14.792593575646148,7.134900059392255,258.8188405579229,60.37935625873294,0.05715423785903101,0.11816787229095875,False,False,normal
4069,train,train,3000,False,0.9911297438219044,0.05215855871849589,7.848938994905701,2.763404646727259,258.8188405579229,60.37935625873294,0.03032599550321041,0.04576737510889867,False,False,normal
4070,train,train,3001,False,0.5283547354035333,0.4490878801835223,13.986401975341751,4.319689672006619,258.8188405579229,60.37935625873294,0.05403935024665114,0.0715424929920786,False,False,normal
4071,train,train,3002,False,1.677713010453559,-0.16972159148947688,6.8013691603600375,4.83170048368725,258.8188405579229,60.37935625873294,0.026278493272354764,0.08002239147735894,False,False,normal
4072,train,train,3003,False,3.171988057982579,-1.8283497007506317,16.134653723432184,4.481526272461754,258.8188405579229,60.37935625873294,0.06233956418571196,0.07422282300026295,False,False,normal
4073,test,train,3004,False,3.541043672542271,-1.3160020038227966,10.434747954562132,4.019198526253614,258.8188405579229,60.37935625873294,0.04031680202286845,0.06656577306042906,False,False,normal
4074,test,train,3005,False,4.807949581276119,-5.546010411124445,201.1110961232516,9.292664620110658,258.8188405579229,60.37935625873294,0.7770342208848723,0.15390466536758776,False,False,normal
4075,train,train,3006,False,-10.242386618817745,4.715083705655227,24.16878955478472,1.7202494805072117,258.8188405579229,60.37935625873294,0.09338110588350239,0.02849068931996777,False,False,normal
4076,train,train,3007,False,-5.1435798532202,-0.6293844699017264,10.184197123874076,4.786192387819499,258.8188405579229,60.37935625873294,0.03934874718517597,0.07926868857809742,False,False,normal
4077,train,test,3008,False,-3.5889048344274674,-0.7220293085564129,9.986087929192738,2.1410501390965937,258.8188405579229,60.37935625873294,0.038583311429980234,0.035459969628061805,False,False,normal
4078,train,train,3009,False,-3.475936638652877,-0.18455412989283812,14.527942022165641,5.694197456591892,258.8188405579229,60.37935625873294,0.05613170196902389,0.09430702494063631,False,False,normal
4079,train,train,3010,False,-2.996213618068091,-4.922072661177419,237.91666242915383,5.811204113239675,258.8188405579229,60.37935625873294,0.9192401214544069,0.09624488357143049,False,False,normal
4080,train,train,3011,False,0.9914418020456917,-2.4859298472390328,10.521155981381952,1.718558146627838,258.8188405579229,60.37935625873294,0.040650657265529896,0.028462677529445753,False,False,normal
4081,train,test,3012,False,-0.11210458290868888,0.9087400219223003,26.255336753391035,7.077155455729918,258.8188405579229,60.37935625873294,0.10144291156236428,0.11721150893698568,False,False,normal
4082,test,train,3013,False,0.2268327994571393,2.3463432988615196,20.14537741360431,6.308899917642273,258.8188405579229,60.37935625873294,0.07783582281018617,0.10448769759332749,False,False,normal
4083,train,train,3014,False,1.478588870617843,3.5464527102455126,14.300045794900047,2.4306708796274963,258.8188405579229,60.37935625873294,0.05525117786662729,0.040256654430228994,False,False,normal
4084,train,train,3014,False,0.777892360402835,0.4629598486087835,7.928157778060713,1.5527880700642571,258.8188405579229,60.37935625873294,0.03063207361941031,0.025717201478769828,False,False,normal
4085,train,train,3014,False,1.2379084855666647,-1.6858773129190263,7.3865386167829215,2.5069111210409183,258.8188405579229,60.37935625873294,0.028539416222018953,0.041519341648799585,False,False,normal
4086,train,train,3015,False,4.2553754974067415,0.17068542591849284,7.602519544727399,3.812684709951634,258.8188405579229,60.37935625873294,0.029373903106663435,0.06314550114800517,False,False,normal
4087,test,train,3016,False,3.3023581648672744,0.986767555308175,7.350060143869321,4.947196505357926,258.8188405579229,60.37935625873294,0.028398474114269122,0.08193523104417647,False,False,normal
4088,train,train,3017,False,2.2188870513354453,-0.9556541896882177,355.9339681422067,144.17265868913097,258.8188405579229,60.37935625873294,1.3752243359677276,2.387780652568296,True,True,both alarms
4089,train,train,3018,False,4.698545373376389,1.6257968466493422,13.274554032544962,3.3620337417733777,258.8188405579229,60.37935625873294,0.05128897882368095,0.05568184144538824,False,False,normal
4090,train,train,3019,False,5.710202578206241,0.3120764851059502,11.692759959390074,2.826111499916899,258.8188405579229,60.37935625873294,0.04517739100517015,0.04680592300134279,False,False,normal
4091,train,train,3020,False,-8.156231892334738,2.1157984602143824,56.205262306844865,19.557071270499517,258.8188405579229,60.37935625873294,0.21716062936409875,0.32390327559464316,False,False,normal
4092,train,train,3021,False,-6.020838525048364,1.474707245648659,16.698016236588263,4.451150542466239,258.8188405579229,60.37935625873294,0.06451623151001365,0.07371974161818674,False,False,normal
4093,train,train,3021,False,-0.4113413163787533,-0.186843916240502,6.368776865560557,1.318403284926189,258.8188405579229,60.37935625873294,0.02460708367223847,0.021835331918357483,False,False,normal
4094,train,train,3021,False,-0.4073758418430087,-0.2025123879203579,6.340627932300985,1.226366188276705,258.8188405579229,60.37935625873294,0.024498324459814477,0.02031101794165502,False,False,normal
4095,train,train,3021,False,-0.4068824994856142,-0.20501371040908564,6.318403108407218,1.1624761038433447,258.8188405579229,60.37935625873294,0.02441245426641643,0.019252873430150398,False,False,normal
4096,test,train,3021,False,-0.40649101338642685,-0.2070703651820116,6.2937667316493,1.104921284392805,258.8188405579229,60.37935625873294,0.02431726654088296,0.018299653273183003,False,False,normal
4097,train,train,3021,False,-0.40580086451483066,-0.210332581925617,6.281530064307124,1.0527654548614505,258.8188405579229,60.37935625873294,0.024269987651464407,0.0174358509280924,False,False,normal
4098,train,train,3021,False,-0.40175867172564256,-0.21020177950825125,6.372892632083498,1.059194596669647,258.8188405579229,60.37935625873294,0.024622985785523844,0.017542330066105182,False,False,normal
4099,test,train,3021,False,-0.4008652917795107,-0.2141683387202524,6.3686886533817875,1.022615578477107,258.8188405579229,60.37935625873294,0.02460674284628245,0.01693651012268289,False,False,normal
4100,train,train,3021,False,-0.3998614809082132,-0.2185892892258286,6.367178851722017,0.9935474517908152,258.8188405579229,60.37935625873294,0.024600909416009308,0.016455085203845875,False,False,normal
4101,train,train,3021,False,-0.39876212979582015,-0.22337184612338196,6.369897079697564,0.9714089483415767,258.8188405579229,60.37935625873294,0.024611411850722666,0.01608842837242203,False,False,normal
4102,train,train,3021,False,-0.39843378500074483,-0.22515953038068756,6.361242367788434,0.9491774359591713,258.8188405579229,60.37935625873294,0.02457797258528715,0.01572023113151173,False,False,normal
4103,train,train,3021,False,-0.3986630199549966,-0.22477877904113144,6.342562219014099,0.9284974092277616,258.8188405579229,60.37935625873294,0.02450579797568737,0.015377729521478109,False,False,normal
4104,train,train,3021,False,-0.3988544456036059,-0.2245549188694442,6.332587424719593,0.912236629053165,258.8188405579229,60.37935625873294,0.02446725829954554,0.015108419260783757,False,False,normal
4105,test,train,3021,False,-0.3991048046937104,-0.22410836138994317,6.321848465240635,0.9017738234185014,258.8188405579229,60.37935625873294,0.02442576611352149,0.01493513477610278,False,False,normal
4106,test,train,3021,False,-0.4005379046679733,-0.21875271345376393,6.299103271897813,0.8929480932782982,258.8188405579229,60.37935625873294,0.02433788536537429,0.01478896345717742,False,False,normal
4107,train,train,3021,False,-0.4005462455994217,-0.21498009905282445,6.309932151267696,0.9120646474573662,258.8188405579229,60.37935625873294,0.024379724975452672,0.015105570909849673,False,False,normal
4108,train,train,3021,False,-0.4011367750734803,-0.21309658692942007,6.307162088340783,0.9173948353133936,258.8188405579229,60.37935625873294,0.02436902226570812,0.015193849225259116,False,False,normal
4109,train,train,3021,False,-0.40163402216654326,-0.21159983252184844,6.3009925671658324,0.9294056504417211,258.8188405579229,60.37935625873294,0.02434518504751469,0.015392771768865901,False,False,normal
4110,train,train,3021,False,-0.3970591600407311,-0.2055694056408804,6.488768434868474,1.0907210330679793,258.8188405579229,60.37935625873294,0.025070695861556906,0.01806446939238812,False,False,normal
4111,train,train,3021,False,-0.39721314512648415,-0.20548353928805171,6.493485276740399,1.116531344562874,258.8188405579229,60.37935625873294,0.025088920353490172,0.018491938532408332,False,False,normal
4112,train,train,3021,False,-0.39755112548868704,-0.20465119584360159,6.4985539067813765,1.1483834490430036,258.8188405579229,60.37935625873294,0.0251085040516091,0.019019471557829133,False,False,normal
4113,train,train,3021,False,-0.3977156439147646,-0.2045333872654567,6.507030494444935,1.1856089466495061,258.8188405579229,60.37935625873294,0.02514125509726438,0.019635998462272874,False,False,normal
4114,train,train,3021,False,-0.3979291472895214,-0.20421739474565737,6.5150092852216375,1.2288903968606506,258.8188405579229,60.37935625873294,0.025172082801922596,0.020352823763054126,False,False,normal
4115,train,train,3021,False,-0.39807152937770657,-0.20419769305621305,6.532470308802248,1.276435930037846,258.8188405579229,60.37935625873294,0.025239547069759397,0.021140270601232674,False,False,normal
4116,train,train,3021,False,-0.39824192227544725,-0.20406070775260166,6.549387134098803,1.3299564065962386,258.8188405579229,60.37935625873294,0.025304908715225734,0.02202667416487868,False,False,normal
4117,train,train,3021,False,-0.3984340431709447,-0.20383352165547625,6.566039898411755,1.3895607426881103,258.8188405579229,60.37935625873294,0.025369250106590652,0.02301383831807799,False,False,normal
4118,train,train,3021,False,-0.3985690241896099,-0.20384478199475062,6.59173897739428,1.4532791874303033,258.8188405579229,60.37935625873294,0.025468543801466677,0.02406914014125662,False,False,normal
4119,train,train,3021,False,-0.3987607484019598,-0.20361911757122347,6.614220579225652,1.5236612175333182,258.8188405579229,60.37935625873294,0.025555406109415008,0.025234803945312752,False,False,normal
4120,train,train,3021,False,-0.39889321456129184,-0.20363997829097685,6.642629543533931,1.598942802892537,258.8188405579229,60.37935625873294,0.025665170005455342,0.026481613948331467,False,False,normal
4121,train,train,3021,False,-0.39898622707100434,-0.20383175514107535,6.6760211147946,1.678770025301723,258.8188405579229,60.37935625873294,0.025794185231660237,0.027803708573970014,False,False,normal
4122,train,train,3021,False,-0.39919444433073553,-0.2035374158249665,6.710427382420628,1.7649206207236126,258.8188405579229,60.37935625873294,0.025927120946664058,0.02923053059990755,False,False,normal
4123,train,train,3021,False,-0.3993426152553205,-0.20348627039240855,6.744478949879444,1.8569581158756223,258.8188405579229,60.37935625873294,0.026058686204376416,0.030754851176589715,False,False,normal
4124,train,train,3021,False,-0.3994684396277817,-0.20353546729115649,6.786677166350371,1.9530389268508528,258.8188405579229,60.37935625873294,0.026221727721678485,0.03234613695584699,False,False,normal
4125,test,train,3021,False,-0.3995812877808919,-0.20363812781789686,6.829633586951605,2.0552375457155647,258.8188405579229,60.37935625873294,0.026387698717099974,0.03403874557570008,False,False,normal
4126,test,train,3021,False,-0.3996974746557335,-0.20372589577575595,6.875021638201617,2.1628669446475666,258.8188405579229,60.37935625873294,0.026563064819321018,0.035821298514336866,False,False,normal
4127,test,train,3021,False,-0.39979365325883115,-0.2039025554381757,6.91970862795492,2.2766760953757346,258.8188405579229,60.37935625873294,0.026735722225779423,0.037706200205578515,False,False,normal
4128,test,train,3021,False,-0.39988173414255396,-0.2041123866723824,6.971209521791224,2.3952157723540024,258.8188405579229,60.37935625873294,0.0269347065567705,0.039669448645497464,False,False,normal
4129,train,train,3021,False,-0.4114983581315798,-0.21661324731084006,6.861559202910553,2.073695761451022,258.8188405579229,60.37935625873294,0.026511049922484126,0.03434444965867111,False,False,normal
4130,test,train,3021,False,-0.41575590051718075,-0.1995010719685881,6.886419984019317,2.1969289020906735,258.8188405579229,60.37935625873294,0.026607104680534864,0.03638543101845213,False,False,normal
4131,train,train,3021,False,-0.41604017155716094,-0.19889262444662564,6.949090375992462,2.324856091729807,258.8188405579229,60.37935625873294,0.02684924467250009,0.038504154992436715,False,False,normal
4132,train,train,3021,False,-0.41645195305579513,-0.19776270390482703,7.019311046315409,2.456816847935787,258.8188405579229,60.37935625873294,0.02712055672293497,0.04068968270228032,False,False,normal
4133,test,train,3021,False,-0.416944171983854,-0.19629350308874333,7.086496962245823,2.596124588728551,258.8188405579229,60.37935625873294,0.027380143373526494,0.042996890818176974,False,False,normal
4134,train,train,3021,False,-0.428947651741365,-0.2073993156729313,7.432464688339305,2.4084101840584395,258.8188405579229,60.37935625873294,0.0287168610767188,0.03988797385878224,False,False,normal
4135,train,train,3021,False,-0.4294265615056028,-0.2059861173055012,7.519083236924256,2.548870697393728,258.8188405579229,60.37935625873294,0.02905152971366282,0.04221427413819228,False,False,normal
4136,train,train,3021,False,-0.4226803130765792,-0.23548678939086753,7.53352078069591,2.693248955135577,258.8188405579229,60.37935625873294,0.02910731214333653,0.04460545991240243,False,False,normal
4137,train,train,3022,False,-2.8037185305066323,-0.7570544339631096,8.808208215424228,5.242472893951491,258.8188405579229,60.37935625873294,0.03403233009017741,0.08682558441807249,False,False,normal
4138,train,test,3023,False,-1.214011918490822,-1.6949936455542913,8.595428268873281,2.906216936612818,258.8188405579229,60.37935625873294,0.03321021085769701,0.04813262539864324,False,False,normal
4139,train,test,3024,False,-0.9564046630555224,3.193256708165944,12.189596768795617,4.3071583815615275,258.8188405579229,60.37935625873294,0.04709702254487776,0.07133495036125967,False,False,normal
4140,train,test,3024,False,0.7223908137464983,-2.2829921446129773,6.826728401582454,3.626798188881616,258.8188405579229,60.37935625873294,0.02637647393391615,0.06006685750905229,False,False,normal
4141,train,train,3025,False,3.0373365515519395,-0.9471252119171973,9.444488884073328,3.457036967467333,258.8188405579229,60.37935625873294,0.036490731755517924,0.05725528030894377,False,False,normal
4142,train,train,3026,False,2.402549425028988,-0.03649705529562987,7.724704982239265,4.337893568278648,258.8188405579229,60.37935625873294,0.029845991758511485,0.0718439850483043,False,False,normal
4143,train,train,3027,False,3.981253142869816,-0.24355622354235235,15.250821711302999,4.323376360248491,258.8188405579229,60.37935625873294,0.05892469682047706,0.07160355174577042,False,False,normal
4144,train,test,3028,False,5.073841618573386,-1.0838835519574817,24.662848238604887,5.4242433347218055,258.8188405579229,60.37935625873294,0.09529000356172067,0.08983605773268363,False,False,normal
4145,test,train,3029,False,-10.345250129282872,5.572191814668753,26.16533949778963,2.8616163012472535,258.8188405579229,60.37935625873294,0.10109518859363681,0.04739395181665861,False,False,normal
4146,train,train,3029,False,-0.13901701888492282,-1.473393334735442,5.429636041492062,2.420035411114551,258.8188405579229,60.37935625873294,0.020978519298624727,0.040080510311246154,False,False,normal
4147,train,train,3030,False,-5.997243400832837,-4.141241755766977,22.872580057232906,5.180353115581052,258.8188405579229,60.37935625873294,0.08837293300567928,0.08579675963060295,False,False,normal
4148,test,test,3031,False,-2.9535142326543737,2.8591756834070567,12.117978783768324,3.883692681998722,258.8188405579229,60.37935625873294,0.04682031168073468,0.0643215317724923,False,False,normal
4149,train,test,3031,False,-0.09031718677741984,0.1346638444350915,6.187976151567588,1.175834675323943,258.8188405579229,60.37935625873294,0.02390852280393682,0.019474117449767885,False,False,normal
4150,train,test,3031,False,-0.07753955558962594,0.12281285519648662,6.458188775571499,1.1262723575606832,258.8188405579229,60.37935625873294,0.024952545037486076,0.018653268722085545,False,False,normal
4151,test,test,3031,False,-0.09961773554378661,0.08880844576599335,5.854185669616141,1.0712504087271257,258.8188405579229,60.37935625873294,0.022618854396366836,0.017741997846692607,False,False,normal
4152,train,test,3031,False,0.44562965260771364,-2.2262310054457983,6.734615010655041,2.47773411176922,258.8188405579229,60.37935625873294,0.026020574839673828,0.0410361134218097,False,False,normal
4153,train,test,3032,False,-0.18902805094335784,-1.451941343918023,10.756854402590838,1.9515803270981116,258.8188405579229,60.37935625873294,0.041561326754276554,0.03232197969675846,False,False,normal
4154,test,train,3033,False,3.1714241329453774,-1.4526316353881428,8.466828852831803,1.9548008128919532,258.8188405579229,60.37935625873294,0.0327133404762199,0.032375317227884844,False,False,normal
4155,test,train,3034,False,2.3174115134321185,6.205677101980229,34.8293737114847,11.827370001551278,258.8188405579229,60.37935625873294,0.1345704726765824,0.19588433422293455,False,False,normal
4156,train,train,3034,False,1.7048560605309107,0.792980262282016,14.784705446972534,4.42647610771581,258.8188405579229,60.37935625873294,0.057123760446116986,0.0733110848142835,False,False,normal
4157,train,train,3034,False,1.7228923434864336,0.8122249737835175,15.36899283747763,4.0415198034922435,258.8188405579229,60.37935625873294,0.05938127535208587,0.0669354569825792,False,False,normal
4158,train,train,3034,False,1.724456174877728,0.8223528060600603,15.462717243351284,4.023688949968896,258.8188405579229,60.37935625873294,0.05974339893501985,0.06664014324245023,False,False,normal
4159,train,train,3034,False,1.7308709169765806,0.8298861367513736,15.902437405586824,4.0360372797976725,258.8188405579229,60.37935625873294,0.06144234852187241,0.0668446556883243,False,False,normal
4160,train,train,3034,False,1.9364717068699888,-0.34969672478243424,13.105782011479015,4.940868903106608,258.8188405579229,60.37935625873294,0.05063689329272758,0.08183043359943057,False,False,normal
4161,train,train,3035,False,5.03191383096186,4.657913703517245,15.759742485604347,4.202883668398583,258.8188405579229,60.37935625873294,0.0608910172521902,0.06960795756729686,False,False,normal
4162,train,train,3035,False,2.39476784007632,-1.7701226261094762,21.23235204981479,7.808365876150345,258.8188405579229,60.37935625873294,0.08203557362379518,0.12932178082009588,False,False,normal
4163,train,train,3036,False,-10.85780443455841,5.39738775454965,26.079418294935895,2.575876762553273,258.8188405579229,60.37935625873294,0.10076321429582866,0.04266154729300732,False,False,normal
4164,train,train,3036,False,0.03677437378243888,-2.2618195223935835,7.827165063272237,3.174195435256716,258.8188405579229,60.37935625873294,0.030241867425105557,0.05257087242955853,False,False,normal
4165,train,train,3037,False,-6.213695169369797,-5.112140053295141,36.392208469406526,6.871539363148355,258.8188405579229,60.37935625873294,0.1406088072682717,0.1138061050817264,False,False,normal
4166,train,train,3038,False,-3.3511704172000716,-3.231509851177213,9.820149577775993,3.0090096248380562,258.8188405579229,60.37935625873294,0.03794217436646878,0.04983507296672858,False,False,normal
4167,train,train,3039,False,-0.03203406574745941,-4.529353843350496,20.77519313882024,1.7357343025799292,258.8188405579229,60.37935625873294,0.08026924583247567,0.028747148199826694,False,False,normal
4168,train,train,3040,False,1.938591549609008,-3.1341667191857017,23.645987306335794,3.6650702746431527,258.8188405579229,60.37935625873294,0.09136115151185793,0.06070071795628091,False,False,normal
4169,train,test,3041,False,5.160566186306689,-2.510451020658848,24.99364188204859,4.241208859658504,258.8188405579229,60.37935625873294,0.09656809306529246,0.07024269754524053,False,False,normal
4170,train,train,3042,False,-8.465016925113781,4.076030403790629,25.019489211611223,6.078236549698756,258.8188405579229,60.37935625873294,0.09666795955687753,0.10066746196585416,False,False,normal
4171,train,train,3042,False,0.07653982802039626,-2.377617972023559,8.024953087163691,3.093657019906554,258.8188405579229,60.37935625873294,0.031006062270678206,0.05123699906057055,False,False,normal
4172,train,test,3043,False,-6.330337172341518,2.691907879879815,19.465247031486587,3.596031631034129,258.8188405579229,60.37935625873294,0.07520799872809229,0.059557303254852416,False,False,normal
4173,train,test,3043,False,0.14892667130606121,-2.5556428107794873,8.215822205654968,4.129484348789263,258.8188405579229,60.37935625873294,0.031743524497461345,0.0683923215592746,False,False,normal
4174,test,train,3044,False,-3.415964256923954,-2.58794035541488,7.963928597600892,3.343414863348454,258.8188405579229,60.37935625873294,0.030770281562321533,0.05537347647466647,False,False,normal
4175,train,train,3045,False,-1.40871449642657,-3.0526880499543596,7.581279457107273,2.51987728298633,258.8188405579229,60.37935625873294,0.029291837645067438,0.041734086600531926,False,False,normal
4176,train,train,3046,False,-2.383068197832934,2.7581092177753788,12.120029264938442,2.9947911529375633,258.8188405579229,60.37935625873294,0.04682823413786994,0.04959958731763413,False,False,normal
4177,train,train,3047,False,0.03806732264945326,2.432375074945791,11.643407770096575,3.102441982407716,258.8188405579229,60.37935625873294,0.04498670863758396,0.05138249518781505,False,False,normal
4178,train,train,3048,False,4.596346149552551,-2.567992327717578,16.340770838346092,6.996105975655654,258.8188405579229,60.37935625873294,0.06313594019322977,0.11586917133856947,False,False,normal
4179,train,train,3049,False,4.086366781894509,-2.4436317192666546,52.87876517695034,9.213961772017733,258.8188405579229,60.37935625873294,0.20430802125132086,0.1526011925754024,False,False,normal
4180,train,train,3050,False,5.943683428286765,0.1066619495399438,14.502052000725406,5.798259278580062,258.8188405579229,60.37935625873294,0.056031670528559875,0.09603049184118179,False,False,normal
4181,train,train,3051,False,-7.577875274021457,-5.096341637086569,52.44998629252527,6.840064039154014,258.8188405579229,60.37935625873294,0.2026513455491163,0.11328481227662483,False,False,normal
4182,test,train,3052,False,-5.78838438696091,-3.549126579869953,28.816254521061808,4.747721031158097,258.8188405579229,60.37935625873294,0.11133754582527317,0.07863152781579072,False,False,normal
4183,train,train,3053,False,-3.940928235294194,-0.9735092942061483,16.793741257394657,4.730768058693562,258.8188405579229,60.37935625873294,0.06488608488158445,0.07835075349961734,False,False,normal
4184,train,train,3054,False,0.09285642297884751,-1.9144514264736863,11.144027620020971,1.582739119880583,258.8188405579229,60.37935625873294,0.04305725037635724,0.026213249328103993,False,False,normal
4185,train,test,3055,False,2.5711130707036567,-1.2200478328407327,9.079777627912199,4.117434765947823,258.8188405579229,60.37935625873294,0.035081594556019856,0.06819275694666418,False,False,normal
4186,train,test,3056,False,3.4179732367531868,-1.6303190344965295,7.986831158370903,3.5950206452934217,258.8188405579229,60.37935625873294,0.03085877033199781,0.05954055935754462,False,False,normal
4187,test,train,3057,False,5.480482775267822,-0.3770169594281828,14.18891269957117,4.086555129589504,258.8188405579229,60.37935625873294,0.05482179221954953,0.06768132989159598,False,False,normal
4188,train,test,3058,False,-10.362311204791904,4.172388516888436,34.99083819958469,8.412433078275997,258.8188405579229,60.37935625873294,0.1351943240459492,0.1393263128249942,False,False,normal
4189,train,train,3059,False,-5.172996399985649,1.3704859191773013,26.249264777321812,11.46093340856842,258.8188405579229,60.37935625873294,0.1014194512298161,0.18981542895980733,False,False,normal
4190,test,train,3059,False,0.15628951375935973,-2.48763271702964,8.32492257245326,3.402380753091421,258.8188405579229,60.37935625873294,0.032165056278390086,0.05635006671008221,False,False,normal
4191,train,train,3060,False,-0.43516515431727887,-2.82990226890243,12.982082180343317,3.3935250407560713,258.8188405579229,60.37935625873294,0.05015895346860564,0.05620339882748005,False,False,normal
4192,test,test,3061,False,-0.27196840797541916,2.8066098338489627,27.472024179634,4.830692044691868,258.8188405579229,60.37935625873294,0.10614383450761902,0.08000568975912496,False,False,normal
4193,test,test,3061,False,0.6260417237596426,-0.5126988885058442,4.677789391988207,0.9493901011916421,258.8188405579229,60.37935625873294,0.01807360461821299,0.01572375328288346,False,False,normal
4194,train,train,3062,False,2.3303146895284415,-2.460131395645581,8.252228119127697,2.583197240490048,258.8188405579229,60.37935625873294,0.0318841862568381,0.042782788697195304,False,False,normal
4195,train,train,3063,False,4.514611192204527,-1.023903824319033,38.11108957836545,18.489152847936477,258.8188405579229,60.37935625873294,0.14725005913870595,0.3062164619428566,False,False,normal
4196,train,test,3064,False,6.421969607178949,-0.5796246269279316,19.75949512769094,8.842955212350816,258.8188405579229,60.37935625873294,0.07634488696841536,0.1464565997434234,False,False,normal
4197,train,train,3065,False,-6.919436350489921,2.794879863300701,17.444488563060155,9.286856446773015,258.8188405579229,60.37935625873294,0.06740038138435339,0.15380847067957626,False,False,normal
4198,test,train,3065,False,0.10236165514681782,-2.5101787238401725,8.754125468107766,3.0290187649109397,258.8188405579229,60.37935625873294,0.03382337023547796,0.0501664633841279,False,False,normal
4199,train,train,3066,False,-4.694035711319079,-4.134590836777169,18.18099614906695,3.864539186524062,258.8188405579229,60.37935625873294,0.07024603042759592,0.06400431249985572,False,False,normal
4200,train,train,3067,False,-2.8769239298544984,2.553660007561735,16.499494498187577,2.3578754345098805,258.8188405579229,60.37935625873294,0.06374920180702624,0.03905101976255088,False,False,normal
4201,train,train,3067,False,-0.08762169535624706,0.11109361095015753,6.159436198676676,1.1253785095896216,258.8188405579229,60.37935625873294,0.023798252806476863,0.018638464854895717,False,False,normal
4202,test,train,3067,False,0.22641239104878327,-1.406387041882388,5.502456416507398,1.7945668651089102,258.8188405579229,60.37935625873294,0.021259875844610178,0.02972153027632443,False,False,normal
4203,train,train,3068,False,2.2317056099443806,-1.6374366393231419,11.18030568428555,2.7237563402829363,258.8188405579229,60.37935625873294,0.04319741816393552,0.04511072176078371,False,False,normal
4204,train,train,3069,False,4.327114285902352,-0.9915512138283088,8.227722660541252,2.8536291999299794,258.8188405579229,60.37935625873294,0.031789504360676214,0.04726166982804236,False,False,normal
4205,train,train,3070,False,4.4068958194610826,0.4310169319177988,9.31449346914686,2.952667311884885,258.8188405579229,60.37935625873294,0.03598846764427223,0.048901934284167316,False,False,normal
4206,train,train,3071,False,5.118138219802471,4.181598909559051,19.34057755770326,3.274323231116297,258.8188405579229,60.37935625873294,0.07472631248950709,0.05422918417820523,False,False,normal
4207,train,train,3071,False,1.9020007968144368,0.8311542827726951,16.745830574109206,4.503205650765016,258.8188405579229,60.37935625873294,0.06470097206992757,0.07458187582305827,False,False,normal
4208,train,train,3072,False,-7.916326377111785,0.19274276589757303,24.539081220285446,5.136992637538633,258.8188405579229,60.37935625873294,0.09481180414604969,0.08507862547467365,False,False,normal
4209,train,train,3073,False,-5.0002230820772455,-2.4046173175368986,11.990398801871274,6.16495925845677,258.8188405579229,60.37935625873294,0.046327380093443615,0.10210375930540173,False,False,normal
4210,train,train,3074,False,-5.6417028871227,2.6482516362619686,18.691012949792768,4.849527532221487,258.8188405579229,60.37935625873294,0.07221658558357452,0.08031764219944093,False,False,normal
4211,train,train,3074,False,-0.4079556116230643,-0.384856873975454,6.221199393982238,1.1755140139085067,258.8188405579229,60.37935625873294,0.024036887656909013,0.019468806670797964,False,False,normal
4212,test,test,3075,False,-1.5902074613210029,2.5941542962105864,19.59602648711721,3.0230063031334216,258.8188405579229,60.37935625873294,0.07571329214239207,0.05006688528078155,False,False,normal
4213,train,test,3075,False,0.2860902901961771,-1.8290579200947128,6.898546271118129,1.9245893332183677,258.8188405579229,60.37935625873294,0.026653957093105266,0.03187495615175601,False,False,normal
4214,test,train,3076,False,2.799029200066537,-1.7275166165328664,12.866650112847797,3.7350768334076556,258.8188405579229,60.37935625873294,0.049712957855432005,0.06186016322205215,False,False,normal
4215,train,train,3077,False,2.136079954469832,0.8656467886164393,11.265984089482785,2.8910433065608436,258.8188405579229,60.37935625873294,0.04352845436289438,0.04788132046609389,False,False,normal
4216,train,train,3078,False,4.234022483020514,-0.17338643789415462,13.672098140176935,7.658895511488281,258.8188405579229,60.37935625873294,0.052824972520179266,0.12684625981550673,False,False,normal
4217,test,train,3079,False,4.391415477316581,-0.34466189213677784,12.486604145675708,2.1550139031637823,258.8188405579229,60.37935625873294,0.04824457183549295,0.03569123681824767,False,False,normal
4218,train,test,3080,False,5.6870492746376815,-0.9008285100801164,26.0622679805683,8.546377409088295,258.8188405579229,60.37935625873294,0.10069695051715388,0.1415446924022512,False,False,normal
4219,train,train,3081,False,-10.456323428127394,5.205352866864515,24.8973352495265,3.300756582086566,258.8188405579229,60.37935625873294,0.09619599251683746,0.054666972068109165,False,False,normal
4220,test,train,3081,False,0.05465507744052865,-2.493456851673107,9.180465645647983,3.451407235741514,258.8188405579229,60.37935625873294,0.03547062349038466,0.05716204096234168,False,False,normal
4221,train,train,3082,False,-3.8318819300014253,-2.012744909711894,10.68255972768606,3.2792739217643248,258.8188405579229,60.37935625873294,0.04127427394643372,0.05431117727907257,False,False,normal
4222,train,train,3083,False,0.9963354722745336,-3.632677017327492,23.088608866889818,2.95272196066975,258.8188405579229,60.37935625873294,0.08920760489120055,0.048902839374718975,False,False,normal
4223,train,test,3084,False,4.635008859889239,-4.048059319744129,24.386978583593983,2.7384286465921517,258.8188405579229,60.37935625873294,0.09422412422149866,0.045353723793570264,False,False,normal
4224,test,train,3085,False,3.540421007774481,-1.1375733847794092,8.096966768915982,3.1766403884640106,258.8188405579229,60.37935625873294,0.031284301990773755,0.052611365627213996,False,False,normal
4225,train,test,3086,False,4.5465654350679365,-0.34778876970427614,19.861244173156138,13.195987277197725,258.8188405579229,60.37935625873294,0.076738015402365,0.21855130784520627,False,False,normal
4226,train,train,3087,False,4.635070417312076,-0.6503465624009029,9.574891481826041,5.1891257022725386,258.8188405579229,60.37935625873294,0.03699456910163852,0.08594205079028168,False,False,normal
4227,train,train,3088,False,5.86798213986945,1.443170761188853,33.97513742198027,18.18418922601154,258.8188405579229,60.37935625873294,0.13126995449304138,0.3011656690755374,False,False,normal
4228,train,test,3089,False,-6.717720028587371,1.0785391848064882,17.522579760294526,7.758069507306466,258.8188405579229,60.37935625873294,0.0677021028396618,0.12848877477365256,False,False,normal
4229,train,train,3090,False,-2.0516078058005944,-1.892493542928426,13.496986296885092,3.997722300745097,258.8188405579229,60.37935625873294,0.052148391777779045,0.06621008484446848,False,False,normal
4230,train,train,3091,False,-0.7653077617029779,2.156388924574457,18.38645759732728,3.517008203053527,258.8188405579229,60.37935625873294,0.07103987313169516,0.058248521033955974,False,False,normal
4231,train,train,3092,False,4.329686647954308,-1.078277445826476,11.91049494128366,3.4393396820328768,258.8188405579229,60.37935625873294,0.04601865503921121,0.056962178717091395,False,False,normal
4232,test,train,3093,False,4.994421249313366,4.119320866712247,21.315997629608628,9.954146023913335,258.8188405579229,60.37935625873294,0.08235875558231694,0.16486008862463852,False,False,normal
4233,train,train,3094,False,-9.743873030483057,1.955934364036246,28.205823080966688,6.851084559801706,258.8188405579229,60.37935625873294,0.10897901798866265,0.1134673336105799,False,False,normal
4234,train,train,3095,False,-4.622726538051167,-1.1389767410868603,18.52518625598519,6.761452722845818,258.8188405579229,60.37935625873294,0.0715758799322776,0.11198285542946441,False,False,normal
4235,train,train,3096,False,-1.2424732722826084,-2.3741483856584424,9.574562374968652,2.9732638029917293,258.8188405579229,60.37935625873294,0.03699329752938095,0.049243052381196806,False,False,normal
4236,test,train,3097,False,1.3961239835904118,-0.8732722173133013,7.856179886570241,2.741071732785208,258.8188405579229,60.37935625873294,0.03035397218237693,0.04539749846022504,False,False,normal
4237,train,train,3098,False,2.0423287851439635,0.6342029274976412,6.496796341346203,3.347416501399551,258.8188405579229,60.37935625873294,0.025101713334861487,0.0554397514119803,False,False,normal
4238,train,train,3099,False,3.899312889160482,1.1595845097192898,11.740073443106327,3.6808502678556656,258.8188405579229,60.37935625873294,0.045360196413054145,0.060962065446388186,False,False,normal
4239,train,train,186,False,4.042257613697611,3.9056582799036628,23.20235079562956,4.262406208280218,258.8188405579229,60.37935625873294,0.08964707030451649,0.07059376701558866,False,False,normal
4240,train,train,186,False,2.0642466255431082,-1.1153111464480872,12.780201238083803,4.256417040047832,258.8188405579229,60.37935625873294,0.04937894478830892,0.07049457469881863,False,False,normal
4241,train,test,3100,False,-10.691119606811743,5.430989086296767,26.39088921259961,3.603362675451,258.8188405579229,60.37935625873294,0.10196664646093802,0.05967871966057653,False,False,normal
4242,train,test,3100,False,-0.4575987364292287,-0.006567750605449325,8.337702869449126,1.8100605078193526,258.8188405579229,60.37935625873294,0.03221443559315835,0.02997813524316194,False,False,normal
4243,train,test,3100,False,-0.21384097041327074,-1.2184557403403473,5.649309648486311,1.0543382833111843,258.8188405579229,60.37935625873294,0.021827273610794232,0.01746190003737727,False,False,normal
4244,train,train,3101,False,-4.7855790279061985,-5.104268645438103,17.83095397699357,5.135880625732757,258.8188405579229,60.37935625873294,0.06889357026156315,0.08506020838852404,False,False,normal
4245,test,train,3102,False,-1.7137276425497252,-1.998140822686055,9.372288942609394,2.5496653469018375,258.8188405579229,60.37935625873294,0.03621177238259014,0.042227435085200465,False,False,normal
4246,train,train,3103,False,0.28915684195643465,-1.6030447762936189,7.798855632226842,3.6443030208895095,258.8188405579229,60.37935625873294,0.030132488096365925,0.060356771696492166,False,False,normal
4247,train,train,3104,False,3.116009828228811,-2.0108230228955404,9.6053959692963,2.3417821024350474,258.8188405579229,60.37935625873294,0.037112429483844474,0.0387844827692469,False,False,normal
4248,test,train,3105,False,3.7868017732718564,-0.7423895814919174,17.89830147021901,11.003690009046727,258.8188405579229,60.37935625873294,0.06915378119937687,0.18224258572573326,False,False,normal
4249,train,train,3106,False,5.8018033276095275,-1.0537212197396086,17.014722518304772,6.099538366635029,258.8188405579229,60.37935625873294,0.06573989158450359,0.10102026163541326,False,False,normal
4250,train,train,3107,False,-10.74219220277813,4.977377593001973,51.73830514020146,119.6631426081712,258.8188405579229,60.37935625873294,0.19990161855555713,1.9818552237523033,False,True,q alarm only
4251,train,train,3108,False,-3.979010142040037,-5.668563353424753,33.2680700342818,10.877696237822764,258.8188405579229,60.37935625873294,0.1285380537312024,0.18015588293473192,False,False,normal
4252,test,test,3109,False,-1.783927182990608,-2.269688107860578,13.32180490918916,4.232694449586544,258.8188405579229,60.37935625873294,0.05147154233622254,0.0701016822943413,False,False,normal
4253,train,train,3110,False,3.8265988292435007,-4.206904190436015,27.867172408538813,2.507779359733763,258.8188405579229,60.37935625873294,0.10767057123224467,0.04153372137635289,False,False,normal
4254,train,train,3111,False,0.7826514097330945,3.871571221168026,14.430053705532053,5.908864981996608,258.8188405579229,60.37935625873294,0.055753490257609936,0.09786233819182168,False,False,normal
4255,train,train,3111,False,1.1547817285959132,-1.6574799906731226,6.4459758151296604,2.740267853913742,258.8188405579229,60.37935625873294,0.0249053577445691,0.045384184656943986,False,False,normal
4256,test,train,3112,False,3.7215421126015436,-1.325004559861615,15.613759393041738,14.71899630854317,258.8188405579229,60.37935625873294,0.060326981449201816,0.243775310314182,False,False,normal
4257,train,train,3113,False,5.786772491096638,1.528660099637486,31.40771562280318,19.973794268295283,258.8188405579229,60.37935625873294,0.12135019056224473,0.330805021880411,False,False,normal
4258,train,test,3114,False,-10.461533170390183,3.714297643305961,48.59837383995515,5.9819747388785585,258.8188405579229,60.37935625873294,0.1877698460250964,0.09907317847585297,False,False,normal
4259,test,train,3115,False,-6.151752187432471,-3.6361180652556166,17.48681828509926,12.574970180003243,258.8188405579229,60.37935625873294,0.06756393100055544,0.2082660524918145,False,False,normal
4260,test,train,3116,False,-1.907847498816461,-1.2744441355080793,9.730879623098703,2.9515752230699035,258.8188405579229,60.37935625873294,0.03759726147494645,0.04888384716163654,False,False,normal
4261,train,train,3117,False,0.3265057962965499,-3.6560006592136487,8.163982362377926,4.805697174482971,258.8188405579229,60.37935625873294,0.03154323056536083,0.07959172591854026,False,False,normal
4262,train,train,3118,False,1.9861998009397275,-0.8044663290519443,12.699869071845466,3.412033528012628,258.8188405579229,60.37935625873294,0.04906856488681036,0.056509935504970375,False,False,normal
4263,test,train,3119,False,4.63585724162489,-0.9568736617314766,10.23563418619178,3.7643110653147542,258.8188405579229,60.37935625873294,0.03954748488992274,0.06234433916758271,False,False,normal
4264,test,train,3120,False,5.446089770733612,0.057346552755110025,22.96217326621245,10.28527265800781,258.8188405579229,60.37935625873294,0.08871909485690468,0.17034419204362095,False,False,normal
4265,train,train,3121,False,-9.121977724992362,-0.5189397864460851,30.27124072255458,8.316193801947911,258.8188405579229,60.37935625873294,0.11695918526371717,0.13773240255016966,False,False,normal
4266,train,train,3122,False,-2.5219212890623495,-2.5771479715846737,14.878689005249502,2.8635740872839066,258.8188405579229,60.37935625873294,0.057486885317839506,0.04742637657501913,False,False,normal
4267,train,train,3123,False,2.2309109018211,-0.6426639340109523,7.577587066955243,3.2020416422817415,258.8188405579229,60.37935625873294,0.029277571333758454,0.053032059973620795,False,False,normal
4268,train,train,3124,False,1.3238047394054782,2.476661185241905,10.161791247743068,10.23615725775882,258.8188405579229,60.37935625873294,0.039262177459097644,0.16953074514235678,False,False,normal
4269,train,train,3125,False,3.9567988635796807,0.14664866876361635,6.090143760462677,2.780197978584039,258.8188405579229,60.37935625873294,0.023530527172343624,0.046045505464989554,False,False,normal
4270,test,train,3126,False,5.529755228269424,-1.0456832668290312,12.679915980640972,3.654536674676294,258.8188405579229,60.37935625873294,0.048991472001449,0.06052626097926842,False,False,normal
4271,train,train,3127,False,-10.338551831271086,4.255808927377411,60.32293903107136,20.168257994982678,258.8188405579229,60.37935625873294,0.23307012310632486,0.334025720787072,False,False,normal
4272,train,train,3127,False,-0.23736634174152124,-1.1628747482692017,5.642694059944387,1.3465095521221684,258.8188405579229,60.37935625873294,0.021801712919278644,0.022300826566487558,False,False,normal
4273,train,train,3128,False,-6.832280737694312,1.34892785590391,22.64529386619681,11.702947601408926,258.8188405579229,60.37935625873294,0.08749476590414158,0.19382365640435717,False,False,normal
4274,train,train,3128,False,-0.4603323190735858,-0.2663772391569085,7.693042408809899,1.8702416057917575,258.8188405579229,60.37935625873294,0.029723656872221473,0.03097485169894066,False,False,normal
4275,train,train,3128,False,0.05172313105455552,-2.5657749492831794,13.51780934395398,2.7898254217825356,258.8188405579229,60.37935625873294,0.05222884591714541,0.04620495471710218,False,False,normal
4276,train,train,3129,False,-4.853275813427025,-2.6137863980264413,15.444814453670283,3.360841957266967,258.8188405579229,60.37935625873294,0.05967422781269194,0.055662103167601645,False,False,normal
4277,test,train,3130,False,0.3731757637338152,-1.9786046694829968,9.277458698117915,2.5587748609751584,258.8188405579229,60.37935625873294,0.03584537616395684,0.04237830642000379,False,False,normal
4278,test,train,3131,False,-0.7326291505156787,2.393229881610354,8.44029590958148,2.4713292334570203,258.8188405579229,60.37935625873294,0.03261082497467013,0.0409300361346529,False,False,normal
4279,train,test,3132,False,3.3347305875489743,-2.665150435179011,7.21247899070039,4.212440708733459,258.8188405579229,60.37935625873294,0.027866900937941023,0.06976624081056172,False,False,normal
4280,train,train,3133,False,2.9731144509534797,-0.13488920342998847,7.366059418726257,3.244668919768347,258.8188405579229,60.37935625873294,0.02846029061426753,0.05373805089714013,False,False,normal
4281,train,train,3134,False,3.3504707343422377,-0.12662205181421754,15.373973143056947,12.188184209765305,258.8188405579229,60.37935625873294,0.05940051779042066,0.20186012181940866,False,False,normal
4282,train,train,3135,False,3.7033705496064178,-0.1420969797882,9.043889248726451,3.871655876631954,258.8188405579229,60.37935625873294,0.034942932397158524,0.06412217877980406,False,False,normal
4283,train,test,3136,False,3.746116778691054,0.313135968673495,11.566964327717068,3.4434630430634368,258.8188405579229,60.37935625873294,0.04469135362318577,0.057030469624548094,False,False,normal
4284,train,test,3137,False,4.155943250265869,-0.24252559621886882,15.350190463082514,2.7292702404596905,258.8188405579229,60.37935625873294,0.059308628498577896,0.045202042710830385,False,False,normal
4285,train,train,3138,False,5.108438307552515,0.24714673336929605,11.68663282500279,2.6599493103490786,258.8188405579229,60.37935625873294,0.045153717557077755,0.04405395279391303,False,False,normal
4286,train,test,3139,False,5.282448092799098,3.964017449152089,26.284878448261626,19.13258179906017,258.8188405579229,60.37935625873294,0.10155705199668084,0.3168729013452,False,False,normal
4287,train,test,3139,False,2.2171038221003934,-0.3675715568483748,14.84692104888021,4.8216272595688014,258.8188405579229,60.37935625873294,0.05736414326281441,0.07985555922304866,False,False,normal
4288,train,train,3140,False,-9.363115129293815,-0.07722385082877478,39.66877814590419,9.43862099042813,258.8188405579229,60.37935625873294,0.15326851036188935,0.15632198776652212,False,False,normal
4289,train,train,3141,False,-6.188178305050608,-3.4411201449103825,18.150766036535803,5.034422710508267,258.8188405579229,60.37935625873294,0.07012923014958687,0.08337986726680471,False,False,normal
4290,train,train,3142,False,-2.2734022014125186,-2.359084889508795,10.149479328398154,2.870615689560051,258.8188405579229,60.37935625873294,0.039214607818037615,0.047542999253902464,False,False,normal
4291,test,train,3143,False,0.08456603066839286,-1.3789214426860776,21.211118496917766,4.046884891932419,258.8188405579229,60.37935625873294,0.08195353341045039,0.06702431331978799,False,False,normal
4292,train,train,3144,False,-0.4382743611455539,-1.524677540038256,12.502630883781041,4.479493254939039,258.8188405579229,60.37935625873294,0.04830649444541882,0.07418915226164158,False,False,normal
4293,train,train,3145,False,2.5578839162601197,-1.7234041140881964,10.771028099330396,2.874458217800089,258.8188405579229,60.37935625873294,0.04161608975649465,0.04760663902216319,False,False,normal
4294,train,train,3146,False,2.6416031285071084,2.6086591461287836,10.862463131792119,3.8005140201331713,258.8188405579229,60.37935625873294,0.04196936787281964,0.06294393076745475,False,False,normal
4295,test,train,3147,False,4.480109075559812,-0.45983260806307574,14.49391468336278,5.714293168842446,258.8188405579229,60.37935625873294,0.05600023032372361,0.09463984916228653,False,False,normal
4296,train,train,3148,False,3.992947496067414,2.8202179151838784,15.6008060999869,3.8613433784660858,258.8188405579229,60.37935625873294,0.060276933728460484,0.06395138368020613,False,False,normal
4297,train,train,3149,False,4.409317537534219,-0.27820673832377635,12.3073182621142,5.452800057823431,258.8188405579229,60.37935625873294,0.047551863827161596,0.09030901280990004,False,False,normal
4298,train,train,3150,False,-5.510259510733838,-5.3659748872633894,38.51837713306603,54.97778055979121,258.8188405579229,60.37935625873294,0.14882369865359835,0.9105393625630039,False,False,normal
4299,train,test,3151,False,-1.0376905054428058,-0.04729116531354304,67.64107876058486,60.659539342053726,258.8188405579229,60.37935625873294,0.26134526611267694,1.004640378776484,False,True,q alarm only
4300,train,test,3151,False,-6.592043193616619,-5.183417483573238,108.5419144426783,27.095841267614865,258.8188405579229,60.37935625873294,0.4193740850113535,0.4487600224074246,False,False,normal
4301,test,train,3152,False,-4.875720303908447,-5.512357967466355,26.597100133626153,5.240934331556116,258.8188405579229,60.37935625873294,0.1027633849077297,0.08680010282153507,False,False,normal
4302,train,train,3153,False,-4.816229962475485,-4.142761072970313,23.801632363237125,4.4387465456434985,258.8188405579229,60.37935625873294,0.0919625183078988,0.07351430721823077,False,False,normal
4303,train,test,3154,False,-5.7115691537282585,-2.439515635511177,31.050451180641772,13.725473785536105,258.8188405579229,60.37935625873294,0.11996982566534901,0.22732063797965596,False,False,normal
4304,train,train,3155,False,-4.854524347356522,-4.497218208415326,202.39356851789023,7.2133384571815435,258.8188405579229,60.37935625873294,0.7819893176308204,0.11946696526990955,False,False,normal
4305,train,train,3156,False,-5.017530799039491,-4.06840038584016,27.28225392831968,9.23889599219692,258.8188405579229,60.37935625873294,0.10541061798093478,0.15301415193310638,False,False,normal
4306,train,train,3157,False,-5.113287356240691,-3.7200290350847816,22.201009813101578,8.82665175828337,258.8188405579229,60.37935625873294,0.0857781827831543,0.14618658271976412,False,False,normal
4307,train,train,3158,False,-5.16262406187867,-4.79132477237967,50.80890466875869,21.557498343079605,258.8188405579229,60.37935625873294,0.1963106880443188,0.35703425274531053,False,False,normal
4308,train,train,3159,False,-5.215515707080379,-4.204593616230887,58.29688022280164,13.855250504252172,258.8188405579229,60.37935625873294,0.2252420268058305,0.22946999376543079,False,False,normal
4309,test,train,3160,False,-4.514540065965716,-3.9562360515744377,24.417808650817065,5.976864850928179,258.8188405579229,60.37935625873294,0.09434324254826584,0.09898854875690594,False,False,normal
4310,train,train,3161,False,-4.598323920175665,-4.176633178046627,23.83226571612243,5.243585021861917,258.8188405579229,60.37935625873294,0.09208087658822828,0.0868440034271401,False,False,normal
4311,train,train,3162,False,-4.589025270944572,-3.97079383818496,22.90498070065579,11.298860332245578,258.8188405579229,60.37935625873294,0.08849811957769636,0.18713118244965343,False,False,normal
4312,train,train,3163,False,-4.679365708688289,-3.610910724959565,16.920020800362067,7.423325806706102,258.8188405579229,60.37935625873294,0.06537399195471404,0.12294476567282767,False,False,normal
4313,train,train,3164,False,-6.319777245866775,-4.760959782480508,170.6593049589593,33.03866035629421,258.8188405579229,60.37935625873294,0.6593774417313575,0.5471847068842454,False,False,normal
4314,train,test,3165,False,-4.768615989566163,-2.408330603189381,18.408621655801785,7.568377053577764,258.8188405579229,60.37935625873294,0.07112550854535642,0.12534709746070066,False,False,normal
4315,train,train,3166,False,1.5149596098697242,-5.7090230543894345,33.14168101226611,6.854472783745748,258.8188405579229,60.37935625873294,0.12804972366317785,0.11352344921289806,False,False,normal
4316,train,train,3167,False,3.7944954089124328,-3.1451534611930465,19.345002664304136,7.108235874622747,258.8188405579229,60.37935625873294,0.07474340980201857,0.11772626134275241,False,False,normal
4317,train,test,3168,False,-8.229389804909257,1.261133770364703,47.54624424688101,11.707731360104317,258.8188405579229,60.37935625873294,0.1837047262262204,0.1939028847862381,False,False,normal
4318,train,test,3168,False,0.04413805438660673,-2.9076681537149693,18.08038464744729,5.235078993894074,258.8188405579229,60.37935625873294,0.06985729712903552,0.08670312700024689,False,False,normal
4319,train,train,3169,False,-4.922517243058112,-6.4097909893682665,31.82837805059887,4.20529860854657,258.8188405579229,60.37935625873294,0.12297550665936073,0.06964795369010478,False,False,normal
4320,train,train,3170,False,2.1955926513016055,-4.8445269359116585,26.991107895742488,4.205766497518204,258.8188405579229,60.37935625873294,0.1042857152035729,0.06965570284479317,False,False,normal
4321,test,train,3171,False,5.82008058787567,-4.291243721510754,24.415985803264064,5.738003630093591,258.8188405579229,60.37935625873294,0.09433619960058448,0.09503254068336771,False,False,normal
4322,train,train,3172,False,-9.757916311990353,1.9532651210394887,55.20776086868737,10.049590288624046,258.8188405579229,60.37935625873294,0.2133065767147351,0.1664408319552186,False,False,normal
4323,train,train,3173,False,-2.5084791748909554,-7.25276618033016,30.435501491496595,7.658649437414768,258.8188405579229,60.37935625873294,0.11759384064115386,0.12684218434851335,False,False,normal
4324,train,train,3174,False,2.298732572755197,-3.057092275314263,20.335520500194548,3.84245580915505,258.8188405579229,60.37935625873294,0.07857047986289668,0.06363856866392639,False,False,normal
4325,train,train,3175,False,3.758731623458193,-2.1535939969919795,23.42309250250721,7.119305501533732,258.8188405579229,60.37935625873294,0.09049995144099716,0.1179095959722829,False,False,normal
4326,train,train,3176,False,-9.32484745065749,-0.5565790392289658,65.80181371360071,20.431144119186374,258.8188405579229,60.37935625873294,0.2542388860554163,0.33837962815695516,False,False,normal
4327,train,train,3177,False,-6.06653587678814,-5.622058959997416,29.606685010165812,11.969592464215486,258.8188405579229,60.37935625873294,0.11439153713208881,0.19823981582255226,False,False,normal
4328,train,train,3178,False,-0.6991258054292296,-4.404602309072564,18.484487022409393,4.231868407514112,258.8188405579229,60.37935625873294,0.07141863004471893,0.07008800142518971,False,False,normal
4329,train,train,3179,False,4.537260058183778,-4.482003291911054,24.85101688403423,3.7935019394206773,258.8188405579229,60.37935625873294,0.09601703195356308,0.06282779702329148,False,False,normal
4330,train,train,3180,False,5.3277352374475635,-1.698638659733832,34.35992164747992,9.114766314329483,258.8188405579229,60.37935625873294,0.1327566477518095,0.15095832216679475,False,False,normal
4331,train,train,3181,False,-10.253474467690742,1.1203322697527034,90.15183202248598,16.92912896604308,258.8188405579229,60.37935625873294,0.3483202066285057,0.2803794212959093,False,False,normal
4332,train,train,3182,False,-3.8268524856905994,-6.416008317703839,29.66735590088121,7.455247517754503,258.8188405579229,60.37935625873294,0.11462595163833036,0.1234734515188909,False,False,normal
4333,train,train,1445,False,-2.2064882167655697,-3.6410573612137322,20.67569546327579,6.856449716249955,258.8188405579229,60.37935625873294,0.0798848160308045,0.11355619107413513,False,False,normal
4334,train,train,3183,False,0.6996794671950306,-4.424402270534554,20.536053843059857,4.807987894883145,258.8188405579229,60.37935625873294,0.07934528181484511,0.07962966471984775,False,False,normal
4335,train,train,3184,False,2.976066178945105,-3.446921512582016,12.924061806800214,5.7441291088406174,258.8188405579229,60.37935625873294,0.049934779782416366,0.09513399056833796,False,False,normal
4336,train,train,3185,False,2.0749958129114963,-4.3216342343937,313.73735923357634,24.04080898101953,258.8188405579229,60.37935625873294,1.2121890298143223,0.3981627243258725,True,False,t2 alarm only
4337,train,train,3186,False,4.060370668868373,-3.7574485142313927,23.513731176899302,8.18222701232461,258.8188405579229,60.37935625873294,0.09085015266358477,0.1355136510111629,False,False,normal
4338,train,train,3187,False,-9.069466491301421,1.8360546344735926,30.220160950235776,6.299251427586692,258.8188405579229,60.37935625873294,0.11676182802261102,0.10432789976417814,False,False,normal
4339,train,train,3188,False,-6.211577756490811,-1.9884389902287547,27.067690499312956,10.003603719487455,258.8188405579229,60.37935625873294,0.10458160789594947,0.16567920460464644,False,False,normal
4340,train,train,3189,False,-4.17249550055126,-7.179634925032845,39.62501051380066,6.051976065035076,258.8188405579229,60.37935625873294,0.15309940508342823,0.10023253707942192,False,False,normal
4341,train,train,3190,False,-0.3581512126709434,-5.913744678989016,26.528140180670437,3.922143733033778,258.8188405579229,60.37935625873294,0.10249694389900305,0.06495835623399017,False,False,normal
4342,train,train,3191,False,4.229581985438608,-4.3784993158416645,81.17224990049586,10.884874466142005,258.8188405579229,60.37935625873294,0.31362573808582433,0.1802747684075826,False,False,normal
4343,train,train,3192,False,-9.544434027328615,3.080972986754317,28.140332141199625,2.8601822087797597,258.8188405579229,60.37935625873294,0.1087259802282512,0.04737020044605193,False,False,normal
4344,train,train,3192,False,-0.4800262700321161,-0.5599708605937417,9.496468471626807,4.515805907750134,258.8188405579229,60.37935625873294,0.03669156561846789,0.07479056067440257,False,False,normal
4345,test,train,3193,False,-4.862620691341178,-5.404643168804221,22.63341511010669,4.726011418089763,258.8188405579229,60.37935625873294,0.08744886987870343,0.07827197424626764,False,False,normal
4346,train,test,3194,False,-0.8480111194461588,-5.80227323761553,23.15102212611255,2.8440715535169563,258.8188405579229,60.37935625873294,0.089448751397723,0.047103376546940336,False,False,normal
4347,train,train,3195,False,3.456279725754514,-4.85921204573797,30.108151281614347,4.616837478211794,258.8188405579229,60.37935625873294,0.11632905555372902,0.07646384069462549,False,False,normal
4348,train,test,3196,False,5.706026498638958,-4.4896567706043555,56.43623827032903,8.518706622254347,258.8188405579229,60.37935625873294,0.21805305266290598,0.14108641015897297,False,False,normal
4349,train,test,3197,False,-11.059937913928415,3.286829628456898,50.05962960081834,7.182915230020884,258.8188405579229,60.37935625873294,0.19341570919994575,0.11896309724206419,False,False,normal
4350,test,test,3197,False,0.004127426299033403,-2.7611390630633252,16.54169922909286,5.212927104793071,258.8188405579229,60.37935625873294,0.06391226849418977,0.08633624847630106,False,False,normal
4351,train,test,3198,False,-2.971032781743292,-6.240617405458544,32.34331945528855,5.243026604996451,258.8188405579229,60.37935625873294,0.1249650890389883,0.08683475495381963,False,False,normal
4352,train,train,3199,False,-0.8762553807326552,-3.2709544174006133,23.853438790046482,6.3338494682267825,258.8188405579229,60.37935625873294,0.09216268312858064,0.10490091085246854,False,False,normal
4353,train,test,3200,False,3.2293914682902,-5.225427437932141,25.243475625731143,2.690919809978188,258.8188405579229,60.37935625873294,0.09753337728936208,0.044566884722110435,False,False,normal
4354,test,train,3201,False,3.1612735563840593,-2.199601167077584,19.1849075084829,5.912146898653917,258.8188405579229,60.37935625873294,0.07412484913048428,0.09791669313795999,False,False,normal
4355,train,train,3202,False,4.4799731835396654,-1.9315077724937169,18.091878809927916,9.212758010378943,258.8188405579229,60.37935625873294,0.06990170719769918,0.15258125593292426,False,False,normal
4356,train,train,3203,False,-8.91394534403667,0.5605707259356199,30.621915625595573,5.968398541632592,258.8188405579229,60.37935625873294,0.11831409011641283,0.09884833014875602,False,False,normal
4357,train,train,3204,False,-6.297137337686389,-4.554700014809335,21.667455561079525,6.577181883860777,258.8188405579229,60.37935625873294,0.0837166858269362,0.10893097063964621,False,False,normal
4358,train,train,3205,False,-3.2330804296690054,-6.574903480392274,26.91274508674897,6.1136999692735685,258.8188405579229,60.37935625873294,0.10398294432018358,0.10125480541852111,False,False,normal
4359,train,train,3206,False,-3.5044603464734974,-5.477825541387328,29.336614941055718,6.737772816568831,258.8188405579229,60.37935625873294,0.11334806568878926,0.1115906699583985,False,False,normal
4360,train,test,3207,False,-1.584263311593393,-3.928748240814982,16.835307508910336,5.731199498274027,258.8188405579229,60.37935625873294,0.0650466846718705,0.0949198509787871,False,False,normal
4361,train,test,3208,False,2.937009800830354,-4.01303154057845,17.756481077907694,5.68573268082122,258.8188405579229,60.37935625873294,0.06860582884781855,0.09416683173065242,False,False,normal
4362,train,train,3209,False,5.2438330329494445,-3.851992981572214,27.048811476334937,2.6757597044760204,258.8188405579229,60.37935625873294,0.10450866489482434,0.04431580378250576,False,False,normal
4363,train,test,3210,False,-8.76888920963217,-2.068455256043549,36.98154458073496,6.548671330502235,258.8188405579229,60.37935625873294,0.14288582894898874,0.1084587802234985,False,False,normal
4364,train,train,3211,False,-6.105972948341499,-6.308443978816419,27.159165361399968,4.108799287074923,258.8188405579229,60.37935625873294,0.10493503990225096,0.06804973656009539,False,False,normal
4365,train,train,3212,False,-2.0307730811516236,-5.706624362044744,21.510392806338995,5.011649959171135,258.8188405579229,60.37935625873294,0.08310984146273939,0.08300270605230703,False,False,normal
4366,train,train,3213,False,0.8326325712178875,-3.5484041238316966,22.65019083974178,4.796386076842461,258.8188405579229,60.37935625873294,0.08751368637196538,0.07943751596637366,False,False,normal
4367,train,train,3214,False,3.814271614547994,-2.6581535330730492,18.15757013559756,3.8379096386690335,258.8188405579229,60.37935625873294,0.0701555191903966,0.06356327520656431,False,False,normal
4368,train,train,3215,False,6.433765664541564,-3.4356771325084567,36.55746118758157,7.780328784563789,258.8188405579229,60.37935625873294,0.14124729524626753,0.12885743185508847,False,False,normal
4369,test,train,3216,False,-9.21906502487894,-1.5710477112450105,42.2059653555232,3.956068932403349,258.8188405579229,60.37935625873294,0.1630714567167595,0.06552022375745625,False,False,normal
4370,train,train,3217,False,-1.92544815014606,-3.9902863753855593,14.35332122628325,6.059301772710844,258.8188405579229,60.37935625873294,0.055457018489621965,0.10035386509829608,False,False,normal
4371,test,train,3218,False,-3.3198206334692792,-0.41972745747065454,27.96540863799575,11.308196179297438,258.8188405579229,60.37935625873294,0.10805012717664646,0.1872858023003828,False,False,normal
4372,train,train,3219,False,-1.0707363935773007,-6.284719975262424,31.318828901323432,10.491610147353144,258.8188405579229,60.37935625873294,0.1210067583712646,0.173761543637453,False,False,normal
4373,test,train,3220,False,0.5997842476197738,-4.523677523866394,27.175648412303662,6.596671429686898,258.8188405579229,60.37935625873294,0.10499872557083738,0.10925375556207245,False,False,normal
4374,train,train,3221,False,1.766564631746902,-2.3738019908342403,23.89580494639648,5.137703951652395,258.8188405579229,60.37935625873294,0.09232637351626134,0.08509040622488097,False,False,normal
4375,train,train,3222,False,5.275798157518216,-1.7251172367071352,34.077489469771116,6.81269813646934,258.8188405579229,60.37935625873294,0.1316654127509109,0.11283157950999169,False,False,normal
4376,train,test,3223,False,5.905115469926165,-3.623991759979941,40.71408736952597,8.223900614646006,258.8188405579229,60.37935625873294,0.15730727825594396,0.13620384721237477,False,False,normal
4377,test,train,3224,False,-10.014595791395438,2.735005480014237,44.69757721841433,12.643424229544221,258.8188405579229,60.37935625873294,0.17269831331467983,0.20939978517434998,False,False,normal
4378,test,train,3225,False,-0.9094292392097887,-5.667710812828967,23.38006806175306,6.867511161304737,258.8188405579229,60.37935625873294,0.09033371763567834,0.11373939019615595,False,False,normal
4379,train,test,3226,False,3.2988448226438662,-4.471918975868378,26.80420855417544,6.641401398445848,258.8188405579229,60.37935625873294,0.10356359102913427,0.10999457115751002,False,False,normal
4380,train,train,3227,False,3.5468147864148913,-1.2369961501662352,19.00349890896249,4.745047663758891,258.8188405579229,60.37935625873294,0.07342393957100493,0.07858725163325327,False,False,normal
4381,train,train,3228,False,5.270021954915092,-1.775888843845312,27.116803023445513,6.549885006151937,258.8188405579229,60.37935625873294,0.10477136426772939,0.10847888106134947,False,False,normal
4382,test,train,3229,False,-9.330844799619923,-1.5420062031375257,41.16817209149648,7.69512358412622,258.8188405579229,60.37935625873294,0.15906172828358361,0.12744626741549997,False,False,normal
4383,train,train,3230,False,-4.719857028144794,-5.983692185286244,27.70409335611606,4.68447417920759,258.8188405579229,60.37935625873294,0.10704048166043757,0.07758403648979038,False,False,normal
4384,train,test,3231,False,0.4221653632472501,-2.942501619625142,16.402982988282535,9.023492336911326,258.8188405579229,60.37935625873294,0.063376309672524,0.14944664693416995,False,False,normal
4385,test,train,3232,False,2.4349536166555867,-5.097776397846832,29.89698182242403,4.2016144425094595,258.8188405579229,60.37935625873294,0.1155131587715044,0.06958693670904716,False,False,normal
4386,train,train,3233,False,2.9635687689685413,-5.429847967215657,35.77405196523786,5.063530280067658,258.8188405579229,60.37935625873294,0.1382204320524793,0.08386194543661264,False,False,normal
4387,train,train,3234,False,3.901799428708959,-1.7858168875619944,16.311757676864158,5.060278492848103,258.8188405579229,60.37935625873294,0.06302384185672771,0.08380808949277613,False,False,normal
4388,train,train,3235,False,-9.005425725110062,-1.9340554747632575,42.09259882925316,8.456825876922514,258.8188405579229,60.37935625873294,0.16263344174835279,0.14006154422521463,False,False,normal
4389,train,train,3236,False,-1.3066445145344026,-4.262679089555318,20.810049591021656,11.000721556591662,258.8188405579229,60.37935625873294,0.08040392092848599,0.18219342235866548,False,False,normal
4390,train,train,3237,False,-7.3377914098493315,0.5571840486764482,35.54801658781791,15.177516748008854,258.8188405579229,60.37935625873294,0.1373470977274638,0.2513693038225074,False,False,normal
4391,test,train,3237,False,-0.5272975114580337,-0.2293116732964989,7.731811258790392,5.051506339338361,258.8188405579229,60.37935625873294,0.029873448324408344,0.08366280550743266,False,False,normal
4392,train,train,3237,False,-0.5412738200260905,-0.21838677822830915,7.9292338049288125,4.850211267963732,258.8188405579229,60.37935625873294,0.030636231071262655,0.080328966197983,False,False,normal
4393,train,train,3237,False,-0.527482207998887,-0.37030923651462244,9.24989845814987,4.844626990015485,258.8188405579229,60.37935625873294,0.035738891489546606,0.08023647965466317,False,False,normal
4394,train,train,3237,False,-0.00834932259066857,-2.604840226085365,12.65546261610826,4.697604397596281,258.8188405579229,60.37935625873294,0.04889699138141376,0.07780149853646122,False,False,normal
4395,test,train,3238,False,2.334803165232652,-4.44596557037626,21.968887386387326,6.022716782210289,258.8188405579229,60.37935625873294,0.08488132988707503,0.09974794624179513,False,False,normal
4396,train,train,3239,False,2.47353739827285,-5.211413718028282,38.533253864906484,11.084462143135353,258.8188405579229,60.37935625873294,0.1488811779770061,0.1835803299332486,False,False,normal
4397,train,train,3240,False,5.9293579421735245,-1.77562707204284,34.890433543511776,15.32590581254693,258.8188405579229,60.37935625873294,0.13480638993784302,0.2538269163863481,False,False,normal
4398,test,test,3241,False,-8.544382246361849,-2.3536701328909384,64.42343866049463,15.714281862923196,258.8188405579229,60.37935625873294,0.24891324959813677,0.26025918188967717,False,False,normal
4399,train,train,3242,False,4.145773131628145,-5.024752932065874,62.26866752156677,6.379366253913614,258.8188405579229,60.37935625873294,0.24058784664724292,0.10565475767209653,False,False,normal
4400,test,train,3243,False,3.987444911213121,-2.1000076714416416,46.01684713551272,24.591841286513475,258.8188405579229,60.37935625873294,0.17779558488213798,0.4072888949185616,False,False,normal
4401,train,train,3244,False,4.466282679086505,-4.713878530636021,42.20505430731572,8.948434166226459,258.8188405579229,60.37935625873294,0.1630679366940072,0.1482035371142634,False,False,normal
4402,train,train,3245,False,4.992685738003801,-1.164340149351222,63.34284823189274,22.179705309724024,258.8188405579229,60.37935625873294,0.24473816548805996,0.36733921465941555,False,False,normal
4403,train,train,3246,False,5.735900096338425,-1.6943065614199015,52.512300175112784,14.995961331628653,258.8188405579229,60.37935625873294,0.20289210809350136,0.2483623917315236,False,False,normal
4404,test,train,3247,False,-3.5338302225177936,-4.481983909642593,35.57074772448929,11.04576860173284,258.8188405579229,60.37935625873294,0.13743492416476016,0.18293948935792506,False,False,normal
4405,train,test,3248,False,-2.7900965157693576,-6.942867377512845,36.706981088155246,9.169361896364856,258.8188405579229,60.37935625873294,0.14182499623685754,0.15186253157574284,False,False,normal
4406,test,train,3249,False,-3.2823591607739644,-7.2350976489859224,212.40223850499333,40.89338649941764,258.8188405579229,60.37935625873294,0.8206598795015402,0.6772743042205429,False,False,normal
4407,train,train,3250,False,-2.867301978075414,-3.9427389846275247,18.20486573335374,5.621523415643358,258.8188405579229,60.37935625873294,0.07033825549218294,0.09310340096297882,False,False,normal
4408,train,train,3251,False,-0.5455599880835499,-3.1216776223511533,13.965096348873196,5.754522489144992,258.8188405579229,60.37935625873294,0.05395703156218973,0.09530612523403127,False,False,normal
4409,train,train,3252,False,0.8616765560327654,-3.0576988906315066,16.368122065102995,6.300912403722986,258.8188405579229,60.37935625873294,0.06324161730196708,0.1043554087712165,False,False,normal
4410,train,train,3253,False,1.9660694310526161,-2.748034801191973,23.458211684677966,6.048016450002637,258.8188405579229,60.37935625873294,0.09063564164846062,0.10016695812532592,False,False,normal
4411,train,test,3254,False,4.274673490969639,-4.0861174612400735,26.61181801619429,14.474534681304103,258.8188405579229,60.37935625873294,0.10282025048419396,0.23972654857860604,False,False,normal
4412,train,train,3255,False,-8.814510493225457,-1.7579448813941845,60.833353700784194,6.806787191464843,258.8188405579229,60.37935625873294,0.23504221551123852,0.11273368272256706,False,False,normal
4413,train,train,3256,False,-3.7454108513830997,-4.643424393477089,33.15659594837181,5.853619838436544,258.8188405579229,60.37935625873294,0.12810735059664816,0.09694737077608225,False,False,normal
4414,test,train,3257,False,0.950586541297014,-5.217709080631418,12.310294967552634,5.313506827671569,258.8188405579229,60.37935625873294,0.047563364942891886,0.08800204501854145,False,False,normal
4415,train,train,821,False,1.1898413162571928,-3.0396794110368153,18.123075171396238,9.009185538944163,258.8188405579229,60.37935625873294,0.07002224077787084,0.14920969843299917,False,False,normal
4416,test,train,3258,False,1.7908160501978794,-2.742772654616928,19.96386895576036,9.104994416545429,258.8188405579229,60.37935625873294,0.0771345274274672,0.15079648046477032,False,False,normal
4417,train,train,3259,False,2.830726702975079,-3.234870571925375,12.109965240720554,5.469384091569934,258.8188405579229,60.37935625873294,0.046789349703505755,0.09058367678073534,False,False,normal
4418,test,train,3260,False,2.625644149310952,-1.99170529593778,17.189012388638343,7.036209284955728,258.8188405579229,60.37935625873294,0.0664132964647583,0.11653336042214013,False,False,normal
4419,train,train,3261,False,-4.1198574603532325,-4.214551086001656,15.845666329775991,5.51346924182503,258.8188405579229,60.37935625873294,0.06122300175527514,0.09131381292306494,False,False,normal
4420,train,test,3262,False,-4.415390122802146,-3.6328599783289985,13.98844748896164,5.706390005447776,258.8188405579229,60.37935625873294,0.054047253510630985,0.09450895734951521,False,False,normal
4421,train,train,3263,False,-5.129364857734216,-2.9134355516760264,12.983556663542155,10.02484917388602,258.8188405579229,60.37935625873294,0.0501646504387167,0.1660310708005616,False,False,normal
4422,train,train,3264,False,-4.815134836539852,-2.93459969192463,15.133098861057835,5.069571302752268,258.8188405579229,60.37935625873294,0.05846985029542736,0.08396199656433126,False,False,normal
4423,train,train,3265,False,-3.8756566297183985,-4.55288757989896,16.057812663937185,3.862328756139297,258.8188405579229,60.37935625873294,0.06204267289553634,0.06396770345792932,False,False,normal
4424,test,train,3266,False,-4.671146677904511,-3.186180887127604,195.7543730689441,5.583385625688828,258.8188405579229,60.37935625873294,0.75633741595846,0.09247176471645932,False,False,normal
4425,train,train,3267,False,-4.74572038091947,-2.807812079121515,14.988933709467616,4.720313990476391,258.8188405579229,60.37935625873294,0.057912838482533646,0.07817761372362546,False,False,normal
4426,train,train,3268,False,-4.88959682242115,-3.0673186108573303,27.311589485817457,7.742866777784794,258.8188405579229,60.37935625873294,0.10552396196097326,0.12823698789708293,False,False,normal
4427,train,train,3269,False,-4.960804102195966,-3.3817801685950495,42.772515331209256,11.396897140200034,258.8188405579229,60.37935625873294,0.1652604394603062,0.188754863356988,False,False,normal
4428,train,train,3270,False,-4.4549330613508085,-3.0860385492528284,16.15194742362659,4.5259138680477315,258.8188405579229,60.37935625873294,0.06240638196511754,0.0749579682276445,False,False,normal
4429,train,train,3271,False,-4.716772089727141,-2.8146920105327826,11.841612054639754,7.817875028010503,258.8188405579229,60.37935625873294,0.045752511792083526,0.1294792709367412,False,False,normal
4430,test,train,3272,False,-4.737634053799605,-2.89635036813509,29.965249750056884,8.189745270307608,258.8188405579229,60.37935625873294,0.11577692599759078,0.1356381680389825,False,False,normal
4431,test,train,3273,False,-4.660101771795541,-2.419027483290872,12.828570265025284,7.921022827456288,258.8188405579229,60.37935625873294,0.049565828505264045,0.13118759983981504,False,False,normal
4432,train,train,3274,False,-4.880853996182519,-2.8134691326496135,27.4471025901065,8.367098641093312,258.8188405579229,60.37935625873294,0.10604754480369415,0.1385754860525387,False,False,normal
4433,train,test,3275,False,-7.815885483800616,-3.4456465440548802,279.726460172132,44.26482699087016,258.8188405579229,60.37935625873294,1.0807809028474882,0.7331119398025702,True,False,t2 alarm only
4434,train,train,3276,False,2.3379107268530874,5.147819439294593,18.0880676965606,10.929291555431263,258.8188405579229,60.37935625873294,0.06988698217474838,0.18101040210826214,False,False,normal
4435,train,train,3276,False,1.624102796128333,-2.080990815162484,14.779659845465947,5.949903922152446,258.8188405579229,60.37935625873294,0.05710426572349281,0.09854202314871292,False,False,normal
4436,train,test,3277,False,-7.4092765053733896,3.2137905659731314,24.379552166856072,8.255241444485321,258.8188405579229,60.37935625873294,0.09419543072792647,0.13672291253173685,False,False,normal
4437,train,test,3277,False,-0.4971711361871159,-0.18658541036185877,7.8973068594969815,2.678313922167792,258.8188405579229,60.37935625873294,0.030512874729185673,0.044358106613308176,False,False,normal
4438,test,test,3277,False,-0.5767855165865484,0.08372383353728426,7.515580010722809,3.5927001073075804,258.8188405579229,60.37935625873294,0.029037994276312526,0.05950212671881463,False,False,normal
4439,train,test,3277,False,-0.4928006627679065,-0.22637589029084945,7.925904670450618,2.5015498295075766,258.8188405579229,60.37935625873294,0.03062336827321048,0.041430548195779515,False,False,normal
4440,train,test,3277,False,-0.4894445618326461,-0.3008988414706627,9.810123324311466,2.7177711757770235,258.8188405579229,60.37935625873294,0.03790343586720453,0.04501159575353936,False,False,normal
4441,train,test,3277,False,-0.42452489517566533,-0.5398106566695752,7.111824554005537,2.0100861237221994,258.8188405579229,60.37935625873294,0.02747800175085759,0.03329094989202492,False,False,normal
4442,train,test,3278,False,3.3912399996169547,4.719681656253559,23.655730217667262,8.690411754860325,258.8188405579229,60.37935625873294,0.091398795260321,0.14393018232292581,False,False,normal
4443,train,test,3278,False,1.8741163901440758,-2.1770156777289054,16.208571812722933,8.036720952278088,258.8188405579229,60.37935625873294,0.06262516197732329,0.13310378662932004,False,False,normal
4444,train,train,3279,False,-9.052455440489291,2.324511388589093,28.493244351453562,5.144414820070324,258.8188405579229,60.37935625873294,0.11008952937905174,0.08520155130548057,False,False,normal
4445,train,train,3280,False,-7.480037044101975,1.6394728687464366,30.100047380771233,6.476059272744086,258.8188405579229,60.37935625873294,0.11629774446051168,0.10725618280846484,False,False,normal
4446,train,test,3281,False,6.51972062127814,2.9379462930099938,17.72825713168566,9.44997835167236,258.8188405579229,60.37935625873294,0.0684967798073345,0.15651008783826786,False,False,normal
4447,test,train,3282,False,-10.803150410422486,4.87795687212499,94.91493080911897,14.421053323852949,258.8188405579229,60.37935625873294,0.3667234216972597,0.2388407929037363,False,False,normal
4448,train,train,3282,False,0.0326763875167909,-2.754992140860959,15.609256900077403,3.403917846340899,258.8188405579229,60.37935625873294,0.060309585138505775,0.05637552397469582,False,False,normal
4449,test,train,3283,False,-4.440927293190438,-4.710641314576826,23.021395284920786,3.0079529782158443,258.8188405579229,60.37935625873294,0.0889479113471597,0.04981757283609314,False,False,normal
4450,train,train,3284,False,-2.0502644351991064,-3.801130695868213,12.594751082339208,3.5382035982114752,258.8188405579229,60.37935625873294,0.04866241984234737,0.05859955815113098,False,False,normal
4451,train,train,3285,False,3.628762537621981,-4.054563439133229,31.14156978547822,2.4125873301072476,258.8188405579229,60.37935625873294,0.12032188119824619,0.03995715555112935,False,False,normal
4452,train,train,3286,False,6.661507083716762,-2.326667570644397,30.90154405042398,5.685506934282364,258.8188405579229,60.37935625873294,0.11939449223947939,0.09416309292731227,False,False,normal
4453,test,train,3287,False,-9.120931657067977,2.0228025928794713,36.1981261090364,6.032302319372043,258.8188405579229,60.37935625873294,0.1398589300184094,0.0999067014481388,False,False,normal
4454,train,test,3288,False,-6.798388803299976,0.6785614330762224,13.094962856226799,4.97389388429515,258.8188405579229,60.37935625873294,0.050595091253784454,0.08237739175259513,False,False,normal
4455,train,train,3289,False,1.6080636971195206,-3.7148535475748536,24.68931744065946,3.235879090383748,258.8188405579229,60.37935625873294,0.0953922727860071,0.05359247416480576,False,False,normal
4456,train,train,3290,False,4.329410058389619,-0.12316821498566305,17.498052280043527,2.422346719806908,258.8188405579229,60.37935625873294,0.06760733585825456,0.04011879009486049,False,False,normal
4457,test,train,3291,False,6.921940983182763,-1.6748314047223893,27.346953092138584,2.3468918863377053,258.8188405579229,60.37935625873294,0.10566059655158071,0.03886911076496056,False,False,normal
4458,train,train,3292,False,-9.741396703394702,4.8419955998447435,42.88471310506911,6.753527379863516,258.8188405579229,60.37935625873294,0.165693938712594,0.11185159627942741,False,False,normal
4459,train,train,3292,False,-0.32250433268372986,-0.9462548093367268,5.705021631678225,2.689440056932179,258.8188405579229,60.37935625873294,0.02204252835450539,0.0445423771231942,False,False,normal
4460,train,train,3293,False,-2.299180683160747,-2.4876131357634366,18.426285010531863,2.5047712286764785,258.8188405579229,60.37935625873294,0.07119375456134197,0.04148390085417981,False,False,normal
4461,train,test,3294,False,2.971028595385018,-4.161580165273564,67.80390953886562,10.990323853703117,258.8188405579229,60.37935625873294,0.26197439642610293,0.18202121610254063,False,False,normal
4462,test,test,3295,False,3.907347060723487,-0.4809351073114417,7.367294628257474,6.333720845109444,258.8188405579229,60.37935625873294,0.028465063101187547,0.1048987806025734,False,False,normal
4463,train,train,3296,False,4.645023495674913,-0.17491485174728372,12.801982255501917,15.522961714600273,258.8188405579229,60.37935625873294,0.04946310024380497,0.2570905467769891,False,False,normal
4464,train,train,3297,False,5.8796289648155815,-0.13477269491665966,14.427684169042115,12.418355360539621,258.8188405579229,60.37935625873294,0.05574433506440672,0.2056722053697533,False,False,normal
4465,train,train,3298,False,-9.165869906468709,0.7575036040310982,43.21163800483584,6.555249972955936,258.8188405579229,60.37935625873294,0.16695708052662112,0.10856773538402574,False,False,normal
4466,train,train,3299,False,-4.570235630646143,-2.826321575251679,11.11474618378277,3.2103261342059266,258.8188405579229,60.37935625873294,0.04294411550497354,0.053169267331193225,False,False,normal
4467,test,train,3300,False,-2.4737889213361566,-2.924017035497066,11.889391644279085,4.367227545573346,258.8188405579229,60.37935625873294,0.045937118096386315,0.07232981297215627,False,False,normal
4468,test,train,3301,False,-2.2509173493936996,-3.4091133714071256,30.220112455563918,7.704433515438224,258.8188405579229,60.37935625873294,0.116761640653439,0.12760045805098985,False,False,normal
4469,train,train,3302,False,2.9540112263522316,-1.923190622620627,12.611189120563939,4.134385486796721,258.8188405579229,60.37935625873294,0.048725931595159866,0.06847349397168749,False,False,normal
4470,train,train,3303,False,4.96931776090592,-2.26627967593447,16.470066190643237,3.686557804114871,258.8188405579229,60.37935625873294,0.06363549946804312,0.06105659338793742,False,False,normal
4471,train,train,3304,False,7.25752525585615,-0.10879921183700993,15.69981870788556,11.162443652946475,258.8188405579229,60.37935625873294,0.06065948937118427,0.18487185595543676,False,False,normal
4472,train,train,3305,False,-10.685018002788869,2.8893655168242094,87.89493773552816,10.025883162265806,258.8188405579229,60.37935625873294,0.33960022982120397,0.16604819566647364,False,False,normal
4473,train,train,3306,False,-2.3952442502159457,-4.1062252937762915,9.923702302863521,4.235970919913377,258.8188405579229,60.37935625873294,0.03834227168884417,0.07015594703861569,False,False,normal
4474,train,train,3307,False,-0.25515533453709954,-1.780366269010255,7.331368438776365,2.8340533806785615,258.8188405579229,60.37935625873294,0.02832625485444761,0.0469374560492877,False,False,normal
4475,train,test,3308,False,3.6771325632583274,-1.7501086063268918,8.656869421378895,4.739896994563307,258.8188405579229,60.37935625873294,0.03344760142931524,0.07850194649728076,False,False,normal
4476,train,train,3309,False,5.792562645802449,-1.6989474511612574,20.821759136105936,18.455930079405395,258.8188405579229,60.37935625873294,0.08044916317228493,0.3056662280452192,False,False,normal
4477,test,train,3310,False,7.375156425515944,-1.082184479929047,12.33732069662355,8.047797888933722,258.8188405579229,60.37935625873294,0.047667784424150116,0.13328724232249053,False,False,normal
4478,test,train,3311,False,-9.236049213765455,4.037818676461266,36.33084221678599,6.405595897964214,258.8188405579229,60.37935625873294,0.1403717060878157,0.10608917177777535,False,False,normal
4479,train,train,3312,False,-6.9988687650900525,1.981010520187024,13.722410446269683,7.321008326120206,258.8188405579229,60.37935625873294,0.05301936449714775,0.12125018847085399,False,False,normal
4480,train,train,3312,False,-0.4853872367774988,-0.19948671356325126,7.816449702274778,2.3987033600522487,258.8188405579229,60.37935625873294,0.03020046641668453,0.039727209905543064,False,False,normal
4481,train,train,3312,False,-0.48721965890617974,-0.19951169884444833,7.766615943834443,2.3007814811693104,258.8188405579229,60.37935625873294,0.030007923407323576,0.038105432447974104,False,False,normal
4482,train,train,3312,False,-0.46863606149714354,-0.1785662981014375,8.224813678915826,2.5462223538246764,258.8188405579229,60.37935625873294,0.031778264909872886,0.04217041239912863,False,False,normal
4483,train,train,3312,False,-0.2549691574331473,-1.2569936225899734,6.0944145667957335,2.85797175114709,258.8188405579229,60.37935625873294,0.023547028313929182,0.04733359095284704,False,False,normal
4484,test,test,3313,False,-7.253065118223298,1.9759379679109295,28.37366201458701,24.247287597481176,258.8188405579229,60.37935625873294,0.10962749834371917,0.4015824132602305,False,False,normal
4485,test,test,3313,False,-0.5071897578999619,-0.26582526395372164,9.212263399386424,2.885543528916756,258.8188405579229,60.37935625873294,0.035593480673694416,0.04779023341275532,False,False,normal
4486,train,test,3313,False,-0.5026484146594062,-0.19052998083776237,7.859357629236029,2.258615808862983,258.8188405579229,60.37935625873294,0.03036625004692086,0.03740708660729236,False,False,normal
4487,test,test,3313,False,-0.5565665870851418,0.0248127705691374,7.456257252054432,2.5308965385921756,258.8188405579229,60.37935625873294,0.028808788556433332,0.04191658698292466,False,False,normal
4488,train,test,3313,False,0.0977558047376325,-2.787015702132817,11.058600221845792,4.657275834701648,258.8188405579229,60.37935625873294,0.04272718399482556,0.0771335788136702,False,False,normal
4489,test,train,3314,False,-2.568315055591348,-3.9336671681358637,16.627562102591437,4.078472492765614,258.8188405579229,60.37935625873294,0.0642440174244975,0.06754746564850508,False,False,normal
4490,train,train,3315,False,3.8281764095440955,-3.255164137354176,15.272316903914135,3.05003902678528,258.8188405579229,60.37935625873294,0.05900774793284894,0.05051459995226662,False,False,normal
4491,train,train,3316,False,4.228126008939774,-1.7717011867061707,13.519778114690187,3.375918734004538,258.8188405579229,60.37935625873294,0.0522364526691576,0.05591180402020705,False,False,normal
4492,train,test,3317,False,5.1193849507560545,0.32282935258743733,11.629217307392558,6.054109178446727,258.8188405579229,60.37935625873294,0.04493188085660237,0.10026786560135102,False,False,normal
4493,train,test,3318,False,-10.977074448194578,6.408294249311914,28.843560379245964,9.54529137887742,258.8188405579229,60.37935625873294,0.11144304764316747,0.15808865761957908,False,False,normal
4494,train,train,3319,False,-6.000682625405434,-2.8790733636607704,19.48788091783149,8.949198994224524,258.8188405579229,60.37935625873294,0.07529544941868388,0.14821620415885373,False,False,normal
4495,train,train,3320,False,-3.3665958652733226,-4.914554087103249,39.915293583213945,14.491690486023714,258.8188405579229,60.37935625873294,0.15422097362452644,0.24001068219285154,False,False,normal
4496,train,train,3321,False,-3.3854108572610397,0.8041271493418849,8.707181669522173,4.175628434811254,258.8188405579229,60.37935625873294,0.033641993182384,0.06915655769694157,False,False,normal
4497,test,train,3322,False,-3.6713664782072066,-1.6010437002314828,4.735240837725339,5.181767631048115,258.8188405579229,60.37935625873294,0.018295580134420723,0.08582018676786823,False,False,normal
4498,train,train,3323,False,2.584231238736319,-3.3489600868737144,26.15191083975249,11.740047999255225,258.8188405579229,60.37935625873294,0.10104330420219068,0.19443811141257752,False,False,normal
4499,train,train,3324,False,4.906448140574978,-1.7915003795051563,20.30643743165779,3.1492934126231833,258.8188405579229,60.37935625873294,0.07845811142606239,0.05215844632606011,False,False,normal
4500,train,train,3325,False,6.00140724527984,-0.015888802932220992,10.803467229848323,5.954598103247674,258.8188405579229,60.37935625873294,0.04174142503134558,0.09861976795067989,False,False,normal
4501,train,train,3326,False,-9.849071434322365,4.984604493047295,28.957965628849173,3.409449451070463,258.8188405579229,60.37935625873294,0.11188507593352141,0.05646713814669627,False,False,normal
4502,train,train,3326,False,-0.04462499379572712,-2.397741637993606,13.307972840647537,3.2953199438331757,258.8188405579229,60.37935625873294,0.0514180992850451,0.05457693072632848,False,False,normal
4503,test,train,3327,False,-4.430489206580844,-5.481232481944671,22.300097303300728,7.565351018328761,258.8188405579229,60.37935625873294,0.08616102774909863,0.1252969804101638,False,False,normal
4504,train,train,3328,False,-1.8999364756833286,-3.6761200997952015,8.86052332249632,4.382545763254662,258.8188405579229,60.37935625873294,0.034234460302024886,0.07258351255808221,False,False,normal
4505,train,train,3329,False,2.7774884573227228,-1.7590752002217203,11.558000753279682,7.889755951375326,258.8188405579229,60.37935625873294,0.04465672100363588,0.13066975933904884,False,False,normal
4506,test,train,3330,False,3.680589710513394,-4.289196762730326,62.375898133318856,10.094947291588925,258.8188405579229,60.37935625873294,0.24100215424371052,0.16719203246107558,False,False,normal
4507,train,train,3331,False,4.58397803883109,-3.713184812870045,31.128454334302102,10.508105021914457,258.8188405579229,60.37935625873294,0.12027120694614056,0.17403473095814304,False,False,normal
4508,train,test,3332,False,2.4308907314061843,2.973968175751861,43.0023349695487,17.789723815811744,258.8188405579229,60.37935625873294,0.1661483950582991,0.2946325518871151,False,False,normal
4509,test,train,3333,False,5.100743015462049,-2.983986593858832,37.76873703337688,27.708062619308198,258.8188405579229,60.37935625873294,0.14592730943373633,0.45889960304604366,False,False,normal
4510,train,test,3334,False,6.762360607826251,-0.538045576120802,20.333468496490298,32.102762494450346,258.8188405579229,60.37935625873294,0.07856255152313661,0.5316844114217792,False,False,normal
4511,train,test,3335,False,-10.667604379308717,3.9118934276207797,82.41277123012796,25.936303909497184,258.8188405579229,60.37935625873294,0.3184187482351549,0.4295558203429156,False,False,normal
4512,test,train,3336,False,-5.852078668601096,-3.2198307439781377,13.381447259388825,6.3299907248353495,258.8188405579229,60.37935625873294,0.05170198286393334,0.10483700252964877,False,False,normal
4513,test,train,3337,False,1.1619845862135196,-3.6448345615739175,12.489051247667888,3.315021550787547,258.8188405579229,60.37935625873294,0.04825402671902038,0.05490322779498134,False,False,normal
4514,train,train,3338,False,4.1240629809659515,-2.4184699607203957,38.09758733129206,3.9507458037991583,258.8188405579229,60.37935625873294,0.14719789042083253,0.06543206235703687,False,False,normal
4515,train,train,3339,False,-9.49729334700183,4.252558145548558,39.211505746540304,10.280010980990337,258.8188405579229,60.37935625873294,0.1515017440848356,0.17025704840143094,False,False,normal
4516,train,train,3339,False,-0.2877447415262909,-1.258253962769724,6.919719379729362,4.0613187531885435,258.8188405579229,60.37935625873294,0.0267357637674787,0.0672633662370512,False,False,normal
4517,train,train,3340,False,-4.234851680738787,-4.850213940583649,28.393802106585824,3.057487090512042,258.8188405579229,60.37935625873294,0.10970531374523863,0.05063795442618393,False,False,normal
4518,train,train,3341,False,-0.5808439040919988,-3.713037035972563,12.599063327714061,3.5239656211907673,258.8188405579229,60.37935625873294,0.048679081092222215,0.05836374945917182,False,False,normal
4519,train,train,3342,False,-0.23429073808776096,-4.372712352895127,27.123369158591956,7.428630829206691,258.8188405579229,60.37935625873294,0.1047967338858464,0.12303262720082833,False,False,normal
4520,train,test,3343,False,4.366449879063469,0.03423386454952016,8.742771120356048,3.254206288871094,258.8188405579229,60.37935625873294,0.033779500369871415,0.05389600834640272,False,False,normal
4521,train,train,1715,False,5.999610599852638,-1.4391624360677269,33.168969594903885,5.060572586418666,258.8188405579229,60.37935625873294,0.12815515873343372,0.0838129602563746,False,False,normal
4522,test,test,3344,False,-9.047983422202298,3.669649251139921,44.576119573531294,8.255306061058372,258.8188405579229,60.37935625873294,0.17222903663983954,0.13672398270831795,False,False,normal
4523,train,train,3345,False,1.4150313191469823,-1.9679841005590601,18.86606597355378,6.2482648264699066,258.8188405579229,60.37935625873294,0.07289293906457946,0.1034834621239638,False,False,normal
4524,train,train,3346,False,2.3363486346419484,-0.7971429741122453,8.395196047757253,5.181262787405339,258.8188405579229,60.37935625873294,0.032436572351765995,0.08581182557169033,False,False,normal
4525,test,train,3347,False,2.2041171792716154,-3.662808751882544,65.94011991119689,15.771821236485874,258.8188405579229,60.37935625873294,0.2547732605905082,0.26121214623259126,False,False,normal
4526,train,train,3348,False,6.178927084964549,-3.577369561595611,66.13847913122991,8.10001170486507,258.8188405579229,60.37935625873294,0.2555396623702451,0.13415200503555433,False,False,normal
4527,train,test,3349,False,-9.63149117340992,3.712008784518619,33.34132935291684,13.698070577230702,258.8188405579229,60.37935625873294,0.12882110622644238,0.22686678735912305,False,False,normal
4528,train,test,3350,False,-4.324901470852527,-5.171733837216984,22.623171879403777,2.997005102283635,258.8188405579229,60.37935625873294,0.08740929304310355,0.04963625464042878,False,False,normal
4529,train,train,3351,False,1.9165347303216622,-4.682895929817582,22.22953816937038,2.838925701911093,258.8188405579229,60.37935625873294,0.08588840797467166,0.04701815119965752,False,False,normal
4530,train,train,3352,False,4.926908405763158,-0.1806631633100148,23.54475176992753,5.1054259840735625,258.8188405579229,60.37935625873294,0.09097000712611679,0.08455582007526193,False,False,normal
4531,train,test,3353,False,7.180025416921233,-3.999736425906619,66.62905788517193,11.572917812231593,258.8188405579229,60.37935625873294,0.25743511462126556,0.19167010927775086,False,False,normal
4532,train,train,3354,False,6.344009763150817,0.21382142271935042,21.059768603756876,2.740726645580547,258.8188405579229,60.37935625873294,0.08136876186586486,0.04539178314250648,False,False,normal
4533,train,train,3355,False,-4.717857713067698,-3.0369119540494993,9.26653619284837,4.849270558073118,258.8188405579229,60.37935625873294,0.0358031748108946,0.08031338620593104,False,False,normal
4534,test,train,3356,False,-3.81634652880808,-2.3164176602780633,9.6710402191688,3.154346824480046,258.8188405579229,60.37935625873294,0.03736605958948514,0.0522421406906573,False,False,normal
4535,test,train,3357,False,-3.376713635649314,-5.676069076899556,186.33669989578027,43.75530224129728,258.8188405579229,60.37935625873294,0.7199502922356947,0.7246732153585813,False,False,normal
4536,test,train,3358,False,-3.120723068984956,-2.099442769141929,7.0448317729216905,4.27275728123023,258.8188405579229,60.37935625873294,0.02721916131660082,0.07076520098890987,False,False,normal
4537,train,train,3359,False,-1.1401451473468742,-1.6062930859302926,9.875946449556832,4.736388412606639,258.8188405579229,60.37935625873294,0.03815775709476074,0.07844383753133496,False,False,normal
4538,train,train,3360,False,0.41639829783711496,-1.8551671885431193,8.225378532978551,5.563427138186889,258.8188405579229,60.37935625873294,0.03178044734010674,0.09214121320450855,False,False,normal
4539,train,train,3361,False,1.4074905493455632,-1.0489667772696207,4.292547507068536,4.1150489638188406,258.8188405579229,60.37935625873294,0.016585143097833623,0.06815324340632833,False,False,normal
4540,train,train,3362,False,4.181943965450208,-2.71572827667959,22.051695886764676,8.310409918125963,258.8188405579229,60.37935625873294,0.0852012776165326,0.13763661014395115,False,False,normal
4541,train,train,3363,False,7.280132717510369,0.2381908073813263,22.63550100781306,12.702073290349709,258.8188405579229,60.37935625873294,0.087456929174935,0.21037112810411177,False,False,normal
4542,test,train,3364,False,-9.948621226960691,5.252914847592049,37.25355211851431,6.842512856366746,258.8188405579229,60.37935625873294,0.14393678620230535,0.11332536946975287,False,False,normal
4543,test,train,3364,False,-0.10858251822541617,-2.189777863859266,13.105549582943748,3.402643518892272,258.8188405579229,60.37935625873294,0.05063599525711794,0.056354418624662506,False,False,normal
4544,train,test,3365,False,-1.5829655148118573,-4.2494466915396,13.789066762606824,4.89045967838498,258.8188405579229,60.37935625873294,0.053276904930423225,0.08099555843935734,False,False,normal
4545,train,train,3366,False,-0.802837521816688,-1.6693388468797834,6.594896975839811,3.6783567516976974,258.8188405579229,60.37935625873294,0.025480745380141258,0.0609207679514748,False,False,normal
4546,test,train,3367,False,0.598831139916949,-2.1225322159308067,7.524456950372873,4.176046666670598,258.8188405579229,60.37935625873294,0.029072292164483756,0.06916348443291986,False,False,normal
4547,train,test,266,False,0.627411481822318,-1.4349450750669852,10.638911010483273,6.313879701611953,258.8188405579229,60.37935625873294,0.04110562812023075,0.1045701725363915,False,False,normal
4548,train,train,3368,False,-4.8856097135124585,-3.151593295627117,33.0673983672783,5.8993955074793565,258.8188405579229,60.37935625873294,0.12776271733540168,0.09770550520942495,False,False,normal
4549,train,train,3369,False,-4.427319867174378,-6.220223862395494,43.425334279106806,10.020463592386221,258.8188405579229,60.37935625873294,0.16778274018033995,0.16595843701028057,False,False,normal
4550,test,train,3370,False,-4.862885238580215,-8.062243182272825,162.77119189174033,30.248965787879573,258.8188405579229,60.37935625873294,0.6289000891158564,0.500981919354341,False,False,normal
4551,train,train,3371,False,-3.83010319892297,-6.008167665482968,32.47791227950409,4.860282722743148,258.8188405579229,60.37935625873294,0.12548511618973746,0.08049576914858517,False,False,normal
4552,train,train,3372,False,-4.230809825335429,-3.0756838164982976,22.77453854527228,6.031131846890124,258.8188405579229,60.37935625873294,0.08799412939250612,0.09988731613907881,False,False,normal
4553,test,train,3373,False,-4.123823911709857,-3.0064952767306097,17.535079592296675,3.8424376300682663,258.8188405579229,60.37935625873294,0.06775039852005046,0.06363826758276372,False,False,normal
4554,test,test,3374,False,-4.480373906432209,-3.0500839618856848,21.438465541230208,5.371729007882684,258.8188405579229,60.37935625873294,0.08283193563117884,0.08896631797239055,False,False,normal
4555,train,train,3375,False,-4.293637718377763,-3.408838088803361,203.84273329042477,5.563183209363071,258.8188405579229,60.37935625873294,0.7875884647771821,0.09213717326703766,False,False,normal
4556,train,train,3376,False,-3.8114657646218486,-3.2298261769042993,15.608803634809925,4.3786208448546216,258.8188405579229,60.37935625873294,0.06030783385460967,0.07251850824794645,False,False,normal
4557,train,test,3377,False,-4.121631157365115,-3.346465466833588,29.027388510860224,5.896873951970674,258.8188405579229,60.37935625873294,0.11215330556418275,0.097663743328131,False,False,normal
4558,train,train,3378,False,-4.095172579548362,-3.4712676128099735,38.39443538690799,9.505494067910675,258.8188405579229,60.37935625873294,0.14834482414086633,0.15742953646571634,False,False,normal
4559,train,train,3379,False,-3.6390984612359403,-3.0933655953332457,18.8717359228296,3.0048710834431684,258.8188405579229,60.37935625873294,0.07291484608364962,0.04976653064280658,False,False,normal
4560,train,train,3380,False,-3.695344118187015,-3.118372673989023,15.08882993327417,6.5818458935113595,258.8188405579229,60.37935625873294,0.05829880815765935,0.10900821574359526,False,False,normal
4561,train,train,3381,False,-3.6906787062413793,-3.315829771036226,27.285467929262794,5.679590624759169,258.8188405579229,60.37935625873294,0.10542303593681537,0.09406510729298648,False,False,normal
4562,train,train,3382,False,-3.6471950179680324,-3.0790669521965235,16.07598697473946,6.562386389180822,258.8188405579229,60.37935625873294,0.06211289309574703,0.10868592836697683,False,False,normal
4563,train,train,3383,False,-4.272040303155275,-3.5839274970908526,56.45236100513612,15.43291017649441,258.8188405579229,60.37935625873294,0.21811534617589884,0.25559911752557446,False,False,normal
4564,train,train,3384,False,-6.571598628787554,-4.416024546895373,257.02495664760886,47.000771312686325,258.8188405579229,60.37935625873294,0.993068959329054,0.7784245183284542,False,False,normal
4565,train,train,3385,False,-4.465885682804709,-2.109150290347358,23.583831633829732,9.38578685174037,258.8188405579229,60.37935625873294,0.09112100024477059,0.1554469512977436,False,False,normal
4566,train,test,3386,False,0.40281018367779253,-4.496359202254795,13.965774718004376,7.71537723897781,258.8188405579229,60.37935625873294,0.05395965258131537,0.12778170747492693,False,False,normal
4567,train,train,3387,False,4.3601364765022055,-3.261428604254543,19.55383976747957,7.5062541861333445,258.8188405579229,60.37935625873294,0.07555029504547787,0.12431822151213613,False,False,normal
4568,train,train,3388,False,7.056786754148692,-3.544869148710245,29.453271608111812,9.598045876377915,258.8188405579229,60.37935625873294,0.11379879279507188,0.15896237507483704,False,False,normal
4569,train,train,3389,False,-9.02608258790441,0.2338134739896876,49.307242629310004,12.705763863628496,258.8188405579229,60.37935625873294,0.1905087068739696,0.21043225120159845,False,False,normal
4570,train,train,3390,False,-5.7359942335648455,-3.172023401592438,14.831642795636661,10.694066671560359,258.8188405579229,60.37935625873294,0.05730511257860837,0.17711461887296334,False,False,normal
4571,train,train,3391,False,4.9813384882414375,-3.9851385379776603,23.784618436271458,5.9795939293644,258.8188405579229,60.37935625873294,0.09189678149009609,0.09903374762296417,False,False,normal
4572,train,train,3392,False,8.307220543917529,-3.3612973708261022,28.51479400598535,13.301564034430337,258.8188405579229,60.37935625873294,0.11017279091629276,0.2202998650305496,False,False,normal
4573,test,test,3393,False,-8.237572860005061,4.2289687774355205,45.799271414768704,16.271707996062926,258.8188405579229,60.37935625873294,0.17695493618641323,0.26949124674891634,False,False,normal
4574,train,test,3393,False,0.3853102004462864,-1.3600498739885594,6.658433338372535,13.195398946002872,258.8188405579229,60.37935625873294,0.025726231228063928,0.21854156393219845,False,False,normal
4575,train,train,3394,False,-0.9995494315247536,-5.569010453334523,22.962311037187007,6.230277040837423,258.8188405579229,60.37935625873294,0.08871962716349512,0.10318554928177642,False,False,normal
4576,train,train,3395,False,3.961764069122116,-4.5184188784820885,20.827031399998305,5.936839835326719,258.8188405579229,60.37935625873294,0.08046953365181031,0.09832565636981343,False,False,normal
4577,train,train,3396,False,7.640821999989289,-3.7383107486786433,37.35643602629784,30.48789335788708,258.8188405579229,60.37935625873294,0.14433429941101053,0.5049390262996962,False,False,normal
4578,train,train,3397,False,-6.765550625720477,1.5841481887290445,17.076407412040627,9.240051999667726,258.8188405579229,60.37935625873294,0.06597822390066298,0.15303329767334667,False,False,normal
4579,train,train,3397,False,-0.24482047170956878,-1.451131184517611,7.713092681451765,5.454050759705648,258.8188405579229,60.37935625873294,0.029801125238120358,0.09032972687443656,False,False,normal
4580,test,train,3398,False,-1.5045849138146417,-2.775112080932795,9.738627631995294,5.558743637083807,258.8188405579229,60.37935625873294,0.03762719750618703,0.09206364528405883,False,False,normal
4581,test,train,3399,False,-2.7241678256511985,0.6819512585614413,15.051802175789703,6.6754166493657525,258.8188405579229,60.37935625873294,0.05815574377562036,0.11055793011043002,False,False,normal
4582,train,train,3400,False,1.2532027599757654,-2.943617494669412,9.21450104162276,8.764013944543217,258.8188405579229,60.37935625873294,0.03560212626623131,0.14514917825536833,False,False,normal
4583,test,train,3401,False,5.291955870399414,-4.290420771037303,27.347612069100915,6.422019682572672,258.8188405579229,60.37935625873294,0.10566314264506026,0.1063611817100787,False,False,normal
4584,train,train,3402,False,-9.583306297975499,3.9636155575101206,35.39678468562254,8.106277649654904,258.8188405579229,60.37935625873294,0.13676278206532205,0.13425578131238286,False,False,normal
4585,train,train,3402,False,-0.5927064417478954,-0.04172402955360308,9.195450005096088,6.09125491972478,258.8188405579229,60.37935625873294,0.035528518655264484,0.10088307158531148,False,False,normal
4586,test,train,3402,False,-0.29330883555581494,-1.563311266591724,10.59401427929707,6.079327908704585,258.8188405579229,60.37935625873294,0.040932160334464375,0.10068553700132078,False,False,normal
4587,train,train,3403,False,-5.624656407960441,-5.157529567579605,23.22931900083942,5.5340303428721835,258.8188405579229,60.37935625873294,0.089751267530467,0.09165434489162463,False,False,normal
4588,train,train,3404,False,-0.5374216547685416,-4.697703983242655,33.839464709015616,15.302095273980465,258.8188405579229,60.37935625873294,0.13074575496926563,0.25343256738957454,False,False,normal
4589,train,test,3405,False,3.103241706428999,-2.0766699566688835,18.67463091761779,4.0719767260339355,258.8188405579229,60.37935625873294,0.07215329022169259,0.06743988307170776,False,False,normal
4590,test,train,3406,False,4.862441606695154,-1.5014855346530742,13.73358166107802,6.328957552867829,258.8188405579229,60.37935625873294,0.053062526790836485,0.10481989118511748,False,False,normal
4591,train,train,3407,False,4.733656426584251,-1.2698977077536981,136.06977216349225,33.04445445267929,258.8188405579229,60.37935625873294,0.5257336439270549,0.5472806684304442,False,False,normal
4592,test,train,3408,False,-8.59171773990796,4.009072030466451,43.04941513299492,5.362374894772763,258.8188405579229,60.37935625873294,0.16633029898517218,0.0888113956000844,False,False,normal
4593,train,train,3408,False,-0.5047015576888603,-0.37900642411895513,9.378921928720915,5.203941369838567,258.8188405579229,60.37935625873294,0.03623740029320601,0.08618742716532188,False,False,normal
4594,train,train,3409,False,-4.777042592517402,-3.4036401062681096,14.749233496992266,11.580537272897578,258.8188405579229,60.37935625873294,0.056986707247424793,0.19179630241954812,False,False,normal
4595,train,train,3410,False,-1.4972643659729405,-4.198302474280734,11.006478937240452,10.18197629668693,258.8188405579229,60.37935625873294,0.04252580265607532,0.16863340266590313,False,False,normal
4596,train,train,3411,False,3.3800535072943427,-5.362756049395934,44.491927572451864,7.356107127681939,258.8188405579229,60.37935625873294,0.17190374346992215,0.12183149313749088,False,False,normal
4597,train,train,3412,False,1.0528036641971477,-1.4590540939958727,17.86918617418648,4.791696506210265,258.8188405579229,60.37935625873294,0.06904128824496225,0.07935984752267411,False,False,normal
4598,train,train,3413,False,4.875517814503291,-2.498478110867294,10.609714901222377,5.225213025735318,258.8188405579229,60.37935625873294,0.04099282292723182,0.08653972730919224,False,False,normal
4599,train,train,3414,False,3.140175285208751,3.3779804333690797,26.694950129316545,7.325650148245812,258.8188405579229,60.37935625873294,0.10314144855827176,0.12132706610607942,False,False,normal
4600,train,train,3414,False,1.495626593921125,-1.0916931819888869,8.30761237664092,7.0739732809980245,258.8188405579229,60.37935625873294,0.03209817476476061,0.11715880591182824,False,False,normal
4601,train,test,3415,False,-9.00860873817429,3.9194178755420213,28.53997991541557,6.510522848132345,258.8188405579229,60.37935625873294,0.11027010187470648,0.10782696688970907,False,False,normal
4602,train,test,3415,False,-0.26829981759848304,-1.527467036927566,8.585043307557878,5.269906106390863,258.8188405579229,60.37935625873294,0.033170086416628435,0.08727993196563193,False,False,normal
4603,train,train,3416,False,-5.34019219002458,-5.752960928456151,23.7488910584119,7.914421729561272,258.8188405579229,60.37935625873294,0.0917587413930825,0.13107827277334666,False,False,normal
4604,train,train,3417,False,-0.9541667065398287,-5.357533424984266,21.174856812952118,4.3991607814421005,258.8188405579229,60.37935625873294,0.08181342891153724,0.07285868969174096,False,False,normal
4605,train,train,3418,False,-1.3960151571740869,-5.957353270997582,35.90082158945498,4.8103803957367965,258.8188405579229,60.37935625873294,0.13871023265564966,0.07966928920414003,False,False,normal
4606,train,train,3419,False,4.625247568694843,-4.112136076509325,21.362316196332955,5.211380016968895,258.8188405579229,60.37935625873294,0.08253771692309289,0.08631062568202107,False,False,normal
4607,train,test,3420,False,5.747800753926726,1.1180086052951808,25.369836169543124,9.623686509903171,258.8188405579229,60.37935625873294,0.09802159732596989,0.15938703401646906,False,False,normal
4608,train,test,3421,False,-8.93125880570372,0.24879866068761516,48.78990242415393,6.250909781421139,258.8188405579229,60.37935625873294,0.1885098562337269,0.10352726774090179,False,False,normal
4609,test,train,3422,False,-1.6871083855004156,-5.406717159956088,23.53799785215162,4.9734520921476975,258.8188405579229,60.37935625873294,0.09094391197106025,0.08237007481225612,False,False,normal
4610,train,train,3423,False,3.25418137100373,-4.32453894439305,32.42187033052452,3.04401576342959,258.8188405579229,60.37935625873294,0.12526858655511441,0.05041484295370109,False,False,normal
4611,train,train,3424,False,6.058629229084411,-3.4109713475980277,22.665283227411297,3.9680868350532768,258.8188405579229,60.37935625873294,0.0875719989261712,0.06571926368425557,False,False,normal
4612,train,train,3425,False,-11.20547184369012,4.519633991664405,40.447332318062365,9.146864032384848,258.8188405579229,60.37935625873294,0.15627661506740415,0.15148992303245856,False,False,normal
4613,train,train,3426,False,-5.570854968189533,-5.462662816634019,55.79482466348593,18.84473359277821,258.8188405579229,60.37935625873294,0.2155748188316268,0.31210557317017784,False,False,normal
4614,train,train,3427,False,-1.71365023442209,-2.8312458078023064,13.20829741642454,8.239936044290982,258.8188405579229,60.37935625873294,0.051032982714674366,0.13646942522841493,False,False,normal
4615,train,test,3428,False,-0.783459388003219,-2.6365397608420595,10.901643851946863,8.047708266428142,258.8188405579229,60.37935625873294,0.0421207506704177,0.1332857579988552,False,False,normal
4616,train,test,3429,False,1.1800918191006846,-4.931746609137628,12.286114590069786,6.4188306082922955,258.8188405579229,60.37935625873294,0.04746993906465704,0.1063083644149305,False,False,normal
4617,train,train,3430,False,2.4750193625397894,-1.5950131779880234,7.605581333440418,5.8280847152151924,258.8188405579229,60.37935625873294,0.029385732959182745,0.09652445929103873,False,False,normal
4618,test,train,3431,False,3.7169488395706396,-1.326403933390067,10.279081153738632,5.531072776049464,258.8188405579229,60.37935625873294,0.03971535121469723,0.09160536181187721,False,False,normal
4619,train,train,3432,False,4.638422836821237,-2.5417458581269985,19.424994045047296,6.687150329523009,258.8188405579229,60.37935625873294,0.07505247300843247,0.1107522627579491,False,False,normal
4620,test,train,3433,False,5.724314805890728,-3.275750766137785,23.228371519273562,10.109977694484842,258.8188405579229,60.37935625873294,0.08974760673991629,0.16744096527234156,False,False,normal
4621,train,train,3434,False,5.156171091026065,-2.052613533941205,34.353705204641756,9.91009510053105,258.8188405579229,60.37935625873294,0.13273262924208756,0.16413051934613343,False,False,normal
4622,train,test,3435,False,6.334741466083376,-0.9351571006636408,20.145021805192126,7.526264891689463,258.8188405579229,60.37935625873294,0.07783444884370282,0.12464963785699364,False,False,normal
4623,train,train,3436,False,-10.663170487866779,4.092552120852752,33.290693916872264,7.582640858969961,258.8188405579229,60.37935625873294,0.12862546577022435,0.1255833339209086,False,False,normal
4624,test,train,3437,False,-1.1056406260639922,-4.565012838180333,14.740215957143596,7.780989247225431,258.8188405579229,60.37935625873294,0.05695186612137217,0.12886837040598675,False,False,normal
4625,train,train,3438,False,2.846379896633039,-2.145154597456252,30.156357202622143,6.780955956522686,258.8188405579229,60.37935625873294,0.11651530907725104,0.11230586704941765,False,False,normal
4626,train,train,3439,False,4.085628603347373,-1.3171593488871616,12.896533683930878,6.659397617128045,258.8188405579229,60.37935625873294,0.049828419199044634,0.11029262366746194,False,False,normal
4627,test,train,3440,False,5.33476750270505,-1.8340158544283507,16.175780438424365,7.427375267666642,258.8188405579229,60.37935625873294,0.06249846573593731,0.12301183265087208,False,False,normal
4628,test,train,3441,False,-6.390297146263219,-3.67747404043609,32.78124413744547,7.202753274885451,258.8188405579229,60.37935625873294,0.12665710141804426,0.11929165398883636,False,False,normal
4629,train,train,3442,False,-5.2380513011807395,-1.6097716157797433,15.42086007797164,6.677048112415817,258.8188405579229,60.37935625873294,0.05958167513898779,0.11058495032315098,False,False,normal
4630,train,test,3443,False,-5.136626768114884,-1.7182963571404226,22.505607589099114,8.410883120040427,258.8188405579229,60.37935625873294,0.08695505914710419,0.1393006424910985,False,False,normal
4631,train,test,2720,False,-0.5554414985555217,-4.651388972086516,15.435581660931994,4.178714015771606,258.8188405579229,60.37935625873294,0.05963855501268099,0.06920766094069145,False,False,normal
4632,test,train,3444,False,2.4041931062810646,-3.506468622181914,32.49053926395882,27.17257745083878,258.8188405579229,60.37935625873294,0.12553390314986568,0.45003092339045414,False,False,normal
4633,train,train,3445,False,6.476095382824032,-3.001945919509477,24.114877088676863,3.0737117107956826,258.8188405579229,60.37935625873294,0.09317280394539139,0.050906665808500035,False,False,normal
4634,train,train,3446,False,-9.397759271986168,4.455191158868128,32.956574033353185,5.505480624512445,258.8188405579229,60.37935625873294,0.12733452465172296,0.09118150582660713,False,False,normal
4635,train,train,3446,False,-0.12341737293393097,-2.0362102311019514,9.425844354276329,4.036912421475204,258.8188405579229,60.37935625873294,0.03641869476718737,0.06685914974277864,False,False,normal
4636,train,test,3447,False,-1.2500850816732687,-5.428094641717764,17.079827522409182,4.415813632293434,258.8188405579229,60.37935625873294,0.06599143820284122,0.07313449340816307,False,False,normal
4637,train,train,3448,False,0.1673354831697866,-3.8368311031052316,17.88025407656118,5.213439670607345,258.8188405579229,60.37935625873294,0.0690840513697442,0.08634473756671265,False,False,normal
4638,train,train,3449,False,1.4568413828523674,-1.1775368535201693,11.491484236735493,5.973600880427418,258.8188405579229,60.37935625873294,0.044399720715709384,0.09893449103415092,False,False,normal
4639,train,test,3450,False,-0.5796406808039479,1.5468258337378182,27.694248622766363,7.918739238292628,258.8188405579229,60.37935625873294,0.1070024445015952,0.13114977914570436,False,False,normal
4640,train,train,3451,False,1.5078334362633776,-1.92215229515683,20.61953789353405,4.801223124703908,258.8188405579229,60.37935625873294,0.07966783967150745,0.07951762692086478,False,False,normal
4641,test,train,3452,False,3.0555961207540765,-1.4061081336362693,76.91709672051428,22.29174733940598,258.8188405579229,60.37935625873294,0.29718507568733377,0.36919484937671593,False,False,normal
4642,train,test,3453,False,5.053035524227668,-1.081585230304352,18.24164911647502,9.81679247320376,258.8188405579229,60.37935625873294,0.070480375683441,0.16258524571109373,False,False,normal
4643,train,test,3454,False,6.711726746235276,-0.792688216157789,20.444274027282173,9.0574702617608,258.8188405579229,60.37935625873294,0.07899067155702988,0.15000938769450323,False,False,normal
4644,train,train,3455,False,5.3835959720894975,2.956813139744662,29.745511385920793,16.445849228234078,258.8188405579229,60.37935625873294,0.11492792148284056,0.27237536547692887,False,False,normal
4645,train,test,3456,False,-9.860761458922447,0.9001513258513306,43.798346931182955,8.442146484849571,258.8188405579229,60.37935625873294,0.1692239515360205,0.13981842483834936,False,False,normal
4646,train,train,3457,False,-5.52290440734492,-2.1380636162488718,15.013198937653176,10.47255550393993,258.8188405579229,60.37935625873294,0.05800659219896809,0.17344596154791292,False,False,normal
4647,train,train,3458,False,-3.6935633433244357,-4.085055332295918,14.52399605569648,3.470608828228068,258.8188405579229,60.37935625873294,0.056116455913286005,0.05748005681538047,False,False,normal
4648,train,train,3459,False,-2.3245138606026994,-7.291806914478512,1913.5815084033277,238.43538065769482,258.8188405579229,60.37935625873294,7.393517041797712,3.9489553289698884,True,True,both alarms
4649,train,test,3460,False,-2.2597680056541227,-1.8929700563223142,23.197204695400828,15.833369778910303,258.8188405579229,60.37935625873294,0.08962718728434053,0.2622315102377437,False,False,normal
4650,train,train,3461,False,-2.112664789113738,1.139706634201015,17.192779581969326,4.334737048398616,258.8188405579229,60.37935625873294,0.06642785179358546,0.0717917069175719,False,False,normal
4651,train,train,3462,False,1.7539699420538146,-3.1065445281383743,12.202394490046775,6.313263320050708,258.8188405579229,60.37935625873294,0.04714646918185199,0.10455996405456197,False,False,normal
4652,train,test,3463,False,4.418751276719284,-2.123552872976601,31.38510453338394,7.428077921828102,258.8188405579229,60.37935625873294,0.1212628279522798,0.12302346997536505,False,False,normal
4653,train,train,3464,False,6.669455742923686,-1.4046184359512857,19.068898564449803,13.62912524315119,258.8188405579229,60.37935625873294,0.07367662463576426,0.22572491804564326,False,False,normal
4654,test,test,3465,False,-8.78634658773007,-0.47252636409052634,54.790978520164835,6.011723304195443,258.8188405579229,60.37935625873294,0.21169625210457882,0.09956587278662714,False,False,normal
4655,train,test,3466,False,-5.41596099307524,-3.562889804669771,18.613268130150377,6.54899521561405,258.8188405579229,60.37935625873294,0.07191620242957074,0.1084641443931731,False,False,normal
4656,train,test,3467,False,1.1827080498366536,-5.113903442377628,25.33486265774366,7.638891329734492,258.8188405579229,60.37935625873294,0.09788646994604626,0.12651495151755024,False,False,normal
4657,test,test,570,False,4.583773537680566,-3.6647273323023626,30.858874779467563,1.3212657671631098,258.8188405579229,60.37935625873294,0.11922963070596647,0.021882740211759198,False,False,normal
4658,train,train,3468,False,-9.023002807028915,3.8601388256241784,36.75162138166036,4.391816792655529,258.8188405579229,60.37935625873294,0.14199747322272488,0.07273705890198723,False,False,normal
4659,train,train,3468,False,-0.43974913758839546,-0.5525325995446595,6.771793248267511,4.467780808085825,258.8188405579229,60.37935625873294,0.026164220632740234,0.07399517127908481,False,False,normal
4660,train,train,3469,False,-5.096574447000462,-6.040412224388455,34.54099977554708,6.649554664624516,258.8188405579229,60.37935625873294,0.13345628046663358,0.11012960516058434,False,False,normal
4661,train,test,3470,False,0.6344141866941668,-4.489666240194482,16.219100871845498,5.137601541466729,258.8188405579229,60.37935625873294,0.06266584317000566,0.08508871011230192,False,False,normal
4662,train,test,3471,False,1.1576591899226212,-5.461444335436179,39.039886961599414,5.2355762964083885,258.8188405579229,60.37935625873294,0.15083865949419706,0.08671136330061723,False,False,normal
4663,train,train,3472,False,5.449801039040251,-1.0981303378282274,19.238363327658277,11.295046500273193,258.8188405579229,60.37935625873294,0.0743313867189386,0.18706801794760008,False,False,normal
4664,train,test,3473,False,-11.105887563405888,5.193324773107802,51.716875597889434,77.49450794613158,258.8188405579229,60.37935625873294,0.19981882109666335,1.2834603206774533,False,True,q alarm only
4665,train,test,3473,False,-0.6727622973955852,0.32206017287574573,7.916655646965637,12.670222614232426,258.8188405579229,60.37935625873294,0.03058763276236033,0.20984361873516785,False,False,normal
4666,train,test,3473,False,-0.47449065388751105,-0.457082366890208,8.074746034727923,3.522180383690795,258.8188405579229,60.37935625873294,0.031198447598797655,0.05833418244139305,False,False,normal
4667,train,test,3473,False,-0.6203868157789544,-0.08563205300260078,51.91026098797408,50.599974567539405,258.8188405579229,60.37935625873294,0.20056600545800185,0.8380343498647503,False,False,normal
4668,test,train,3474,False,-6.564073746914757,1.1342340827459758,25.52149988831507,8.821633693599384,258.8188405579229,60.37935625873294,0.09860758140056436,0.14610347377334734,False,False,normal
4669,test,test,3475,False,-3.919506286954555,-3.8261112245904867,30.42429862298828,12.793194749155107,258.8188405579229,60.37935625873294,0.11755055604686326,0.21188027733079334,False,False,normal
4670,train,test,3476,False,-2.6507060091291414,-6.788288090121501,54.10568389779901,12.36497533091889,258.8188405579229,60.37935625873294,0.2090484749146008,0.20478812788154704,False,False,normal
4671,train,train,3477,False,4.232348258978005,-6.242025827802434,82.59048822605124,4.8229998458918235,258.8188405579229,60.37935625873294,0.31910539452234243,0.07987829193184304,False,False,normal
4672,train,train,3478,False,5.230142908394913,-3.8173229422483472,40.582398528074656,5.023700205633845,258.8188405579229,60.37935625873294,0.1567984712418663,0.08320228165578106,False,False,normal
4673,train,train,3479,False,-10.194115942494705,3.940643054603432,41.30435956330888,19.643834144240557,258.8188405579229,60.37935625873294,0.15958791668439254,0.3253402381447116,False,False,normal
4674,train,train,3479,False,-0.49801242834237186,-0.5185418502660406,10.765372552587674,4.234908860412557,258.8188405579229,60.37935625873294,0.0415942383845832,0.07013835726014457,False,False,normal
4675,train,train,3479,False,-0.49725582451181066,-0.3436373897036862,8.604094128435378,7.30193868035028,258.8188405579229,60.37935625873294,0.033243693194390175,0.12093435791300222,False,False,normal
4676,train,train,3479,False,-0.2970204939415498,-1.3636991859367882,9.8395799197353,3.1901260530354407,258.8188405579229,60.37935625873294,0.038017247502247546,0.05283471455650106,False,False,normal
4677,train,train,3480,False,-4.275060825041336,-5.801584393492411,23.94934178989302,5.5346122461066924,258.8188405579229,60.37935625873294,0.09253322415890054,0.09166398234506179,False,False,normal
4678,train,train,3481,False,1.7209260502889836,-7.063796024561148,42.80777418800306,4.169145107417703,258.8188405579229,60.37935625873294,0.16539666932949884,0.06904918113986518,False,False,normal
4679,test,train,3482,False,0.8607712585624364,-2.588138386542225,16.79619259796791,10.066099134678367,258.8188405579229,60.37935625873294,0.06489555614174453,0.16671425067110518,False,False,normal
4680,train,train,3483,False,3.465393079778356,-1.2460302357017785,19.730733201425416,6.093257873142008,258.8188405579229,60.37935625873294,0.07623375933101646,0.10091624440366094,False,False,normal
4681,train,train,3484,False,3.387000146814198,-3.8214065048005175,227.02876155437173,65.48422427521291,258.8188405579229,60.37935625873294,0.8771724696122474,1.0845465790427606,False,True,q alarm only
4682,train,train,3485,False,3.5349908660046436,-1.4511024801080308,15.68387473807725,7.54187990166614,258.8188405579229,60.37935625873294,0.060597886553653904,0.12490825290266859,False,False,normal
4683,test,train,3486,False,4.74024168365232,-1.1501135284573032,12.535318776751852,7.339390534046833,258.8188405579229,60.37935625873294,0.048432790865340754,0.12155463371614374,False,False,normal
4684,train,train,3487,False,-8.223199104144372,-0.41387224257572114,40.53763076063378,7.756553201315006,258.8188405579229,60.37935625873294,0.1566255017341428,0.1284636617866084,False,False,normal
4685,train,test,3488,False,-5.599901936110429,-2.8041963766136773,16.62402999584078,4.828430471543086,258.8188405579229,60.37935625873294,0.06423037040118557,0.0799682336931959,False,False,normal
4686,test,train,3489,False,-2.82097274649682,-3.660532705894414,11.64223428273403,4.025911686734443,258.8188405579229,60.37935625873294,0.04498217462699951,0.0666769561020644,False,False,normal
4687,train,train,3490,False,0.16220148280218746,-4.646663748353473,11.840378758901606,4.935122216426421,258.8188405579229,60.37935625873294,0.04574774669949796,0.08173525725048834,False,False,normal
4688,test,train,3491,False,-1.2394898614857492,1.7297075604347723,28.8378488525563,5.155180107240603,258.8188405579229,60.37935625873294,0.11142097998117904,0.08537984547483454,False,False,normal
4689,train,train,3491,False,0.6943650575718534,-2.393830458260203,13.392924504076191,5.9044394175522,258.8188405579229,60.37935625873294,0.051746327567211606,0.09778904220593133,False,False,normal
4690,train,train,3492,False,3.946512671607824,-1.416426335176864,14.495857712706995,5.587344104479452,258.8188405579229,60.37935625873294,0.05600773761855588,0.09253732485217295,False,False,normal
4691,train,train,3493,False,6.3607136493077325,-3.0370365037750484,19.817349376314734,6.616677335769792,258.8188405579229,60.37935625873294,0.07656841879669757,0.10958509241828479,False,False,normal
4692,train,train,3494,False,-8.36510665884326,-0.8925116391587947,38.69556753564574,7.323714746484903,258.8188405579229,60.37935625873294,0.1495083103387359,0.12129501207501928,False,False,normal
4693,train,train,3495,False,-5.009940167975777,-3.414778061196885,17.689033280042583,8.08548792527865,258.8188405579229,60.37935625873294,0.06834523036233071,0.13391146289522107,False,False,normal
4694,test,train,3496,False,-4.037528578678998,-4.753029918781755,34.33440754520598,23.92710671252015,258.8188405579229,60.37935625873294,0.13265806875261865,0.3962795928129734,False,False,normal
4695,train,train,3497,False,-2.580694808824552,-6.078683317758739,30.34652737724217,3.4688234260799566,258.8188405579229,60.37935625873294,0.11725007079015451,0.057450487070707136,False,False,normal
4696,train,train,3410,False,-9.310755663030722,-4.322475717590998,58.34010356797421,43.428969102131575,258.8188405579229,60.37935625873294,0.22540902911941554,0.7192685015725097,False,False,normal
4697,train,train,3498,False,-5.48915166305354,-3.8731849338449735,54.27404057987867,59.9681039183089,258.8188405579229,60.37935625873294,0.20969895569767186,0.9931888584790176,False,False,normal
4698,test,train,3499,False,-5.8821391898250734,-4.244228440788536,31.91985992971731,56.452131783922276,258.8188405579229,60.37935625873294,0.12332896577741116,0.9349574967645891,False,False,normal
4699,train,train,3500,False,-4.857451747862581,-6.111164891957857,109.49178111883806,40.29844765759064,258.8188405579229,60.37935625873294,0.42304409092789413,0.6674209556807273,False,False,normal
4700,test,train,3501,False,-5.573945832995301,-2.786604792926446,16.11460887960756,17.986648992079896,258.8188405579229,60.37935625873294,0.06226211679516877,0.297894017203577,False,False,normal
4701,test,train,3502,False,-5.145805403461472,-3.3352150361821673,23.764556135011308,11.806697872733185,258.8188405579229,60.37935625873294,0.09181926664914825,0.19554196341776214,False,False,normal
4702,train,test,3503,False,-5.465777887507615,-2.7626771940384067,16.26956738905039,12.80163627326388,258.8188405579229,60.37935625873294,0.06286083097342872,0.21202008544786896,False,False,normal
4703,test,test,3504,False,-5.136507713137449,-3.737689799275439,16.482044560020167,15.761363197854795,258.8188405579229,60.37935625873294,0.06368178036997092,0.26103894069879485,False,False,normal
4704,train,train,3505,False,-4.575269647276571,-3.2596285523214332,14.769488274386035,6.392675610921758,258.8188405579229,60.37935625873294,0.057064965759633976,0.10587518660398365,False,False,normal
4705,test,train,3506,False,-6.061564478377642,-4.229671682440341,515.7723112561393,79.77548010735546,258.8188405579229,60.37935625873294,1.992792758611833,1.3212376721193873,True,True,both alarms
4706,train,train,3507,False,-5.551304020872678,-4.9636301711671935,111.48733675299901,24.35842973090501,258.8188405579229,60.37935625873294,0.4307543319206257,0.4034231439389011,False,False,normal
4707,train,train,3508,False,-5.608905147898977,-4.696930889166506,130.85334199860432,28.949136758027908,258.8188405579229,60.37935625873294,0.5055788895295654,0.47945421335691807,False,False,normal
4708,train,train,3509,False,-5.042459303544503,-4.403806730841073,51.3630391729919,39.19855807790765,258.8188405579229,60.37935625873294,0.1984517010518676,0.649204637259414,False,False,normal
4709,train,test,3510,False,-4.036079739427495,-2.861185384074708,30.883384184425417,5.988037258378213,258.8188405579229,60.37935625873294,0.11932432784974865,0.09917358563279045,False,False,normal
4710,train,train,3511,False,-4.558217889807686,-6.591305839104587,80.25243420565573,44.92389723912625,258.8188405579229,60.37935625873294,0.31007184033689184,0.7440274296171997,False,False,normal
4711,train,train,3512,False,-4.825332881065213,-2.102090653199264,21.49492187451712,14.919267683273697,258.8188405579229,60.37935625873294,0.0830500663250851,0.24709219520895198,False,False,normal
4712,test,train,3513,False,-3.6205801841547696,-3.1393842596883954,15.464404728627779,4.309768810030752,258.8188405579229,60.37935625873294,0.05974991888261276,0.07137818415226,False,False,normal
4713,train,test,3514,False,-5.198530860608929,-3.6136730226787623,48.59862154473929,34.29743513686781,258.8188405579229,60.37935625873294,0.1877708030836459,0.5680324743758297,False,False,normal
4714,train,train,3515,False,-4.665323033338869,-6.813438850360264,908.2239918911013,496.8051531525798,258.8188405579229,60.37935625873294,3.50911081254088,8.228063098647638,True,True,both alarms
4715,train,train,3516,False,-4.343516398957009,-3.3326896684258087,59.5326310585131,18.66130944076844,258.8188405579229,60.37935625873294,0.23001660516746603,0.30906771116940107,False,False,normal
4716,train,test,3517,False,-4.546423867200819,-4.9574038896247625,35.93816222893218,9.569162173610389,258.8188405579229,60.37935625873294,0.13885450592183346,0.15848400457608983,False,False,normal
4717,train,train,3518,False,-4.953832099020441,-3.864939689153211,36.047359268996274,10.169640574973824,258.8188405579229,60.37935625873294,0.139276411219874,0.16842909903503556,False,False,normal
4718,train,train,3519,False,-4.38353575310411,-1.8150701946573908,27.032622065557117,5.944126379008191,258.8188405579229,60.37935625873294,0.10444611376545941,0.098446335756494,False,False,normal
4719,train,train,3520,False,-5.151075537492163,-2.971973905968957,18.613934209024986,9.526909352961484,258.8188405579229,60.37935625873294,0.07191877596275392,0.15778421538874163,False,False,normal
4720,train,train,3521,False,-6.476792599276395,-4.321004316494438,35.61946098322184,10.36151384770535,258.8188405579229,60.37935625873294,0.13762313789227532,0.17160689496762757,False,False,normal
4721,train,test,3522,False,-6.83609103094215,-1.7539084474674032,24.522965673829987,8.532710615469817,258.8188405579229,60.37935625873294,0.09474953840673674,0.14131834362238158,False,False,normal
4722,test,train,3523,False,-6.953975715774181,-5.271789305925775,45.790142576066756,16.81870264617434,258.8188405579229,60.37935625873294,0.17691966503427348,0.2785505458869773,False,False,normal
4723,train,train,3524,False,-4.311292516388838,-6.23291202528719,33.886751785800506,6.323071371614425,258.8188405579229,60.37935625873294,0.130928458348521,0.10472240453374974,False,False,normal
4724,train,train,3525,False,-4.892015057357147,-3.2747928462576845,17.33534602887671,7.612045506744924,258.8188405579229,60.37935625873294,0.06697868668103052,0.12607033228586234,False,False,normal
4725,train,train,3526,False,-3.7800633441179823,-5.725242821297383,26.76760683792751,3.720708095938969,258.8188405579229,60.37935625873294,0.10342217274532994,0.06162218888183039,False,False,normal
4726,train,train,3527,False,-4.413278114603705,-2.930624042851481,15.121938665448596,4.931950710593702,258.8188405579229,60.37935625873294,0.058426730576688256,0.08168273092312692,False,False,normal
4727,test,test,3528,False,-3.956065178749404,-3.106352600531912,15.839014756082486,7.243789550723349,258.8188405579229,60.37935625873294,0.06119730202770057,0.11997129481942177,False,False,normal
4728,train,train,3529,False,-3.5920274837489448,-5.238637966898527,19.848295083597378,4.912244830057356,258.8188405579229,60.37935625873294,0.0766879839226982,0.08135636307561453,False,False,normal
4729,train,test,3530,False,-4.747123897980295,-2.7272243153955125,19.317600417198275,18.09147078929542,258.8188405579229,60.37935625873294,0.07463753556563457,0.29963007077735726,False,False,normal
4730,train,train,3531,False,-5.164489304873147,0.7998079710132043,19.652520473456555,11.927194897521987,258.8188405579229,60.37935625873294,0.07593156831663643,0.1975376293581617,False,False,normal
4731,train,train,3532,False,-4.416259869798013,-3.0743135642721966,15.494635020170584,6.672574719308073,258.8188405579229,60.37935625873294,0.0598667198522703,0.11051086220123435,False,False,normal
4732,test,train,3533,False,-4.20278475857861,-2.8507796631232596,13.655563811903596,8.905138218953976,258.8188405579229,60.37935625873294,0.05276108873089369,0.14748647171384816,False,False,normal
4733,train,train,3534,False,-3.554519269461583,-4.85392377700053,16.785821147280263,8.378150652058723,258.8188405579229,60.37935625873294,0.06485548390177431,0.13875852892762422,False,False,normal
4734,test,train,3535,False,-4.4069393342297625,-2.9086291865789913,22.127343849493794,6.062000159713119,258.8188405579229,60.37935625873294,0.08549355913114741,0.10039855565429855,False,False,normal
4735,train,train,3536,False,1.0282708288975289,-2.5611872262202517,13.64114387374368,4.667326169412164,258.8188405579229,60.37935625873294,0.052705374324134,0.07730003197470506,False,False,normal
4736,train,train,3537,False,3.9266178234325513,-0.8371724160739148,14.935332833948248,7.63138532814143,258.8188405579229,60.37935625873294,0.05770574043896068,0.12639063747947243,False,False,normal
4737,train,test,3538,False,5.944517857503918,-0.6162436292133852,20.17916195587639,12.198030637812975,258.8188405579229,60.37935625873294,0.0779663563609866,0.20202319788808146,False,False,normal
4738,train,train,3539,False,-9.427181546704995,3.4902816704199404,50.73439471330853,6.571070959080323,258.8188405579229,60.37935625873294,0.1960228034556639,0.10882976179677172,False,False,normal
4739,train,train,3540,False,-3.193668728061221,-2.4709950149007858,10.645435758999193,7.652252645101259,258.8188405579229,60.37935625873294,0.041130837832560246,0.12673624098127875,False,False,normal
4740,train,train,3541,False,3.6644713306513155,-5.264290591966099,274.7764918325786,80.71300540399427,258.8188405579229,60.37935625873294,1.0616556786988791,1.3367649210788064,True,True,both alarms
4741,train,train,3184,False,-7.509230267122219,-5.335231740179054,55.13443433243063,42.95009365695471,258.8188405579229,60.37935625873294,0.21302326451034273,0.7113373894366858,False,False,normal
4742,test,train,3542,False,-3.839777710081483,-4.008103177630699,36.87632425213502,32.737895476936295,258.8188405579229,60.37935625873294,0.14247928849631875,0.5422034533897712,False,False,normal
4743,train,train,3543,False,-4.288694362705405,-4.30708357060271,38.51668365534675,37.93517503032657,258.8188405579229,60.37935625873294,0.14881715555296615,0.62828054787086,False,False,normal
4744,train,train,3544,False,-3.012042966509054,-6.417929264854884,43.71415837272967,24.27628046798663,258.8188405579229,60.37935625873294,0.1688986716673996,0.40206259178981296,False,False,normal
4745,train,test,2471,False,-3.4452080202672883,-8.575170137147161,179.3729855129177,27.353942019526784,258.8188405579229,60.37935625873294,0.6930445446948618,0.45303467467112085,False,False,normal
4746,train,train,3545,False,-3.822606292663801,-4.187056817864245,24.350274869838657,14.259894954365285,258.8188405579229,60.37935625873294,0.09408231184927643,0.23617169572427846,False,False,normal
4747,test,train,3546,False,-5.221562328533924,-1.5996699499472553,29.591616052202554,9.960944782660956,258.8188405579229,60.37935625873294,0.11433331510338807,0.16497268934065953,False,False,normal
4748,train,train,3547,False,-3.982552515563269,-10.551252239531463,198.07145865359155,58.40932611320525,258.8188405579229,60.37935625873294,0.7652899542653803,0.9673724552960474,False,False,normal
4749,train,train,3548,False,-3.1837987221411774,-3.5021851063932625,25.884200739991375,6.287942061104763,258.8188405579229,60.37935625873294,0.10000895098747097,0.10414059457938175,False,False,normal
4750,train,train,3549,False,-3.80781328729729,-4.035454823777881,21.813762471457622,13.75838688711343,258.8188405579229,60.37935625873294,0.08428197276687732,0.22786574318807004,False,False,normal
4751,train,train,3550,False,-3.3925496404401603,-3.7755058795713112,23.173009634006046,13.224664928535905,258.8188405579229,60.37935625873294,0.08953370467178179,0.21902626573007164,False,False,normal
4752,train,train,3551,False,-4.8298812484978715,-5.2459108491325726,292.19771084218456,50.38764714390839,258.8188405579229,60.37935625873294,1.1289661533615887,0.8345177932668104,True,False,t2 alarm only
4753,train,train,3552,False,-4.1645535831357625,-4.773098253585137,107.99849863462238,30.13759359473332,258.8188405579229,60.37935625873294,0.41727448589838123,0.49913737843759115,False,False,normal
4754,test,train,3553,False,-4.141424612013282,-4.5098098021971555,89.0803737370737,33.13474777676455,258.8188405579229,60.37935625873294,0.34418040643813863,0.5487761021296433,False,False,normal
4755,train,train,3554,False,-3.14155090865988,-6.497448916038168,68.27860228464824,16.484400508474877,258.8188405579229,60.37935625873294,0.2638084698063845,0.27301384992972105,False,False,normal
4756,train,train,3555,False,-3.091554320097559,-2.860667461851218,33.42925974775484,4.999069407397585,258.8188405579229,60.37935625873294,0.12916084345209589,0.08279434755773084,False,False,normal
4757,train,train,3556,False,-3.07733644796413,-6.9857050871726125,55.52711603032936,39.41326997682234,258.8188405579229,60.37935625873294,0.2145404712834364,0.6527606854225416,False,False,normal
4758,train,train,3557,False,-4.118930172267868,-2.400132475513914,26.408586225598537,12.66382349809078,258.8188405579229,60.37935625873294,0.10203502252259095,0.20973763688080319,False,False,normal
4759,train,test,3558,False,-2.4821727926480257,-3.602757234231481,18.203032322687093,5.8734116484098,258.8188405579229,60.37935625873294,0.07033117173173221,0.09727516178280389,False,False,normal
4760,train,train,3559,False,-3.8039303024828346,-4.5847796219422285,68.91784999450728,50.75918215257238,258.8188405579229,60.37935625873294,0.26627833524771416,0.840671138245712,False,False,normal
4761,train,train,3560,False,-2.8034859296017025,-6.988634757965839,50.64743396577043,33.15196059468402,258.8188405579229,60.37935625873294,0.19568681266244867,0.5490611799937681,False,False,normal
4762,test,train,3561,False,-4.763288870709624,-6.72771334025965,2345.8714255656546,261.3381060961858,258.8188405579229,60.37935625873294,9.063758343514623,4.328269168295203,True,True,both alarms
4763,train,train,3562,False,-3.753702386112609,-5.32069937197225,2267.3520300696346,219.15075402977402,258.8188405579229,60.37935625873294,8.760382455859924,3.629564268467623,True,True,both alarms
4764,test,train,3563,False,-4.0800396908639245,-4.6041706856993745,104.67023826029828,50.670198659251085,258.8188405579229,60.37935625873294,0.40441506512688896,0.8391973979007507,False,False,normal
4765,train,train,3564,False,-6.606547641617055,-4.644840587910349,48.350184042338505,28.753093902361314,258.8188405579229,60.37935625873294,0.18681091352589485,0.47620736099190564,False,False,normal
4766,train,train,3565,False,-5.510081753555655,-5.367710416392782,37.57206138389673,9.667238064511098,258.8188405579229,60.37935625873294,0.1451674124762498,0.16010833277330414,False,False,normal
4767,test,train,3566,False,-4.923988092283628,-2.683307092627269,43.73246573386527,22.900614774335057,258.8188405579229,60.37935625873294,0.16896940593502918,0.3792788826068817,False,False,normal
4768,test,train,3567,False,-3.751888184049792,-4.049562052418303,36.83753200848389,15.12371306110776,258.8188405579229,60.37935625873294,0.1423294066578579,0.25047820974276036,False,False,normal
4769,test,train,3568,False,-4.135799602529003,-5.164307157888044,1672.0762172023806,250.7440295324539,258.8188405579229,60.37935625873294,6.460411512538921,4.152810580788325,True,True,both alarms
4770,test,train,3569,False,-2.804507498146213,-6.110204890741457,31.30454056602234,16.44406129533085,258.8188405579229,60.37935625873294,0.12095155243930734,0.2723457538180108,False,False,normal
4771,train,train,3570,False,-3.593027747827713,-3.070399349539933,14.443274439041149,11.764655226099553,258.8188405579229,60.37935625873294,0.05580457128973494,0.19484565512236604,False,False,normal
4772,train,train,3571,False,-2.920664221273854,-3.239843176972694,13.440282483861463,7.40231579594696,258.8188405579229,60.37935625873294,0.0519293048948404,0.12259679888316678,False,False,normal
4773,test,train,3572,False,-3.817981062029119,-1.7744271639877478,21.33004026867296,16.475277275782773,258.8188405579229,60.37935625873294,0.0824130122161619,0.2728627513878119,False,False,normal
4774,train,train,3573,False,-2.2709284440214583,-5.143519251975079,17.15888903246075,8.777770218427724,258.8188405579229,60.37935625873294,0.06629690866195129,0.14537700900310865,False,False,normal
4775,train,train,3574,False,-3.3631540194317413,-2.681834479884449,12.379012898820601,9.996430129508193,258.8188405579229,60.37935625873294,0.04782887085088466,0.1655603959517598,False,False,normal
4776,test,train,3575,False,-3.4715799924705992,-2.6601105960437867,17.416727473798918,16.141491144662155,258.8188405579229,60.37935625873294,0.06729312068725192,0.26733460150674493,False,False,normal
4777,train,test,3576,False,-3.077330564630752,-3.173204179370656,13.51122645062014,6.6275367085857,258.8188405579229,60.37935625873294,0.05220341155031319,0.10976494482958536,False,False,normal
4778,train,train,3577,False,-2.9596446069078652,-3.0440444586514337,12.971039461907202,8.540379727877205,258.8188405579229,60.37935625873294,0.05011628764716733,0.14144535909393655,False,False,normal
4779,test,test,3578,False,-2.616970315746817,-5.052290085614671,17.407723402215787,5.591486477839293,258.8188405579229,60.37935625873294,0.0672583315986225,0.09260593064091456,False,False,normal
4780,train,train,3579,False,-3.087606242658471,-3.1773996013594323,17.87688403342596,11.010768055159522,258.8188405579229,60.37935625873294,0.06907103051265376,0.1823598119856898,False,False,normal
4781,train,train,3580,False,-1.5159810789942614,-7.62693519639484,73.16086929261324,15.563282310009756,258.8188405579229,60.37935625873294,0.28267211588964697,0.25775833454267355,False,False,normal
4782,test,train,3581,False,-2.775739546712077,-3.19286619781767,25.37961611940121,15.434326448352545,258.8188405579229,60.37935625873294,0.09805938418042379,0.25562257375210434,False,False,normal
4783,train,train,3582,False,-2.5976136063124544,-4.310995897420357,1645.1185372382529,299.81255682677664,258.8188405579229,60.37935625873294,6.3562549530472845,4.965481174427285,True,True,both alarms
4784,train,train,3583,False,-2.5930792898684025,-2.508749669454177,20.302875695634814,12.868564252417618,258.8188405579229,60.37935625873294,0.07844434992394261,0.2131285434259061,False,False,normal
4785,train,train,3584,False,-1.993021259936148,-2.7165375534703315,8.463635345153781,5.3446052192694165,258.8188405579229,60.37935625873294,0.03270100170029795,0.08851709508738596,False,False,normal
4786,train,train,3585,False,4.090561992184475,-4.588664248593232,28.240200348666864,5.153222036631567,258.8188405579229,60.37935625873294,0.10911184165646855,0.08534741600339989,False,False,normal
4787,train,train,3586,False,-7.986861938483942,3.6605337219662784,37.11936879307415,7.4981235826028625,258.8188405579229,60.37935625873294,0.1434183412345785,0.12418356284675319,False,False,normal
4788,test,train,3586,False,-0.3431299317317373,-0.8200123868186286,7.456104674211424,2.5833629922769976,258.8188405579229,60.37935625873294,0.028808199040451114,0.04278553387033427,False,False,normal
4789,train,train,3587,False,-4.482491296651397,-5.546111455377555,22.341689061601553,8.561194461340303,258.8188405579229,60.37935625873294,0.08632172609011263,0.14179009171039414,False,False,normal
4790,train,train,3588,False,-3.940037748461665,-2.4481508772723783,27.994638372663182,20.91381661010662,258.8188405579229,60.37935625873294,0.10816306228834242,0.34637362678211325,False,False,normal
4791,train,train,3589,False,-3.1666938405926457,-2.8667702822533276,11.909816996774074,7.1054523751206995,258.8188405579229,60.37935625873294,0.046016035660698715,0.11768016115761429,False,False,normal
4792,test,train,3590,False,0.5218526477089572,-5.556500605303626,27.612036265896602,6.070797643126264,258.8188405579229,60.37935625873294,0.10668480009559857,0.10054425915228629,False,False,normal
4793,train,train,3591,False,-3.904482593421821,-3.6545822971316886,39.13623555230494,28.401659928256542,258.8188405579229,60.37935625873294,0.1512109221567522,0.4703869283824748,False,False,normal
4794,train,test,3592,False,-4.356299189412914,-3.4192986403239867,32.75373043326375,26.348252348080702,258.8188405579229,60.37935625873294,0.12655079654424756,0.4363784906082008,False,False,normal
4795,train,train,3593,False,-4.544808311657824,-2.0857785585520716,26.22484738975893,32.35237030605755,258.8188405579229,60.37935625873294,0.10132510961422798,0.5358184040158308,False,False,normal
4796,train,train,3594,False,-2.986784158017855,-6.315608887246501,53.308253448637544,26.089431698738704,258.8188405579229,60.37935625873294,0.20596743781760088,0.4320919154378243,False,False,normal
4797,train,test,3595,False,-4.306521074347998,-2.795254390509156,34.518024335412036,28.641794822793152,258.8188405579229,60.37935625873294,0.13336751011249123,0.4743640309787264,False,False,normal
4798,train,train,3596,False,-5.055898218213841,-1.1858165802820912,21.516464973696134,17.156354882012838,258.8188405579229,60.37935625873294,0.0831333025343679,0.28414272600879936,False,False,normal
4799,train,train,3597,False,-3.992752452991241,-2.724128958675224,20.389182738567698,13.185908459326908,258.8188405579229,60.37935625873294,0.07877781499451798,0.21838438294743778,False,False,normal
4800,train,train,3598,False,-3.759527936846829,-3.151893225758576,24.71707860515498,11.740598018909296,258.8188405579229,60.37935625873294,0.09549953377379175,0.19444722081168594,False,False,normal
4801,train,train,3599,False,-3.369580906619811,-3.1220388055606247,23.78723473100539,9.046905844737406,258.8188405579229,60.37935625873294,0.09190689008469566,0.1498344203268797,False,False,normal
4802,train,train,3600,False,-4.034831766991593,-3.4197240114149503,34.5081533236796,5.679571633695826,258.8188405579229,60.37935625873294,0.13332937142169438,0.09406479276390702,False,False,normal
4803,test,train,3601,False,-4.509533947649368,-4.4845109588312475,251.11356869411557,33.4955617755789,258.8188405579229,60.37935625873294,0.9702290921047423,0.55475188625805,False,False,normal
4804,train,test,3602,False,-4.3718245444817905,-4.280758945805645,89.6500790826354,61.76325587961491,258.8188405579229,60.37935625873294,0.3463815806043377,1.0229200790904724,False,True,q alarm only
4805,train,test,3603,False,-4.837921130743869,-4.75511880771109,309.8631511121188,32.5232169697508,258.8188405579229,60.37935625873294,1.1972202272607444,0.5386479582588597,True,False,t2 alarm only
4806,train,test,3604,False,-3.3505399200985377,-2.3769647423615807,34.920187311247744,14.924983197492908,258.8188405579229,60.37935625873294,0.13492134975943804,0.24718685528109188,False,False,normal
4807,test,train,3605,False,-2.749858088848343,-5.959345105683976,49.31008341908928,14.044973492032401,258.8188405579229,60.37935625873294,0.19051968285150334,0.23261217678187837,False,False,normal
4808,test,train,3606,False,-4.091801040338321,-1.864394340373729,11.101716120615732,16.855063246902183,258.8188405579229,60.37935625873294,0.04289377116706154,0.2791527484108339,False,False,normal
4809,train,train,3607,False,-2.6013236817096344,-3.034217562254919,19.69433551423096,5.178519444582818,258.8188405579229,60.37935625873294,0.07609312935556338,0.08576639045955091,False,False,normal
4810,test,train,3608,False,-3.933218032164468,-3.5337682236366232,34.17146579966648,43.49595608426804,258.8188405579229,60.37935625873294,0.13202850969428945,0.7203779367551144,False,False,normal
4811,test,test,3609,False,-3.1487804881924357,-6.861574565786219,47.42940884972404,29.96022310375794,258.8188405579229,60.37935625873294,0.18325330855931055,0.49619977688027533,False,False,normal
4812,train,train,3610,False,-5.039161312518801,-5.0759988132504,373.2063432813175,90.60842303334539,258.8188405579229,60.37935625873294,1.4419597216215603,1.5006523528518123,True,True,both alarms
4813,train,train,3611,False,-3.6817407398365734,-3.318895792275998,25.630212061917796,19.072271350697445,258.8188405579229,60.37935625873294,0.099027613316975,0.315874042594466,False,False,normal
4814,train,train,3612,False,-4.481980172096005,-5.116186983452773,225.08448164098448,27.992237825246782,258.8188405579229,60.37935625873294,0.8696603429479132,0.4636060991656919,False,False,normal
4815,train,train,3613,False,-6.467536753221532,0.9468255948833668,38.83985420503005,15.001756432641194,258.8188405579229,60.37935625873294,0.15006579166070333,0.24845836991631426,False,False,normal
4816,train,train,3614,False,-4.748322746516182,-2.122247910604003,29.123210284741983,10.98167368290315,258.8188405579229,60.37935625873294,0.11252353276122606,0.18187795238898097,False,False,normal
4817,test,train,3615,False,-3.4431318095363497,-3.0440077090396356,14.969263911138952,3.1549574816122354,258.8188405579229,60.37935625873294,0.05783684015765798,0.05225225436476759,False,False,normal
4818,train,train,3616,False,-3.2429588399954485,-3.8680700250395037,9.78175227081056,4.7083172716588875,258.8188405579229,60.37935625873294,0.037793818447391714,0.07797892464244188,False,False,normal
4819,test,train,3617,False,-3.0946936622004566,-6.501064775363344,34.41687914228909,2.274117246303358,258.8188405579229,60.37935625873294,0.13297671478667603,0.037663820670072845,False,False,normal
4820,train,train,3618,False,-3.500597744618259,-2.817189458227205,14.732718088297563,3.088778425365335,258.8188405579229,60.37935625873294,0.056922896557835494,0.051156200011963374,False,False,normal
4821,train,train,3619,False,-2.9610693446969107,-3.2832446276166856,11.466523767879654,4.926948156482811,258.8188405579229,60.37935625873294,0.04430328079347639,0.0815998788620772,False,False,normal
4822,train,train,3620,False,-3.163769109704937,-4.986300040201371,32.58674889766833,7.848805917029231,258.8188405579229,60.37935625873294,0.12590562892339172,0.12999154683591085,False,False,normal
4823,train,train,3621,False,-2.7662976674458415,-4.6380294342719095,35.12219690993592,3.614573818401104,258.8188405579229,60.37935625873294,0.1357018555303963,0.059864398071953796,False,False,normal
4824,test,test,3622,False,-3.2637139431906883,-3.0772131974742325,11.870420381694151,2.8140832520497914,258.8188405579229,60.37935625873294,0.04586381870850544,0.046606711737553146,False,False,normal
4825,train,train,3623,False,-3.811455033339656,-0.9583421250022194,18.712165379406013,11.720537805990462,258.8188405579229,60.37935625873294,0.07229831236037194,0.19411498452826362,False,False,normal
4826,train,train,3624,False,-3.3260361943819547,-3.071989505373647,16.85822542911794,3.944409209026435,258.8188405579229,60.37935625873294,0.06513523278590347,0.06532711597858311,False,False,normal
4827,train,train,3625,False,-2.9626712258946593,-3.2257403920913066,11.523306883898428,4.5474462651540914,258.8188405579229,60.37935625873294,0.04452267407990164,0.07531458675491218,False,False,normal
4828,train,train,3626,False,-2.5769529731284786,-4.959594301197835,20.059006534106725,2.360466894136519,258.8188405579229,60.37935625873294,0.07750211109386984,0.039093939392490853,False,False,normal
4829,train,train,3627,False,-3.070660887769463,-3.1927169161531324,16.88616433189936,3.794246487939729,258.8188405579229,60.37935625873294,0.0652431805022335,0.06284012820012386,False,False,normal
4830,test,train,3628,False,1.9708139136185328,-3.26822457843442,17.124091918980984,14.00398423111199,258.8188405579229,60.37935625873294,0.06616246283333714,0.23193331461009956,False,False,normal
4831,train,test,3629,False,3.2209644108671345,-1.6341542614562372,23.593725268766804,5.047620854307225,258.8188405579229,60.37935625873294,0.09115922634498703,0.0835984542908598,False,False,normal
4832,train,train,3630,False,6.348776620667974,-0.3026472489538037,22.78217638573294,11.354573886407158,258.8188405579229,60.37935625873294,0.08802363976526027,0.18805390765929034,False,False,normal
4833,train,test,3631,False,-4.810262204583423,-3.540773553731042,16.987321150576168,8.709433946448668,258.8188405579229,60.37935625873294,0.0656340207457751,0.14424522694690012,False,False,normal
4834,train,train,3632,False,-1.5543658595856806,-7.635952046287202,301.116153318673,91.1947578268273,258.8188405579229,60.37935625873294,1.1634243962671802,1.510363201555952,True,True,both alarms
4835,train,test,3633,False,2.826338749178056,-2.5730084196858387,26.322738647665155,10.134893865685452,258.8188405579229,60.37935625873294,0.10170333268985572,0.16785362570372878,False,False,normal
4836,test,train,3634,False,6.292029280034798,-1.5585869983692395,20.636159499061645,7.595439497453717,258.8188405579229,60.37935625873294,0.07973206067447525,0.12579530435711053,False,False,normal
4837,train,train,3635,False,-7.913011412231205,-0.890030767550257,36.03725806417335,8.802729647418786,258.8188405579229,60.37935625873294,0.13923738313056974,0.14579038586794485,False,False,normal
4838,train,train,3636,False,0.030248407503574305,-5.966527608488218,28.311333026781238,3.3861136313433366,258.8188405579229,60.37935625873294,0.1093866774372063,0.056080651420552165,False,False,normal
4839,train,test,3637,False,5.340220741991397,-2.1992126535996266,23.285827441691485,12.64079100937139,258.8188405579229,60.37935625873294,0.08996959955270406,0.2093561739082486,False,False,normal
4840,train,train,3638,False,-7.65693226325258,-0.8111584833177532,30.284433880398836,6.639761420170388,258.8188405579229,60.37935625873294,0.1170101597515706,0.10996740991603483,False,False,normal
4841,train,test,3639,False,-5.435004734849594,-3.37668096456848,25.550993668201585,19.284820360393187,258.8188405579229,60.37935625873294,0.09872153670545228,0.31939426909017327,False,False,normal
4842,train,train,3640,False,6.29774820633284,-4.906879223382189,31.894574661259067,20.178943326576746,258.8188405579229,60.37935625873294,0.12323127092488909,0.33420269073601083,False,False,normal
4843,train,train,3641,False,-8.096242645941656,-0.30975360500830096,25.570286918295075,12.80861599422118,258.8188405579229,60.37935625873294,0.09879608015851736,0.21213568325132004,False,False,normal
4844,test,train,3642,False,-3.846163400627715,-4.577397171229275,37.165426215915694,7.630966606293036,258.8188405579229,60.37935625873294,0.14359629359207404,0.12638370262831902,False,False,normal
4845,train,train,3643,False,4.074831812890313,-2.612799186357595,21.13741986518188,6.514813622149752,258.8188405579229,60.37935625873294,0.08166878353838923,0.1078980304830177,False,False,normal
4846,train,train,3644,False,5.228437836282595,-1.41812202533005,15.06031838664133,8.521859260682588,258.8188405579229,60.37935625873294,0.05818864791363933,0.14113862400528712,False,False,normal
4847,train,test,3576,False,6.52671691545757,-0.9685014843672423,19.49184978970243,12.425643163742313,258.8188405579229,60.37935625873294,0.07531078397416827,0.20579290561656388,False,False,normal
