observation_index,primary_split,grouped_sensitivity_split,target_profile_group,all_zero_output,released_mean_index,released_standard_deviation,released_range,released_coefficient_of_variation,reference_profile_shape_deviation
0,train,test,0,False,0.5843596074234694,0.10978253370746316,0.35554703520552333,0.18786810777615362,0.00873091982261233
1,train,train,1,False,0.5878564007665639,0.11070769622994964,0.3601345623694992,0.18832438684955538,0.008679171332356156
2,train,train,2,False,0.6220604671100863,0.11730263700795202,0.37913205593335036,0.18857111681265692,0.0088106578618434
3,train,train,3,False,0.621929481960728,0.11764981336068918,0.37915542347962533,0.18916905657821548,0.009987154179164586
4,train,train,4,False,0.6361123797830697,0.12067753596837627,0.3901720482063057,0.1897110318927142,0.011776527818056898
5,train,train,5,False,0.6290872150150916,0.11843039932124838,0.38543728472557126,0.18825752057035094,0.0076027365668599346
6,train,train,6,False,0.6158574235951401,0.11628320456859538,0.3759911253103775,0.1888151382340713,0.009444351724626963
7,train,test,7,False,0.6160491695408825,0.11623422221393945,0.3776083257144137,0.1886768588626851,0.008007783508788877
8,test,train,8,False,0.6205407675890934,0.11695176640360762,0.37996402368164345,0.18846749885263003,0.007781004268181016
9,train,train,9,False,0.629328424836665,0.11861754997685066,0.3842360681956815,0.18848274652084324,0.008354671341052547
10,train,train,10,False,0.6222832535491462,0.11739770252862983,0.3831516893971664,0.1886563745031877,0.00785990191837392
11,train,train,11,False,0.6227925422245666,0.11737504495677377,0.3823197216488733,0.1884657201216945,0.0072725473439726835
12,test,train,12,False,0.6243697663009804,0.11746932395425816,0.38432953838078115,0.18814063443557502,0.007188021560666904
13,train,train,13,False,0.6240684486526115,0.1176383785533531,0.38352093817876304,0.18850236509687204,0.007522491639797574
14,train,test,14,False,0.6247645603015274,0.11771028038022562,0.385530754910671,0.18840742234709282,0.007162678208696517
15,train,train,15,False,0.6257740672109121,0.11765714609017261,0.3842828032882314,0.18801857132650596,0.006546903202449599
16,train,train,16,False,0.626684366374496,0.11832093131431823,0.3855073873643961,0.18880466413871197,0.00839969392420541
17,test,test,17,False,0.6272860057561132,0.11816792479011867,0.38629262002013937,0.18837966048307156,0.007090481833505
18,train,train,18,False,0.6348953526579353,0.12000293689940572,0.39021878329885545,0.1890121519980004,0.00844355074736214
19,test,train,19,False,0.6220661914860461,0.11664435047120635,0.38192710532100155,0.18751115567389398,0.005827793092901143
20,train,train,20,False,0.6244333381359003,0.1176842383394743,0.3863627226589641,0.18846565542255173,0.006605598853917939
21,train,train,21,False,0.6301152586819656,0.11812689794650522,0.3923454377621379,0.1874687151579148,0.004924225175905104
22,train,train,22,False,0.6370376508040211,0.11941949884198691,0.3986974016469087,0.18746066059245414,0.004312605980957331
23,test,train,22,False,0.6370376508040211,0.11941949884198691,0.3986974016469087,0.18746066059245414,0.004312605980957331
24,train,train,23,False,0.6163530982485667,0.11519475067863875,0.38326852712854087,0.18689733369715666,0.003988703348097609
25,train,train,24,False,0.6091805570206579,0.11356858093832843,0.376107963041752,0.18642844002402595,0.00458634342776067
26,test,test,25,False,0.6043452699731242,0.11135696969043699,0.37042439408135,0.18426051335752017,0.00840534823588579
27,train,test,26,False,0.6049854395018109,0.11148585195160558,0.36961579387933186,0.18427857047834267,0.007923738814496213
28,train,train,27,False,0.6202542653667585,0.11406791939447122,0.3863159875664142,0.18390509467439528,0.015297038067963554
29,test,train,28,False,0.6146720797752379,0.11325932498736097,0.3856242250957707,0.1842597520108211,0.015558016304764605
30,train,train,29,False,0.6201290794766734,0.1129013297496314,0.384675419616103,0.18206101517591913,0.01766462773394736
31,test,train,29,False,0.6201290794766734,0.1129013297496314,0.384675419616103,0.18206101517591913,0.01766462773394736
32,train,train,29,False,0.6201290794766734,0.1129013297496314,0.384675419616103,0.18206101517591913,0.01766462773394736
33,test,test,30,False,0.6206297961721552,0.11316178332433612,0.38587663614599277,0.182333790646665,0.017060571314457432
34,train,test,31,False,0.6219165813951238,0.11335683732936226,0.3878630853316257,0.18227016407099617,0.018362834343174535
35,train,test,32,False,0.6250500619196095,0.11369609377138873,0.39021878329885545,0.18189918007881373,0.019472661360238085
36,train,test,33,False,0.6320417730792509,0.11430992766662691,0.39127979455109585,0.18085818459390615,0.020428359499899275
37,train,train,34,False,0.6304718837837153,0.11423675904935973,0.39132652964364556,0.181192471841534,0.019827908854928942
38,train,train,35,False,0.6381136207817948,0.11475799827649787,0.39760839088959155,0.1798394432262711,0.024247657808219716
39,train,train,36,False,0.6231386377554158,0.11210290924777885,0.3881855990206726,0.17990043058729357,0.023867064083072712
40,train,train,37,False,0.6286972618991951,0.11298273902995369,0.3921351298456637,0.1797092907461545,0.024911448583631902
41,train,train,38,False,0.6294487831305712,0.11260082806267058,0.3913031620973707,0.17888799069981356,0.027210021524412892
42,train,train,39,False,0.6157635831169672,0.11010211422478103,0.38224961901004856,0.17880582295472744,0.02760303775220632
43,test,train,40,False,0.6082676988481035,0.10889119866851467,0.37954803980749685,0.17901854541137974,0.02791358929793011
44,train,train,41,False,0.6078298746839783,0.10870163848587755,0.3783468232776072,0.17883562985842624,0.027562889192164944
45,test,train,42,False,0.6060761593692516,0.10824922247823539,0.3751124224695345,0.178606633514328,0.027802260043157247
46,train,test,43,False,0.6090920399577862,0.10855945056034354,0.37910868838707557,0.1782316028425973,0.028789928366059356
47,test,test,44,False,0.6275915399353181,0.11885974263109007,0.3871928494537813,0.18939028821730164,0.009296322604728636
48,train,test,45,False,0.6172968257110035,0.11508181328377425,0.3787160720592038,0.18642864905586193,0.003975156351847428
49,train,train,46,False,0.6152886042579863,0.1135428586766663,0.3746730710491131,0.18453593629219658,0.0058051645939066815
50,train,train,47,False,0.6212500350701405,0.11361663469376652,0.3749254820993352,0.18288390870020466,0.008395156012813312
51,test,train,48,False,0.6281128530810554,0.11481985235663551,0.38328726271601393,0.18280130997704402,0.011174796826284682
52,train,train,49,False,0.6285084403090323,0.11472292928709699,0.38287127884186734,0.18253204241885548,0.01195957492479605
53,train,train,49,False,0.6285084403090323,0.11472292928709699,0.38287127884186734,0.18253204241885548,0.01195957492479605
54,train,train,49,False,0.6285084403090323,0.11472292928709699,0.38287127884186734,0.18253204241885548,0.01195957492479605
55,train,train,50,False,0.6313239075314441,0.11460737430432177,0.38522697680909707,0.18153498218125627,0.01540968877018306
56,train,test,51,False,0.6463253403585256,0.11672410361279041,0.39908538601597837,0.18059651436232088,0.01925620658252791
57,train,test,52,False,0.6227909320751486,0.11194092967463078,0.38169342985825244,0.17974078283645195,0.021092466917179704
58,train,train,53,False,0.628439650691234,0.11259079841652334,0.3852036092628221,0.17915928489343783,0.022173480853873734
59,train,train,54,False,0.6242792374512793,0.11241244045095118,0.3857130633220684,0.1800675622496963,0.02198480770053823
60,train,train,55,False,0.6300288145443522,0.11342882104715248,0.3896392266007845,0.1800375132511775,0.022739052437826743
61,test,train,56,False,0.6283626122313312,0.11247676529550904,0.389223242726638,0.17899977354811303,0.027003220293336863
62,train,train,57,False,0.5946219027751197,0.11304585260479869,0.36921758595835824,0.1901138388566079,0.01061782225695047
63,train,test,58,False,0.5981348409240775,0.11384041968654819,0.3750612896352311,0.19032567892328844,0.01113416683816137
64,train,train,59,False,0.6014434597068661,0.11400445396949055,0.37335575575123026,0.18955140691870603,0.007820098781455577
65,test,train,60,False,0.5933538836572462,0.11006767681406841,0.3601551507404929,0.18550089557962607,0.007555934607931647
66,train,test,61,False,0.6075407547526208,0.11141381092568588,0.36624118779360987,0.18338491706791174,0.012782335591085332
67,train,train,62,False,0.6322879222533802,0.11495673505274209,0.390377724163978,0.1818107400233953,0.022840619046767922
68,test,test,63,False,0.631931783471722,0.1143345607212244,0.3916023082401427,0.18092864405884201,0.026108978511158388
69,test,train,64,False,0.6158352285664043,0.11118032958672246,0.37894511556315125,0.18053583885666605,0.025905391817666386
70,test,train,65,False,0.5806368549497808,0.10772045877919666,0.3481831734661427,0.18552122184616301,0.009635758561196531
71,train,train,66,False,0.5878517461883448,0.10905652520337794,0.35210653679435105,0.1855170558061705,0.009897818199180706
72,train,test,67,False,0.6037236867894563,0.11224018984186128,0.36305444846984736,0.18591317898879148,0.009527078533318772
73,train,train,68,False,0.6098278682335194,0.11237998332696081,0.36908297227381087,0.18428148200653813,0.006408393690760293
74,train,train,69,False,0.6053256336108351,0.11116478180370012,0.3724575783595329,0.18364459661255342,0.011167565782805953
75,train,test,70,False,0.628946592378017,0.11412746873611367,0.38813886392812286,0.18145812397934008,0.020526614249151243
76,train,train,71,False,0.6311528740136091,0.11441941704568027,0.3889007290375911,0.18128637570493442,0.02056710494813158
77,train,train,72,False,0.6199751424318846,0.11218288687959393,0.3802164347318657,0.1809473948254615,0.020592341084569768
78,train,train,73,False,0.6322653895621003,0.11409575146370615,0.3928969949551321,0.18045547541788987,0.02609429334089732
79,test,train,74,False,0.6159659387208591,0.11110035216254777,0.3810484024801588,0.18036768785180468,0.026232194532537112
80,test,train,75,False,0.6063234716842948,0.1092152678304097,0.37795420694973547,0.1801270657179453,0.028278916758727023
81,train,test,76,False,0.5844479345594876,0.11093670866282201,0.3688361918763145,0.1898145276985839,0.011377677105222231
82,train,train,77,False,0.6057932729672363,0.11499391750537309,0.3783228169010836,0.18982369504058924,0.011189947082342151
83,train,train,77,False,0.6057932729672363,0.11499391750537309,0.3783228169010836,0.18982369504058924,0.011189947082342151
84,test,train,78,False,0.6124241902226446,0.11539663931952787,0.37844029346270674,0.1884259981265205,0.0065235793151776625
85,train,train,79,False,0.6083001536350171,0.11338242848362005,0.3739813085784695,0.18639224041960384,0.010340397231760865
86,train,train,79,False,0.6083001536350171,0.11338242848362005,0.3739813085784695,0.18639224041960384,0.010340397231760865
87,train,train,79,False,0.6083001536350171,0.11338242848362005,0.3739813085784695,0.18639224041960384,0.010340397231760865
88,train,test,80,False,0.6146823761755417,0.1142617195524584,0.37506568737698476,0.18588741760155397,0.010635187767226507
89,train,train,81,False,0.6405449949067572,0.11752032539055066,0.3983702559990599,0.1834692743288984,0.019422682763314762
90,test,train,82,False,0.6214174731452734,0.11354849748664918,0.385783165960893,0.18272498343493487,0.02093951020543702
91,train,train,82,False,0.6214174731452734,0.11354849748664918,0.385783165960893,0.18272498343493487,0.02093951020543702
92,train,train,82,False,0.6214174731452734,0.11354849748664918,0.385783165960893,0.18272498343493487,0.02093951020543702
93,test,train,83,False,0.615663634542412,0.1125567126990085,0.3842594357419564,0.18282176562639685,0.023144094500931477
94,train,train,84,False,0.6104412251331831,0.114474591185309,0.3764304767307989,0.18752762177936705,0.005206746396870282
95,test,train,85,False,0.6119194407859474,0.11504939175077493,0.3767997255123956,0.188013950991663,0.004864275439770695
96,test,train,86,False,0.6296697899705022,0.11783443641560788,0.38573643086834325,0.18713687442608293,0.0058179866066995645
97,train,train,87,False,0.6234018033870838,0.1147350520341902,0.38377334922898515,0.18404671178493318,0.009744939815544976
98,train,test,88,False,0.6291375644690799,0.1153668110992686,0.3868909123056832,0.18337294991537342,0.011164332690002962
99,test,train,89,False,0.6343681736491178,0.11577352309134094,0.39084044313067434,0.18250209878179935,0.016579553704470618
100,test,train,90,False,0.6356432236835361,0.1158204356512257,0.3911863243659961,0.18220981729349564,0.017596812531884047
101,train,train,91,False,0.6180891269016825,0.11267805983220144,0.38100166738760893,0.18230066656733923,0.01768852854247114
102,train,train,92,False,0.6186303178240458,0.11253569633307255,0.3838200843215349,0.18191105914256303,0.020349667427868208
103,train,test,93,False,0.606247709500203,0.10958926626398853,0.37672962287357087,0.18076648298487605,0.025952273752126824
104,train,train,94,False,0.6181733931005241,0.1140371668986859,0.3773746502516646,0.1844744017964257,0.009029050665248428
105,train,train,94,False,0.6181733931005241,0.1140371668986859,0.3773746502516646,0.1844744017964257,0.009029050665248428
106,test,train,95,False,0.635035124624067,0.115917437056718,0.38998510783610635,0.18253704804964876,0.012799938661337723
107,train,test,96,False,0.6279306035593936,0.11415651043434262,0.38159995967315286,0.18179797223969033,0.013531133892109623
108,train,test,96,False,0.6279306035593936,0.11415651043434262,0.38159995967315286,0.18179797223969033,0.013531133892109623
109,test,test,96,False,0.6279306035593936,0.11415651043434262,0.38159995967315286,0.18179797223969033,0.013531133892109623
110,train,train,97,False,0.6188150390082098,0.11253324484646172,0.3805623159671876,0.18185279567028872,0.015260124848306264
111,train,train,98,False,0.6160178690131708,0.11195516161940884,0.3761968012680498,0.18174012029676234,0.014406732816580966
112,train,train,99,False,0.5946436358981211,0.10823333959329967,0.3635433349333263,0.18201378617267006,0.0159231126080121
113,train,train,99,False,0.5946436358981211,0.10823333959329967,0.3635433349333263,0.18201378617267006,0.0159231126080121
114,train,train,100,False,0.5986522587084869,0.10809207055775781,0.364683332647021,0.18055902902789034,0.019797614483989028
115,train,train,101,False,0.5987329985526336,0.10766666389995037,0.3647174575746733,0.17982416897051245,0.02309689472281315
116,train,train,101,False,0.5987329985526336,0.10766666389995037,0.3647174575746733,0.17982416897051245,0.02309689472281315
117,train,test,102,False,0.5880093400515684,0.10563968244739617,0.36258469846404195,0.17965647014744968,0.02680091306600779
118,train,train,103,False,0.6055682129188475,0.1085072243912731,0.37102268636689395,0.1791824968293278,0.027266497077077484
119,train,train,104,False,0.5902198891193424,0.11184151487298645,0.36135167298590115,0.18949126746620376,0.00936331749853631
120,test,train,105,False,0.6210642792758693,0.1168789311278226,0.38118860775780816,0.18819135961916494,0.006787444914173345
121,train,train,106,False,0.6194066578824782,0.11413908591761147,0.3819037377747267,0.18427164846404898,0.01282113308026974
122,test,train,107,False,0.6202146626609536,0.11126070392643732,0.38580653350716804,0.179390637830275,0.028149062301201486
123,train,train,108,False,0.6109903840146494,0.11016269476853277,0.3819504728672765,0.1803018470514774,0.02925876016936811
124,train,test,109,False,0.620341995405677,0.11597431022257525,0.3738177357545451,0.18695221519983188,0.009911329135940897
125,train,train,110,False,0.6246220132093809,0.11591920585203375,0.3810484024801588,0.18558296601880442,0.0053379908621351765
126,train,train,111,False,0.6188823387308178,0.11356210342973458,0.3802631698244154,0.18349546646075532,0.007370405561689039
127,train,train,112,False,0.6276492021586159,0.11471995271885921,0.3922052324844884,0.18277718242023328,0.01748929250153626
128,train,train,113,False,0.6469022718075812,0.12151063040153559,0.4008661592439391,0.18783460144916372,0.003832077717389696
129,train,train,114,False,0.6150471723070768,0.11600101264620286,0.38245992692652264,0.18860506619529113,0.004917444491867484
130,train,train,114,False,0.6150471723070768,0.11600101264620286,0.38245992692652264,0.18860506619529113,0.004917444491867484
131,train,train,115,False,0.6275798759254443,0.11770548463657003,0.3907282373581017,0.18755458731527794,0.0038362072608571418
132,test,train,116,False,0.609178404830064,0.11408922259213594,0.37770179589951336,0.187283760697266,0.003254227348877288
133,train,train,117,False,0.6094796412060385,0.11369102981184107,0.3792956287572748,0.1865378629987857,0.005372511313550048
134,test,train,118,False,0.6012347654001751,0.11144230369113381,0.37669547717069235,0.1853557214326405,0.009082284740030946
135,test,train,119,False,0.5899919765280636,0.10913683188286961,0.3682771304718471,0.18498019672252003,0.010916223413203106
136,train,test,120,False,0.58381000867641,0.10678319451302527,0.36438041861152803,0.1829074406502892,0.018214854512737532
137,train,train,121,False,0.6088811409518688,0.11089661532710243,0.3792021585721751,0.18213179530201387,0.021898163814164623
138,train,train,121,False,0.6088811409518688,0.11089661532710243,0.3792021585721751,0.18213179530201387,0.021898163814164623
139,test,train,121,False,0.6088811409518688,0.11089661532710243,0.3792021585721751,0.18213179530201387,0.021898163814164623
140,train,train,121,False,0.6088811409518688,0.11089661532710243,0.3792021585721751,0.18213179530201387,0.021898163814164623
141,train,train,121,False,0.6088811409518688,0.11089661532710243,0.3792021585721751,0.18213179530201387,0.021898163814164623
142,train,train,122,False,0.6271636006012408,0.11856386127742194,0.39001310734118316,0.18904773995773788,0.005099272818892634
143,train,train,122,False,0.6271636006012408,0.11856386127742194,0.39001310734118316,0.18904773995773788,0.005099272818892634
144,test,train,122,False,0.6271636006012408,0.11856386127742194,0.39001310734118316,0.18904773995773788,0.005099272818892634
145,train,train,123,False,0.6403930719178312,0.11995902830408033,0.39987525063052354,0.1873209339145884,0.006869166463519308
146,train,test,124,False,0.6204448880913952,0.11340649452810624,0.3806557861522872,0.18278254314733075,0.011739998686894244
147,train,train,125,False,0.6266672036041925,0.11427726753073869,0.38377334922898515,0.1823571855579617,0.012778814170528745
148,train,train,126,False,0.623405299001316,0.11383378810380733,0.3830114841195168,0.18259996873008136,0.013374554850588877
149,test,train,127,False,0.6248037004935911,0.11411116198331522,0.38989626960980867,0.18263522109931182,0.019187022464979643
150,test,train,128,False,0.6127208153060953,0.1152391880589894,0.3795728548927362,0.18807780832681464,0.0101835155616786
151,test,train,129,False,0.6142425697719065,0.11549674792430481,0.37673555065286674,0.1880311681542904,0.010343519199014177
152,test,train,130,False,0.6123874570871586,0.11383329580786326,0.3740280436710194,0.18588443393226103,0.006514848121262232
153,train,train,131,False,0.607329151518991,0.11057618544794537,0.37113952409826856,0.18206961607455077,0.018685876906320734
154,train,train,132,False,0.6143787244982193,0.1114604889830424,0.37906195329452563,0.18141983851096954,0.022814094160158914
155,train,train,133,False,0.6149273946487607,0.11098483276899561,0.3794078345298475,0.18048445025349513,0.026996511570778266
156,train,test,134,False,0.615593925785506,0.1109370252118001,0.3789684831094261,0.18021137078349658,0.028060696563883162
157,test,train,135,False,0.6120533615520837,0.11384052568130333,0.36991494002210396,0.18599771332456916,0.009347758982170079
158,train,train,135,False,0.6120533615520837,0.11384052568130333,0.36991494002210396,0.18599771332456916,0.009347758982170079
159,train,train,136,False,0.6182290034373554,0.1152155812257854,0.3734718545192233,0.18636392111205777,0.009672817355098536
160,train,train,137,False,0.6213446646318568,0.11612536630495124,0.37626959503005825,0.1868936403819527,0.010286787405795104
161,train,train,137,False,0.6213446646318568,0.11612536630495124,0.37626959503005825,0.1868936403819527,0.010286787405795104
162,train,train,138,False,0.6155702750763377,0.11469826421349161,0.3795714073537718,0.18632846460831418,0.007275128349547287
163,train,test,139,False,0.6225936123618075,0.11580674173167337,0.3818570026821769,0.18600695450819152,0.0071298860975985805
164,train,train,140,False,0.6131360440957966,0.1162046465741367,0.3842663298658696,0.18952506167779765,0.009633108036383526
165,train,train,141,False,0.6170089770180324,0.11637480401508589,0.3856380866284542,0.18861120072761078,0.008438212149720892
166,test,train,142,False,0.6049453221378527,0.11168469564517033,0.37118625919081844,0.1846194880067525,0.0115476148274703
167,train,train,143,False,0.6154491780105988,0.11170077990580132,0.37899185065570096,0.18149472596074812,0.021193508904615802
168,test,test,144,False,0.616065197352861,0.11171279249186543,0.38058568351346234,0.18133274363148316,0.02374169170503868
169,train,train,145,False,0.6143659365213182,0.11145895233054814,0.38058568351346234,0.18142111354944981,0.028775029879484344
170,train,train,146,False,0.6182682379426309,0.11329922312148696,0.372985768006252,0.1832525369546802,0.009568469579471762
171,train,train,146,False,0.6182682379426309,0.11329922312148696,0.372985768006252,0.1832525369546802,0.009568469579471762
172,train,train,147,False,0.6213112056373572,0.11461472180922981,0.37903858574825083,0.18447232364279514,0.008223248296356366
173,train,train,148,False,0.6052939590671702,0.1105445305385409,0.37324281101527623,0.18262949577243945,0.01100996561129643
174,train,test,149,False,0.6106202856327929,0.10976307538568812,0.3758742875790029,0.17975668016325297,0.022140190307888365
175,test,train,150,False,0.614749822859771,0.11038369990202673,0.3822028839174987,0.17955873397169905,0.027995426417428124
176,train,train,151,False,0.6074846656342822,0.11464086761240998,0.37762979571506883,0.18871401057129902,0.009184470004804223
177,test,test,152,False,0.6253663230846226,0.11852756262375913,0.3926252509481807,0.18953301169004644,0.00971185721176428
178,train,train,153,False,0.6071853140230925,0.11365204354661737,0.3727656202444402,0.18717851193333532,0.00568066802862056
179,test,train,154,False,0.6029202449870606,0.11215366168668965,0.36766439601311124,0.18601740880188322,0.007142957959637602
180,test,train,155,False,0.604381851814333,0.11093835819879062,0.37081701040922177,0.1835567329921598,0.01629442744315023
181,train,train,156,False,0.6175303815527614,0.11229010618062406,0.38340410044738843,0.18183737923674945,0.025404526458902364
182,train,test,157,False,0.6139770079122748,0.11125546657733339,0.3818570026821769,0.18120461376174138,0.028875730817873372
183,train,train,158,False,0.6260589403456357,0.1183229973948452,0.386348576140241,0.1889965780690253,0.009204666129020045
184,test,train,158,False,0.6260589403456357,0.1183229973948452,0.386348576140241,0.1889965780690253,0.009204666129020045
185,train,train,159,False,0.6421455575222004,0.12179382270464453,0.3968958397768709,0.18966700194049674,0.008595010827185895
186,train,train,160,False,0.6153005364326133,0.11606954907013566,0.38123534285035804,0.18863879063568378,0.006573084800876849
187,train,train,161,False,0.6145749490387834,0.11461376462467762,0.3795714073537718,0.186492737466663,0.007491873408071879
188,train,train,162,False,0.6012818286729513,0.10976981888274813,0.3636788874769473,0.18255968108168796,0.010802207433109952
189,train,train,163,False,0.5968521334042195,0.10823877614585088,0.3615648431785627,0.1813493997725998,0.016071868925792286
190,train,train,164,False,0.5984927389295103,0.10790015981505775,0.3684145773494421,0.18028649772435434,0.02273687132969579
191,test,train,165,False,0.59834135226465,0.11277840679692548,0.3661210874762289,0.18848506186322037,0.012331976668414117
192,test,test,166,False,0.5913484740920166,0.10986306544207848,0.3570343148813742,0.18578396707756326,0.006873725244339671
193,train,train,167,False,0.6053777476952914,0.11074374319610503,0.3683444747106174,0.18293329019395402,0.014929628388028237
194,train,train,168,False,0.6169414380121543,0.11172106819877223,0.37857586678155447,0.1810886111958186,0.023902912735650924
195,train,train,168,False,0.6169414380121543,0.11172106819877223,0.37857586678155447,0.1810886111958186,0.023902912735650924
196,test,train,168,False,0.6169414380121543,0.11172106819877223,0.37857586678155447,0.1810886111958186,0.023902912735650924
197,train,train,169,False,0.611424085445308,0.11058038604567154,0.378669336966654,0.18085709849839235,0.02750747485345651
198,train,train,169,False,0.611424085445308,0.11058038604567154,0.378669336966654,0.18085709849839235,0.02750747485345651
199,test,test,170,False,0.6198164294429606,0.11708654472610522,0.3782767206387825,0.18890519702959935,0.008861133380189823
200,train,test,170,False,0.6198164294429606,0.11708654472610522,0.3782767206387825,0.18890519702959935,0.008861133380189823
201,train,train,171,False,0.6182495415120585,0.11603972091064245,0.37672962287357087,0.18769075125691653,0.005955146545372736
202,train,train,172,False,0.6071762399865133,0.11250407236351884,0.37324281101527623,0.18529063714024416,0.010410439977606717
203,test,test,173,False,0.6089336430302673,0.11091731934754177,0.37758495816813886,0.18215009240674945,0.021848863987981568
204,train,test,174,False,0.617875172928334,0.11654540849092725,0.381602802514807,0.18862290248461736,0.009800960767939975
205,test,test,175,False,0.6284155613154786,0.11753629968007177,0.3805001907716951,0.1870359470953106,0.007511815567894261
206,train,train,176,False,0.6185327550290186,0.11572917964307737,0.3770755041088926,0.18710275034286244,0.00785749709420465
207,train,train,177,False,0.6006445922154564,0.1104448249112774,0.3694363061936688,0.18387716520331193,0.01327456725384586
208,train,train,177,False,0.6006445922154564,0.1104448249112774,0.3694363061936688,0.18387716520331193,0.01327456725384586
209,train,train,177,False,0.6006445922154564,0.1104448249112774,0.3694363061936688,0.18387716520331193,0.01327456725384586
210,train,test,178,False,0.6079432936886597,0.111689400043243,0.37155550797241504,0.1837168058316331,0.012795610574888426
211,test,test,179,False,0.6118011242731347,0.11281909145224511,0.3759443902178276,0.18440484493434461,0.012008454784269264
212,train,train,180,False,0.6055050429079624,0.11045783977474104,0.37314934083017653,0.1824226586854881,0.01793799999259816
213,train,train,181,False,0.6104723509143984,0.11052908221139184,0.378669336966654,0.1810550175545795,0.02526364004806924
214,test,train,182,False,0.6142453093441498,0.11088166869040526,0.3794078345298475,0.18051691564205402,0.027880012485639018
215,train,test,183,False,0.6127383762839101,0.11721193449874912,0.3870290512265829,0.1912919755566924,0.012528731033724075
216,train,test,183,False,0.6127383762839101,0.11721193449874912,0.3870290512265829,0.1912919755566924,0.012528731033724075
217,train,test,184,False,0.6199236792839615,0.11868660747733012,0.38882602103724945,0.19145357959937626,0.01202159275211264
218,train,train,185,False,0.6208928821964887,0.11763241776521985,0.38163356642792506,0.18945686307287013,0.008885760942440885
219,test,train,186,False,0.6176155630550278,0.11430896449658638,0.3803099049169652,0.18508109467183514,0.01058820232276773
220,train,train,187,False,0.6088467725457779,0.11396828970069192,0.3708564013712028,0.18718714599431155,0.008387663957352019
221,train,test,188,False,0.609839041182767,0.11215020096473487,0.369844837383279,0.18390131393887552,0.013836171888515613
222,train,train,189,False,0.6053548369139284,0.11054508126231803,0.3662178202473349,0.18261203928900915,0.01859717925800384
223,train,train,189,False,0.6053548369139284,0.11054508126231803,0.3662178202473349,0.18261203928900915,0.01859717925800384
224,train,train,190,False,0.6067991147354888,0.11091586682488445,0.3678116531050963,0.18278844535433122,0.01795196731943639
225,train,train,191,False,0.528546127624083,0.09635359692431966,0.3204649239142865,0.18229931483453998,0.019533879229641934
226,train,train,191,False,0.528546127624083,0.09635359692431966,0.3204649239142865,0.18229931483453998,0.019533879229641934
227,test,test,192,False,0.6076924973728552,0.1111245499801154,0.37065343758529723,0.18286312643404895,0.01863049771829673
228,test,train,193,False,0.6010876660677613,0.10969939008440772,0.365895306558288,0.18250148235788485,0.0202512022474625
229,train,test,194,False,0.6067706226888027,0.11009395007004835,0.3709993188206191,0.18144245280396964,0.02551015647586396
230,test,train,195,False,0.6169371458314223,0.11199056304658937,0.3830114841195168,0.18152669814631445,0.028682819468156998
231,train,test,196,False,0.7182576295823504,0.13300487351127194,0.44104859800569196,0.18517711199059742,0.009889386185619388
232,train,test,196,False,0.7182576295823504,0.13300487351127194,0.44104859800569196,0.18517711199059742,0.009889386185619388
233,test,train,197,False,0.6368667590478339,0.11844122217798017,0.39321950864417904,0.1859748848488484,0.009909359005027669
234,train,train,198,False,0.6256937452228778,0.11612083357239703,0.38409586291803205,0.18558733319450674,0.00971256273592198
235,train,train,199,False,0.6329523265358794,0.11632113960214839,0.3936588600646003,0.18377551471967712,0.015032526593641779
236,train,train,200,False,0.6214796559691239,0.11365952157945187,0.38573643086834325,0.1828853454618934,0.01834214619173851
237,train,train,200,False,0.6214796559691239,0.11365952157945187,0.38573643086834325,0.1828853454618934,0.01834214619173851
238,test,train,200,False,0.6214796559691239,0.11365952157945187,0.38573643086834325,0.1828853454618934,0.01834214619173851
239,test,train,201,False,0.6078453248099712,0.11041610392927986,0.3746263359565632,0.1816516462700423,0.021851374295798226
240,test,train,202,False,0.6041650525522034,0.10994672708687461,0.3719247567540117,0.18198127584907697,0.020822971978568708
241,train,test,203,False,0.5903654252713579,0.10791023701238428,0.3626244232927093,0.18278549588635545,0.01972855429526317
242,train,train,204,False,0.5977329243931679,0.10907941244721031,0.36721336081955236,0.18248854629841615,0.020331088815510195
243,train,train,205,False,0.6011281678682153,0.10902370501018889,0.3699383075683787,0.18136515777795,0.02435317233439014
244,train,train,206,False,0.5814312004252654,0.11190885490655174,0.35581064605777624,0.19247136174443394,0.014490792095396244
245,train,train,206,False,0.5814312004252654,0.11190885490655174,0.35581064605777624,0.19247136174443394,0.014490792095396244
246,train,train,207,False,0.6236708628325078,0.12040930121815033,0.3814877539005802,0.19306545871213368,0.01575026888966796
247,train,train,208,False,0.6121265560103064,0.11516959206040449,0.3736120597968729,0.18814670092252192,0.006963451296826172
248,test,train,209,False,0.6022784105948435,0.11172947448759182,0.36765271223997376,0.1855113391450336,0.009062606684960815
249,train,train,210,False,0.6120340992472755,0.11288110164049808,0.3779074718571857,0.18443596815819177,0.017084573778331343
250,train,test,211,False,0.6203456591532216,0.11260268513307778,0.38176353249707723,0.18151603621565054,0.022751694095640738
251,test,train,212,False,0.6221139185444812,0.11331668188272148,0.3909806484083238,0.18214780043475162,0.0275179617663467
252,test,train,213,False,0.6193848432608029,0.11522764549928219,0.3742337196286917,0.18603562349484803,0.0064444406415857785
253,train,test,214,False,0.6124565226043222,0.11248467540421819,0.38319842448971614,0.1836614865752503,0.015493036917992378
254,test,train,215,False,0.6195105728567434,0.11257142646233258,0.38703111758333275,0.18171025870185395,0.024720547699779816
255,train,train,216,False,0.6165009308932926,0.11155903232076965,0.3846053169772783,0.18095517253984308,0.028317965880742264
256,train,test,217,False,0.6199387302419493,0.11840303597145663,0.3773499225463146,0.1909915128632895,0.011995418766889693
257,train,test,218,False,0.6136482179983515,0.11600940928954906,0.37476654123421277,0.1890487186094309,0.007922595749166601
258,train,train,219,False,0.6093070402119414,0.11232386672946466,0.37273335695602994,0.18434690446116284,0.013832865025387928
259,train,train,220,False,0.6131772342713923,0.11184738671703591,0.37665952023474614,0.18240629375279815,0.021788071005805487
260,train,test,221,False,0.6209747443521244,0.11274736684311738,0.385783165960893,0.18156514072202568,0.0267845692607379
261,train,train,222,False,0.6116374872428695,0.11640039868080572,0.37319083329252223,0.19030945798550336,0.011710098271598211
262,train,train,223,False,0.6190373193530462,0.11840571979456926,0.3825185823161918,0.19127396053975337,0.012559137027520949
263,train,train,224,False,0.6188217481207777,0.11664834420692458,0.37631363899942427,0.1885007186013732,0.007728259237545795
264,train,train,225,False,0.6097119784304018,0.11209993019426615,0.3715321404261402,0.18385718857426428,0.011761308361267155
265,train,train,226,False,0.6162416784125719,0.11245639524182559,0.38144101880803044,0.18248748694101857,0.02173275803227312
266,train,train,227,False,0.6146254448862474,0.1117548859943237,0.38183363513590196,0.18182599975991376,0.02519547173492341
267,train,train,228,False,0.6205917468874482,0.11277532591023107,0.3845585818847284,0.18172224570476642,0.025045888330655006
268,train,test,229,False,0.6203137270216255,0.1130225492273875,0.3898261669709838,0.18220223784189657,0.027807218940908127
269,train,train,230,False,0.6095008484721047,0.1140000628623727,0.3752759952934589,0.187038398958997,0.007548494489591913
270,train,train,231,False,0.6259016302389031,0.11679314554367247,0.3826188677916453,0.18659984237314287,0.007621161825519885
271,train,train,232,False,0.6230778644202449,0.11561827892977022,0.38102503493388384,0.18555992040794056,0.006177503596209537
272,train,train,233,False,0.6117819706385311,0.11208278018803279,0.3808660940687612,0.18320706651595073,0.014832877877902799
273,train,train,234,False,0.6130857756239676,0.11067073314721071,0.385530754910671,0.18051427312038948,0.026687700224821448
274,test,train,235,False,0.620782857164769,0.11145707249916371,0.387769615146526,0.17954276799492971,0.02913856323505393
275,train,train,236,False,0.6236678081315365,0.11660015724331313,0.3775667689134868,0.1869587554833698,0.009246711639554803
276,train,train,236,False,0.6236678081315365,0.11660015724331313,0.3775667689134868,0.1869587554833698,0.009246711639554803
277,train,train,237,False,0.613479658194295,0.11333916245939883,0.37913205593335036,0.18474803678576612,0.008920175055055633
278,train,test,238,False,0.6288055118418827,0.11754235406882764,0.38005286190794135,0.186929586104494,0.007400995720317642
279,train,test,239,False,0.6244440771427802,0.11594770298096707,0.3760332284441254,0.1856814840994247,0.008933883617966248
280,train,test,240,False,0.6155654509747199,0.11383016143836583,0.37663615268847117,0.18491967224300995,0.010434315708919938
281,train,train,241,False,0.6079288976230628,0.11183745863266638,0.37028418880370056,0.1839647022372829,0.01327794785495766
282,train,train,242,False,0.6046834435302296,0.1105736728045745,0.3719714918465616,0.18286208095764847,0.01788100010141736
283,train,train,243,False,0.6087596151501601,0.11079195908235233,0.3771222392014424,0.18199623681512409,0.02070686915818156
284,train,train,244,False,0.6249053365279172,0.11596459447281839,0.3816700623119776,0.18557145809817827,0.009900642838094898
285,train,train,245,False,0.634702127844915,0.11756840427736316,0.38716669090218025,0.18523398476157335,0.009548106608974616
286,train,test,246,False,0.6156014574752159,0.1138330574697969,0.3773980177979395,0.1849135606934131,0.010046985708460535
287,test,test,246,False,0.6156014574752159,0.1138330574697969,0.3773980177979395,0.1849135606934131,0.010046985708460535
288,train,test,247,False,0.6108537617917096,0.11149939594079823,0.3782767206387825,0.18253042367089092,0.01605024711395022
289,train,train,248,False,0.5906638205189509,0.10785904662357124,0.3658611608554094,0.18260648930352197,0.016802235759713437
290,test,train,249,False,0.5941341672261173,0.10760819661624979,0.3696625289718817,0.18111767097766648,0.023663117563346155
291,test,train,250,False,0.6035029777717777,0.11203660585772623,0.367905123290196,0.18564383273034038,0.011256639294091188
292,train,train,250,False,0.6035029777717777,0.11203660585772623,0.367905123290196,0.18564383273034038,0.011256639294091188
293,train,test,251,False,0.6184299431293738,0.114335493941801,0.37813651536113313,0.18488026851229344,0.010987988660345319
294,train,train,252,False,0.601017511496024,0.10958490536405988,0.37035429144252524,0.1823323002540914,0.01615157200624779
295,train,train,253,False,0.5906098499110005,0.10853449653725318,0.36185788467398594,0.1837668243318467,0.01278066642935093
296,test,test,254,False,0.5921712387747551,0.10833194272826639,0.3631441715374523,0.18294023018141337,0.014814358428418157
297,test,train,255,False,0.5954347222236984,0.1076881334243574,0.3659196004963232,0.18085632128100876,0.02114915865236115
298,test,test,256,False,0.5974668761877844,0.10791586495583111,0.36961579387933186,0.18062233950843,0.02326877323709391
299,train,test,257,False,0.5892355160267624,0.11044867335584649,0.363139058635294,0.18744401915995512,0.014069640029766996
300,train,test,257,False,0.5892355160267624,0.11044867335584649,0.363139058635294,0.18744401915995512,0.014069640029766996
301,train,test,258,False,0.6072917513902849,0.11347982622663152,0.3722004706119812,0.18686212346345876,0.013880719670370445
302,train,train,259,False,0.6119301674297069,0.11407197691706436,0.37138080842893545,0.18641338993990347,0.008535061872818037
303,train,train,260,False,0.6012944152683399,0.11045582943619019,0.3659196004963232,0.1836967492653279,0.008674028048536545
304,train,train,261,False,0.6094312465517264,0.10955584343105247,0.37384110330082004,0.17976735530207796,0.02229443070603172
305,test,train,262,False,0.6063649319070235,0.10875522595558067,0.3730558706450768,0.17935606139613722,0.02746615701727291
306,train,test,263,False,0.6061266112116146,0.10827002664167347,0.3722239028967837,0.17862609005938132,0.028440120935034237
307,train,train,264,False,0.6107747336580234,0.10973238030552614,0.3782299855462326,0.17966096869843012,0.029170798698999644
308,test,train,265,False,0.6051908032445957,0.1136044234968873,0.36880719367731374,0.1877167050256258,0.0111486237792833
309,test,test,266,False,0.6093447880445458,0.11078162918292479,0.3694522210554075,0.1818045076555675,0.012383277717519084
310,train,train,267,False,0.6049425633006141,0.11179081757290364,0.37486001141931247,0.18479575476217802,0.010662274887249624
311,train,train,268,False,0.6057956073276938,0.109484687958209,0.3751357900158095,0.1807287584028078,0.02377268924322584
312,train,train,269,False,0.6117824198379127,0.11097811771942899,0.38393692205290963,0.1814012860141222,0.027633001346974027
313,train,test,270,False,0.6113061370032853,0.11473822824736231,0.36866698839966433,0.18769356514205202,0.009712456089935219
314,train,train,271,False,0.6255557118287274,0.1179046850017753,0.37782128146407346,0.18847991117705076,0.010027981985077369
315,test,train,272,False,0.615558315656776,0.11566960776042483,0.3709993188206191,0.1879100725607289,0.008227727144263527
316,train,train,273,False,0.6186668422369419,0.11544213576853991,0.37293903291370223,0.18659822684391897,0.007139234133682099
317,train,test,274,False,0.6039337450275608,0.1117079279115944,0.36795185838274586,0.18496719024451358,0.006726671987826796
318,test,train,275,False,0.6068568574016423,0.11196395587086048,0.3727567245023048,0.1844981308281703,0.009235142143092455
319,train,train,276,False,0.6038210388159315,0.11111628358143207,0.3735886922505978,0.18402188138281264,0.012424434198044388
320,train,train,277,False,0.607184569153095,0.11136491566769721,0.3779775744960105,0.1834119661885178,0.015755218561584922
321,train,test,278,False,0.6040643920335527,0.11035591166871676,0.3747899087804876,0.18268898667774322,0.017837786479783076
322,test,test,279,False,0.6114452804708124,0.11186307087767262,0.3799172885890937,0.18294862099767645,0.01794951725315838
323,train,train,280,False,0.6159951090861796,0.11113057939488681,0.3833807329011136,0.18040821713624888,0.02800143027474157
324,train,train,281,False,0.6044843877695057,0.11451625030628271,0.3742924550135353,0.18944451275050725,0.007807904947986715
325,train,train,282,False,0.615457247887958,0.11551750036213469,0.3770861808217923,0.18769378500058592,0.006583145814230464
326,train,test,283,False,0.6073533173904493,0.11367716114005834,0.3716022430649649,0.18716809126602446,0.006179593787533255
327,train,train,284,False,0.6020627760953878,0.11173529902792459,0.3688305612235886,0.18558745609979682,0.010077812472796346
328,train,train,285,False,0.6046616501338783,0.11071411303327261,0.3687137234922141,0.18310093423116774,0.016883943307050536
329,train,train,286,False,0.579427878507275,0.11104660072633142,0.3550903793357226,0.1916487018408749,0.017070981142938035
330,train,train,287,False,0.583878530264113,0.11154195541849456,0.3560667834502663,0.1910362338002725,0.016498542741808297
331,train,train,288,False,0.6239067814571252,0.11925686433861764,0.3819037377747267,0.19114532472318216,0.015114964397486184
332,train,test,289,False,0.6320029672510907,0.12117115128768173,0.38783971778535087,0.19172560504694783,0.016414982279561827
333,train,train,290,False,0.6275649933877979,0.12042636596616012,0.38712458776843245,0.19189465192451194,0.0163647055264072
334,train,test,291,False,0.6117130911889513,0.1173267868768603,0.37405141121729435,0.19180035308516777,0.016786443969033372
335,train,train,292,False,0.6110339085657223,0.11673951387534859,0.3720415944853863,0.19105243136075842,0.015591430192304901
336,train,train,293,False,0.6189632019730061,0.1183778645459258,0.37714560674771735,0.19125186144925047,0.016096606567132028
337,train,train,294,False,0.6169284449010662,0.1182039644249774,0.37841692591643195,0.1916007689415799,0.01598223239710278
338,train,test,295,False,0.6260864168515012,0.1197988177858306,0.3810717700264336,0.19134549889818991,0.016191907077705327
339,train,test,296,False,0.6263725597544321,0.11984688826416606,0.38391355450663467,0.1913348316394188,0.015469452177887637
340,train,train,297,False,0.6192281271727857,0.11855396183695796,0.3791787910259003,0.19145441984077924,0.015672768067787342
341,train,test,298,False,0.6201323550223525,0.1185104958435886,0.37795420694973547,0.19110516470200448,0.015514696065299382
342,train,test,299,False,0.6284870897331412,0.12015685448291992,0.3842594357419564,0.1911842843644396,0.015578272677048312
343,train,train,300,False,0.6213221287107168,0.1187148310587142,0.37913205593335036,0.19106808782918305,0.015808635290912074
344,train,train,301,False,0.6296344839218905,0.12037591346922813,0.38585326859971786,0.19118380035258903,0.015522668924484138
345,train,train,302,False,0.6221897206918708,0.11883614667346636,0.3811418726652583,0.1909966409302316,0.015559956734815625
346,train,train,303,False,0.6203108521415314,0.1186813706241673,0.3815812240856798,0.19132563974084515,0.015159549319532416
347,train,train,304,False,0.6214189944318216,0.11905561304728518,0.3823898242876979,0.19158669772580836,0.015644603106730444
348,train,train,305,False,0.6259146382562975,0.11891446388999136,0.3843061708345063,0.18998511397859122,0.012502034188954347
349,train,train,306,False,0.6259500082417976,0.11882013975652275,0.38714795531470725,0.1898236890998232,0.009765838225485064
350,test,train,307,False,0.6153831035315838,0.11591285178538765,0.3804267426483399,0.18835884690395724,0.007920338086190536
351,test,train,308,False,0.6213166066121308,0.11684085310056494,0.3839602895991846,0.18805364585000567,0.007561357699128961
352,train,test,309,False,0.6272339430447645,0.11636096877542582,0.38742373391120427,0.18551446404602714,0.009266190804934526
353,train,train,310,False,0.626563053638343,0.11607513460127093,0.38783971778535087,0.1852569089850459,0.009857447053154432
354,test,train,311,False,0.6297794059708304,0.1165601040368679,0.38857821534854425,0.18508084407299058,0.009032867432221571
355,train,train,312,False,0.6260390531931074,0.11600812156840355,0.3854139171792964,0.18530492782631533,0.008969990559059416
356,train,train,313,False,0.6295522315304227,0.11632151733743745,0.3865683986166364,0.18476865224456962,0.010655954538675762
357,train,test,314,False,0.6143002582980879,0.11278775345605205,0.3730792381913517,0.1836036236880793,0.011254163295278103
358,train,test,315,False,0.6183210825879012,0.11379313375159407,0.37869270451292897,0.1840356684512971,0.012018678227992454
359,train,train,316,False,0.6228303688879804,0.11367989468900425,0.3806090510597373,0.18252143820792116,0.014832741725730497
360,train,train,317,False,0.6240375964563157,0.11363299031700162,0.3826188677916453,0.18209317990179175,0.01735763392994445
361,train,train,318,False,0.6327046417326007,0.11449760819080945,0.38647492843153664,0.18096533617529467,0.019491246825246
362,train,train,319,False,0.6332373479124751,0.11462940596884913,0.38728352863355475,0.1810212337391903,0.019694520144817915
363,train,train,320,False,0.6172973776941258,0.11170377497772545,0.37705213656261766,0.18095617932962493,0.019333953575187045
364,train,test,321,False,0.6109096166066786,0.11077039403438407,0.37435055736006617,0.18132042944365906,0.019174906417791064
365,train,test,322,False,0.6090328089789466,0.1100902838848705,0.3707235402241221,0.18076248481496202,0.019466377581896822
366,train,train,323,False,0.6171909170381626,0.11177351510777463,0.3782533530925075,0.1811003889107191,0.020774354222798098
367,train,test,324,False,0.5787950870066927,0.10979512842744803,0.3573506236770183,0.1896960269570817,0.012967561231008224
368,train,test,325,False,0.6123623498443146,0.11542335830711913,0.3755437235617126,0.1884886592659788,0.01260664699238223
369,train,train,326,False,0.6169149538056093,0.11619443573593541,0.37675299041984583,0.18834757533296625,0.01099512443719576
370,train,train,327,False,0.6131936138196915,0.11491725264698818,0.3745533608811715,0.1874077779955148,0.008941457898001314
371,test,train,328,False,0.6139971867614835,0.11495937743309455,0.3751591575620844,0.18723111426527148,0.008640962087506726
372,train,train,329,False,0.6130855116848677,0.11355437797282221,0.37633700654569924,0.1852178461382241,0.008430395745011232
373,test,train,330,False,0.608470342544991,0.11266018995223998,0.37236410817443316,0.18515313249455498,0.008576322494940638
374,train,test,331,False,0.6123590145831322,0.11320947176252079,0.37677635796612063,0.1848743450597995,0.009150780050965054
375,train,test,332,False,0.6223654075001965,0.11486110080805162,0.384675419616103,0.18455572791136426,0.011403823842392108
376,test,train,333,False,0.6341570027336838,0.11671758973731676,0.396594114729901,0.18405156646410584,0.015615585048761845
377,train,train,334,False,0.6063041424195621,0.11153263966213849,0.37726244447909196,0.1839549359122768,0.015175485960522634
378,test,train,334,False,0.6063041424195621,0.11153263966213849,0.37726244447909196,0.1839549359122768,0.015175485960522634
379,train,train,335,False,0.6127519978967074,0.11205350566879001,0.38236645674142306,0.18286926203980985,0.018473810045849234
380,train,train,336,False,0.6165388864773141,0.11177110036428324,0.3842828032882314,0.18128799791186556,0.024672416398918356
381,train,train,337,False,0.584929045270038,0.11123423525903306,0.36282163707317916,0.19016705728415442,0.01491844100475758
382,train,train,338,False,0.614268756790694,0.1167228518518396,0.37922552611845006,0.19001919039748874,0.014973734898606116
383,train,train,339,False,0.6173503954627341,0.11596968091935285,0.3807726238836617,0.18785066272198295,0.008122291351386333
384,train,train,340,False,0.6066871970520635,0.11396735215420147,0.37598830458464333,0.18785191562963086,0.0066015967623869205
385,train,train,341,False,0.6218121939581822,0.11508455683541216,0.3847221547086529,0.18507928592206374,0.005904998961923474
386,train,train,342,False,0.6385638037544645,0.11688515262439052,0.3965240120910764,0.18304381165540393,0.012807305930868847
387,test,test,343,False,0.6427964654044016,0.11770892202253053,0.40172149453850714,0.183120051770161,0.014540524842172275
388,train,test,343,False,0.6427964654044016,0.11770892202253053,0.40172149453850714,0.183120051770161,0.014540524842172275
389,train,train,344,False,0.6173367199611884,0.11313126937291824,0.38640945775151386,0.18325699041526436,0.014749756865362448
390,train,train,345,False,0.6341185705161176,0.11502244818087325,0.3981645800413876,0.18138949642691418,0.021213602572451914
391,train,test,346,False,0.6345911037649667,0.11507611705136737,0.3973326122930945,0.18133900139575243,0.021556644428259893
392,train,train,347,False,0.6196597675712892,0.11258439310524244,0.38952702082821195,0.18168743397123988,0.02172208981388346
393,test,train,347,False,0.6196597675712892,0.11258439310524244,0.38952702082821195,0.18168743397123988,0.02172208981388346
394,train,train,348,False,0.6171500126669247,0.11174195761701866,0.3883258042983221,0.18106125791708555,0.024073415392532268
395,train,train,349,False,0.6155508036127606,0.1160393734177277,0.37757982396640705,0.18851307274180312,0.014287110840596683
396,train,train,350,False,0.6187428419780723,0.11615363037436958,0.38319842448971614,0.18772521069178844,0.009839158341514094
397,train,test,351,False,0.6206407944267581,0.1141313720167524,0.37661278514219637,0.18389279764016714,0.007764300805238992
398,train,train,352,False,0.6262177236593074,0.11519840320317667,0.38622251738131463,0.18395902710963535,0.010175134566016573
399,train,train,353,False,0.6288589408251242,0.11451529201297185,0.39102738350087357,0.18210012544739626,0.01963420393784059
400,train,test,354,False,0.6334566784688755,0.11481473668708114,0.396916628418948,0.18125112669835478,0.02477892327281459
401,train,train,355,False,0.6193563027761726,0.11252961115539292,0.3906815022655518,0.1816880051934495,0.026936581093890605
402,train,train,355,False,0.6193563027761726,0.11252961115539292,0.3906815022655518,0.1816880051934495,0.026936581093890605
403,train,train,356,False,0.583613658873498,0.11196687256729253,0.3657687456819267,0.19185101456229292,0.014265754728126242
404,train,train,357,False,0.5862742468644991,0.11214241181144147,0.36406628818923775,0.19127978486382335,0.01461217684903033
405,train,test,358,False,0.6089700609041309,0.11663865803431084,0.38055706479065354,0.19153430607268074,0.01451745232719874
406,train,train,359,False,0.6099717284560606,0.11483721037743574,0.37564524407505573,0.18826644747635718,0.007452655846528717
407,train,train,360,False,0.6161183896890146,0.11457807059756135,0.38040337510206496,0.18596762004684614,0.00730896179775423
408,train,train,361,False,0.6418554677845763,0.11690994804356046,0.4004501753697926,0.18214372847377308,0.020475989793372965
409,train,train,362,False,0.6461247556763475,0.11765138531279935,0.4043763386485087,0.18208772265604461,0.021843775301821668
410,test,train,363,False,0.6193752989948125,0.11259851005638431,0.3854606522718462,0.18179367217117157,0.02188955803170756
411,train,train,363,False,0.6193752989948125,0.11259851005638431,0.3854606522718462,0.18179367217117157,0.02188955803170756
412,train,train,363,False,0.6193752989948125,0.11259851005638431,0.3854606522718462,0.18179367217117157,0.02188955803170756
413,train,train,364,False,0.6145458497338687,0.11130229181331401,0.380679153698562,0.1811130802714132,0.024401659134137457
414,test,train,365,False,0.5823854664419604,0.11302304255978939,0.3708751281378949,0.19406913302678214,0.01662126558507288
415,test,train,366,False,0.606957119964844,0.11788771155145494,0.3855716365761193,0.19422741355811626,0.017054956149622907
416,test,train,367,False,0.6159170873553029,0.1166932668970725,0.37968743085894585,0.18946262296138552,0.007923029918181895
417,train,train,367,False,0.6159170873553029,0.1166932668970725,0.37968743085894585,0.18946262296138552,0.007923029918181895
418,train,test,368,False,0.6146839774537798,0.1164569987932357,0.38040337510206496,0.18945832828706277,0.007719400403308314
419,train,train,369,False,0.6136609543115245,0.11576013192457639,0.3796181424463217,0.18863858146955015,0.006594896225388586
420,train,train,370,False,0.6132151958365983,0.11468916648693772,0.37800094204228546,0.18702923095450918,0.008784568191302642
421,train,test,371,False,0.6149790803474304,0.11392600226322601,0.38400702469173426,0.1852518336052405,0.014577033240317458
422,test,train,372,False,0.6203589750587399,0.12058057356699434,0.39887116184300236,0.19437225608862502,0.015402475665359362
423,train,train,373,False,0.6138757191179913,0.11932742000870769,0.3933926144789259,0.1943836778235109,0.015926542442880783
424,train,train,373,False,0.6138757191179913,0.11932742000870769,0.3933926144789259,0.1943836778235109,0.015926542442880783
425,train,train,373,False,0.6138757191179913,0.11932742000870769,0.3933926144789259,0.1943836778235109,0.015926542442880783
426,test,train,374,False,0.6248460492018143,0.12052622087231102,0.3926006398176863,0.19288946617534453,0.011351252682356967
427,train,train,375,False,0.6209518783858973,0.11817907350159489,0.38296533010345635,0.19031921412137387,0.008684536103204795
428,train,train,376,False,0.6054949444432358,0.11362977295529371,0.3716489781575148,0.1876642802687287,0.008654903586917045
429,test,train,376,False,0.6054949444432358,0.11362977295529371,0.3716489781575148,0.1876642802687287,0.008654903586917045
430,train,train,377,False,0.6150105809597156,0.11427742736609911,0.3778607367646359,0.18581375817595,0.012533148225094886
431,train,train,378,False,0.6175286063584835,0.11441065692212538,0.38389018696035987,0.18527183314922982,0.015024318331163779
432,train,train,378,False,0.6175286063584835,0.11441065692212538,0.38389018696035987,0.18527183314922982,0.015024318331163779
433,train,train,379,False,0.6137532698535827,0.11290408305746814,0.38391355450663467,0.18395679274246898,0.019239689873898756
434,train,train,380,False,0.6112690707788131,0.11183650152181845,0.38356767327131286,0.1829578934516161,0.024480289900979155
435,train,train,381,False,0.6308487573310622,0.12027745707828406,0.3888875488634855,0.1906597352860661,0.012040200043326154
436,train,train,381,False,0.6308487573310622,0.12027745707828406,0.3888875488634855,0.1906597352860661,0.012040200043326154
437,train,train,382,False,0.6480427651836868,0.12349055891339603,0.40070122247042583,0.1905592740911054,0.011647677831917627
438,test,train,382,False,0.6480427651836868,0.12349055891339603,0.40070122247042583,0.1905592740911054,0.011647677831917627
439,train,train,382,False,0.6480427651836868,0.12349055891339603,0.40070122247042583,0.1905592740911054,0.011647677831917627
440,train,train,382,False,0.6480427651836868,0.12349055891339603,0.40070122247042583,0.1905592740911054,0.011647677831917627
441,train,train,383,False,0.6258177186649119,0.11966796675519586,0.3880186644194507,0.19121856602348924,0.012178844249606774
442,train,train,384,False,0.6150339315735289,0.11530047739159172,0.37996402368164345,0.18747010770056552,0.004822517899991846
443,test,train,385,False,0.605298396508298,0.11304673242137578,0.37975834772397116,0.18676198891900753,0.008024102469963214
444,train,train,386,False,0.5959288199382755,0.11011565630608121,0.3743813775908774,0.18477988078758575,0.014237772658148334
445,train,test,387,False,0.5892554132516398,0.10843966173028684,0.3703117251128971,0.18402828262856874,0.01762109877766582
446,train,train,388,False,0.63054094902936,0.11988153561074501,0.387769615146526,0.19012490115873973,0.011194846116668237
447,train,train,389,False,0.6209336809934611,0.11849884083216575,0.3837350205378402,0.19083976994543742,0.012346880887162267
448,train,train,390,False,0.6317870448065439,0.1193378762530036,0.3852970794479218,0.18888940068333532,0.010506808522230045
449,train,train,391,False,0.6246207568263976,0.11693559297201384,0.3866852363480109,0.1872105460698195,0.0060549483026134865
450,test,train,392,False,0.6102136203976372,0.11413368970311646,0.38093619670758594,0.18703890881482266,0.007285890953511984
451,train,test,393,False,0.60440954929347,0.11215358757661605,0.3736457007534182,0.1855589272335604,0.008951205651955446
452,train,train,394,False,0.6071310394815618,0.11190855751520144,0.3776550608069637,0.18432356482838008,0.01508194545892799
453,train,train,395,False,0.6063042045757447,0.11170581075414485,0.38172142936332926,0.18424053455527306,0.017434253690544296
454,train,train,396,False,0.6264561731113791,0.12018836184693289,0.3957200438478601,0.1918543818476577,0.009323153084740427
455,train,train,396,False,0.6264561731113791,0.12018836184693289,0.3957200438478601,0.1918543818476577,0.009323153084740427
456,train,train,397,False,0.6268154543738578,0.12025269000148868,0.3961126601757317,0.19184704072367234,0.009204996831845894
457,test,train,398,False,0.6401122832769974,0.12250641358393063,0.4035490028590176,0.1913826945434792,0.007902392776647716
458,train,train,399,False,0.5949666356515387,0.11159265484457809,0.3731464993292157,0.18756119781805025,0.007446992616201134
459,train,train,400,False,0.5769807649115373,0.10602970639306859,0.3590983290264009,0.1837664491455362,0.01574943196795702
460,train,train,401,False,0.6217154240103565,0.11451175743757158,0.3887417881724687,0.18418677262165536,0.0156566973739725
461,train,test,402,False,0.6199022252544958,0.11398568930888349,0.388349171844597,0.1838768835877103,0.017178161417405753
462,train,train,403,False,0.6185776956474228,0.11372076732650407,0.38714795531470725,0.18384233399731678,0.017554829387189157
463,test,train,404,False,0.611117492647144,0.11520787174419088,0.3727963841575584,0.18852000332235833,0.010471523805466914
464,train,train,405,False,0.6208829262353244,0.11735718467636043,0.380679153698562,0.18901660799073128,0.009619962275004938
465,test,train,406,False,0.6165158688005608,0.11649181299316082,0.3783468232776072,0.18895184842491902,0.008936425672328932
466,train,train,406,False,0.6165158688005608,0.11649181299316082,0.3783468232776072,0.18895184842491902,0.008936425672328932
467,train,train,406,False,0.6165158688005608,0.11649181299316082,0.3783468232776072,0.18895184842491902,0.008936425672328932
468,test,train,407,False,0.6208570398719556,0.11736756112262389,0.379702812815505,0.18904120205648237,0.008938525459068303
469,train,test,408,False,0.6328184665992886,0.11854850701790894,0.39095728086204884,0.18733414600711368,0.007121398412871291
470,train,train,409,False,0.6197501948749998,0.11654758534799935,0.38234308919514814,0.18805574618900497,0.007020452606611942
471,test,train,409,False,0.6197501948749998,0.11654758534799935,0.38234308919514814,0.18805574618900497,0.007020452606611942
472,test,test,410,False,0.6099404702073445,0.11238298230787898,0.3677649180125464,0.1842523783832138,0.011016386682525683
473,train,test,411,False,0.6078653210749891,0.11228444489638013,0.36947558860168245,0.1847192807410183,0.00986059137725815
474,train,train,412,False,0.6034839496209556,0.11147437956475174,0.36959242633305694,0.18471805196272092,0.010286369830348386
475,train,train,413,False,0.6088431994604158,0.11186669918140109,0.37028418880370056,0.18373646824098946,0.011118460728204823
476,train,test,414,False,0.6042471527327637,0.10991981354252137,0.3691297073663606,0.18191200909329705,0.01713090137808242
477,train,test,415,False,0.5991605919285377,0.11433353823222449,0.3634560890342157,0.19082286080300345,0.01792341370058222
478,test,test,416,False,0.6156671032331413,0.11760372885578678,0.3759720130011062,0.19101837379031197,0.016629298519136256
479,train,train,417,False,0.60381847150415,0.11286294980126022,0.37086888220690667,0.1869153646792412,0.007166803353150604
480,train,train,418,False,0.6061876246090503,0.11224402730678192,0.37686982815122033,0.18516383830694608,0.008406165143709659
481,train,train,419,False,0.6105886928685639,0.11237737316537172,0.3771689742939924,0.18404758305860444,0.01121796239636834
482,train,train,420,False,0.6184677929171252,0.1128995381867406,0.3850914034902495,0.1825471584449494,0.02089179072620251
483,train,train,421,False,0.6041227657383681,0.11107145151043371,0.38331526222109075,0.18385576212258858,0.02443758587982995
484,train,train,422,False,0.6071826749501673,0.11786720511443172,0.3823243536076751,0.1941214892603866,0.015212837850383857
485,test,train,422,False,0.6071826749501673,0.11786720511443172,0.3823243536076751,0.1941214892603866,0.015212837850383857
486,test,test,423,False,0.6135269375608188,0.11880627506864516,0.387248878184343,0.19364475754068733,0.01259594801904441
487,train,train,424,False,0.6017655862917906,0.11273474220532749,0.3739653937167308,0.18733996222685864,0.006852874213607883
488,train,train,425,False,0.6099736788413916,0.11302831043734267,0.38250666201907263,0.1853003077969416,0.014184905273404123
489,train,train,426,False,0.6145100729907246,0.11380528774056974,0.3892979773242648,0.1851967815380099,0.016873254369245957
490,train,train,427,False,0.6148033428779481,0.11250714417969414,0.39042909121532976,0.18299696233439194,0.02301429791232769
491,test,train,428,False,0.5948467609739141,0.114615726107007,0.3727842128017218,0.19268109642112224,0.015852975355860034
492,train,train,428,False,0.5948467609739141,0.114615726107007,0.3727842128017218,0.19268109642112224,0.015852975355860034
493,train,train,428,False,0.5948467609739141,0.114615726107007,0.3727842128017218,0.19268109642112224,0.015852975355860034
494,train,train,428,False,0.5948467609739141,0.114615726107007,0.3727842128017218,0.19268109642112224,0.015852975355860034
495,test,train,428,False,0.5948467609739141,0.114615726107007,0.3727842128017218,0.19268109642112224,0.015852975355860034
496,train,train,428,False,0.5948467609739141,0.114615726107007,0.3727842128017218,0.19268109642112224,0.015852975355860034
497,test,train,429,False,0.5992257457193082,0.11551009468553608,0.3746526891002329,0.1927655737603167,0.01709149605323819
498,train,test,430,False,0.6081671231239087,0.11545684943166558,0.3718559932256791,0.1898439508512239,0.009052970892202356
499,train,train,431,False,0.6091350472247419,0.11425236777719035,0.37564524407505573,0.18756492225776766,0.0093973720130921
500,train,test,432,False,0.6104974699679734,0.11332125058376223,0.3804267426483399,0.18562116332719125,0.016647149432354773
501,test,test,433,False,0.6153604630304687,0.11344620720349118,0.3851381385827994,0.18435732228359633,0.02018854406434001
502,train,train,434,False,0.610953688099945,0.11267517957527567,0.38768077692022845,0.18442507471506303,0.023181444405183986
503,train,train,435,False,0.6016423111878099,0.11102300957564665,0.3813755481280075,0.18453324759765688,0.02418682802883399
504,train,train,436,False,0.6079410376122786,0.11681152074473071,0.3773325471179167,0.19214284530538406,0.013402325518335565
505,test,train,436,False,0.6079410376122786,0.11681152074473071,0.3773325471179167,0.19214284530538406,0.013402325518335565
506,train,train,437,False,0.6362662675651416,0.12033942692290245,0.3969867310577726,0.18913375273439587,0.008354458253109962
507,train,test,438,False,0.635154132392102,0.11956532909546522,0.3961781308557545,0.18824616419507684,0.007128095397494412
508,train,test,438,False,0.635154132392102,0.11956532909546522,0.3961781308557545,0.18824616419507684,0.007128095397494412
509,train,test,439,False,0.618213063548626,0.11662023206163792,0.3843762734733311,0.18864084073575235,0.007214150124933287
510,train,train,440,False,0.6107482418718276,0.11397063601820921,0.3792021585721751,0.18660820974107237,0.007194986666577272
511,test,train,441,False,0.6051902608471617,0.11217770732110112,0.3716489781575148,0.18535940608837911,0.009916659224588491
512,train,test,442,False,0.5962914149949033,0.10909489653307766,0.36952463967363314,0.1829556719913704,0.015824491611104954
513,train,test,443,False,0.5788296061963479,0.1107399055540411,0.36186317895662234,0.19131693397949037,0.018473205036222642
514,train,test,443,False,0.5788296061963479,0.1107399055540411,0.36186317895662234,0.19131693397949037,0.018473205036222642
515,train,train,444,False,0.621837543876415,0.11937254800596798,0.3900985837901833,0.19196741847046192,0.019638943187762912
516,train,train,444,False,0.621837543876415,0.11937254800596798,0.3900985837901833,0.19196741847046192,0.019638943187762912
517,test,train,445,False,0.6177103238116283,0.11564137932517057,0.38234308919514814,0.18720972414965756,0.005403155029306098
518,train,train,446,False,0.6292275925913335,0.11650824232368227,0.39176588106406707,0.18516073308843475,0.010575487838673367
519,train,train,447,False,0.6170953801530256,0.11438186994529878,0.38474552225492775,0.18535525240350154,0.009895126509081842
520,train,train,447,False,0.6170953801530256,0.11438186994529878,0.38474552225492775,0.18535525240350154,0.009895126509081842
521,train,train,447,False,0.6170953801530256,0.11438186994529878,0.38474552225492775,0.18535525240350154,0.009895126509081842
522,train,train,447,False,0.6170953801530256,0.11438186994529878,0.38474552225492775,0.18535525240350154,0.009895126509081842
523,train,train,448,False,0.619643396332363,0.11368554359140355,0.3879098204241756,0.1834693055139494,0.016428869770791422
524,train,test,449,False,0.6104148575901776,0.11176866244949972,0.3859934738773673,0.18310278830817606,0.024310262079744595
525,train,test,450,False,0.6210575229516649,0.11710039741668568,0.3794790641780362,0.1885500023575099,0.012043511498594357
526,train,train,451,False,0.630412530932029,0.11953349228082942,0.38974412774227296,0.18961154230882113,0.01229247373888654
527,test,train,452,False,0.638124910204959,0.12047235944444488,0.39103514884307783,0.188791187301794,0.01151942299078268
528,train,train,452,False,0.638124910204959,0.12047235944444488,0.39103514884307783,0.188791187301794,0.01151942299078268
529,train,train,453,False,0.6428539711849706,0.11925036571120437,0.39758502334331663,0.1855014840950435,0.010538969439745778
530,test,train,453,False,0.6428539711849706,0.11925036571120437,0.39758502334331663,0.1855014840950435,0.010538969439745778
531,train,train,453,False,0.6428539711849706,0.11925036571120437,0.39758502334331663,0.1855014840950435,0.010538969439745778
532,train,train,454,False,0.6102138131967303,0.11402414222429035,0.37883290979057843,0.18685932661365282,0.00819642187303117
533,test,train,454,False,0.6102138131967303,0.11402414222429035,0.37883290979057843,0.18685932661365282,0.00819642187303117
534,test,train,454,False,0.6102138131967303,0.11402414222429035,0.37883290979057843,0.18685932661365282,0.00819642187303117
535,train,train,454,False,0.6102138131967303,0.11402414222429035,0.37883290979057843,0.18685932661365282,0.00819642187303117
536,train,train,454,False,0.6102138131967303,0.11402414222429035,0.37883290979057843,0.18685932661365282,0.00819642187303117
537,train,train,454,False,0.6102138131967303,0.11402414222429035,0.37883290979057843,0.18685932661365282,0.00819642187303117
538,test,train,454,False,0.6102138131967303,0.11402414222429035,0.37883290979057843,0.18685932661365282,0.00819642187303117
539,train,train,455,False,0.6068902194655467,0.11234454231555877,0.3731727083764513,0.18511509777582863,0.010251512681517385
540,train,train,455,False,0.6068902194655467,0.11234454231555877,0.3731727083764513,0.18511509777582863,0.010251512681517385
541,train,train,456,False,0.5934688657413569,0.10938645488174112,0.3623243507581771,0.18431709091444312,0.009640532058052664
542,train,test,457,False,0.5932549584574898,0.10819759266209512,0.36406541993269687,0.18237958422364897,0.01656671244646039
543,train,train,458,False,0.5947700516084129,0.11380263553230602,0.3747251856101762,0.19133888000001698,0.011983404280953323
544,test,train,458,False,0.5947700516084129,0.11380263553230602,0.3747251856101762,0.19133888000001698,0.011983404280953323
545,train,train,459,False,0.5880954905039717,0.10980248833297528,0.3594559148100866,0.18670860447999596,0.008757398536287278
546,train,train,460,False,0.5898174299279996,0.10967873782151248,0.3597971225361535,0.18595370746317422,0.010263385636693895
547,train,train,460,False,0.5898174299279996,0.10967873782151248,0.3597971225361535,0.18595370746317422,0.010263385636693895
548,train,train,460,False,0.5898174299279996,0.10967873782151248,0.3597971225361535,0.18595370746317422,0.010263385636693895
549,train,train,460,False,0.5898174299279996,0.10967873782151248,0.3597971225361535,0.18595370746317422,0.010263385636693895
550,train,train,460,False,0.5898174299279996,0.10967873782151248,0.3597971225361535,0.18595370746317422,0.010263385636693895
551,train,train,460,False,0.5898174299279996,0.10967873782151248,0.3597971225361535,0.18595370746317422,0.010263385636693895
552,train,test,461,False,0.592230833263488,0.11024152536228864,0.3622757421068798,0.18614621051525249,0.009499720859544246
553,test,train,462,False,0.59745226215833,0.11300341520965103,0.36872818644063265,0.1891421664409133,0.011611555944388976
554,train,test,463,False,0.6124754189110877,0.1159972715612189,0.3792021585721751,0.18939090121763416,0.011075571490165994
555,test,train,464,False,0.6163388555037762,0.11618221749755195,0.3807492563373867,0.1885038018617019,0.010692925901442418
556,train,test,465,False,0.6132661900319187,0.11377893444594672,0.3823898242876979,0.18552944267158256,0.011180482063368434
557,train,train,466,False,0.603183376551253,0.11207779664292757,0.37435287333946726,0.185810486495402,0.007385597170670534
558,train,train,467,False,0.5977058101718807,0.11027149402370486,0.3680051197680713,0.18449125330067373,0.009012169351134072
559,train,train,468,False,0.5984645847242138,0.10953309091852474,0.3678284528081424,0.1830235133612795,0.013664150934984218
560,train,train,469,False,0.5975544702345562,0.1092734699589783,0.3709104805943213,0.18286779766886443,0.01630274599325083
561,test,train,470,False,0.5962943476867537,0.10871810085641546,0.369067057412072,0.18232287674396577,0.01755996188706
562,train,train,471,False,0.5840186493909855,0.11145007195141637,0.3638832821264953,0.1908330702583496,0.011462850118953401
563,train,train,471,False,0.5840186493909855,0.11145007195141637,0.3638832821264953,0.1908330702583496,0.011462850118953401
564,train,train,472,False,0.611693657526878,0.11703021930936817,0.38483763228095214,0.1913216164158541,0.012983631355374213
565,test,train,472,False,0.611693657526878,0.11703021930936817,0.38483763228095214,0.1913216164158541,0.012983631355374213
566,train,train,473,False,0.6128419858697879,0.11707010723815885,0.38450853685120906,0.19102820945272675,0.012140586563776885
567,test,train,474,False,0.6132387227608446,0.11613113570847328,0.3758882009480146,0.18937345506435505,0.007972235978961417
568,test,train,475,False,0.6003051179547638,0.11234753019481473,0.3693171109324402,0.18715071192060154,0.006960310257691757
569,train,train,476,False,0.6040077019922695,0.11216858604106311,0.37208832957793614,0.18570721146615232,0.012177667922837655
570,train,train,477,False,0.6138323354541211,0.11292499145897976,0.3807258887911118,0.18396715998259752,0.018937936707859947
571,train,test,478,False,0.6215311948867023,0.11585949858065725,0.38377334922898515,0.18640978849304105,0.014284129748687494
572,train,test,479,False,0.6378364896641544,0.11910383041747756,0.39238754089588584,0.1867309762729165,0.012994977402618327
573,train,train,480,False,0.6281431711040341,0.11730049224027168,0.3876995125077013,0.1867416500510585,0.013430471262863255
574,train,train,481,False,0.6241085679828628,0.11616363199832741,0.38409586291803205,0.1861272829081191,0.013706913904341124
575,train,train,482,False,0.6251236942023746,0.11439587741083328,0.38522697680909707,0.18299718675165,0.01713346068944453
576,train,train,483,False,0.6218735016239053,0.11388728057744252,0.382109413732399,0.18313576680795593,0.014248749954344676
577,test,train,484,False,0.6085300597146288,0.11210008319965342,0.37354195715804805,0.1842145369979306,0.012498437962175911
578,train,test,485,False,0.6067287718711567,0.11184983270963697,0.3735886922505978,0.1843489840850816,0.012949205869922218
579,train,test,486,False,0.6063430513772947,0.11104769866126128,0.3759677577641025,0.18314335162086695,0.01864493532503702
580,train,train,487,False,0.584201911302934,0.11329246533852264,0.37239666593705456,0.19392689949584158,0.016991351584881083
581,train,train,488,False,0.5887103032351343,0.11399965445234354,0.3743042795099307,0.1936430428105,0.0167355848650532
582,test,train,488,False,0.5887103032351343,0.11399965445234354,0.3743042795099307,0.1936430428105,0.0167355848650532
583,train,train,488,False,0.5887103032351343,0.11399965445234354,0.3743042795099307,0.1936430428105,0.0167355848650532
584,test,train,489,False,0.5918478780642308,0.11481013628007135,0.3767471346148364,0.19398588815690826,0.01704542518094254
585,train,train,489,False,0.5918478780642308,0.11481013628007135,0.3767471346148364,0.19398588815690826,0.01704542518094254
586,test,train,489,False,0.5918478780642308,0.11481013628007135,0.3767471346148364,0.19398588815690826,0.01704542518094254
587,train,train,490,False,0.5947332754335738,0.11579518124497415,0.3813268894344482,0.19470102990379493,0.018506569217054982
588,train,train,491,False,0.6009550483842557,0.11575820307023844,0.38273716819313586,0.1926237301466543,0.013931319597111214
589,test,train,492,False,0.592784504356738,0.11205576722016793,0.364571862155263,0.1890328886747227,0.008051271696682542
590,train,train,493,False,0.5919267753184219,0.11009233704213357,0.3627076200675386,0.18598979068468452,0.010087623444575419
591,train,train,494,False,0.5932226741730201,0.1089624946120521,0.36500161524746666,0.18367891072934941,0.015835936284824662
592,train,test,495,False,0.6053691767737321,0.1135547819545936,0.38373124609523723,0.18757939173542823,0.01094491138789589
593,train,train,496,False,0.5964491944594318,0.10905787157959412,0.3715110888592663,0.18284519887470788,0.023084183162035213
594,test,train,497,False,0.5878160249949687,0.1071196832304087,0.36466695458940224,0.18223334967998803,0.02525937163707348
595,train,train,498,False,0.6187905717390173,0.11901149481715277,0.3852190263629959,0.19232919868621942,0.01348816440336347
596,test,train,499,False,0.6168160415640179,0.11445617165819064,0.3754349361585814,0.18555965465484978,0.008399755155917538
597,train,train,500,False,0.6192729234543233,0.11455449468065354,0.3871012202221575,0.1849822434374574,0.018994327176200098
598,test,test,501,False,0.6233587086405504,0.11402106238364187,0.387769615146526,0.1829140441982503,0.02301990685581025
599,test,train,502,False,0.6310258162928006,0.11844207976617645,0.3828011762030426,0.1876976768747896,0.013747461946024298
600,train,train,502,False,0.6310258162928006,0.11844207976617645,0.3828011762030426,0.1876976768747896,0.013747461946024298
601,train,train,502,False,0.6310258162928006,0.11844207976617645,0.3828011762030426,0.1876976768747896,0.013747461946024298
602,test,train,502,False,0.6310258162928006,0.11844207976617645,0.3828011762030426,0.1876976768747896,0.013747461946024298
603,train,train,503,False,0.6263194315745355,0.11796912707526712,0.3828946463881423,0.1883529731445481,0.01405891289845655
604,train,train,503,False,0.6263194315745355,0.11796912707526712,0.3828946463881423,0.1883529731445481,0.01405891289845655
605,test,train,504,False,0.6299738029447554,0.1184960503816016,0.3836331439513357,0.188096790418431,0.013240326512521675
606,train,test,505,False,0.6312985233686025,0.11855890294993685,0.38522697680909707,0.18780164781204897,0.013099877773051476
607,train,test,506,False,0.6157343778274003,0.11552713585955761,0.3741869845361419,0.18762495650671893,0.013386012755396212
608,train,test,507,False,0.6184524922560658,0.114137384713004,0.38053894842091257,0.18455319712050935,0.014849632342537025
609,train,train,508,False,0.5966814297805091,0.11103706228379526,0.36863564264729337,0.1860910307274697,0.008001988467857893
610,train,train,509,False,0.5896723629550694,0.10965119503147563,0.3624986809634785,0.1859527458298577,0.00805279517421938
611,train,train,510,False,0.5951529038309723,0.10945111394467803,0.36722363422982257,0.18390419208264996,0.01385516912773264
612,train,test,511,False,0.5954895943650681,0.10936446585958999,0.37043466749162035,0.18365470512746443,0.01611931300302125
613,train,train,512,False,0.571302752855536,0.1104892127731052,0.3620709303592698,0.19339870536392173,0.015454013229215705
614,train,train,512,False,0.571302752855536,0.1104892127731052,0.3620709303592698,0.19339870536392173,0.015454013229215705
615,train,train,513,False,0.7760952476157746,0.15005566577618581,0.48721462597781007,0.1933469715697507,0.01586423882611724
616,train,train,514,False,0.6270370264582169,0.12149251164454558,0.39725029582478133,0.19375651918163295,0.016803593273882693
617,train,train,514,False,0.6270370264582169,0.12149251164454558,0.39725029582478133,0.19375651918163295,0.016803593273882693
618,train,train,515,False,0.6181272660914612,0.11947804445828668,0.39134038262999943,0.1932903643189364,0.01648902502409087
619,train,train,516,False,0.6262608267991376,0.11814449636467275,0.3842563512042611,0.1886506249616752,0.008195205405697762
620,train,train,517,False,0.6200529646337977,0.1197873507545535,0.37443939558636397,0.1931889009276808,0.02709337099795711
621,test,train,518,False,0.6322725766575298,0.11842599577281396,0.3869610149445079,0.18730212276304267,0.004243078430625307
622,train,train,519,False,0.6328384487808739,0.11759346078044697,0.3929437300476819,0.18581908385462967,0.007978324436327145
623,train,train,520,False,0.6103301511142355,0.11343373665206964,0.3800107587741933,0.1858563540486766,0.009501399678908973
624,test,train,521,False,0.6190049388649215,0.11234050623085816,0.3858299010534429,0.18148563796091613,0.022917816097434412
625,test,train,522,False,0.6384575964084666,0.12011468048081042,0.38686300453636524,0.1881325888461425,0.013740450883771209
626,test,train,522,False,0.6384575964084666,0.12011468048081042,0.38686300453636524,0.1881325888461425,0.013740450883771209
627,train,train,523,False,0.6730537447569577,0.12783388920331357,0.41508463271372853,0.18993117592633688,0.012580983382793093
628,train,train,523,False,0.6730537447569577,0.12783388920331357,0.41508463271372853,0.18993117592633688,0.012580983382793093
629,train,train,523,False,0.6730537447569577,0.12783388920331357,0.41508463271372853,0.18993117592633688,0.012580983382793093
630,train,train,523,False,0.6730537447569577,0.12783388920331357,0.41508463271372853,0.18993117592633688,0.012580983382793093
631,train,train,524,False,0.6405772173459329,0.1210421811834935,0.38938351891173895,0.18895798649380738,0.014495489762217813
632,train,train,524,False,0.6405772173459329,0.1210421811834935,0.38938351891173895,0.18895798649380738,0.014495489762217813
633,test,train,525,False,0.6233612907340644,0.11840236034158962,0.38139428371548056,0.18994179154461147,0.013048553585031866
634,train,train,525,False,0.6233612907340644,0.11840236034158962,0.38139428371548056,0.18994179154461147,0.013048553585031866
635,train,train,525,False,0.6233612907340644,0.11840236034158962,0.38139428371548056,0.18994179154461147,0.013048553585031866
636,train,train,526,False,0.6327776318183531,0.11884421497060298,0.3888539939450414,0.1878135524940912,0.01109840981086926
637,train,test,527,False,0.6352213189080071,0.11856305201692045,0.3871433233559053,0.18664841447818406,0.012319571738765918
638,train,train,528,False,0.6187556702235224,0.11585594717481439,0.37735128270538965,0.18724021895906345,0.012425630892649734
639,train,train,529,False,0.6067847498430323,0.11243774347393361,0.3715087728798652,0.18530087234891757,0.010396157231320848
640,train,train,530,False,0.5870440935652729,0.10882543041068718,0.36016308739613573,0.18537863101519644,0.010133903893800866
641,train,train,531,False,0.6227797814970011,0.11556867611220763,0.38543728472557126,0.18556908805615124,0.01054470924570554
642,test,train,532,False,0.6190486144892614,0.11427611984617486,0.3838434518678099,0.18459958906532242,0.013786290969499081
643,train,train,533,False,0.6169483140373248,0.1132367652553142,0.38670860389428585,0.18354335797481974,0.01855322615873571
644,train,test,534,False,0.6118742802834367,0.11416049748755144,0.37203899928842155,0.1865750876710641,0.005101939662210934
645,train,train,535,False,0.6380500556856531,0.12115762345289363,0.39269908433966405,0.18988733309128356,0.010592535012938505
646,train,train,536,False,0.6190043518392104,0.1176337788186603,0.38356767327131286,0.19003707884951393,0.009803615483015199
647,train,train,537,False,0.6113697062014768,0.113370903423174,0.3767062553272959,0.18543755484314534,0.009694267639402105
648,train,test,538,False,0.5993295797387417,0.11031778606749014,0.36762934469369896,0.18406864903210618,0.010906180246650658
649,train,train,539,False,0.5896365486831572,0.10764445159696705,0.3642416236967456,0.18256068392871977,0.017212964060127622
650,train,train,540,False,0.5772354376060718,0.11017498158181945,0.3498755942514644,0.19086662807595536,0.018391491934904386
651,train,train,540,False,0.5772354376060718,0.11017498158181945,0.3498755942514644,0.19086662807595536,0.018391491934904386
652,train,train,541,False,0.6068306987062609,0.11599677032355316,0.37093098425035903,0.19115178347248035,0.01924718247784085
653,test,train,541,False,0.6068306987062609,0.11599677032355316,0.37093098425035903,0.19115178347248035,0.01924718247784085
654,train,train,541,False,0.6068306987062609,0.11599677032355316,0.37093098425035903,0.19115178347248035,0.01924718247784085
655,test,train,541,False,0.6068306987062609,0.11599677032355316,0.37093098425035903,0.19115178347248035,0.01924718247784085
656,train,train,542,False,0.6077898359240858,0.11346976498250551,0.37236410817443316,0.1866924358976581,0.006038743871772017
657,test,test,543,False,0.6150554396139731,0.11308542321103911,0.38151112144685506,0.1838621625426398,0.013866427437440017
658,train,test,544,False,0.6170925052342954,0.11234912677469683,0.3858299010534429,0.18206205037612722,0.023762314534313028
659,train,train,545,False,0.6130539378787935,0.11841628149918434,0.3793960016126174,0.19315801462578053,0.017379135406123826
660,train,train,546,False,0.6102916470009947,0.11850330948324558,0.37971279147711323,0.19417488354228193,0.01892495312722699
661,train,train,547,False,0.6195573537297275,0.11751681439118836,0.37952467226122205,0.18967866926885557,0.01215935421695651
662,train,train,548,False,0.6209847388827032,0.11801490963790205,0.38010956751571606,0.19004478250180265,0.011639202798233588
663,train,test,549,False,0.605090072108676,0.11260463819265784,0.37086374550177154,0.1860956630807747,0.006481505745525262
664,train,train,550,False,0.6154827847298201,0.11376894485797244,0.37384110330082004,0.18484504795355708,0.007965807474181862
665,train,test,551,False,0.6203632213877679,0.11329768535979219,0.3882323341132225,0.1826312093523895,0.02044000411891392
666,train,train,552,False,0.6142608575827888,0.11181057824579659,0.3883258042983221,0.18202458591580856,0.02532373173157767
667,train,train,553,False,0.6042197543472908,0.11626673999439358,0.3752738290545667,0.19242459247296687,0.018364477783159673
668,test,test,554,False,0.6141791162470164,0.11617686260006821,0.3746964385953879,0.18915795006182382,0.010570636307615705
669,train,train,555,False,0.6129569858389734,0.11442479421545028,0.37310260573762655,0.18667671118689264,0.0071491243837596185
670,test,train,556,False,0.6136076498855223,0.11425663538572883,0.3746964385953879,0.1862047114423119,0.0063457940380749174
671,train,train,237,False,0.613479658194295,0.11333916245939883,0.37913205593335036,0.18474803678576612,0.008920175055055633
672,train,test,557,False,0.6194790246017295,0.11405949121967333,0.3879098204241756,0.18412163558403538,0.014542420565488934
673,train,train,558,False,0.6199618291239958,0.11268092050966579,0.3878630853316257,0.1817546100683063,0.02093317361747977
674,train,train,559,False,0.603041063689582,0.11601250000910801,0.3739033028485067,0.1923791048312855,0.016665652402821224
675,train,train,560,False,0.6069259853272088,0.11721112508686235,0.37865252760908913,0.19312260130643596,0.01804118453354815
676,test,test,561,False,0.6131767834748046,0.11780744103302732,0.3814759209833501,0.19212638868260087,0.013777125626970092
677,test,train,562,False,0.6186091523917098,0.1187306674638285,0.3846077308608598,0.1919316372943784,0.012259191065126468
678,train,train,563,False,0.6155887483751086,0.11724262431811645,0.379248893664725,0.19045608716466458,0.01024965781354323
679,test,test,564,False,0.6113384863992741,0.11535513072046544,0.37770179589951336,0.1886927345273095,0.006803597829136348
680,test,train,565,False,0.6127705302903271,0.11484557996386079,0.3772390769328171,0.1874202075440012,0.0079659010167966
681,test,train,566,False,0.6103488791508265,0.11367195546866057,0.3768464606049455,0.18624095062943583,0.010197710016524869
682,train,test,567,False,0.6144576943382004,0.11362749406467618,0.3819972079598263,0.18492321784180485,0.012341621320637678
683,test,train,568,False,0.6148607451007388,0.11320248613491986,0.3815578565394048,0.18411077148269198,0.014251726523631563
684,train,train,569,False,0.6182695296667898,0.11371074140686654,0.3819037377747267,0.1839177509979342,0.013944588922961175
685,train,test,570,False,0.606303384090186,0.1100433235653747,0.3695690587867822,0.18149877842180417,0.01673299558508218
686,train,train,571,False,0.6164699604593009,0.11242096080197743,0.38952702082821195,0.1823624312824881,0.023464297487426972
687,train,train,572,False,0.6005851007735904,0.11593035627584768,0.38538739995685223,0.1930290247402446,0.015535773844509135
688,train,test,573,False,0.6150703651031735,0.11776631792247723,0.3930043181265856,0.19146804106343637,0.014600348330200725
689,train,train,574,False,0.6068379857369152,0.11498770643500472,0.3796474377718924,0.18948666553127705,0.010805549933612582
690,train,train,575,False,0.6090786546179132,0.11457616488063763,0.3745502844898598,0.18811390616292975,0.007393981235463756
691,test,train,576,False,0.6116377110517504,0.11369221465706084,0.371854654115187,0.18588162993017512,0.010428422422526002
692,train,train,577,False,0.6102868077894981,0.11337830677575204,0.3739112059396448,0.18577872785160846,0.010590014141296272
693,test,train,577,False,0.6102868077894981,0.11337830677575204,0.3739112059396448,0.18577872785160846,0.010590014141296272
694,train,test,578,False,0.588634723044426,0.12068017462277114,0.39363805645737615,0.20501708427700596,0.03963513320890393
695,train,train,579,False,0.5938335898056748,0.1153501172117559,0.3716208955515317,0.19424653504275988,0.01875126319251833
696,train,train,580,False,0.6300920328989789,0.12272580532864372,0.3948413410070171,0.19477441218229155,0.020302810907050904
697,train,train,581,False,0.6228520146049344,0.1212743517391913,0.3898102309351669,0.19470813113788155,0.01988607059483247
698,train,train,582,False,0.6280930228847645,0.12138192903641522,0.3972671416130716,0.19325470052018873,0.016102544552478122
699,train,train,583,False,0.6105490429401788,0.11799637940837497,0.38538208745581876,0.19326273748648917,0.016918408277846415
700,train,train,584,False,0.6162524503751382,0.11893887192696302,0.3918406156616938,0.193003487214631,0.016922804403893356
701,train,train,585,False,0.5896797276657517,0.11400514538204085,0.37054961088902105,0.1933340083325069,0.017467548238481043
702,train,train,586,False,0.6000580298385743,0.11641047993645148,0.37478005701564443,0.19399870370498645,0.01928408942258545
703,train,train,587,False,0.6039196614075438,0.11628117213733631,0.3782813525975844,0.19254410738395575,0.016214521438683894
704,train,train,588,False,0.5960897430666219,0.11458342554428663,0.372350046096215,0.1922251252886937,0.01610744567980714
705,test,train,589,False,0.6033167023950533,0.11612119998184271,0.37776394110746886,0.1924713828091672,0.01618465048855506
706,train,train,590,False,0.6046887217120507,0.1163842715727041,0.37948256912747425,0.19246972432888476,0.015891118433993077
707,train,train,591,False,0.6048382646627591,0.116458622655749,0.37969056106454746,0.1925450644573274,0.016093699963853646
708,train,train,592,False,0.6053546495980519,0.11649509434435754,0.37975039029310187,0.19244106644214076,0.015861723348432465
709,train,train,593,False,0.5990984937050922,0.11543773461767942,0.3774830258058366,0.19268573670376135,0.016045250360654316
710,train,test,594,False,0.606617963197696,0.11688160167589275,0.38290159432634513,0.19267744901547068,0.01605927650469494
711,train,train,595,False,0.6072882183475928,0.11705273807862018,0.38312781710455807,0.19274659797800137,0.016102449547168444
712,train,test,596,False,0.6075233866586153,0.11706789941829975,0.38287822678007016,0.19269694301346055,0.016045073549450024
713,train,train,597,False,0.6056574730146984,0.11667257752430961,0.3815755826342113,0.19263788976888946,0.01596858589823663
714,train,train,598,False,0.6064922415247707,0.11677524647050086,0.3807020164985036,0.1925420285293649,0.01600363358354123
715,train,test,599,False,0.6051355103712578,0.11566613190069627,0.3803276310117717,0.1911408765777664,0.013721144768289385
716,train,train,600,False,0.6131043642245235,0.11631018584845804,0.38576443037342006,0.18970699384202125,0.011725610629616611
717,train,train,601,False,0.608939681997918,0.11481647673856296,0.38502593281022657,0.18855147748271645,0.009642161258847877
718,test,test,602,False,0.6093356587839057,0.113848987246621,0.3825300295653474,0.18684116973202827,0.011407802420540106
719,train,train,603,False,0.6180437996143011,0.11522867164032308,0.3916770428377693,0.18644094757075977,0.015279642400376528
720,test,train,604,False,0.6201336668027896,0.11552169233397688,0.39447209222542057,0.18628514869958554,0.016789150839008372
721,test,test,605,False,0.6148058817887916,0.1141367337519905,0.3872881605923568,0.18564678239561908,0.016278133985915624
722,train,train,606,False,0.6231693385255692,0.11593811329378037,0.39481797346074227,0.18604592062904154,0.017594964327027725
723,train,train,607,False,0.629809304035417,0.11727311468343285,0.4035957379515675,0.18620416359685607,0.020600928331491353
724,train,train,608,False,0.6330362801798606,0.11736462093865561,0.40391825164061435,0.18539951755262676,0.021845582044929056
725,train,train,609,False,0.628193737513713,0.11652594290933332,0.4052363059018787,0.1854936398610463,0.023671040558998744
726,train,test,610,False,0.6345486456941754,0.11813757784756826,0.41523865446886854,0.18617576232997807,0.025538532189384792
727,train,train,611,False,0.6319648413460811,0.11707250089762908,0.4100178044751629,0.1852516045801937,0.026379032130238893
728,train,test,612,False,0.6277386567733815,0.11607817955556969,0.40685350630591505,0.18491481813820304,0.026636204187154563
729,train,train,613,False,0.6109675066867337,0.11886246295357801,0.39673586742865713,0.19454792874037952,0.015468215712343903
730,train,train,614,False,0.6158169958123766,0.11907420939906546,0.3955063741540883,0.19335973220743047,0.013248733211903107
731,test,train,615,False,0.6168501615788081,0.11965540485194705,0.3955063741540883,0.19397807166928982,0.014016817690466959
732,train,train,616,False,0.6153746945828384,0.11874136661625181,0.3929920125613383,0.19295783148305506,0.013902430683908026
733,test,train,617,False,0.6128565294175096,0.11801689824751288,0.3897079605342044,0.1925685581904173,0.011193603832673937
734,test,train,618,False,0.6114098467403997,0.11461393802566266,0.37844029346270674,0.18745844319763946,0.010179024108266176
735,train,train,619,False,0.6143438580463481,0.11500472533209022,0.3828291757081194,0.1871992758221958,0.012620597877502774
736,train,train,620,False,0.6184564479472867,0.11484394212848043,0.38268897043046995,0.18569446969088596,0.01479393093559162
737,train,test,621,False,0.6189932186431042,0.1147569713161796,0.384675419616103,0.1853929378543734,0.01715567435309319
738,train,train,622,False,0.6228160345677918,0.11541836732290997,0.3902421508451304,0.18531694901369308,0.01957923987756924
739,train,train,623,False,0.6304925876133572,0.11636639264125037,0.39580888207415776,0.1845642517095075,0.02108501480204313
740,train,train,624,False,0.6309819681465187,0.116245623177084,0.4035256353127427,0.18422970710010989,0.025924182715131517
741,train,train,625,False,0.6015161141184688,0.11072653684655856,0.38421733260820845,0.18407908657414773,0.026381673833208226
742,test,train,626,False,0.6058499804863049,0.11146542117249372,0.3870123819958597,0.18398188456327494,0.026708373440998863
743,train,train,627,False,0.5868985455313185,0.11451156606060334,0.37090749735137407,0.1951130513655238,0.015045438304240231
744,train,train,628,False,0.5962914460389444,0.11630557792205512,0.3755690160136557,0.19504820787662128,0.015453579624857923
745,train,train,629,False,0.6001069626665906,0.11698025930936325,0.37834264001488993,0.1949323480426864,0.014731784532865227
746,test,train,630,False,0.592389961602877,0.11356802156232258,0.3775867694012066,0.1917115902083021,0.008945542972570787
747,train,train,631,False,0.5914358419918991,0.11245269365933463,0.3811488206034613,0.1901350673652188,0.012101485250359657
748,train,train,632,False,0.5961806275238795,0.11289724892420329,0.38779197320013453,0.1893675233848173,0.016979064938999044
749,train,train,633,False,0.6110023159024266,0.11448602725499904,0.39512175156231627,0.18737412981145193,0.019495581394215464
750,train,train,634,False,0.6086502708258688,0.11412119779859854,0.3938008765753177,0.18749880394162832,0.020348676957108965
751,test,train,635,False,0.6153528868695726,0.1141085964153085,0.3970614656553994,0.18543603004091286,0.023728164630766758
752,train,train,636,False,0.6225132193481878,0.12047742265855427,0.3917502137215224,0.19353391850007945,0.014556689364779721
753,train,train,637,False,0.6230313477729298,0.12065809101667459,0.3938485914401259,0.19366295363463745,0.01425737204446565
754,train,train,638,False,0.6202203783077339,0.11763983309130804,0.3892512422317148,0.18967424677706873,0.008968954590111978
755,train,train,639,False,0.6227566590792942,0.11737332843283398,0.3944487246791456,0.18847382315648445,0.01128198985792899
756,test,train,640,False,0.6254739866045931,0.11697133079836543,0.39844499059668653,0.1870123031548415,0.014896238720906178
757,train,train,641,False,0.6530985726229608,0.12019300347161954,0.4204548725037723,0.18403501172710104,0.02547898937450405
758,train,test,642,False,0.6161864944633182,0.11393150669454195,0.399716309765401,0.18489776669606045,0.02573010034920378
759,test,train,643,False,0.610681564667728,0.11212560314827365,0.3933409783343555,0.18360731621116025,0.028555273464443708
760,train,test,644,False,0.5886875302518783,0.11488310892280361,0.3774577583360338,0.1951512526070482,0.013567767001283884
761,train,train,645,False,0.6129711172974361,0.11826541838272735,0.38919893543303075,0.19293799503009962,0.010288403510713313
762,train,train,646,False,0.6080634381668722,0.11562610575569868,0.37771360776816043,0.19015467547971063,0.009094315031417178
763,test,train,647,False,0.6302836555597493,0.11875172516604392,0.3991834881598799,0.18840997084174993,0.016106114876839127
764,test,train,648,False,0.6251691961297964,0.11779380440439925,0.39886097447083296,0.1884190794006158,0.017773764965455515
765,test,train,648,False,0.6251691961297964,0.11779380440439925,0.39886097447083296,0.1884190794006158,0.017773764965455515
766,train,train,649,False,0.6275132584085119,0.11808503616915719,0.4072928577263364,0.18817934854259874,0.021581243910553136
767,train,train,649,False,0.6275132584085119,0.11808503616915719,0.4072928577263364,0.18817934854259874,0.021581243910553136
768,train,train,649,False,0.6275132584085119,0.11808503616915719,0.4072928577263364,0.18817934854259874,0.021581243910553136
769,train,test,650,False,0.6345297065288769,0.11919339244586181,0.41077966958463125,0.1878452517186245,0.022440633440104416
770,train,train,651,False,0.6187913690695129,0.11607330087891929,0.39893107710965775,0.18758067206635523,0.021375432899506504
771,train,train,652,False,0.6271865393020346,0.12015689237170703,0.3980056391762651,0.1915807895134736,0.00972638901017201
772,train,train,652,False,0.6271865393020346,0.12015689237170703,0.3980056391762651,0.1915807895134736,0.00972638901017201
773,train,train,652,False,0.6271865393020346,0.12015689237170703,0.3980056391762651,0.1915807895134736,0.00972638901017201
774,train,train,652,False,0.6271865393020346,0.12015689237170703,0.3980056391762651,0.1915807895134736,0.00972638901017201
775,train,train,652,False,0.6271865393020346,0.12015689237170703,0.3980056391762651,0.1915807895134736,0.00972638901017201
776,test,train,653,False,0.6288380561343319,0.12074215808855253,0.39719703897424685,0.19200835081577775,0.010312581774488442
777,train,train,653,False,0.6288380561343319,0.12074215808855253,0.39719703897424685,0.19200835081577775,0.010312581774488442
778,train,train,654,False,0.6295020758707304,0.12055748889149778,0.4000388234544479,0.19151245645177908,0.009026791396012498
779,train,train,655,False,0.631409341597311,0.11905270156676988,0.4051895708093288,0.18855074469692784,0.011884324688443634
780,train,train,656,False,0.6277623557462935,0.11817631112768681,0.39999208836189803,0.18825007591797538,0.010461814646069982
781,train,test,657,False,0.6234875585659589,0.11727098414174394,0.3948413410070171,0.18808873173262816,0.011406761690724403
782,train,train,658,False,0.632399887219166,0.11920146489783066,0.40239452142167764,0.18849064857046682,0.012596160403129874
783,train,train,659,False,0.627110523777345,0.11781497183502655,0.39802900672253994,0.18786954989270224,0.013238429265774718
784,train,train,660,False,0.63891233588052,0.11892081413934935,0.4094849828696418,0.18613009557165316,0.020543888652606843
785,train,train,661,False,0.6217793684654367,0.11557887411767576,0.39969294221912605,0.18588406109859615,0.0210748287246932
786,train,train,662,False,0.6128397410277062,0.1200964440820389,0.3897224866780753,0.1959671281771679,0.014703791114228731
787,test,train,663,False,0.6159265352163987,0.12106988259983557,0.39588851772380507,0.19656545980325243,0.01574482972204332
788,train,train,663,False,0.6159265352163987,0.12106988259983557,0.39588851772380507,0.19656545980325243,0.01574482972204332
789,train,train,663,False,0.6159265352163987,0.12106988259983557,0.39588851772380507,0.19656545980325243,0.01574482972204332
790,train,train,664,False,0.6227118063213373,0.12085219665532138,0.3930104709092091,0.19407404103875003,0.010996334863414664
791,train,train,665,False,0.6211509373403534,0.11932089915253061,0.3932942432418056,0.1920964647714118,0.009069178569063483
792,train,train,666,False,0.618499393478644,0.11774332460179676,0.3937102271159522,0.19036934529485885,0.011200707075513013
793,train,train,666,False,0.618499393478644,0.11774332460179676,0.3937102271159522,0.19036934529485885,0.011200707075513013
794,test,train,667,False,0.6183840873592826,0.11687254210577792,0.3973372442518963,0.18899668425309057,0.014237659826417434
795,train,train,668,False,0.619894859198519,0.11662290893950397,0.39770649303349315,0.18813337005293007,0.01624229974264332
796,train,train,668,False,0.619894859198519,0.11662290893950397,0.39770649303349315,0.18813337005293007,0.01624229974264332
797,train,train,669,False,0.6197601553800628,0.11648559460756452,0.4037593107754918,0.18795270008303566,0.02137642761196104
798,test,test,670,False,0.6053076306421774,0.11266855784016246,0.3954676327976379,0.1861343755416253,0.02771828726065893
799,train,train,671,False,0.6371854264557736,0.12157858893711783,0.4018999518318766,0.1908056648648986,0.00979541984425724
800,test,train,671,False,0.6371854264557736,0.12157858893711783,0.4018999518318766,0.1908056648648986,0.00979541984425724
801,train,train,671,False,0.6371854264557736,0.12157858893711783,0.4018999518318766,0.1908056648648986,0.00979541984425724
802,test,train,672,False,0.6220697694310876,0.11879554865040338,0.3880002060715799,0.19096820724634725,0.009775203446756298
803,test,train,673,False,0.628507990690567,0.12004476690149468,0.39639986972861757,0.19099958740317155,0.009236037573099917
804,train,train,674,False,0.6225726902583872,0.11884155091723693,0.3896702943507898,0.1908878316970729,0.009453521852454426
805,test,train,675,False,0.6139687983448724,0.1152241912221522,0.38848937712224657,0.18767108610856414,0.013146960645420954
806,train,test,676,False,0.6002870336527084,0.1131585213743399,0.38074875159105354,0.18850735569911864,0.014174307385717838
807,test,train,677,False,0.6089805678968807,0.11359122244890098,0.38899883118149264,0.18652684245934018,0.019816612971392603
808,train,test,678,False,0.612209925618713,0.11395067523328059,0.39461229750307,0.18613006824108494,0.024136821276898524
809,train,test,679,False,0.6399086734525898,0.12305235487148636,0.4038481490017896,0.1922967447957293,0.009844659470992298
810,test,train,680,False,0.6327473642121046,0.12252391192381926,0.4007773210176414,0.19363796493468718,0.011269665793936115
811,test,train,681,False,0.6273395698214363,0.12136798587776142,0.39805237426881485,0.19346457917887622,0.010944358843324923
812,test,test,682,False,0.6373333564939411,0.12258427065615511,0.40433423551476083,0.19233932981400526,0.009117510806169418
813,train,train,683,False,0.6135598495955294,0.1180607889391566,0.3906160315855291,0.1924193524347862,0.009778250096728197
814,train,train,684,False,0.6156165272727242,0.11872352042479788,0.3954676327976379,0.19285304270624656,0.010399408994045595
815,train,train,685,False,0.6067186886939853,0.11552179667880204,0.3900074658897148,0.19040421670127344,0.009864985946955531
816,train,train,686,False,0.6106246801947794,0.11605979559190005,0.39249309572432356,0.19006731852842706,0.010625133845061441
817,train,train,687,False,0.6037799717472498,0.11474908439205285,0.3901659020085039,0.1900511606239372,0.013497035307148953
818,train,train,688,False,0.6040838295017295,0.11497205952075003,0.3931740800383636,0.19032467665221764,0.014976453765605403
819,train,train,689,False,0.6216445273372986,0.12176410162120085,0.4023524182879298,0.1958741632340194,0.014466098312403761
820,train,train,690,False,0.6226780769694643,0.11969823628689308,0.4013802452619871,0.19223133223102537,0.01203711579888522
821,train,test,691,False,0.6233212669457074,0.11780631528781096,0.396042557536907,0.18899774728538524,0.011545346389462134
822,train,train,692,False,0.623928714698987,0.11816472637745114,0.3989077095633829,0.18938818424867565,0.012105996008741824
823,train,test,693,False,0.6236644340263998,0.11794252593557301,0.39809910936136467,0.18911215631478592,0.012547244181949952
824,train,train,694,False,0.6215160518903855,0.11705315444943182,0.4030208132122983,0.18833488546821323,0.017234844827969758
825,train,train,695,False,0.5877766298713474,0.11381626520777482,0.37247986271188377,0.193638636556011,0.015304098992311634
826,train,train,696,False,0.6281972427296667,0.121735084338493,0.3959592747239766,0.19378481161350702,0.014893831944007483
827,train,train,696,False,0.6281972427296667,0.121735084338493,0.3959592747239766,0.19378481161350702,0.014893831944007483
828,test,train,697,False,0.6350882608876534,0.12317611952040126,0.3996228395803013,0.1939511830186246,0.01473102480997875
829,test,train,698,False,0.6548763027991961,0.12636665179470827,0.42311434857257585,0.19296262707104844,0.011842331868595152
830,train,train,699,False,0.6215731561104206,0.12001371566735741,0.40149708299336173,0.193080596366741,0.011995759095355342
831,test,train,699,False,0.6215731561104206,0.12001371566735741,0.40149708299336173,0.193080596366741,0.011995759095355342
832,train,test,700,False,0.6183480983207952,0.11727471053017668,0.3932942432418056,0.1896580758453878,0.01157536286513807
833,test,train,701,False,0.6198217228289,0.11721599074524526,0.39532742751998845,0.18911242769979908,0.013325581457931002
834,train,train,702,False,0.6255778322743302,0.11785990502827352,0.4036892081366671,0.1884016647453538,0.016469580832609944
835,train,train,703,False,0.6231687881910095,0.11709797252000945,0.3980757418150898,0.18790731297684532,0.015658644500935365
836,train,train,704,False,0.6296013259107132,0.11800904398565949,0.40281050529582413,0.18743455442213433,0.01619143733013447
837,train,test,705,False,0.6296489058187622,0.11718325709415703,0.40717601999496184,0.18610888704996334,0.025598248569608583
838,test,train,706,False,0.6455446183387511,0.1266151754278702,0.4152975747612961,0.19613698547081465,0.017405382228081488
839,train,train,707,False,0.6328571786839214,0.12431765111077195,0.4089532193444969,0.19643871523951223,0.01869827069785427
840,train,train,707,False,0.6328571786839214,0.12431765111077195,0.4089532193444969,0.19643871523951223,0.01869827069785427
841,test,train,708,False,0.6403570083245725,0.1236922748558596,0.40394161918688926,0.19316142909013764,0.011849934634423596
842,test,train,709,False,0.6307546702802606,0.12168171878604238,0.39398600571244924,0.1929144951585948,0.011775195063192013
843,test,train,710,False,0.6226492231295929,0.11866845063614041,0.3973372442518963,0.19058636263879472,0.010198678403212418
844,train,train,711,False,0.6265242866704495,0.11782834392468375,0.39440198958659584,0.18806668222051098,0.010873156973900854
845,train,test,712,False,0.6275011367999367,0.11677906230946437,0.39999208836189803,0.1861017541816765,0.01694680682192815
846,train,train,713,False,0.6314185664784087,0.11638106547981407,0.4055120844983757,0.18431682509575636,0.02462369031618157
847,train,train,714,False,0.6173501805024764,0.1142073681411436,0.4009408938415657,0.1849960877118193,0.025946687276013874
848,train,train,715,False,0.623266532279838,0.11497899388659795,0.4032264891699706,0.18447804900740922,0.027734374162399007
849,train,train,716,False,0.6173690418228182,0.11977111215164941,0.39096191282085085,0.1940024588826453,0.013342364043024524
850,train,train,716,False,0.6173690418228182,0.11977111215164941,0.39096191282085085,0.1940024588826453,0.013342364043024524
851,train,train,717,False,0.6339440153378914,0.12149329275322142,0.4059280683725223,0.1916467224451447,0.011844156809966673
852,train,test,718,False,0.611769493922467,0.11681874766252263,0.3929717295527587,0.19095222763318717,0.012839197059444647
853,train,test,718,False,0.611769493922467,0.11681874766252263,0.3929717295527587,0.19095222763318717,0.012839197059444647
854,train,train,719,False,0.6157314356147565,0.11642166185313975,0.39451882731797033,0.18907863902856029,0.013986141297427233
855,train,train,720,False,0.6041578834046363,0.1140815770985562,0.3866249023731233,0.18882742447333054,0.013386463652699491
856,test,test,721,False,0.6126976324847824,0.11617721637903507,0.4027450346158013,0.18961590549628993,0.017037714879911167
857,train,train,722,False,0.6137311216630301,0.1143378538915329,0.39826268218528915,0.186299586016937,0.021171137494620473
858,train,train,723,False,0.6179058372492684,0.11845267405645635,0.38881986825462583,0.19170020238645447,0.011348730249434818
859,test,train,723,False,0.6179058372492684,0.11845267405645635,0.38881986825462583,0.19170020238645447,0.011348730249434818
860,train,train,723,False,0.6179058372492684,0.11845267405645635,0.38881986825462583,0.19170020238645447,0.011348730249434818
861,train,train,723,False,0.6179058372492684,0.11845267405645635,0.38881986825462583,0.19170020238645447,0.011348730249434818
862,train,train,723,False,0.6179058372492684,0.11845267405645635,0.38881986825462583,0.19170020238645447,0.011348730249434818
863,train,train,723,False,0.6179058372492684,0.11845267405645635,0.38881986825462583,0.19170020238645447,0.011348730249434818
864,train,train,723,False,0.6179058372492684,0.11845267405645635,0.38881986825462583,0.19170020238645447,0.011348730249434818
865,train,train,723,False,0.6179058372492684,0.11845267405645635,0.38881986825462583,0.19170020238645447,0.011348730249434818
866,train,train,723,False,0.6179058372492684,0.11845267405645635,0.38881986825462583,0.19170020238645447,0.011348730249434818
867,train,train,723,False,0.6179058372492684,0.11845267405645635,0.38881986825462583,0.19170020238645447,0.011348730249434818
868,train,train,723,False,0.6179058372492684,0.11845267405645635,0.38881986825462583,0.19170020238645447,0.011348730249434818
869,train,train,723,False,0.6179058372492684,0.11845267405645635,0.38881986825462583,0.19170020238645447,0.011348730249434818
870,train,train,723,False,0.6179058372492684,0.11845267405645635,0.38881986825462583,0.19170020238645447,0.011348730249434818
871,train,train,723,False,0.6179058372492684,0.11845267405645635,0.38881986825462583,0.19170020238645447,0.011348730249434818
872,train,train,724,False,0.6143678806929381,0.11827643769883871,0.3875442291103799,0.19251728714306507,0.012323485232252407
873,train,train,725,False,0.6254201736203249,0.11832837774420811,0.39590235225925746,0.18919821063533834,0.01470340256121511
874,train,train,726,False,0.6219253570579056,0.11752094251585617,0.39523395733488886,0.18896309851684362,0.013395896951030741
875,train,train,727,False,0.6152510737737545,0.1165611296376869,0.3949815462846667,0.18945294792049364,0.016048305244282326
876,train,train,728,False,0.6126349404253228,0.11584313287565963,0.39544426525136317,0.18908998692636653,0.018555647363392887
877,test,train,729,False,0.6083994489588926,0.1150800711244325,0.3967389519663525,0.18915216199054782,0.021159657611598052
878,train,train,730,False,0.6037704839486461,0.11552667565191686,0.37704311134342705,0.19134203927355783,0.01273424850109164
879,test,train,731,False,0.6055826296470795,0.1164157494211927,0.37972509704236046,0.1922375968561669,0.012728640862316697
880,train,train,732,False,0.6228083444697605,0.11755321399373361,0.39063476717300194,0.18874701188182494,0.012586190483690154
881,test,train,733,False,0.6113775100326907,0.11568462060337398,0.39098528036712576,0.18921962078256405,0.012616069202372156
882,train,train,734,False,0.6147929247093268,0.11522411756252564,0.4022589481028301,0.1874193942895544,0.020932216634660376
883,train,train,735,False,0.5876763107109851,0.11538427318892253,0.3773274256694286,0.19633984063323537,0.015552465147900865
884,train,train,735,False,0.5876763107109851,0.11538427318892253,0.3773274256694286,0.19633984063323537,0.015552465147900865
885,train,test,736,False,0.621921972138791,0.12181568162474278,0.39342030200073214,0.1958697185208273,0.01566787145859738
886,train,train,737,False,0.6310381269598152,0.12038390618962114,0.4008240561101911,0.19077120865834346,0.00945847702674534
887,train,train,738,False,0.6295637896764303,0.11824875654724168,0.3995527369414766,0.1878264895254167,0.012910230075151881
888,train,train,739,False,0.6175577894916376,0.11614786662260475,0.39250901058606236,0.18807610979729616,0.012375373613987155
889,train,train,739,False,0.6175577894916376,0.11614786662260475,0.39250901058606236,0.18807610979729616,0.012375373613987155
890,train,train,739,False,0.6175577894916376,0.11614786662260475,0.39250901058606236,0.18807610979729616,0.012375373613987155
891,train,train,739,False,0.6175577894916376,0.11614786662260475,0.39250901058606236,0.18807610979729616,0.012375373613987155
892,train,train,740,False,0.6182618307078589,0.11547988780919256,0.39405610835127397,0.18678152535630027,0.017155502365424024
893,test,train,741,False,0.6299374141568447,0.1155811779237696,0.40105309961413843,0.18348041460352388,0.025128268712797053
894,train,train,742,False,0.6150482229558232,0.11908836100769793,0.3925698759045682,0.1936244290494465,0.012256045864538673
895,train,train,743,False,0.6211129086658858,0.1206421286031909,0.3984490251862322,0.19423542309291744,0.011791417585492018
896,train,test,744,False,0.6380051796401197,0.12158574458054984,0.395635582589184,0.19057172020003482,0.008869056180899768
897,train,test,744,False,0.6380051796401197,0.12158574458054984,0.395635582589184,0.19057172020003482,0.008869056180899768
898,train,train,745,False,0.6208042406617291,0.11839872146103281,0.3867553389868356,0.19071828719280165,0.008650072491910592
899,train,test,746,False,0.6146237770194076,0.11460190531009481,0.38319842448971614,0.18645862655338843,0.009954102093262519
900,train,train,747,False,0.6128299464847382,0.11465955043440201,0.388928728542668,0.18709847828439544,0.014171134417267656
901,train,train,748,False,0.6178791659705435,0.11517435964064729,0.3961360277220067,0.18640272400144023,0.018524213957038866
902,train,train,749,False,0.5967055981870465,0.11313005647543087,0.36497516572032584,0.18959107610042653,0.01207978789985551
903,train,train,750,False,0.6057429565749166,0.11530239227868229,0.37326617856155103,0.1903487131416971,0.012200237727065385
904,train,train,750,False,0.6057429565749166,0.11530239227868229,0.37326617856155103,0.1903487131416971,0.012200237727065385
905,train,train,751,False,0.6005117334677056,0.11480454931324663,0.37156456397935084,0.19117786200495715,0.013525767260580359
906,train,train,751,False,0.6005117334677056,0.11480454931324663,0.37156456397935084,0.19117786200495715,0.013525767260580359
907,test,train,751,False,0.6005117334677056,0.11480454931324663,0.37156456397935084,0.19117786200495715,0.013525767260580359
908,train,train,752,False,0.6034422533186182,0.11386587308167422,0.3702449063956869,0.1886939014553111,0.01002006222347153
909,train,train,753,False,0.6124239480791522,0.11579778960105383,0.3808660940687612,0.1890810931941016,0.008112778119962088
910,train,train,754,False,0.6118807115604126,0.11361504832710832,0.39782333076486764,0.1856816960896974,0.024314179767928608
911,test,test,755,False,0.6051380867559449,0.11230192802738043,0.39308856728413333,0.1855806641248022,0.024474150908782383
912,train,train,756,False,0.6072610415765938,0.11287103366450596,0.39750081707582086,0.18586905125918496,0.028120124004819134
913,train,train,757,False,0.5997194286934551,0.11567723995493587,0.37888365958570625,0.19288559686476986,0.012170332395319328
914,train,train,758,False,0.6168466835747571,0.11916493715831496,0.3942584225316487,0.19318404448205656,0.012646503532759003
915,test,train,759,False,0.6216526690624212,0.11876322518229868,0.3920462916193661,0.19104434211055155,0.00913194595579752
916,train,train,760,False,0.6251868624085402,0.11779134337347454,0.3955798385702106,0.1884098186575481,0.010481354150030271
917,train,test,761,False,0.6209319155662432,0.11665429040996564,0.39287825936765913,0.18786969631539346,0.010720290074375463
918,train,train,762,False,0.6117345206477348,0.11511333866442391,0.3886295823998959,0.18817531916056693,0.01252468317739226
919,train,train,763,False,0.6127647647862907,0.11548597594545784,0.3914479993338221,0.1884670636793795,0.014133024465746368
920,train,test,764,False,0.6118934681156573,0.11428489853439253,0.3958836166717845,0.18677254210007505,0.020153931109432664
921,train,train,765,False,0.5854804413825537,0.11278896240357075,0.3661003022247193,0.1926434333779466,0.013655524096718304
922,train,train,765,False,0.5854804413825537,0.11278896240357075,0.3661003022247193,0.1926434333779466,0.013655524096718304
923,train,train,766,False,0.6176795889676381,0.11966189572860272,0.38929197666005794,0.1937281041269313,0.015018501511846383
924,train,train,767,False,0.6204945593626899,0.11832425873513298,0.39172377793031915,0.19069346692848338,0.009223712815590788
925,train,train,768,False,0.6269925246576429,0.11891821770516177,0.40251135915305225,0.18966449045001735,0.012011780893120473
926,test,train,769,False,0.6232687408152489,0.11751958608561919,0.40218884546400524,0.1885536340742856,0.015608920543675275
927,test,train,770,False,0.6400159029040776,0.12240118311556772,0.40132887821063545,0.19124709645521512,0.011027249991878447
928,train,train,771,False,0.6175733802834664,0.11851758081981109,0.38557749000322084,0.19190849962705886,0.011496266461727193
929,train,train,772,False,0.6155046997512892,0.11639946837734397,0.3912376914173479,0.18911223330118881,0.010960865737963588
930,train,train,772,False,0.6155046997512892,0.11639946837734397,0.3912376914173479,0.18911223330118881,0.010960865737963588
931,test,train,772,False,0.6155046997512892,0.11639946837734397,0.3912376914173479,0.18911223330118881,0.010960865737963588
932,train,train,773,False,0.6105448741956913,0.11452889162075884,0.3877041444665034,0.1875847238446394,0.012710960596339053
933,train,train,774,False,0.6066831631746393,0.1143694000842604,0.3882369660720243,0.18851586301784037,0.013135404735613802
934,train,train,775,False,0.6025526060020312,0.11376830751305644,0.38211122496546673,0.18881058081868612,0.012729646114699119
935,train,test,776,False,0.6040484002985397,0.11397099189710426,0.3860892600418679,0.18867857582401712,0.0138309300809284
936,train,train,777,False,0.6085177174937126,0.11386309842780701,0.39140126424127236,0.1871155023994572,0.019126425698314582
937,test,train,778,False,0.5689505632933449,0.10928511102793603,0.35186100130421955,0.19208191023723406,0.017479548581504283
938,train,train,779,False,0.612205117926865,0.11750169832435489,0.37938677243868196,0.19193191119057554,0.01742605447359083
939,train,train,779,False,0.612205117926865,0.11750169832435489,0.37938677243868196,0.19193191119057554,0.01742605447359083
940,train,train,779,False,0.612205117926865,0.11750169832435489,0.37938677243868196,0.19193191119057554,0.01742605447359083
941,train,train,779,False,0.612205117926865,0.11750169832435489,0.37938677243868196,0.19193191119057554,0.01742605447359083
942,train,train,780,False,0.6186083233088437,0.11926210338300111,0.38694227935703496,0.19279097756895008,0.015883550174498263
943,train,test,781,False,0.6216400652263944,0.11757101317213207,0.3892278746854399,0.18913036618596007,0.009585977933518066
944,test,train,782,False,0.6160463925027768,0.11569144447559439,0.39213976180446564,0.18779664305082822,0.012201298953930444
945,train,train,783,False,0.6254649850750759,0.1174804012064591,0.40290397548092377,0.18782890171279162,0.01671570201017
946,train,train,547,False,0.6195573537297275,0.11751681439118836,0.37952467226122205,0.18967866926885557,0.01215935421695651
947,train,train,784,False,0.6306267505369553,0.1171827216714407,0.40717601999496184,0.18581945908838146,0.022546189787705277
948,train,test,785,False,0.6297778782684318,0.11715871765232305,0.4071993875412368,0.18603180850754844,0.022558778300440098
949,test,train,786,False,0.628448275698955,0.11607119314473836,0.4071993875412368,0.1846949027199493,0.025873568497691717
950,train,test,787,False,0.6088680462825453,0.11549440675502938,0.38399110982999557,0.1896870881304784,0.009544404096270902
951,train,train,788,False,0.6110426155335287,0.11471298682383638,0.38983079892978567,0.1877332020839092,0.015463786025309635
952,train,train,789,False,0.6223018091292152,0.11544947125677511,0.40251135915305225,0.18552006367830293,0.02524319696373805
953,train,test,790,False,0.622724885881697,0.11548701467802935,0.40697034403728943,0.18545431103899893,0.027699247596087575
954,train,train,791,False,0.6037184678466172,0.1169973083917797,0.3776209151040851,0.193794483062765,0.013855566164235366
955,train,train,792,False,0.614109933610231,0.11733951465086195,0.38578779791969486,0.19107249081780214,0.010181109743439967
956,train,train,793,False,0.6171235612977993,0.11658857706325353,0.3933409783343555,0.18892258272892698,0.015322657927650774
957,train,test,794,False,0.6297862403488148,0.1180106903848053,0.4105038909881341,0.18738213511848661,0.02285226591877614
958,train,train,795,False,0.6252116437139544,0.11628989548371316,0.40770884160048293,0.18600084731774105,0.02710180355851905
959,train,train,796,False,0.604392337979445,0.11694550590062433,0.38400173232865914,0.19349270093593007,0.013357798359826268
960,train,train,797,False,0.6112308660027099,0.11807871677524412,0.3891835534764717,0.1931818619492305,0.013481011803164994
961,train,test,798,False,0.6121353573757523,0.11722977719223523,0.3833197861513668,0.19150956692781768,0.010155315534482913
962,train,train,799,False,0.5984775737674932,0.11769416617826384,0.38434695920263423,0.19665593388464658,0.018654292330530325
963,train,train,800,False,0.6143180503813593,0.11581943814828506,0.3921864968970155,0.1885333469794451,0.012269762825480791
964,test,train,801,False,0.6182850118713034,0.11457203148843866,0.3924622754935126,0.18530617642125044,0.017600037543207273
965,train,test,802,False,0.6167932373725491,0.11380061650760406,0.38962049101331164,0.18450367094227296,0.019077655716514614
966,train,test,803,False,0.619581603498975,0.11324445494324012,0.39075160490437655,0.18277568976178854,0.022660664525486977
967,train,train,804,False,0.5964874101841663,0.11617683548752855,0.3812307718161095,0.19476829435789567,0.013960860064468221
968,train,test,805,False,0.6158809767863695,0.11951159504282896,0.39222539851826627,0.19404982382543035,0.014396722714927587
969,test,train,806,False,0.6186928582040059,0.11986724670468417,0.3903007976884696,0.19374273537380887,0.011592031748289839
970,train,test,807,False,0.6166913323242319,0.11660994834876863,0.38932134487053965,0.1890896502619559,0.008913319290778357
971,train,train,808,False,0.6103589466973457,0.11410133166504198,0.3825300295653474,0.18694136013315552,0.012323349676448351
972,train,test,809,False,0.609922206464766,0.11359754439681961,0.38091282916131114,0.18624923505450677,0.013610245005746905
973,train,test,810,False,0.6207880447589902,0.11536642543603974,0.39481797346074227,0.18583867136299104,0.02135525604770562
974,train,train,264,False,0.6107747336580234,0.10973238030552614,0.3782299855462326,0.17966096869843012,0.029170798698999644
975,train,test,811,False,0.6223328406867092,0.11471297359094666,0.4004548073285944,0.18432736646899006,0.02763845761482821
976,train,train,812,False,0.6254961321298262,0.11806595436555635,0.38980279942470897,0.18875569056444766,0.0107093114517703
977,test,train,813,False,0.6446681427793342,0.12142070577926688,0.39994072131054637,0.18834606167413553,0.010238429981094418
978,train,train,814,False,0.6215317669256081,0.11748661499488719,0.3882790692057723,0.18902753044471388,0.010021799772732827
979,train,train,815,False,0.6213038619694174,0.11593311618904614,0.38980279942470897,0.18659648408036572,0.015161959139468861
980,train,train,816,False,0.6031426390860901,0.11365936389503589,0.38256367052189266,0.1884452474911372,0.01109084065525412
981,train,test,817,False,0.5977484994857503,0.11178564622758023,0.3814507874719674,0.18701116995484002,0.015920193822407384
982,train,test,818,False,0.6030730326241507,0.11533344570790698,0.3826001322041721,0.19124291664320778,0.01174450963914652
983,train,train,819,False,0.6041591197252879,0.11553144496117237,0.381791532002154,0.19122684933350786,0.010517839625287169
984,train,train,820,False,0.6201277462157785,0.1165841882259157,0.39761302284839345,0.18800027726117785,0.013667884913820342
985,train,train,821,False,0.6062133084395654,0.11422038096614899,0.3862271493401164,0.18841615546210966,0.011501789291905287
986,train,train,822,False,0.5980172934975855,0.11238445996487523,0.38388172478315713,0.18792844485747132,0.015304450564417767
987,train,train,823,False,0.605628772013666,0.1124575543060847,0.39225659953584024,0.18568727164690763,0.023418230530961315
988,train,train,824,False,0.6042048761060266,0.11533107787159698,0.37975834772397116,0.19088074663495191,0.011195428776203659
989,train,train,824,False,0.6042048761060266,0.11533107787159698,0.37975834772397116,0.19088074663495191,0.011195428776203659
990,train,train,824,False,0.6042048761060266,0.11533107787159698,0.37975834772397116,0.19088074663495191,0.011195428776203659
991,train,train,824,False,0.6042048761060266,0.11533107787159698,0.37975834772397116,0.19088074663495191,0.011195428776203659
992,train,train,825,False,0.609068815432962,0.11648599897563659,0.38331526222109075,0.1912526072982927,0.01130146354534427
993,train,train,826,False,0.6314336321326822,0.11961126545697676,0.40029123450467,0.1894280877199823,0.00908793987363557
994,test,train,827,False,0.606329035810131,0.11458710012580745,0.38537181404554843,0.1889850120285017,0.010001883724701309
995,train,test,495,False,0.6053691767737321,0.1135547819545936,0.38373124609523723,0.18757939173542823,0.01094491138789589
996,test,train,828,False,0.587075741639944,0.1106029343691643,0.3719377885643366,0.18839636272519933,0.00942003022160008
997,train,train,829,False,0.6128288823406501,0.11588800090066163,0.38980743138351087,0.1891033602366077,0.008942629839191639
998,train,train,829,False,0.6128288823406501,0.11588800090066163,0.38980743138351087,0.1891033602366077,0.008942629839191639
999,test,train,830,False,0.6084767290260338,0.11520465404702634,0.38795091406525695,0.1893328841538939,0.010331499364169798
1000,train,train,831,False,0.609274322605347,0.11381355175319449,0.39264921586371193,0.1868018190336841,0.017706000324830762
1001,test,train,832,False,0.5891644086080177,0.11611415276404935,0.38213055438267274,0.1970827685236199,0.017163815435055824
1002,train,train,832,False,0.5891644086080177,0.11611415276404935,0.38213055438267274,0.1970827685236199,0.017163815435055824
1003,train,train,832,False,0.5891644086080177,0.11611415276404935,0.38213055438267274,0.1970827685236199,0.017163815435055824
1004,train,train,833,False,0.6157470552536592,0.12181288111956638,0.40345313724123777,0.19782941725865846,0.018620167282924312
1005,train,train,833,False,0.6157470552536592,0.12181288111956638,0.40345313724123777,0.19782941725865846,0.018620167282924312
1006,train,train,834,False,0.6127254914643837,0.11824134152658788,0.38627781914006953,0.19297604420536987,0.010104153885504683
1007,train,test,283,False,0.6073533173904493,0.11367716114005834,0.3716022430649649,0.18716809126602446,0.006179593787533255
1008,train,train,835,False,0.6177770436878222,0.11807280497197069,0.3888586259038433,0.1911252711287792,0.009470348589307223
1009,train,train,836,False,0.618751049192152,0.11685503490388208,0.38920450713916505,0.18885630183003208,0.012471152838407412
1010,test,train,837,False,0.6174719279888528,0.11619259004198372,0.3932708756955307,0.18817469228185116,0.017039628966764458
1011,train,test,838,False,0.6292093592521505,0.11802314516260524,0.41084977222345587,0.1875737279287806,0.024879777985799812
1012,train,test,839,False,0.6054488374754184,0.11774348084731598,0.38387386077510327,0.19447304802546,0.015673754695899482
1013,train,test,839,False,0.6054488374754184,0.11774348084731598,0.38387386077510327,0.19447304802546,0.015673754695899482
1014,train,test,840,False,0.6134680319081379,0.119176488039064,0.386929857216932,0.19426682702336762,0.015660655879959177
1015,train,train,841,False,0.6080220651198969,0.1166838811498211,0.3853040273861246,0.1919073136380536,0.00958491150595351
1016,train,test,842,False,0.617406247427386,0.11723868619681352,0.3921631293507406,0.18988905066206366,0.010044151113011995
1017,train,train,843,False,0.6176632624972888,0.11700996453714693,0.39213976180446564,0.18943973462831706,0.010193365152732939
1018,test,train,844,False,0.6175617158779334,0.11639641370229555,0.39086844263575116,0.18847737919897603,0.011384405140396807
1019,train,train,845,False,0.6213742542404731,0.11706994276516641,0.40010892609327264,0.18840488154480264,0.016464739937171305
1020,train,train,846,False,0.624920466736624,0.1168292447868872,0.3988142393782832,0.18695058172278664,0.01674547171370601
1021,train,test,847,False,0.6190617588445728,0.1154925589372495,0.39812247690763963,0.18656064162775413,0.020630773757882706
1022,train,train,848,False,0.6262467428124663,0.11663211055172935,0.40770884160048293,0.18623986773637496,0.02425179437977367
1023,train,train,849,False,0.6262451381514571,0.1153599472868418,0.4027871377495493,0.18420893075091954,0.025753019674432154
1024,test,train,850,False,0.6265874168747658,0.11584238202845647,0.4044043381535856,0.18487824509187287,0.025961016327603448
1025,test,train,851,False,0.6291159017958995,0.11975979724210631,0.3979589040837152,0.19036205713483825,0.00821321268756893
1026,train,train,852,False,0.6323099129992285,0.1210326626220622,0.3983281528653119,0.19141351437615353,0.008666034919752251
1027,test,train,853,False,0.6047554208405936,0.1158995461439934,0.38144565076683223,0.191646973553203,0.008634933157426953
1028,train,train,854,False,0.6017367990878865,0.11328345413720212,0.3838247162803369,0.18826080490493077,0.011409588349609298
1029,test,train,855,False,0.6017309449631832,0.10934368093574336,0.34938632588045926,0.18171523643749704,0.02216361112102048
1030,train,train,856,False,0.5994337386048068,0.11263801869415933,0.38177843786614946,0.18790737230828286,0.013307953468198686
1031,train,test,857,False,0.5871818402648007,0.11085887417743615,0.3734900230346835,0.18879819942565365,0.012802978920680969
1032,test,train,858,False,0.6064142015443388,0.11437925450219308,0.38380134873406196,0.18861572537534,0.012492170617125415
1033,train,train,859,False,0.6244069532527039,0.11685537015013578,0.3841893331031317,0.18714617052453483,0.011263878887742634
1034,test,train,860,False,0.6190637586564515,0.11631106880758672,0.37580418494017814,0.18788221274657654,0.011052800088121473
1035,train,train,861,False,0.6194758890444023,0.11557498407850353,0.37857586678155447,0.1865689789102017,0.01297651516107612
1036,train,test,862,False,0.6150801744779115,0.11585702258015637,0.37548167125113124,0.18836084690666124,0.010557995316492754
1037,train,train,863,False,0.6147304619792768,0.11506720174918865,0.375850920032728,0.1871831784270155,0.012376130819722001
1038,test,train,864,False,0.614502318748093,0.1149631759029837,0.37582755248645305,0.18708338828923332,0.012785812777794002
1039,train,train,865,False,0.6114088643534253,0.11454131242025892,0.37550503879740615,0.18733996037396053,0.0126624182312962
1040,train,train,866,False,0.6135350511074695,0.11482771777739732,0.375850920032728,0.18715755125990935,0.012873903283306686
1041,test,train,867,False,0.6122489489865403,0.11438708959651972,0.3730558706450768,0.18683101014034476,0.012395284218414362
1042,train,train,868,False,0.618475486587732,0.11527023745449616,0.3761500661754999,0.18637802136745615,0.012786806106049353
1043,train,test,869,False,0.6184633816806947,0.11549333165290367,0.3773746502516646,0.18674239263616016,0.012766996797118851
1044,test,train,870,False,0.6169865085487495,0.11512425836633856,0.3770054014700679,0.1865912086750959,0.012656887352569864
1045,train,train,871,False,0.6191969082559888,0.11553354931483364,0.3789684831094261,0.1865861211100713,0.013485349769580508
1046,train,train,872,False,0.616832242556743,0.11531810616742624,0.377814001672086,0.1869521374068218,0.01271325351732007
1047,test,train,873,False,0.6318946686982746,0.11808580706603554,0.39132652964364556,0.18687577679567463,0.012069221689459616
1048,train,test,874,False,0.6182501264380948,0.11567502935262489,0.3802398022781406,0.18710069663723292,0.011138774521184223
1049,test,train,875,False,0.6211152008100104,0.11607447170319572,0.3826188677916453,0.18688074539444596,0.011256782601888273
1050,train,train,876,False,0.6208426409798271,0.11594359114914471,0.38058568351346234,0.18675197787020567,0.010883971666369435
1051,train,train,877,False,0.624592673936439,0.11665106546253909,0.3833339978085637,0.18676342251559927,0.011621457342907537
1052,test,train,878,False,0.6246000524434507,0.11651916505700324,0.3881855990206726,0.18655004046377743,0.013330884855247738
1053,train,train,879,False,0.6280508913322729,0.11674434169668778,0.3848577280275003,0.1858835697996386,0.01134290412932478
1054,train,train,880,False,0.6255785035733712,0.11614710714919708,0.3861056796499399,0.18566352022288554,0.01351709635583578
1055,test,test,881,False,0.615329338276546,0.11412196329205583,0.3774213853442145,0.1854648497854758,0.012984654037636382
1056,test,train,882,False,0.6147043116336334,0.11272873121356035,0.37984718595026895,0.18338692128899073,0.017866647270970978
1057,test,train,883,False,0.6268837521758295,0.11392801675820538,0.3913031620973707,0.1817370706495048,0.02711951718765837
1058,train,train,884,False,0.6271886958841703,0.11367572276087141,0.3892699778191879,0.1812464470530973,0.02699884527364284
1059,train,train,885,False,0.6205022829218779,0.11269901001660225,0.3869843824907829,0.18162545589021017,0.026538896305060615
1060,train,train,886,False,0.621877095009101,0.11251792100344572,0.3921584973919387,0.18093273077021602,0.03179526347642916
1061,test,train,887,False,0.6215802729506038,0.11279388952928708,0.3942150492163964,0.18146311013678304,0.0323378845266074
1062,train,train,888,False,0.5910355343663231,0.10972941058671928,0.35977609174450603,0.18565619866555966,0.007997585479202764
1063,train,test,889,False,0.6037575407432403,0.11148247046314978,0.36711989063445266,0.18464774837580022,0.008021783146949776
1064,train,train,890,False,0.6005115097310183,0.11082047275094563,0.36714325818072774,0.18454346162421506,0.010822163746589068
1065,train,train,891,False,0.6019646695846862,0.11033575154561373,0.3707469077703969,0.18329273646863317,0.014940457186749157
1066,train,train,892,False,0.6170180686249902,0.1115036387108664,0.3789217480168762,0.18071373332607513,0.022580979679147385
1067,train,train,893,False,0.6260375460818979,0.11370013938439592,0.38728352863355475,0.18161872254467265,0.022893143910098047
1068,train,train,894,False,0.6306352226155851,0.1136469110615363,0.3875826747763268,0.1802102181831537,0.026405746864453707
1069,train,train,895,False,0.6346715802058532,0.1146422437971745,0.3931727735516292,0.18063238905386425,0.02760444085516628
1070,train,train,895,False,0.6346715802058532,0.1146422437971745,0.3931727735516292,0.18063238905386425,0.02760444085516628
1071,train,train,895,False,0.6346715802058532,0.1146422437971745,0.3931727735516292,0.18063238905386425,0.02760444085516628
1072,train,train,896,False,0.6342349791933994,0.11400145144537051,0.39271005458493286,0.17974639555571983,0.03049434321988641
1073,test,test,897,False,0.6307184932079026,0.11376534836669983,0.38961585905450963,0.18037420749798683,0.026302324323811434
1074,train,train,898,False,0.6224848044707485,0.11231844423335688,0.38532044699419676,0.18043564023840342,0.027032059441868383
1075,test,train,899,False,0.637608961796743,0.1144951145056504,0.3998939862179965,0.17956948751631438,0.034833796861816445
1076,train,train,899,False,0.637608961796743,0.1144951145056504,0.3998939862179965,0.17956948751631438,0.034833796861816445
1077,train,train,899,False,0.637608961796743,0.1144951145056504,0.3998939862179965,0.17956948751631438,0.034833796861816445
1078,train,train,900,False,0.6276902733070749,0.11262099887233105,0.38314705743836436,0.17942129050203598,0.026660088560420757
1079,train,train,900,False,0.6276902733070749,0.11262099887233105,0.38314705743836436,0.17942129050203598,0.026660088560420757
1080,train,train,900,False,0.6276902733070749,0.11262099887233105,0.38314705743836436,0.17942129050203598,0.026660088560420757
1081,train,train,900,False,0.6276902733070749,0.11262099887233105,0.38314705743836436,0.17942129050203598,0.026660088560420757
1082,train,train,901,False,0.6095595648132669,0.11465508992674098,0.3776550608069637,0.18809497306775022,0.005848658537935969
1083,train,train,902,False,0.612914816276903,0.1151173590235891,0.38123534285035804,0.18781950764848424,0.006169496260711291
1084,test,train,902,False,0.612914816276903,0.1151173590235891,0.38123534285035804,0.18781950764848424,0.006169496260711291
1085,train,train,903,False,0.6135520563631792,0.11280108643737612,0.38118860775780816,0.1838492516934959,0.011663501880601288
1086,train,train,904,False,0.6150430543136404,0.11309322322329995,0.38432953838078115,0.18387854708725515,0.015032797241098994
1087,train,train,905,False,0.6157733649558389,0.11295566410804472,0.38268897043046995,0.18343707366450562,0.01625471473699561
1088,train,train,906,False,0.6228969014739154,0.11418194764547779,0.38984953451725873,0.18330793968519893,0.017899963300907977
1089,train,train,907,False,0.6150726841004173,0.11210602764970226,0.3801930671855908,0.18226468277267818,0.01974187742839171
1090,test,train,908,False,0.6170881233546538,0.11285012190193024,0.384652052069828,0.18287521284390829,0.019519238000213327
1091,train,train,909,False,0.623483935049412,0.11353021461139087,0.3868909123056832,0.1820900399019799,0.02213192366092043
1092,train,train,910,False,0.620285142261069,0.11267229725649171,0.38573643086834325,0.1816459714733415,0.02431594706584546
1093,train,train,911,False,0.6220486893461813,0.1129163837114223,0.3877462476002512,0.1815233849782815,0.024452445961667162
1094,test,test,912,False,0.6240839833607253,0.11309305418952886,0.3897560643321592,0.18121447946879965,0.025345667061485052
1095,test,train,913,False,0.6256002004934852,0.11311786631057037,0.39012531311375576,0.18081494574544713,0.027270903045242743
1096,train,train,913,False,0.6256002004934852,0.11311786631057037,0.39012531311375576,0.18081494574544713,0.027270903045242743
1097,train,train,914,False,0.6288958785517811,0.11372472629258787,0.3928736274088572,0.18083236060390906,0.02843110916953126
1098,train,train,914,False,0.6288958785517811,0.11372472629258787,0.3928736274088572,0.18083236060390906,0.02843110916953126
1099,train,train,915,False,0.6304533205317212,0.11337358236936936,0.39040109171025283,0.1798286703823697,0.030262225010051606
1100,train,train,916,False,0.6358105590722257,0.11409234842060677,0.39351865478695097,0.17944393466363665,0.03095885416944835
1101,test,train,917,False,0.6202460655338333,0.1112019982730696,0.38328726271601393,0.17928690636249386,0.030793131304761745
1102,train,train,918,False,0.6210808907625891,0.11142211156327005,0.38367987904388545,0.1794003216335658,0.03028253013084542
1103,test,train,919,False,0.6229356055615524,0.1111076305815754,0.3868441772131334,0.17836134199042317,0.03423230561803788
1104,train,train,920,False,0.6207926073226995,0.1101645188956155,0.3803520080507132,0.17745784597971212,0.03529937221592557
1105,train,test,921,False,0.6206518278759388,0.11019069733447541,0.37993602417656663,0.17754027682731852,0.03540685142285937
1106,train,train,922,False,0.6263625279939546,0.1114233577831609,0.3855027554055941,0.17788956523311736,0.03606062622639478
1107,train,train,922,False,0.6263625279939546,0.1114233577831609,0.3855027554055941,0.17788956523311736,0.03606062622639478
1108,test,train,922,False,0.6263625279939546,0.1114233577831609,0.3855027554055941,0.17788956523311736,0.03606062622639478
1109,train,train,922,False,0.6263625279939546,0.1114233577831609,0.3855027554055941,0.17788956523311736,0.03606062622639478
1110,train,train,923,False,0.5881664815733613,0.10836661344427519,0.3666870447315804,0.18424479605568744,0.010273107765059325
1111,train,train,923,False,0.5881664815733613,0.10836661344427519,0.3666870447315804,0.18424479605568744,0.010273107765059325
1112,train,train,924,False,0.5907635150908794,0.10902871802694541,0.36747461414195115,0.18455560514798058,0.009642937280883303
1113,train,train,924,False,0.5907635150908794,0.10902871802694541,0.36747461414195115,0.18455560514798058,0.009642937280883303
1114,train,test,925,False,0.595081396698155,0.10958227064185819,0.36902171190716276,0.18414669194816377,0.008655193873004412
1115,test,test,926,False,0.597921445962381,0.11068580048535435,0.37141479794843246,0.1851176291347113,0.007860816717677445
1116,test,test,927,False,0.6024161133448871,0.11143859255738112,0.3741864797898087,0.1849860753867017,0.008264432986373072
1117,test,train,928,False,0.6124953226579806,0.1125651897589684,0.37633700654569924,0.18378130508896176,0.00907888972811025
1118,train,test,929,False,0.6129019759269418,0.11196206648561197,0.3811418726652583,0.18267532310739015,0.011521390772246643
1119,train,train,930,False,0.613817227437228,0.11191805584424196,0.3819504728672765,0.18233123940088053,0.012837211695389698
1120,train,train,931,False,0.6132868991022695,0.11139629968658514,0.3811418726652583,0.18163815312156065,0.016047274191699875
1121,train,test,932,False,0.6118991708626558,0.11083767540902854,0.3807726238836617,0.18113715573886058,0.018273239191322784
1122,train,train,933,False,0.6130078721294533,0.11156834218570562,0.38444637611215576,0.1820014835994552,0.01847858432890721
1123,train,train,934,False,0.6160719299858873,0.1108935852422015,0.37987055349654386,0.1800010353413469,0.021937573417395353
1124,train,train,935,False,0.6200197953885149,0.1120305529361973,0.384652052069828,0.18068867118346932,0.02219452607334681
1125,train,train,936,False,0.6224708882366822,0.11165253523903186,0.3845585818847284,0.17936989078367663,0.025427261597377678
1126,test,test,937,False,0.6226054573180159,0.11161430281081595,0.3845585818847284,0.17926971487146046,0.02628362203126846
1127,train,train,938,False,0.6319744077124827,0.1130617478810261,0.38961585905450963,0.17890241519473624,0.02729607632349494
1128,test,train,939,False,0.6272968494957292,0.11199201408190619,0.3864281933389869,0.17853112792122938,0.027533850763485287
1129,test,test,940,False,0.622726537376697,0.11143279884591314,0.3833106302622888,0.17894339193466186,0.026391429484226566
1130,train,test,940,False,0.622726537376697,0.11143279884591314,0.3833106302622888,0.17894339193466186,0.026391429484226566
1131,train,train,941,False,0.6251449508840553,0.11212306295779746,0.3865216635240865,0.17935530439658426,0.025559033762102633
1132,train,train,942,False,0.6235818089563073,0.11162924492091089,0.3841192304643069,0.17901299126692846,0.02615177981315013
1133,train,train,943,False,0.6240465172063407,0.11149185627910137,0.38328726271601393,0.1786595281041151,0.026651235440186754
1134,train,train,944,False,0.6064964211450514,0.11349676404233515,0.38172142936332926,0.18713509278101897,0.009740395323294666
1135,test,train,944,False,0.6064964211450514,0.11349676404233515,0.38172142936332926,0.18713509278101897,0.009740395323294666
1136,train,train,945,False,0.621110370118942,0.11587399519468748,0.3867553389868356,0.18655942771088774,0.009219537235943357
1137,train,train,946,False,0.628387808425576,0.11600333281376188,0.39144336737502006,0.18460468401576396,0.010288606791198224
1138,train,train,947,False,0.6049120211527539,0.11168125125574808,0.3764772118233488,0.18462395745239465,0.010822183068023135
1139,train,test,948,False,0.6126326645151358,0.11253084814205443,0.3783468232776072,0.18368404863151763,0.01190117976132052
1140,train,test,949,False,0.6036536791770539,0.11094966091911183,0.3744673950914408,0.1837968768290566,0.012770479258471842
1141,train,train,950,False,0.6026868140192954,0.1105323430433291,0.3752759952934589,0.18339930536424567,0.014850796712610206
1142,train,train,951,False,0.6007544873128526,0.10935695421888149,0.36961579387933186,0.18203268810863177,0.01611984350390829
1143,train,train,952,False,0.6063573702393824,0.10993160355495254,0.37395794103219465,0.18129837114299924,0.019445687253964245
1144,test,train,953,False,0.6030141303426086,0.10986791080854602,0.37770179589951336,0.1821979042947525,0.020409997441404083
1145,train,train,954,False,0.6088046800575728,0.11047906177895135,0.383221792035991,0.18146881158749253,0.02462723671115139
1146,train,train,955,False,0.6207154409742652,0.1126256040082068,0.3926679514511849,0.18144482410721316,0.028247316661514348
1147,train,train,956,False,0.6174583335393041,0.11147205224224829,0.3878630853316257,0.18053372379523092,0.02993511160769363
1148,train,train,957,False,0.6134598663362346,0.11037294293850332,0.38347420308621327,0.17991876729880224,0.03013928937613423
1149,train,train,958,False,0.6131983877821948,0.11046800253779777,0.384698787162378,0.18015051040387844,0.030412179186726222
1150,train,train,958,False,0.6131983877821948,0.11046800253779777,0.384698787162378,0.18015051040387844,0.030412179186726222
1151,train,train,959,False,0.6157922652578334,0.11048192807334414,0.38462868452355314,0.17941428352804198,0.03152233496061648
1152,train,train,960,False,0.6185677463105005,0.11091008310347551,0.38984953451725873,0.17930143264825568,0.03285649663684885
1153,train,train,961,False,0.6178365293979419,0.11080997846108928,0.3894335506431122,0.17935161355556198,0.03356500657494509
1154,train,train,962,False,0.6191964707330906,0.11099869838225329,0.38980279942470897,0.17926248554168542,0.03377262019109846
1155,train,train,963,False,0.6194304703752015,0.11086515295393087,0.3906113996267271,0.17897917241103367,0.03508893697304561
1156,train,test,964,False,0.6176148443372964,0.11066636233065975,0.3890175667689656,0.17918345607351013,0.034490298027942776
1157,train,test,965,False,0.6237912506241123,0.1117105372940384,0.3929670975939568,0.179083206412835,0.0340973579530272
1158,test,train,966,False,0.6123136434039371,0.11189927302217911,0.37820661799995775,0.18274829285219812,0.01702170090138447
1159,train,train,967,False,0.6130952727977698,0.11225523484626085,0.37984718595026895,0.18309590666716555,0.015704044062557806
1160,train,train,967,False,0.6130952727977698,0.11225523484626085,0.37984718595026895,0.18309590666716555,0.015704044062557806
1161,train,train,968,False,0.6268445630545666,0.11473092012540512,0.38647492843153664,0.18302929767202564,0.014719394668292559
1162,test,test,969,False,0.6295190288923301,0.1146423755212017,0.38883062639876637,0.1821110566314741,0.017431532116475815
1163,train,train,970,False,0.6295586303223399,0.11467878812723337,0.39206502720683895,0.18215743951999633,0.019189520589465717
1164,test,train,971,False,0.6179234973030998,0.11242478070008395,0.38580653350716804,0.18193964332276893,0.020981623183932145
1165,train,train,971,False,0.6179234973030998,0.11242478070008395,0.38580653350716804,0.18193964332276893,0.020981623183932145
1166,train,train,971,False,0.6179234973030998,0.11242478070008395,0.38580653350716804,0.18193964332276893,0.020981623183932145
1167,train,train,972,False,0.6217061770463858,0.11219398001720063,0.3881154963818479,0.18046142077952973,0.025000803257267255
1168,test,train,973,False,0.6238476023916024,0.11246336887485761,0.39010194556748096,0.18027378552664847,0.026444625713611485
1169,train,train,974,False,0.6210472763848571,0.1115184643446906,0.38691427985195814,0.17956517737883718,0.028066768247041986
1170,test,train,975,False,0.6209919681163709,0.11165053604747296,0.3885314802559944,0.1797938488417779,0.028280707009873805
1171,train,test,976,False,0.6186766259552755,0.11084668898856703,0.3841425980105819,0.17916741046651438,0.029103160140397735
1172,train,test,976,False,0.6186766259552755,0.11084668898856703,0.3841425980105819,0.17916741046651438,0.029103160140397735
1173,test,train,977,False,0.6176452577994642,0.11082534859661505,0.3853905496330215,0.17943203998920298,0.02826655585784538
1174,test,train,978,False,0.6190169018933133,0.1111724421164434,0.3869843824907829,0.17959516416500665,0.028324459385400916
1175,test,train,979,False,0.6150300227423157,0.11028071635458285,0.3798004508577192,0.17930948454005488,0.027279464070748247
1176,train,train,980,False,0.6092573405223314,0.1096281293850584,0.37629027145314936,0.1799373139945618,0.026343575892760887
1177,train,train,980,False,0.6092573405223314,0.1096281293850584,0.37629027145314936,0.1799373139945618,0.026343575892760887
1178,train,train,981,False,0.6084723594506836,0.1100055704123474,0.37555177388995603,0.18078975766731326,0.024501485124698012
1179,train,train,982,False,0.6099230667116303,0.10994702221178093,0.3738644708470949,0.18026375491019678,0.02469964407138216
1180,train,train,983,False,0.6086987381569537,0.10981817223431903,0.3734952220654983,0.1804146539991714,0.025035601686434938
1181,test,train,983,False,0.6086987381569537,0.10981817223431903,0.3734952220654983,0.1804146539991714,0.025035601686434938
1182,train,train,984,False,0.6110831875969287,0.1106378087467635,0.37913205593335036,0.18105195985156172,0.025758803589264218
1183,test,test,985,False,0.6103193848797523,0.11030451182652494,0.37832345573133225,0.18073244035703961,0.026407967058753458
1184,train,train,986,False,0.5985743597694436,0.11079287839547489,0.3688305612235886,0.18509459449307122,0.009925150645183496
1185,train,train,987,False,0.6043944856251001,0.11169745170135403,0.3719714918465616,0.18480885308844272,0.00901640270141707
1186,train,train,988,False,0.6077537678057342,0.1126597182323542,0.37395794103219465,0.18537066193617638,0.00801666832101031
1187,test,train,989,False,0.6179340825938576,0.11340079400527583,0.377814001672086,0.18351600469950038,0.009607176808308476
1188,train,test,990,False,0.5945958726753999,0.1101580887326044,0.3745141301839906,0.18526547827677503,0.016749388106081366
1189,train,test,990,False,0.5945958726753999,0.1101580887326044,0.3745141301839906,0.18526547827677503,0.016749388106081366
1190,train,test,990,False,0.5945958726753999,0.1101580887326044,0.3745141301839906,0.18526547827677503,0.016749388106081366
1191,train,train,991,False,0.5977259920402015,0.11094453671482185,0.376084595495477,0.185611029455383,0.015598121250093478
1192,test,train,992,False,0.6100369372249991,0.11305090954331948,0.383544305725038,0.18531813836974773,0.01658769823206102
1193,train,train,993,False,0.6144730438002501,0.11259759438643882,0.38421270064940666,0.18324252873660882,0.019721605066345935
1194,train,train,994,False,0.6082029911861051,0.11137320728938664,0.38234308919514814,0.18311848001962122,0.020538248793499147
1195,train,train,995,False,0.6071647713968743,0.11105013503690984,0.38079599142993653,0.1828995031800383,0.019403233175562695
1196,train,train,996,False,0.598605833714343,0.10926213150829084,0.37407477876356926,0.18252767573332931,0.0190117085795166
1197,test,train,996,False,0.598605833714343,0.10926213150829084,0.37407477876356926,0.18252767573332931,0.0190117085795166
1198,train,test,997,False,0.5979940949446458,0.10798229506380831,0.37042439408135,0.18057418288353475,0.022744730043882493
1199,train,train,998,False,0.5988718006850553,0.10774576487931317,0.368760458584764,0.17991457396401322,0.023642610826351794
1200,test,test,999,False,0.6019969917963273,0.10798716786344816,0.37231737308188345,0.17938157388664044,0.027199693118630897
1201,train,train,1000,False,0.6028488064394601,0.10815078416902202,0.37432718981379137,0.1793995161204368,0.02869707716390914
1202,train,test,1001,False,0.5953887569787342,0.10937998626871857,0.3695064088324934,0.18371187730141395,0.012178866704691135
1203,train,train,1002,False,0.5986066370808185,0.11021401627023895,0.3714928580181265,0.18411759817383858,0.010511573838865524
1204,train,test,1003,False,0.6117721036837106,0.11230490359236184,0.3771222392014424,0.1835731033110723,0.010711382604740716
1205,train,train,1004,False,0.6127178241622654,0.11120021906548559,0.37820661799995775,0.18148683566945908,0.017080099207363118
1206,train,train,1005,False,0.6142943917931949,0.11117768870847065,0.38222625146377365,0.1809843784898156,0.01948313803811203
1207,train,train,1006,False,0.6083634963136978,0.10930763346976086,0.37629027145314936,0.1796748722303306,0.021555908087521187
1208,train,train,1007,False,0.6022407597080361,0.1087009973546651,0.372434210813258,0.1804942551669251,0.0222606781897239
1209,test,train,1008,False,0.6018244884011108,0.10869544551825389,0.37324281101527623,0.18060987482750837,0.02291671639468971
1210,test,train,1009,False,0.6031343092823084,0.10935809120545868,0.38091282916131114,0.18131631632030332,0.03022290200293191
1211,train,train,1010,False,0.6414262173025084,0.11861285151788657,0.4033153273962685,0.18492049173903127,0.015223035499670294
1212,test,test,1011,False,0.6126226693223503,0.1130953958555691,0.3852549763141739,0.18460857150563664,0.0162275932052641
1213,train,train,1012,False,0.6043092147694074,0.11012442969614109,0.37273335695602994,0.18223192201059257,0.018691079248152984
1214,train,train,1012,False,0.6043092147694074,0.11012442969614109,0.37273335695602994,0.18223192201059257,0.018691079248152984
1215,test,train,1013,False,0.6003590691864176,0.10846409049757665,0.3655026902304163,0.1806653652197889,0.019593317484459357
1216,train,train,1014,False,0.5982520269545234,0.10796349189701163,0.3683912098031673,0.18046489946154173,0.02318509153692556
1217,train,train,1015,False,0.5806676990983475,0.10838852970881199,0.35821495267630304,0.1866618891960344,0.007206059724838292
1218,train,train,1016,False,0.5850402142075304,0.10909090893416208,0.3602191695071957,0.18646736802859237,0.007679884589264917
1219,train,test,1017,False,0.6147724166083507,0.1147464088685959,0.37832345573133225,0.186648596730547,0.0072064168354566225
1220,test,test,1018,False,0.6207437943460238,0.1133244487037481,0.38183363513590196,0.1825623546074102,0.015009981240974534
1221,train,train,1019,False,0.6331239632476333,0.11419881549652451,0.3892466102729129,0.18037354787637064,0.024315956977026064
1222,test,train,1019,False,0.6331239632476333,0.11419881549652451,0.3892466102729129,0.18037354787637064,0.024315956977026064
1223,train,train,1020,False,0.6345087209611757,0.11394644015118133,0.38594210682601565,0.17958214975922052,0.024812101172723935
1224,train,train,1020,False,0.6345087209611757,0.11394644015118133,0.38594210682601565,0.17958214975922052,0.024812101172723935
1225,train,train,1020,False,0.6345087209611757,0.11394644015118133,0.38594210682601565,0.17958214975922052,0.024812101172723935
1226,train,train,1020,False,0.6345087209611757,0.11394644015118133,0.38594210682601565,0.17958214975922052,0.024812101172723935
1227,train,train,1020,False,0.6345087209611757,0.11394644015118133,0.38594210682601565,0.17958214975922052,0.024812101172723935
1228,train,train,1020,False,0.6345087209611757,0.11394644015118133,0.38594210682601565,0.17958214975922052,0.024812101172723935
1229,train,train,1021,False,0.5960505338309785,0.10667654840209308,0.3613105793448197,0.17897232255871656,0.02648611753026882
1230,train,train,1021,False,0.5960505338309785,0.10667654840209308,0.3613105793448197,0.17897232255871656,0.02648611753026882
1231,test,train,1021,False,0.5960505338309785,0.10667654840209308,0.3613105793448197,0.17897232255871656,0.02648611753026882
1232,train,train,1021,False,0.5960505338309785,0.10667654840209308,0.3613105793448197,0.17897232255871656,0.02648611753026882
1233,train,test,1022,False,0.5995178436966317,0.1072267449280807,0.3625225532560866,0.17885496829739,0.027068233495100968
1234,train,test,1023,False,0.600218872203504,0.10766470629584521,0.3655026902304163,0.17937574321945265,0.026803079435852587
1235,test,train,1024,False,0.6016200645042885,0.10795936489169004,0.3674891394160495,0.1794477466117164,0.027962103287366525
1236,train,train,1025,False,0.6056335566766111,0.10855703314981235,0.3746263359565632,0.17924540665400798,0.03370150644679281
1237,train,train,1026,False,0.606923070054459,0.10876734890827158,0.3770287690163428,0.17921109655382175,0.034969510410514625
1238,train,train,1027,False,0.6069519666821397,0.10866569998286693,0.3774213853442145,0.17903509000371207,0.03559712997250508
1239,train,train,1028,False,0.5980630652599995,0.1107575430878051,0.3654881857315447,0.18519375216667963,0.011335808776804084
1240,train,train,1028,False,0.5980630652599995,0.1107575430878051,0.3654881857315447,0.18519375216667963,0.011335808776804084
1241,train,train,1028,False,0.5980630652599995,0.1107575430878051,0.3654881857315447,0.18519375216667963,0.011335808776804084
1242,test,train,1028,False,0.5980630652599995,0.1107575430878051,0.3654881857315447,0.18519375216667963,0.011335808776804084
1243,train,train,1028,False,0.5980630652599995,0.1107575430878051,0.3654881857315447,0.18519375216667963,0.011335808776804084
1244,test,train,1028,False,0.5980630652599995,0.1107575430878051,0.3654881857315447,0.18519375216667963,0.011335808776804084
1245,train,test,1029,False,0.6172487238005363,0.1120037823420386,0.37772053148698653,0.18145648265160705,0.017810596453510085
1246,train,test,1029,False,0.6172487238005363,0.1120037823420386,0.37772053148698653,0.18145648265160705,0.017810596453510085
1247,train,test,1029,False,0.6172487238005363,0.1120037823420386,0.37772053148698653,0.18145648265160705,0.017810596453510085
1248,train,train,1030,False,0.6234975836965599,0.11287730454768101,0.3816233272194277,0.18103888050128428,0.019495322262325816
1249,train,train,1031,False,0.6087981733866543,0.11048501915365606,0.3767062553272959,0.18148053654472093,0.02087779070888352
1250,train,test,1032,False,0.6075257268469025,0.10997473828052884,0.3759443902178276,0.1810207097752136,0.023257209738243446
1251,train,train,1033,False,0.6073205606424202,0.10952439563223278,0.3747198061416629,0.18034033874364222,0.024146870308333363
1252,train,train,1033,False,0.6073205606424202,0.10952439563223278,0.3747198061416629,0.18034033874364222,0.024146870308333363
1253,train,test,1034,False,0.6111732054880555,0.10991919460332696,0.380679153698562,0.17984949866306787,0.027153414734759466
1254,train,train,1035,False,0.6009663005087976,0.11108358011558,0.37167234570378965,0.18484161261876586,0.011407205750661295
1255,test,train,1035,False,0.6009663005087976,0.11108358011558,0.37167234570378965,0.18484161261876586,0.011407205750661295
1256,train,train,1036,False,0.6081400795437224,0.11236443594255723,0.37476654123421277,0.18476735824887983,0.012061777454580515
1257,train,test,1037,False,0.6156606046514471,0.111079129047711,0.3764725798645469,0.18042266828262926,0.020372956556714644
1258,test,train,1038,False,0.6182328489595503,0.11145282258768144,0.37765042884816175,0.18027644887399627,0.020540921232242777
1259,train,train,1039,False,0.6139627224622344,0.11016283063574629,0.37857586678155447,0.17942918455040655,0.025094226378636352
1260,test,train,1040,False,0.6110297637353804,0.1095430404630392,0.3802631698244154,0.17927611217066533,0.026489299296171106
1261,test,test,1041,False,0.6155510989438459,0.11032042021371678,0.38181026758962716,0.1792221968298051,0.026824472952636742
1262,train,test,1042,False,0.6124183833295866,0.10986864903588059,0.3806324186060123,0.17940129170935146,0.02721223888820328
1263,train,train,1043,False,0.6105824369576607,0.10937455621597661,0.37903858574825083,0.17913151377389014,0.028613676316750918
1264,train,test,1044,False,0.6165121135042823,0.11179680315296718,0.38516150612907424,0.18133756126462655,0.021555452108895916
1265,train,train,1045,False,0.6206454355257687,0.11217123563874845,0.3853905496330215,0.1807332000173732,0.023828027377621065
1266,train,train,1046,False,0.6289149935834506,0.11302691064435878,0.3948367090482154,0.17971730964840046,0.03194722594206613
1267,train,test,1047,False,0.6200645590640332,0.11509645913999972,0.3817869000433522,0.18562012206234457,0.01329863634338004
1268,test,test,1047,False,0.6200645590640332,0.11509645913999972,0.3817869000433522,0.18562012206234457,0.01329863634338004
1269,train,test,1047,False,0.6200645590640332,0.11509645913999972,0.3817869000433522,0.18562012206234457,0.01329863634338004
1270,train,train,1048,False,0.6224864728437406,0.11554724360149338,0.3833807329011136,0.18562209564752835,0.012980762314571645
1271,train,train,1049,False,0.6349881235463348,0.11792611629335557,0.3916256757864176,0.1857138927807845,0.01120311503129615
1272,train,train,1050,False,0.6204660095227403,0.1153401290399059,0.3838200843215349,0.18589274395325056,0.011179830064132184
1273,train,train,1050,False,0.6204660095227403,0.1153401290399059,0.3838200843215349,0.18589274395325056,0.011179830064132184
1274,train,train,1050,False,0.6204660095227403,0.1153401290399059,0.3838200843215349,0.18589274395325056,0.011179830064132184
1275,train,train,1050,False,0.6204660095227403,0.1153401290399059,0.3838200843215349,0.18589274395325056,0.011179830064132184
1276,train,train,1050,False,0.6204660095227403,0.1153401290399059,0.3838200843215349,0.18589274395325056,0.011179830064132184
1277,train,train,1050,False,0.6204660095227403,0.1153401290399059,0.3838200843215349,0.18589274395325056,0.011179830064132184
1278,train,train,1050,False,0.6204660095227403,0.1153401290399059,0.3838200843215349,0.18589274395325056,0.011179830064132184
1279,train,train,1050,False,0.6204660095227403,0.1153401290399059,0.3838200843215349,0.18589274395325056,0.011179830064132184
1280,train,train,1050,False,0.6204660095227403,0.1153401290399059,0.3838200843215349,0.18589274395325056,0.011179830064132184
1281,test,train,1050,False,0.6204660095227403,0.1153401290399059,0.3838200843215349,0.18589274395325056,0.011179830064132184
1282,train,train,1050,False,0.6204660095227403,0.1153401290399059,0.3838200843215349,0.18589274395325056,0.011179830064132184
1283,train,train,1050,False,0.6204660095227403,0.1153401290399059,0.3838200843215349,0.18589274395325056,0.011179830064132184
1284,train,train,1051,False,0.620968247643201,0.11532976846202485,0.38257213269909535,0.18572570964738214,0.01147955773645436
1285,train,test,1052,False,0.623834765534194,0.11324992164975545,0.38441837660707895,0.18153833019033294,0.018845882813994474
1286,train,test,1053,False,0.6141295926514507,0.1107737979809208,0.3761033310829501,0.18037528122145136,0.021103811191167055
1287,train,train,1054,False,0.6087252388511623,0.10897316529441947,0.3729624004599771,0.1790186414811432,0.025118265872243948
1288,train,test,1055,False,0.6130143077677637,0.10986314736199664,0.38058568351346234,0.17921791705327952,0.03158371966873156
1289,train,test,1055,False,0.6130143077677637,0.10986314736199664,0.38058568351346234,0.17921791705327952,0.03158371966873156
1290,train,train,1056,False,0.6023322248830109,0.11066769204666253,0.3691063398200857,0.18373197958677567,0.01573995507658589
1291,train,train,1056,False,0.6023322248830109,0.11066769204666253,0.3691063398200857,0.18373197958677567,0.01573995507658589
1292,train,train,1056,False,0.6023322248830109,0.11066769204666253,0.3691063398200857,0.18373197958677567,0.01573995507658589
1293,test,test,1057,False,0.6207885321938698,0.11430341288527598,0.3813475486229307,0.1841261668950732,0.012842402854614753
1294,train,train,1058,False,0.6290448885740212,0.11321049852476481,0.38305358725326466,0.17997205061375054,0.020552461013554325
1295,test,train,1059,False,0.614303460172721,0.11127521548875845,0.37936109943729773,0.1811404667287267,0.022495318864518728
1296,train,train,1060,False,0.61576476492981,0.11107524160554703,0.3809549322950591,0.18038583551984874,0.026275900221740266
1297,train,train,1061,False,0.6149821020217104,0.11028859979338503,0.3805155808746376,0.1793362756913071,0.029762194937910786
1298,train,train,1061,False,0.6149821020217104,0.11028859979338503,0.3805155808746376,0.1793362756913071,0.029762194937910786
1299,train,train,1061,False,0.6149821020217104,0.11028859979338503,0.3805155808746376,0.1793362756913071,0.029762194937910786
1300,train,train,1062,False,0.6143652407767777,0.11014784902342485,0.3809315647487841,0.17928724106226865,0.030604851206688603
1301,train,train,1063,False,0.585207294749927,0.10924829565228192,0.3518522729606084,0.18668307219062658,0.010422783479869512
1302,train,train,1063,False,0.585207294749927,0.10924829565228192,0.3518522729606084,0.18668307219062658,0.010422783479869512
1303,train,train,1063,False,0.585207294749927,0.10924829565228192,0.3518522729606084,0.18668307219062658,0.010422783479869512
1304,train,train,1063,False,0.585207294749927,0.10924829565228192,0.3518522729606084,0.18668307219062658,0.010422783479869512
1305,test,test,1064,False,0.6122194333941504,0.11446464108406582,0.370167351072326,0.18696669011219189,0.010048104660587632
1306,train,test,1064,False,0.6122194333941504,0.11446464108406582,0.370167351072326,0.18696669011219189,0.010048104660587632
1307,train,train,1065,False,0.6192866996109279,0.11469493143593316,0.37166771374498775,0.1852049002634664,0.009264602882880843
1308,train,train,1066,False,0.6174629986318808,0.11271862144590523,0.37363079538434585,0.1825512163411525,0.015515600010917369
1309,train,train,1066,False,0.6174629986318808,0.11271862144590523,0.37363079538434585,0.1825512163411525,0.015515600010917369
1310,train,test,1067,False,0.6182736223523273,0.11354303796947236,0.37416361698986694,0.1836452888568633,0.009575654537504755
1311,train,train,1068,False,0.6243992426950352,0.11382901968299733,0.37931436434474786,0.18230166198102343,0.01806291471128267
1312,train,train,1069,False,0.6263195306139342,0.11377444179866864,0.3836565114976106,0.18165558670531007,0.02308950446664429
1313,train,train,1069,False,0.6263195306139342,0.11377444179866864,0.3836565114976106,0.18165558670531007,0.02308950446664429
1314,train,train,1069,False,0.6263195306139342,0.11377444179866864,0.3836565114976106,0.18165558670531007,0.02308950446664429
1315,train,train,1070,False,0.6363771244695756,0.11512237663396192,0.39143873541621826,0.18090275751177756,0.028816172869312755
1316,train,test,1071,False,0.6199118055681,0.11230932098533636,0.38245529496772085,0.18116983734873993,0.028576864547471548
1317,train,train,1072,False,0.6175619277617891,0.11122640535444758,0.3776036937556119,0.18010567095280963,0.03296263816259399
1318,train,test,1073,False,0.6129361573829099,0.11283973705793493,0.37779063412581115,0.1840970477899909,0.015052481866380939
1319,train,test,1073,False,0.6129361573829099,0.11283973705793493,0.37779063412581115,0.1840970477899909,0.015052481866380939
1320,train,test,1074,False,0.6249441350106201,0.11460881934085156,0.38201594354729934,0.1833905031189771,0.014055850973047951
1321,test,test,1074,False,0.6249441350106201,0.11460881934085156,0.38201594354729934,0.1833905031189771,0.014055850973047951
1322,test,test,1074,False,0.6249441350106201,0.11460881934085156,0.38201594354729934,0.1833905031189771,0.014055850973047951
1323,test,test,1074,False,0.6249441350106201,0.11460881934085156,0.38201594354729934,0.1833905031189771,0.014055850973047951
1324,train,test,1075,False,0.6302468614425581,0.11378749718297068,0.384670787657301,0.1805443297607623,0.02236719512182303
1325,train,test,1075,False,0.6302468614425581,0.11378749718297068,0.384670787657301,0.1805443297607623,0.02236719512182303
1326,train,test,1075,False,0.6302468614425581,0.11378749718297068,0.384670787657301,0.1805443297607623,0.02236719512182303
1327,train,test,1075,False,0.6302468614425581,0.11378749718297068,0.384670787657301,0.1805443297607623,0.02236719512182303
1328,train,train,1076,False,0.6202385030321483,0.11214330233477349,0.3804221106895379,0.1808067409335935,0.021934059564200078
1329,train,train,1077,False,0.6262364831304269,0.11289682157478632,0.38229172214379636,0.18027825688218996,0.02339772472287666
1330,train,test,1078,False,0.6153766274901885,0.11142522909288488,0.37933773189102277,0.18106834760256058,0.022460363068113852
1331,train,train,1079,False,0.6087778248901836,0.1103900476976793,0.3730325030988018,0.18133059908611548,0.021351421222161264
1332,train,test,1080,False,0.6041211875982563,0.10943876710903902,0.37354195715804805,0.181153664787232,0.02345022678529721
1333,train,train,1081,False,0.6080578712729736,0.10914259284177373,0.37300913555252696,0.1794937587326728,0.027128453312812065
1334,train,train,1081,False,0.6080578712729736,0.10914259284177373,0.37300913555252696,0.1794937587326728,0.027128453312812065
1335,test,train,1082,False,0.6168275146274423,0.11041825329732848,0.3797069806726195,0.1790099349962039,0.029202299677771142
1336,train,train,1083,False,0.6198928476998344,0.11108639622040002,0.38568969577579343,0.1792025777238689,0.03299068309697118
1337,train,test,1084,False,0.6101329487676677,0.11132299424378184,0.37176118393008745,0.1824569456028058,0.01569751112261409
1338,train,train,1085,False,0.623689855946411,0.11398043724219722,0.38326389516973897,0.1827517894599054,0.015226541418981533
1339,train,train,1086,False,0.6276802818084507,0.1145343326551975,0.38601220946484033,0.18247240828595912,0.01619172463323826
1340,test,train,1087,False,0.6380725984588917,0.1153321072331714,0.3966829529561988,0.18075076019833464,0.022443333003710084
1341,train,train,1088,False,0.6145391184498185,0.11087558804636387,0.380146332093041,0.18042071646480168,0.022275756842276947
1342,train,train,1088,False,0.6145391184498185,0.11087558804636387,0.380146332093041,0.18042071646480168,0.022275756842276947
1343,train,train,1088,False,0.6145391184498185,0.11087558804636387,0.380146332093041,0.18042071646480168,0.022275756842276947
1344,test,train,1088,False,0.6145391184498185,0.11087558804636387,0.380146332093041,0.18042071646480168,0.022275756842276947
1345,test,test,1089,False,0.6087306725416453,0.10980729424548942,0.38229635410259843,0.18038731938216426,0.024797976637739503
1346,train,train,1090,False,0.6045213299557664,0.10917902587780025,0.37677635796612063,0.18060409197767932,0.02269112733228275
1347,train,test,1091,False,0.5929809458949038,0.10668126037964085,0.36553866794158907,0.17990672570202343,0.025038545090507312
1348,train,train,1092,False,0.6022333264538092,0.10717806186504779,0.3742103520824167,0.17796766993310567,0.03624990941899284
1349,train,train,1092,False,0.6022333264538092,0.10717806186504779,0.3742103520824167,0.17796766993310567,0.03624990941899284
1350,train,train,1092,False,0.6022333264538092,0.10717806186504779,0.3742103520824167,0.17796766993310567,0.03624990941899284
1351,train,train,1093,False,0.59406156828881,0.10829383071081683,0.366750641852856,0.18229395148849037,0.021413401709009516
1352,train,train,1093,False,0.59406156828881,0.10829383071081683,0.366750641852856,0.18229395148849037,0.021413401709009516
1353,train,test,1094,False,0.5958317204076158,0.10883255042910987,0.366750641852856,0.18265652314491782,0.02017562870647923
1354,train,train,1095,False,0.6087140593689169,0.11066627258361861,0.3774213853442145,0.181803378581976,0.021076574065406223
1355,train,train,1095,False,0.6087140593689169,0.11066627258361861,0.3774213853442145,0.181803378581976,0.021076574065406223
1356,train,train,1096,False,0.6113292955487976,0.11005905166390609,0.37649594741082176,0.18003235321007277,0.02574434994511127
1357,train,train,1096,False,0.6113292955487976,0.11005905166390609,0.37649594741082176,0.18003235321007277,0.02574434994511127
1358,train,test,1097,False,0.6116225191158561,0.10965690909865768,0.3796836131263445,0.17928854100593705,0.030136772509909673
1359,train,train,1098,False,0.6004948293448672,0.10792293033680836,0.3714854053335903,0.17972332993200127,0.02770638579453428
1360,train,train,1099,False,0.5951022421337661,0.10752803748638885,0.3684145773494421,0.18068834205840362,0.02472371440642682
1361,train,train,1100,False,0.5953430372446892,0.10735000442362165,0.36557279286924105,0.18031621721898164,0.0250304627074498
1362,train,train,1101,False,0.5957870416444744,0.10712807230969225,0.3667973769454059,0.17980933592311843,0.025726216925040225
1363,train,train,1102,False,0.5988203141600072,0.10676896369859418,0.3674657718697745,0.17829883384695108,0.03105418238697572
1364,train,train,1103,False,0.5896991649112009,0.10753432113467012,0.36211776918397093,0.18235454199916162,0.01681820878023789
1365,train,train,1104,False,0.5918659843091467,0.10798800885725394,0.36352885120968115,0.18245348055151797,0.016319666390613476
1366,train,test,1105,False,0.6095208309383053,0.11029815277838252,0.3802164347318657,0.1809587912009306,0.023905085111341012
1367,train,test,1105,False,0.6095208309383053,0.11029815277838252,0.3802164347318657,0.1809587912009306,0.023905085111341012
1368,train,test,1105,False,0.6095208309383053,0.11029815277838252,0.3802164347318657,0.1809587912009306,0.023905085111341012
1369,train,test,1106,False,0.6159314312507088,0.11095468277709115,0.3841425980105819,0.1801412903247799,0.026232946522209078
1370,test,train,1107,False,0.6109285073912019,0.1102176689195769,0.3826422353379202,0.1804100931387707,0.026509938925821274
1371,test,train,1108,False,0.6009009913767622,0.10862339312266904,0.3747899087804876,0.18076753854873018,0.024097224547423735
1372,train,train,1109,False,0.6008972124444384,0.10869197234045463,0.37439729245261605,0.18088280339710308,0.023699054950383314
1373,train,test,1110,False,0.594497084990058,0.10771049940362551,0.3666823919975519,0.18117918846553602,0.021186518009658404
1374,test,train,1111,False,0.5897598297550345,0.10687415489254726,0.3609170158499613,0.18121640284815435,0.019657030134279694
1375,train,train,1112,False,0.5972680422607787,0.10786422261504189,0.36959242633305694,0.18059600544967094,0.024044778436673103
1376,train,test,1113,False,0.5963797063265565,0.10746823625328612,0.3703776589888003,0.18020102815913108,0.02690060334444284
1377,train,train,1114,False,0.5980456117665752,0.1073470906796125,0.37033092389625044,0.17949649419300717,0.028992008249698657
1378,test,train,1114,False,0.5980456117665752,0.1073470906796125,0.37033092389625044,0.17949649419300717,0.028992008249698657
1379,train,train,1114,False,0.5980456117665752,0.1073470906796125,0.37033092389625044,0.17949649419300717,0.028992008249698657
1380,train,train,1114,False,0.5980456117665752,0.1073470906796125,0.37033092389625044,0.17949649419300717,0.028992008249698657
1381,train,train,1115,False,0.6024905178564336,0.10989301009600748,0.36582520391946327,0.18239790808159023,0.01731746325065502
1382,train,train,1115,False,0.6024905178564336,0.10989301009600748,0.36582520391946327,0.18239790808159023,0.01731746325065502
1383,train,train,1115,False,0.6024905178564336,0.10989301009600748,0.36582520391946327,0.18239790808159023,0.01731746325065502
1384,train,train,1115,False,0.6024905178564336,0.10989301009600748,0.36582520391946327,0.18239790808159023,0.01731746325065502
1385,train,train,1116,False,0.6101838559367002,0.11183929391135884,0.3689193994498864,0.18328786122942087,0.015616831189670858
1386,train,test,1117,False,0.6075100757053862,0.1098715852584559,0.3685034155757399,0.18085557697274876,0.02048573972392767
1387,train,train,1118,False,0.6071055790764275,0.1098751032733489,0.37134520005594085,0.18098187046888745,0.021180092825845393
1388,train,train,1119,False,0.5989987827013294,0.10864699399595025,0.3703776589888003,0.18138099297294133,0.019506743068212432
1389,train,train,1120,False,0.5924067217301091,0.107511168140855,0.3640929977923466,0.18148201935803718,0.01839914908199317
1390,train,train,1120,False,0.5924067217301091,0.107511168140855,0.3640929977923466,0.18148201935803718,0.01839914908199317
1391,train,train,1121,False,0.6025350091418955,0.10901899923587323,0.36991494002210396,0.18093388364459254,0.020833544054372124
1392,train,train,1122,False,0.5947211825447961,0.10721050965141012,0.36549193284903925,0.18027020526267318,0.023410272283768786
1393,train,train,1123,False,0.5997459589352064,0.10773350441672626,0.37231737308188345,0.17963189715858552,0.02958938216118692
1394,train,train,1124,False,0.5771509175634856,0.10657156022290659,0.3565599010023467,0.18465111460415187,0.013657139941487947
1395,train,train,1124,False,0.5771509175634856,0.10657156022290659,0.3565599010023467,0.18465111460415187,0.013657139941487947
1396,train,train,1125,False,0.6147492004028553,0.11333831245706749,0.3781598829074079,0.18436512383065326,0.014689492131037995
1397,test,train,1125,False,0.6147492004028553,0.11333831245706749,0.3781598829074079,0.18436512383065326,0.014689492131037995
1398,train,train,1125,False,0.6147492004028553,0.11333831245706749,0.3781598829074079,0.18436512383065326,0.014689492131037995
1399,train,train,1126,False,0.6395575995694841,0.1185363293409641,0.3959678229392804,0.18534113177727293,0.011644870274812839
1400,train,train,1127,False,0.6140071579987705,0.11315988109304426,0.37779063412581115,0.1842973320732376,0.013407942969758158
1401,train,train,1127,False,0.6140071579987705,0.11315988109304426,0.37779063412581115,0.1842973320732376,0.013407942969758158
1402,train,train,1127,False,0.6140071579987705,0.11315988109304426,0.37779063412581115,0.1842973320732376,0.013407942969758158
1403,train,test,1128,False,0.6102330505684055,0.1114103947475212,0.3773980177979395,0.18257024040855746,0.01956655489767482
1404,train,train,1129,False,0.6271619939239219,0.11360927048911588,0.39042445925652774,0.18114820666715542,0.023406635232466153
1405,train,train,1130,False,0.6003711658593012,0.10754580079466715,0.36986820492955397,0.17913218840338319,0.02746851883320126
1406,test,train,1130,False,0.6003711658593012,0.10754580079466715,0.36986820492955397,0.17913218840338319,0.02746851883320126
1407,test,train,1131,False,0.605473953193845,0.10873923402905329,0.37952467226122205,0.1795935786427463,0.029922419157673907
1408,train,test,1132,False,0.6051970909042974,0.11008038857334436,0.3673489341383998,0.18189180058493024,0.017428578208331272
1409,train,test,1132,False,0.6051970909042974,0.11008038857334436,0.3673489341383998,0.18189180058493024,0.017428578208331272
1410,train,train,1066,False,0.6174629986318808,0.11271862144590523,0.37363079538434585,0.1825512163411525,0.015515600010917369
1411,train,train,1133,False,0.6234499594358843,0.11313316773122925,0.3828011762030426,0.18146310865686066,0.019183200774510207
1412,test,test,1134,False,0.6262348642064266,0.1135414473814994,0.3859888419185654,0.18130809041649362,0.0197632303151566
1413,train,test,1135,False,0.6419201346250563,0.11585558728322554,0.39580425011535597,0.18048286855949217,0.022563855664745346
1414,train,train,1136,False,0.6035085314858756,0.10854922452029504,0.3718079190226372,0.17986361228902614,0.024283180520263833
1415,train,train,1136,False,0.6035085314858756,0.10854922452029504,0.3718079190226372,0.17986361228902614,0.024283180520263833
1416,train,train,1136,False,0.6035085314858756,0.10854922452029504,0.3718079190226372,0.17986361228902614,0.024283180520263833
1417,test,train,1136,False,0.6035085314858756,0.10854922452029504,0.3718079190226372,0.17986361228902614,0.024283180520263833
1418,train,train,1136,False,0.6035085314858756,0.10854922452029504,0.3718079190226372,0.17986361228902614,0.024283180520263833
1419,test,train,1137,False,0.599704079024014,0.10809602852382003,0.3695223236942322,0.18024894661337051,0.022234892670376573
1420,test,test,1138,False,0.5849555225427863,0.10574015866909638,0.35511191487370314,0.1807661516031966,0.018650387843506106
1421,test,train,1139,False,0.6129208542808395,0.11125210585892072,0.3762201688143246,0.18151137309474732,0.018409544178682426
1422,train,train,1139,False,0.6129208542808395,0.11125210585892072,0.3762201688143246,0.18151137309474732,0.018409544178682426
1423,train,train,1139,False,0.6129208542808395,0.11125210585892072,0.3762201688143246,0.18151137309474732,0.018409544178682426
1424,train,train,1140,False,0.6235016848360837,0.11285470423335763,0.38328726271601393,0.18100144230248025,0.021020516653915244
1425,train,train,1141,False,0.6236425351508871,0.11242871524466877,0.38647492843153664,0.18027749697583925,0.025679425159797556
1426,test,train,1142,False,0.6225203799493172,0.11177097661022042,0.38728352863355475,0.17954589152457998,0.02915639186110467
1427,test,train,1143,False,0.6062617000826729,0.1098451117086538,0.3669329502642533,0.1811843164324495,0.019516493220351813
1428,train,train,1144,False,0.6133667808655898,0.1113100326899156,0.3696111619205299,0.18147385245225325,0.01902606716935177
1429,train,train,1145,False,0.6085571138927063,0.11045357204144657,0.3721771678042339,0.18150074909964894,0.016608683687467943
1430,train,train,1146,False,0.6104798563687438,0.11160831592696771,0.3774447528904894,0.18282063652490727,0.015020720313026426
1431,train,train,1147,False,0.6127071214080071,0.11201700363125584,0.3774213853442145,0.18282308090991278,0.013856292448674364
1432,test,train,1148,False,0.6273419987236671,0.11369967953752652,0.3839322900941077,0.1812403438138201,0.01784659840326977
1433,train,train,285,False,0.6046616501338783,0.11071411303327261,0.3687137234922141,0.18310093423116774,0.016883943307050536
1434,test,train,285,False,0.6046616501338783,0.11071411303327261,0.3687137234922141,0.18310093423116774,0.016883943307050536
1435,train,train,285,False,0.6046616501338783,0.11071411303327261,0.3687137234922141,0.18310093423116774,0.016883943307050536
1436,test,train,285,False,0.6046616501338783,0.11071411303327261,0.3687137234922141,0.18310093423116774,0.016883943307050536
1437,test,train,285,False,0.6046616501338783,0.11071411303327261,0.3687137234922141,0.18310093423116774,0.016883943307050536
1438,test,train,285,False,0.6046616501338783,0.11071411303327261,0.3687137234922141,0.18310093423116774,0.016883943307050536
1439,train,test,1149,False,0.6139982920073923,0.1108638173529004,0.3809549322950591,0.1805604653889911,0.021788031168560516
1440,train,test,1149,False,0.6139982920073923,0.1108638173529004,0.3809549322950591,0.1805604653889911,0.021788031168560516
1441,train,train,1150,False,0.591591297504583,0.10695064435242184,0.3642921059067902,0.1807846815927736,0.019690122869123076
1442,train,train,1150,False,0.591591297504583,0.10695064435242184,0.3642921059067902,0.1807846815927736,0.019690122869123076
1443,train,test,1151,False,0.5915507620125452,0.10652725450708007,0.3610366743070699,0.1800813410241553,0.02026064937208851
1444,test,test,1151,False,0.5915507620125452,0.10652725450708007,0.3610366743070699,0.1800813410241553,0.02026064937208851
1445,train,test,1151,False,0.5915507620125452,0.10652725450708007,0.3610366743070699,0.1800813410241553,0.02026064937208851
1446,train,train,1152,False,0.5985600682796726,0.10755508130303404,0.3675592420548742,0.17968970367862855,0.0226680790587491
1447,train,train,1153,False,0.6023067453091213,0.10815564760273508,0.36949895614795736,0.17956904591401587,0.023090656659139848
1448,test,train,1154,False,0.5968663123196213,0.10735315969145405,0.3683912098031673,0.1798613147963468,0.023103003107757973
1449,train,train,1155,False,0.5989809422345941,0.10721655404066936,0.36832110716434247,0.17899827270076554,0.025875299092500505
1450,train,train,1156,False,0.6001746800224811,0.1071497966644142,0.36947558860168245,0.17853101810359714,0.027812524929104267
1451,test,test,1157,False,0.6026036889046783,0.10757715646689206,0.37023745371115074,0.17852057404830945,0.027823117087929117
1452,train,train,1158,False,0.5873930326710363,0.10748440235733416,0.35386863676051855,0.182985490768546,0.011814766525706885
1453,train,test,1159,False,0.5951964136094303,0.10939452805263804,0.3605370304622141,0.18379567744577013,0.010916927612473488
1454,train,train,1160,False,0.6010319297548364,0.11096865382170755,0.3633662047775172,0.18463021401703592,0.009003050355997792
1455,train,train,1161,False,0.6126247596857611,0.1129328190128477,0.3722239028967837,0.18434256406935837,0.009563589311485933
1456,test,train,1162,False,0.6039560465115437,0.10999880703105877,0.36864362085338936,0.18213048394235476,0.015297159727013305
1457,train,train,1163,False,0.6062812752606273,0.11085729482682743,0.37310260573762655,0.1828479607574426,0.013685764790003614
1458,train,test,1164,False,0.6078606185775302,0.11013423942487754,0.3725931516783805,0.18118337668034068,0.017809076644230228
1459,train,train,1165,False,0.6069257059318741,0.10963902721378349,0.37342511942667356,0.18064653736398206,0.020249991569944878
1460,train,train,1166,False,0.6068091865150963,0.1096655632609579,0.37506568737698476,0.1807249555511296,0.02048826339274867
1461,train,train,1167,False,0.6047647903604112,0.10880794740150122,0.3730325030988018,0.1799177947126466,0.022760626086462492
1462,train,train,1168,False,0.5999957911334234,0.10784894379844191,0.3691063398200857,0.17974950056684502,0.021831873285449572
1463,train,train,1169,False,0.6025285054758877,0.1202994269068634,0.40383849141167705,0.19965765239911562,0.033348051118934595
1464,train,train,1170,False,0.603078240214257,0.11984147628953418,0.4013804948846383,0.1987162996412502,0.03375631263458294
1465,train,test,1171,False,0.614940916370293,0.12286428702363562,0.41315786707409924,0.19979852332618508,0.03361895458022056
1466,train,train,1172,False,0.6161224512215329,0.12283659215801053,0.41061421265918185,0.1993704204650764,0.03409188710953965
1467,train,test,1173,False,0.6179250376581527,0.12140413575085278,0.4074881808204592,0.1964706531571484,0.027754186854215747
1468,train,train,1174,False,0.6151097152775198,0.12066808793018738,0.404801272895427,0.19617327597523868,0.027910772874724175
1469,test,train,1175,False,0.6090956581348606,0.11994799615695634,0.4023784814387534,0.19692801049387634,0.029935769456900796
1470,train,train,1176,False,0.6072094447544644,0.11875154256827186,0.39684442482165394,0.19556932718049388,0.026958718118364894
1471,train,train,1177,False,0.6089752114548327,0.11960477899811027,0.40104548720669747,0.19640336215389825,0.027969248390901872
1472,train,train,1178,False,0.6233573704144437,0.11740113571031759,0.38623092378271945,0.1883368053100304,0.011682366737636328
1473,train,train,1179,False,0.6156835796519312,0.11657060957648695,0.3845985016869245,0.18933525828703868,0.012619141614787374
1474,train,train,1180,False,0.6119334881625991,0.11504648465725983,0.37981506187807573,0.18800488432607307,0.010912942232538228
1475,train,train,1181,False,0.6148941591162513,0.1155960032186211,0.3797404789989196,0.18799333430774484,0.009899967078723895
1476,train,train,1182,False,0.6162417948837551,0.11560458507308924,0.37941753635180003,0.18759614494323018,0.01048487509010738
1477,test,train,1183,False,0.6130792810769493,0.11525206330117405,0.3782257092606459,0.1879888406907498,0.009355117132017367
1478,train,train,1184,False,0.6136715795694673,0.1152417175747651,0.37974355539023125,0.18779054043143903,0.009888035491002523
1479,train,train,1185,False,0.6139861923294331,0.11533768860241439,0.37848329820254456,0.187850622771872,0.009619173437805568
1480,train,train,1186,False,0.6092933043743853,0.11376690211546282,0.3701735993812222,0.18671943594108134,0.009164120455058246
1481,train,test,1187,False,0.6348184639208277,0.11939483311088694,0.39223387820452854,0.188077127393978,0.010205821142195431
1482,test,train,1188,False,0.6137264521371085,0.11487610364529306,0.37596586021848283,0.18717802246468815,0.010012099254621194
1483,test,train,1189,False,0.6202356301196414,0.11668707786888129,0.3867153377533988,0.18813346444862047,0.012293570139961464
1484,train,train,1190,False,0.615575565155465,0.11475901736401663,0.37677635796612063,0.18642555660089266,0.009453555843578949
1485,test,train,1191,False,0.6201207938777951,0.11678303914290185,0.3852005680151252,0.1883230497926439,0.010404417773318136
1486,train,train,1192,False,0.6208820575306934,0.11626239804617451,0.3811960478145958,0.187253596131544,0.009219144065952369
1487,test,train,1193,False,0.6228477040935899,0.11694549888160678,0.386317812227123,0.1877593802032132,0.009971576234915227
1488,test,train,1194,False,0.6198937210545766,0.11551924211991439,0.3799406561353686,0.18635330250383977,0.0079224663325133
1489,test,train,1195,False,0.6297958465497748,0.1171174999238407,0.38783971778535087,0.18596105478536928,0.007722493886937439
1490,train,train,1196,False,0.615618597229928,0.11418623286291943,0.37677635796612063,0.1854821043040581,0.007493271595351648
1491,test,train,1197,False,0.6156986660182482,0.1133231144730284,0.37873943960547873,0.1840561312336345,0.008675505955804168
1492,train,train,1198,False,0.6096273357908345,0.11096473750047955,0.3739813085784695,0.18202060666543338,0.012309708834822623
1493,train,train,1199,False,0.6061784255845086,0.10948348405429824,0.37157887551869007,0.18061263719296608,0.01618360782020652
1494,train,train,1200,False,0.6164886725854387,0.11077126739179576,0.37864596942037904,0.17968094519440508,0.019654022729439023
1495,train,train,1201,False,0.6077096504111785,0.1079118690191685,0.3718312865689122,0.17757142567368303,0.026575109130875848
1496,train,train,1202,False,0.5987864033632035,0.1113174892751199,0.3683145393211137,0.18590517194425754,0.010077373461862412
1497,test,train,1203,False,0.6031903812382717,0.1130491711007215,0.3722000306041756,0.1874187232041834,0.009326867438497597
1498,train,train,1204,False,0.6317692156211607,0.11667062916754228,0.386937647398233,0.18467286199254068,0.009915754113386934
1499,train,train,1205,False,0.6365188375514768,0.11738558922560426,0.3929437300476819,0.18441809150088354,0.009365141451054762
1500,train,test,1206,False,0.6338279093705667,0.11604304391302643,0.39054129698790235,0.18308288763785252,0.011144488892017317
1501,test,train,1207,False,0.6284583079313562,0.1148026120706966,0.3841425980105819,0.18267339395764023,0.01192341363623624
1502,train,train,1207,False,0.6284583079313562,0.1148026120706966,0.3841425980105819,0.18267339395764023,0.01192341363623624
1503,train,train,1207,False,0.6284583079313562,0.1148026120706966,0.3841425980105819,0.18267339395764023,0.01192341363623624
1504,test,train,1208,False,0.6315464658550505,0.1150578547075099,0.3861056796499399,0.18218430618835485,0.012340263925593576
1505,train,train,1209,False,0.6195244888657834,0.11345656568108313,0.3803099049169652,0.1831349167307297,0.010658612292634515
1506,train,train,1210,False,0.6170473297073499,0.11265251025074668,0.37548167125113124,0.18256704927995548,0.010644189366327076
1507,test,train,1211,False,0.6279808050703996,0.11275812101056275,0.3868441772131334,0.17955663628591648,0.022065964324017834
1508,train,train,1212,False,0.5724068103522113,0.10860207722296754,0.35387925863930547,0.18972883491051215,0.012692776783213443
1509,train,test,1213,False,0.6079117237679662,0.11627739780522843,0.380272403605211,0.19127349129659219,0.01603352126340674
1510,test,train,1214,False,0.6075695712559697,0.11598557339981996,0.3786371456525301,0.19090089248553746,0.015308205451169626
1511,train,train,1215,False,0.6187034777133495,0.11550091803954668,0.3760144928566523,0.18668218654018817,0.011268364139175034
1512,train,train,1216,False,0.6243204957270874,0.11577019768600195,0.3811418726652583,0.18543392132461597,0.00959643633856581
1513,test,train,1216,False,0.6243204957270874,0.11577019768600195,0.3811418726652583,0.18543392132461597,0.00959643633856581
1514,test,train,1217,False,0.6179593241201199,0.11341455349434515,0.37672962287357087,0.18353077470888593,0.009835455259923421
1515,train,train,1218,False,0.6208022799354836,0.1134711946579987,0.3782767206387825,0.18278153661064372,0.012574152508541228
1516,train,train,1219,False,0.623857698194263,0.11257501963808234,0.37453286577146366,0.18044983649945698,0.015311333390028747
1517,train,train,1219,False,0.623857698194263,0.11257501963808234,0.37453286577146366,0.18044983649945698,0.015311333390028747
1518,train,test,1220,False,0.6305207070446999,0.11390323709404271,0.38575979841461816,0.180649478790183,0.01832105427995442
1519,test,test,1221,False,0.6205448538397138,0.11186878729660972,0.37945456962239726,0.18027510276558562,0.019400706399043705
1520,train,test,1221,False,0.6205448538397138,0.11186878729660972,0.37945456962239726,0.18027510276558562,0.019400706399043705
1521,train,test,1222,False,0.6229570833719973,0.11307270507705898,0.3878864528779007,0.1815096225650233,0.020679414636668034
1522,test,train,1223,False,0.6249761663205524,0.11337943400627243,0.3894335506431122,0.18141401243150723,0.021411269875638062
1523,train,train,1224,False,0.6253512649833247,0.11303016475831434,0.387792982692801,0.18074667964624386,0.02222832153632657
1524,train,train,1225,False,0.6232580257459895,0.11254757171167738,0.3894569181893872,0.18057941825452953,0.025397836848764874
1525,train,train,1226,False,0.6171089726724205,0.11074860882425976,0.38707785267588246,0.1794636178188392,0.02786427949250971
1526,test,train,1227,False,0.6082314846423494,0.10865922306433398,0.37832345573133225,0.1786478105917642,0.027636677691865553
1527,train,train,1228,False,0.5987209405422517,0.11359368449253006,0.3763514549233477,0.18972726156805228,0.010751017646723258
1528,train,train,1229,False,0.6171909410136629,0.11691741617938749,0.3871282452362334,0.18943475739835797,0.01044724441717939
1529,train,train,1230,False,0.6132286329767431,0.11460859534882205,0.3770523405173626,0.18689374433233388,0.00633181980438729
1530,train,train,1230,False,0.6132286329767431,0.11460859534882205,0.3770523405173626,0.18689374433233388,0.00633181980438729
1531,train,test,1231,False,0.6124976500569087,0.11394958909053765,0.37437343120974104,0.18604085922607264,0.005680003260609085
1532,train,test,1231,False,0.6124976500569087,0.11394958909053765,0.37437343120974104,0.18604085922607264,0.005680003260609085
1533,test,train,1232,False,0.6212522967114216,0.11520458426642928,0.3798939210428187,0.18543928912015445,0.00567247437526182
1534,test,train,1233,False,0.6139907328200961,0.11391736240448187,0.3772157093865421,0.18553596384305773,0.005376878703528502
1535,train,train,1234,False,0.6140736772018909,0.11336616075161957,0.3792021585721751,0.18461328821028072,0.007463077318847947
1536,test,train,1235,False,0.6138897885689533,0.1128749992120814,0.3763837416382491,0.18386850753000114,0.009295739236492693
1537,train,train,1236,False,0.6147950762465237,0.11316461302059114,0.38081935897621144,0.184068834304089,0.009530147695140125
1538,test,test,1237,False,0.6208598396942101,0.11392971908348902,0.38391355450663467,0.1835031222821602,0.011556523953692409
1539,test,test,1237,False,0.6208598396942101,0.11392971908348902,0.38391355450663467,0.1835031222821602,0.011556523953692409
1540,train,train,1238,False,0.6232561472018195,0.11358274978143003,0.38626925247386434,0.18224088168463784,0.017016183147918647
1541,test,train,1239,False,0.6259609723560781,0.11415537402029416,0.38781635023907596,0.18236819715871494,0.01699900031917142
1542,train,train,1240,False,0.6263773243258508,0.11281350917260537,0.3841192304643069,0.18010471450897877,0.019397854088005137
1543,train,train,1241,False,0.6280804171188547,0.11266327828367478,0.38324052762346406,0.179377154919885,0.021096873214601707
1544,train,test,1242,False,0.6302120691290141,0.11276828522599071,0.38483436048122555,0.17893704476628378,0.022176723275460133
1545,test,train,1243,False,0.6263081325765122,0.11196000614325592,0.38527371190164683,0.17876185909110553,0.024762938257833524
1546,train,train,1244,False,0.6236907984076501,0.11125349765803522,0.3824786625139958,0.17837925129259147,0.026430297779574407
1547,train,train,1245,False,0.619952562142578,0.11070765307492941,0.38254876515282044,0.17857439397027386,0.027366681641797626
1548,train,train,1246,False,0.6036633979422339,0.11560407087085803,0.38005026026810357,0.1915041913505587,0.012745201933128775
1549,train,train,1247,False,0.6060886238318703,0.11623068924686726,0.3839521353238338,0.19177177177823054,0.013629503640159817
1550,train,train,1248,False,0.62496688729346,0.11814242910322396,0.38706904431363626,0.1890379018556689,0.009010057959357267
1551,test,train,1249,False,0.6258408558101358,0.11844343748241101,0.3892543104766432,0.18925488226410028,0.0086162407698218
1552,train,train,1250,False,0.6179327221838358,0.11646001797918493,0.38245992692652264,0.18846714828048533,0.007969317729021512
1553,test,train,1251,False,0.6164894878678768,0.11580373652165525,0.3808660940687612,0.18784381372367176,0.006728554722632336
1554,test,train,1252,False,0.6155609920737902,0.11569337423391941,0.3821140456912009,0.18794786499410068,0.006761294973758863
1555,train,train,1253,False,0.61441012768322,0.11515973990451611,0.38130544548918277,0.1874313829082756,0.007108940100919422
1556,test,train,1254,False,0.6115968776672869,0.11216027531134477,0.3719481243002867,0.18338922157212315,0.0107148601693212
1557,test,train,1254,False,0.6115968776672869,0.11216027531134477,0.3719481243002867,0.18338922157212315,0.0107148601693212
1558,test,test,1255,False,0.6247827008514835,0.11243164111641893,0.385783165960893,0.17995319166678553,0.02021298234030305
1559,train,train,1256,False,0.627956646055699,0.11285315424895677,0.3909806484083238,0.1797148815253511,0.021860960631759598
1560,train,train,1257,False,0.6111223839578176,0.10960805325306146,0.3795714073537718,0.17935532412215996,0.022435373794126932
1561,train,train,1258,False,0.619202771818535,0.11049630259976563,0.38058568351346234,0.17844930227823325,0.02356704814009931
1562,train,train,1259,False,0.6108538585337088,0.10918922136466977,0.3779074718571857,0.17874851707864653,0.023993331927675134
1563,train,train,1260,False,0.6119321976198144,0.10916888142033385,0.37906195329452563,0.17840028984413575,0.026471801821690795
1564,test,test,1261,False,0.6071324852480999,0.10806364844374274,0.3734718545192233,0.1779902263005798,0.027559573374316283
1565,train,train,1262,False,0.5986379144839802,0.10607130633251717,0.3655026902304163,0.17718775200523268,0.02948432786180602
1566,test,test,1263,False,0.5981180717014656,0.10614715118408243,0.36672727430658114,0.17746855713977305,0.029780597273232744
1567,train,train,1264,False,0.5931112592258843,0.11289985206302537,0.37051455956960877,0.19035189487109008,0.009472616630864388
1568,train,train,1265,False,0.607007825576529,0.11503869524065738,0.37741417990442155,0.18951764770313292,0.010298049713073161
1569,train,train,1266,False,0.6063008002139894,0.1143948452534618,0.3748623273987134,0.18867671824461882,0.007991172353147046
1570,train,train,1267,False,0.6035487162409084,0.11356909259767811,0.3720139958505101,0.18816889099693923,0.008096831888767598
1571,train,train,1267,False,0.6035487162409084,0.11356909259767811,0.3720139958505101,0.18816889099693923,0.008096831888767598
1572,train,train,1267,False,0.6035487162409084,0.11356909259767811,0.3720139958505101,0.18816889099693923,0.008096831888767598
1573,train,test,1268,False,0.6020675384775971,0.11274741106873439,0.3679270596983773,0.18726704873315422,0.007815953622372755
1574,train,train,1269,False,0.6028313808361044,0.11265567060421508,0.36895487241472585,0.18687758166797142,0.007405634463856933
1575,train,test,1270,False,0.6006421040119445,0.11177254858724421,0.3685622560868542,0.18608843409522532,0.006759747340960841
1576,train,train,1271,False,0.6026438672839101,0.11133146897350361,0.36739470128873625,0.1847384085650282,0.00775362567403765
1577,train,test,1272,False,0.5996033095912938,0.10970577501603884,0.3619102404427777,0.1829639250837647,0.009700819283333847
1578,train,train,1273,False,0.6013003258491942,0.11013959363439936,0.36474221470858864,0.18316902369685778,0.009665959572723575
1579,train,train,1274,False,0.6037003245793361,0.11077104828038237,0.367860704177047,0.18348681252998936,0.010587983352675145
1580,train,train,1275,False,0.612447358065252,0.11220058285890633,0.3779775744960105,0.18320037041771703,0.013471003601033388
1581,train,train,1276,False,0.6055797287964255,0.1106459825718704,0.3724575783595329,0.18271084270237464,0.013802234912587738
1582,train,train,1277,False,0.6082496145782699,0.11101417441733721,0.3740280436710194,0.18251417141350584,0.015070199275779177
1583,test,test,1278,False,0.6090983786412408,0.11120876992680358,0.37726244447909196,0.1825793235156608,0.01614089849336333
1584,train,train,1279,False,0.6185202282727498,0.1110040834936101,0.37820661799995775,0.17946718380350282,0.02282721432790346
1585,train,train,1280,False,0.619100044843712,0.11119082002681922,0.3814176512617554,0.17960073004822455,0.024347253194604183
1586,test,train,1281,False,0.608152622951848,0.10891871861731044,0.375528406343681,0.17909767138492527,0.025857588122406735
1587,train,train,1282,False,0.6149003730828051,0.11003175074018164,0.37901521820197587,0.17894240361009553,0.02599438071799444
1588,train,train,1283,False,0.6026781932810477,0.10745438024011895,0.3707469077703969,0.17829478723151615,0.02782758717134965
1589,test,train,1283,False,0.6026781932810477,0.10745438024011895,0.3707469077703969,0.17829478723151615,0.02782758717134965
1590,train,train,1284,False,0.6025675818381575,0.10770602812926472,0.3727800920485797,0.1787451422472862,0.027987242368310537
1591,train,train,1285,False,0.6015984725916467,0.10742217243810927,0.37116289164454347,0.1785612453026046,0.028184884725867443
1592,train,train,1286,False,0.6131808590020845,0.11383844752223907,0.38287591080066913,0.18565231750303554,0.007937612960158593
1593,train,train,1286,False,0.6131808590020845,0.11383844752223907,0.38287591080066913,0.18565231750303554,0.007937612960158593
1594,train,train,1286,False,0.6131808590020845,0.11383844752223907,0.38287591080066913,0.18565231750303554,0.007937612960158593
1595,train,train,1287,False,0.6161690454919322,0.11497745470266599,0.3828525432543944,0.1866005044295453,0.007976095833482797
1596,train,train,1287,False,0.6161690454919322,0.11497745470266599,0.3828525432543944,0.1866005044295453,0.007976095833482797
1597,train,train,1287,False,0.6161690454919322,0.11497745470266599,0.3828525432543944,0.1866005044295453,0.007976095833482797
1598,test,train,1287,False,0.6161690454919322,0.11497745470266599,0.3828525432543944,0.1866005044295453,0.007976095833482797
1599,train,test,1288,False,0.6321926390312711,0.11692025146189781,0.39301383268650664,0.18494402535445278,0.008780898350648884
1600,test,test,1288,False,0.6321926390312711,0.11692025146189781,0.39301383268650664,0.18494402535445278,0.008780898350648884
1601,train,test,1289,False,0.6333272992650225,0.11754748623635904,0.39666421736872576,0.18560306238618343,0.00843519697853423
1602,train,train,1290,False,0.6151480133466066,0.11399816126672446,0.3832451595822659,0.18531826291129047,0.008314325405647015
1603,train,train,1290,False,0.6151480133466066,0.11399816126672446,0.3832451595822659,0.18531826291129047,0.008314325405647015
1604,train,train,1291,False,0.6159926299448754,0.1130234723292889,0.3839836571454594,0.1834818581180156,0.012261831369727352
1605,train,train,1292,False,0.6161501647088236,0.11229269456816915,0.3810717700264336,0.18224890781492487,0.014691917036861199
1606,test,train,1293,False,0.6129448323212171,0.11107416963283841,0.3798939210428187,0.1812139751830543,0.017174718959859715
1607,train,train,1293,False,0.6129448323212171,0.11107416963283841,0.3798939210428187,0.1812139751830543,0.017174718959859715
1608,train,train,1294,False,0.6083981005401122,0.11029048921366667,0.37758495816813886,0.18128013403683388,0.01651937519552998
1609,test,train,1295,False,0.6051534470391939,0.10983180813810833,0.3707936428629468,0.18149414611364656,0.014485244630664787
1610,train,train,1296,False,0.5942760407181462,0.10616723696952461,0.3607683899455622,0.1786497009726793,0.022014317522551022
1611,train,train,1296,False,0.5942760407181462,0.10616723696952461,0.3607683899455622,0.1786497009726793,0.022014317522551022
1612,test,train,1296,False,0.5942760407181462,0.10616723696952461,0.3607683899455622,0.1786497009726793,0.022014317522551022
1613,train,train,1297,False,0.584340312484236,0.10905260359744659,0.3600307979989027,0.18662515877746932,0.00778629551000318
1614,train,test,1298,False,0.5883746054085282,0.11030599141705945,0.36135167298590115,0.18747578566969306,0.008078441519595369
1615,train,train,1299,False,0.616260645466716,0.11534478449261643,0.3792021585721751,0.18716883082037752,0.00764545088636925
1616,test,train,1300,False,0.6230819973177715,0.11360528340071789,0.3765660500496464,0.18232798233581327,0.010295322718667137
1617,train,train,1300,False,0.6230819973177715,0.11360528340071789,0.3765660500496464,0.18232798233581327,0.010295322718667137
1618,train,train,1301,False,0.6204467948454568,0.11330644951374151,0.37501895228443494,0.18262073469484888,0.010717186268564476
1619,train,train,1302,False,0.6208137548229172,0.11233051512851952,0.3700972484335012,0.18094076404695802,0.013755141389503314
1620,test,train,1303,False,0.6313533125807346,0.11346720054632115,0.37591639071275085,0.1797206069649179,0.016087255970046965
1621,train,train,1303,False,0.6313533125807346,0.11346720054632115,0.37591639071275085,0.1797206069649179,0.016087255970046965
1622,train,train,1303,False,0.6313533125807346,0.11346720054632115,0.37591639071275085,0.1797206069649179,0.016087255970046965
1623,train,train,1304,False,0.6259941088516338,0.11207019136248407,0.37517789314955746,0.17902754958520817,0.018962668353790506
1624,train,train,1305,False,0.6251984519755608,0.11159067514496343,0.37395330907339275,0.17848840602907562,0.020153639189093443
1625,train,train,1305,False,0.6251984519755608,0.11159067514496343,0.37395330907339275,0.17848840602907562,0.020153639189093443
1626,train,train,1306,False,0.6081569041585537,0.10769774717743967,0.3649465010786203,0.17708875199970037,0.02452952012134286
1627,test,train,1307,False,0.6131533266749923,0.11530828584055011,0.3805724467472127,0.18805783288471065,0.011481089046476376
1628,train,train,1308,False,0.6307658819433666,0.11915364922681468,0.3951457653235543,0.18890312973128262,0.01158607863701058
1629,test,test,1309,False,0.6329924199298192,0.11860368389639062,0.3939039664837384,0.1873698328165452,0.011599584066853299
1630,train,test,1309,False,0.6329924199298192,0.11860368389639062,0.3939039664837384,0.1873698328165452,0.011599584066853299
1631,train,test,1309,False,0.6329924199298192,0.11860368389639062,0.3939039664837384,0.1873698328165452,0.011599584066853299
1632,test,train,1310,False,0.6337046603143744,0.11800296902777514,0.39021878329885545,0.1862113006542118,0.009805123898575711
1633,train,train,1311,False,0.6143975415007433,0.11424193266494043,0.37844029346270674,0.18594138965121854,0.010015752294853702
1634,test,train,1311,False,0.6143975415007433,0.11424193266494043,0.37844029346270674,0.18594138965121854,0.010015752294853702
1635,train,train,1312,False,0.6135166248937806,0.11348218562837642,0.37719234184026723,0.18497002529967926,0.00987891313723587
1636,train,test,1313,False,0.6125058399800569,0.11258597563615269,0.3776083257144137,0.18381208518733222,0.011750281807562215
1637,train,train,1314,False,0.6064363166206467,0.11168951180189336,0.3769165632437701,0.18417352117742677,0.01166903958866659
1638,train,train,1315,False,0.6035094141835637,0.110818189309996,0.37346107636261966,0.18362296710799855,0.012990029217597293
1639,train,train,1316,False,0.6037680093418802,0.11019906791545037,0.36885392876986356,0.1825188917106914,0.013706969531101915
1640,train,train,1317,False,0.6059590269376615,0.10995609092605035,0.3716256106112399,0.18145796339025771,0.0157314541361167
1641,train,train,1318,False,0.6029456601896321,0.1085011462823334,0.3663346579787095,0.17995178246777455,0.01812463835610657
1642,train,train,1319,False,0.6017400044381702,0.10817635938395889,0.36554942532296625,0.17977259046448224,0.018938301641679225
1643,train,test,1320,False,0.6099193336362431,0.1169869185964433,0.38256462186085355,0.19180719833717308,0.013324182085505835
1644,train,test,1320,False,0.6099193336362431,0.1169869185964433,0.38256462186085355,0.19180719833717308,0.013324182085505835
1645,train,train,1321,False,0.6253963275390303,0.11753392155160562,0.39368685956967725,0.18793510031328167,0.007692246134876332
1646,train,test,1322,False,0.6183029345619439,0.11502963003669923,0.3836144083638626,0.18604089291310835,0.006916885983652845
1647,train,train,1323,False,0.6205005889107189,0.11478259985612865,0.38192710532100155,0.1849838693265837,0.006727148609696057
1648,train,train,1323,False,0.6205005889107189,0.11478259985612865,0.38192710532100155,0.1849838693265837,0.006727148609696057
1649,train,train,1323,False,0.6205005889107189,0.11478259985612865,0.38192710532100155,0.1849838693265837,0.006727148609696057
1650,test,train,1323,False,0.6205005889107189,0.11478259985612865,0.38192710532100155,0.1849838693265837,0.006727148609696057
1651,train,train,1323,False,0.6205005889107189,0.11478259985612865,0.38192710532100155,0.1849838693265837,0.006727148609696057
1652,train,train,1324,False,0.6219844106913439,0.11520127619718767,0.3843529059270561,0.1852156970769411,0.00587217700201012
1653,train,train,1325,False,0.6145842713795553,0.1128908779738528,0.3743038222675164,0.18368657193332824,0.008422678289574137
1654,train,train,1326,False,0.6141305971981617,0.11255504162441597,0.3739112059396448,0.1832754175381003,0.009677770490020816
1655,train,train,1327,False,0.6155886770776592,0.11227657738976576,0.37913205593335036,0.18238895803406985,0.014036419248341472
1656,train,train,1328,False,0.6160966005859061,0.11202562025406608,0.3794779371686721,0.18183125851941082,0.01538512209708633
1657,test,train,1329,False,0.6102645427911945,0.11000559764356778,0.3738878383933698,0.18025887124365805,0.018413572165844855
1658,train,train,1330,False,0.5987431500250826,0.11223470853751427,0.37045475111628084,0.18745050950948253,0.008829922888492004
1659,train,train,1330,False,0.5987431500250826,0.11223470853751427,0.37045475111628084,0.18745050950948253,0.008829922888492004
1660,train,train,1330,False,0.5987431500250826,0.11223470853751427,0.37045475111628084,0.18745050950948253,0.008829922888492004
1661,train,train,1330,False,0.5987431500250826,0.11223470853751427,0.37045475111628084,0.18745050950948253,0.008829922888492004
1662,test,train,1331,False,0.6173892165623611,0.11614450486932563,0.3808427265224864,0.18812201728436592,0.008534092921969645
1663,train,train,1332,False,0.6154220806780516,0.1151055230585987,0.3804267426483399,0.18703508806797972,0.005738362449816387
1664,train,train,1333,False,0.6163904821727123,0.11423026162202264,0.38564759264204557,0.18532126132021515,0.005787065437887064
1665,test,train,1334,False,0.6168788145566476,0.11293548611277758,0.3807726238836617,0.18307564378579705,0.010274995445026254
1666,test,train,1335,False,0.6100656096832564,0.11155473198566748,0.37603786040292736,0.18285694229443003,0.010801272938370843
1667,train,train,1335,False,0.6100656096832564,0.11155473198566748,0.37603786040292736,0.18285694229443003,0.010801272938370843
1668,train,train,1336,False,0.6133719396395282,0.11149839998638515,0.37636037409197415,0.18177942742524464,0.016299616495903155
1669,train,train,1337,False,0.6121455414735436,0.11065057286859713,0.3751124224695345,0.1807586029332852,0.018396506417462745
1670,train,test,1338,False,0.609965683563935,0.11001197598872178,0.37231737308188345,0.18035764790231945,0.018338790369300827
1671,train,train,1339,False,0.5873040804850483,0.11138485788238908,0.3624664758413478,0.18965449344468624,0.01197489484379889
1672,train,test,1340,False,0.5901377860087255,0.11242536608871326,0.36616282007305434,0.19050697778408482,0.011864477508413723
1673,train,train,1341,False,0.6106311930488323,0.11628108256341702,0.3813052204858549,0.1904276818595443,0.012435971790338585
1674,train,train,1342,False,0.626951014507669,0.11836249886505723,0.39042909121532976,0.18879066486239715,0.010730094540788652
1675,train,train,1342,False,0.626951014507669,0.11836249886505723,0.39042909121532976,0.18879066486239715,0.010730094540788652
1676,train,train,1342,False,0.626951014507669,0.11836249886505723,0.39042909121532976,0.18879066486239715,0.010730094540788652
1677,train,train,1343,False,0.6379880108641144,0.12043108121202835,0.3975195526632938,0.18876699743763534,0.00791621281278849
1678,train,test,1344,False,0.6168864556790009,0.11656414434271951,0.3837546136415122,0.1889555902381071,0.008160553891982286
1679,train,test,1344,False,0.6168864556790009,0.11656414434271951,0.3837546136415122,0.1889555902381071,0.008160553891982286
1680,train,test,1344,False,0.6168864556790009,0.11656414434271951,0.3837546136415122,0.1889555902381071,0.008160553891982286
1681,train,test,1344,False,0.6168864556790009,0.11656414434271951,0.3837546136415122,0.1889555902381071,0.008160553891982286
1682,train,test,1344,False,0.6168864556790009,0.11656414434271951,0.3837546136415122,0.1889555902381071,0.008160553891982286
1683,train,test,1344,False,0.6168864556790009,0.11656414434271951,0.3837546136415122,0.1889555902381071,0.008160553891982286
1684,test,test,1344,False,0.6168864556790009,0.11656414434271951,0.3837546136415122,0.1889555902381071,0.008160553891982286
1685,train,test,1344,False,0.6168864556790009,0.11656414434271951,0.3837546136415122,0.1889555902381071,0.008160553891982286
1686,train,test,1344,False,0.6168864556790009,0.11656414434271951,0.3837546136415122,0.1889555902381071,0.008160553891982286
1687,train,test,1344,False,0.6168864556790009,0.11656414434271951,0.3837546136415122,0.1889555902381071,0.008160553891982286
1688,train,test,1344,False,0.6168864556790009,0.11656414434271951,0.3837546136415122,0.1889555902381071,0.008160553891982286
1689,train,test,1344,False,0.6168864556790009,0.11656414434271951,0.3837546136415122,0.1889555902381071,0.008160553891982286
1690,train,test,1344,False,0.6168864556790009,0.11656414434271951,0.3837546136415122,0.1889555902381071,0.008160553891982286
1691,test,test,1344,False,0.6168864556790009,0.11656414434271951,0.3837546136415122,0.1889555902381071,0.008160553891982286
1692,train,test,1344,False,0.6168864556790009,0.11656414434271951,0.3837546136415122,0.1889555902381071,0.008160553891982286
1693,train,test,1344,False,0.6168864556790009,0.11656414434271951,0.3837546136415122,0.1889555902381071,0.008160553891982286
1694,test,test,1344,False,0.6168864556790009,0.11656414434271951,0.3837546136415122,0.1889555902381071,0.008160553891982286
1695,train,test,1344,False,0.6168864556790009,0.11656414434271951,0.3837546136415122,0.1889555902381071,0.008160553891982286
1696,train,test,1344,False,0.6168864556790009,0.11656414434271951,0.3837546136415122,0.1889555902381071,0.008160553891982286
1697,train,test,1344,False,0.6168864556790009,0.11656414434271951,0.3837546136415122,0.1889555902381071,0.008160553891982286
1698,train,test,1344,False,0.6168864556790009,0.11656414434271951,0.3837546136415122,0.1889555902381071,0.008160553891982286
1699,train,test,1344,False,0.6168864556790009,0.11656414434271951,0.3837546136415122,0.1889555902381071,0.008160553891982286
1700,train,test,1344,False,0.6168864556790009,0.11656414434271951,0.3837546136415122,0.1889555902381071,0.008160553891982286
1701,train,test,1344,False,0.6168864556790009,0.11656414434271951,0.3837546136415122,0.1889555902381071,0.008160553891982286
1702,train,test,1344,False,0.6168864556790009,0.11656414434271951,0.3837546136415122,0.1889555902381071,0.008160553891982286
1703,test,test,1344,False,0.6168864556790009,0.11656414434271951,0.3837546136415122,0.1889555902381071,0.008160553891982286
1704,train,test,1344,False,0.6168864556790009,0.11656414434271951,0.3837546136415122,0.1889555902381071,0.008160553891982286
1705,train,test,1344,False,0.6168864556790009,0.11656414434271951,0.3837546136415122,0.1889555902381071,0.008160553891982286
1706,train,test,1344,False,0.6168864556790009,0.11656414434271951,0.3837546136415122,0.1889555902381071,0.008160553891982286
1707,train,test,1344,False,0.6168864556790009,0.11656414434271951,0.3837546136415122,0.1889555902381071,0.008160553891982286
1708,train,test,1344,False,0.6168864556790009,0.11656414434271951,0.3837546136415122,0.1889555902381071,0.008160553891982286
1709,train,test,1344,False,0.6168864556790009,0.11656414434271951,0.3837546136415122,0.1889555902381071,0.008160553891982286
1710,train,test,1344,False,0.6168864556790009,0.11656414434271951,0.3837546136415122,0.1889555902381071,0.008160553891982286
1711,train,test,1344,False,0.6168864556790009,0.11656414434271951,0.3837546136415122,0.1889555902381071,0.008160553891982286
1712,train,test,1344,False,0.6168864556790009,0.11656414434271951,0.3837546136415122,0.1889555902381071,0.008160553891982286
1713,train,test,1344,False,0.6168864556790009,0.11656414434271951,0.3837546136415122,0.1889555902381071,0.008160553891982286
1714,train,test,1344,False,0.6168864556790009,0.11656414434271951,0.3837546136415122,0.1889555902381071,0.008160553891982286
1715,train,test,1344,False,0.6168864556790009,0.11656414434271951,0.3837546136415122,0.1889555902381071,0.008160553891982286
1716,train,test,1344,False,0.6168864556790009,0.11656414434271951,0.3837546136415122,0.1889555902381071,0.008160553891982286
1717,train,test,1344,False,0.6168864556790009,0.11656414434271951,0.3837546136415122,0.1889555902381071,0.008160553891982286
1718,test,test,1344,False,0.6168864556790009,0.11656414434271951,0.3837546136415122,0.1889555902381071,0.008160553891982286
1719,train,test,1344,False,0.6168864556790009,0.11656414434271951,0.3837546136415122,0.1889555902381071,0.008160553891982286
1720,test,test,1344,False,0.6168864556790009,0.11656414434271951,0.3837546136415122,0.1889555902381071,0.008160553891982286
1721,train,test,1344,False,0.6168864556790009,0.11656414434271951,0.3837546136415122,0.1889555902381071,0.008160553891982286
1722,train,test,1344,False,0.6168864556790009,0.11656414434271951,0.3837546136415122,0.1889555902381071,0.008160553891982286
1723,train,test,1344,False,0.6168864556790009,0.11656414434271951,0.3837546136415122,0.1889555902381071,0.008160553891982286
1724,train,test,1344,False,0.6168864556790009,0.11656414434271951,0.3837546136415122,0.1889555902381071,0.008160553891982286
1725,train,test,1344,False,0.6168864556790009,0.11656414434271951,0.3837546136415122,0.1889555902381071,0.008160553891982286
1726,train,test,1344,False,0.6168864556790009,0.11656414434271951,0.3837546136415122,0.1889555902381071,0.008160553891982286
1727,train,test,1344,False,0.6168864556790009,0.11656414434271951,0.3837546136415122,0.1889555902381071,0.008160553891982286
1728,test,test,1344,False,0.6168864556790009,0.11656414434271951,0.3837546136415122,0.1889555902381071,0.008160553891982286
1729,test,test,1344,False,0.6168864556790009,0.11656414434271951,0.3837546136415122,0.1889555902381071,0.008160553891982286
1730,test,test,1344,False,0.6168864556790009,0.11656414434271951,0.3837546136415122,0.1889555902381071,0.008160553891982286
1731,train,test,1344,False,0.6168864556790009,0.11656414434271951,0.3837546136415122,0.1889555902381071,0.008160553891982286
1732,train,test,1344,False,0.6168864556790009,0.11656414434271951,0.3837546136415122,0.1889555902381071,0.008160553891982286
1733,train,test,1344,False,0.6168864556790009,0.11656414434271951,0.3837546136415122,0.1889555902381071,0.008160553891982286
1734,train,test,1344,False,0.6168864556790009,0.11656414434271951,0.3837546136415122,0.1889555902381071,0.008160553891982286
1735,train,test,1344,False,0.6168864556790009,0.11656414434271951,0.3837546136415122,0.1889555902381071,0.008160553891982286
1736,train,test,1344,False,0.6168864556790009,0.11656414434271951,0.3837546136415122,0.1889555902381071,0.008160553891982286
1737,train,test,1344,False,0.6168864556790009,0.11656414434271951,0.3837546136415122,0.1889555902381071,0.008160553891982286
1738,test,test,1344,False,0.6168864556790009,0.11656414434271951,0.3837546136415122,0.1889555902381071,0.008160553891982286
1739,test,test,1344,False,0.6168864556790009,0.11656414434271951,0.3837546136415122,0.1889555902381071,0.008160553891982286
1740,train,test,1344,False,0.6168864556790009,0.11656414434271951,0.3837546136415122,0.1889555902381071,0.008160553891982286
1741,train,test,1344,False,0.6168864556790009,0.11656414434271951,0.3837546136415122,0.1889555902381071,0.008160553891982286
1742,train,test,1344,False,0.6168864556790009,0.11656414434271951,0.3837546136415122,0.1889555902381071,0.008160553891982286
1743,test,test,1344,False,0.6168864556790009,0.11656414434271951,0.3837546136415122,0.1889555902381071,0.008160553891982286
1744,test,test,1344,False,0.6168864556790009,0.11656414434271951,0.3837546136415122,0.1889555902381071,0.008160553891982286
1745,train,test,1344,False,0.6168864556790009,0.11656414434271951,0.3837546136415122,0.1889555902381071,0.008160553891982286
1746,test,test,1344,False,0.6168864556790009,0.11656414434271951,0.3837546136415122,0.1889555902381071,0.008160553891982286
1747,test,test,1344,False,0.6168864556790009,0.11656414434271951,0.3837546136415122,0.1889555902381071,0.008160553891982286
1748,train,test,1344,False,0.6168864556790009,0.11656414434271951,0.3837546136415122,0.1889555902381071,0.008160553891982286
1749,train,test,1344,False,0.6168864556790009,0.11656414434271951,0.3837546136415122,0.1889555902381071,0.008160553891982286
1750,train,test,1344,False,0.6168864556790009,0.11656414434271951,0.3837546136415122,0.1889555902381071,0.008160553891982286
1751,train,test,1344,False,0.6168864556790009,0.11656414434271951,0.3837546136415122,0.1889555902381071,0.008160553891982286
1752,test,test,1344,False,0.6168864556790009,0.11656414434271951,0.3837546136415122,0.1889555902381071,0.008160553891982286
1753,train,test,1344,False,0.6168864556790009,0.11656414434271951,0.3837546136415122,0.1889555902381071,0.008160553891982286
1754,train,test,1344,False,0.6168864556790009,0.11656414434271951,0.3837546136415122,0.1889555902381071,0.008160553891982286
1755,train,test,1344,False,0.6168864556790009,0.11656414434271951,0.3837546136415122,0.1889555902381071,0.008160553891982286
1756,test,test,1344,False,0.6168864556790009,0.11656414434271951,0.3837546136415122,0.1889555902381071,0.008160553891982286
1757,train,test,1344,False,0.6168864556790009,0.11656414434271951,0.3837546136415122,0.1889555902381071,0.008160553891982286
1758,train,test,1344,False,0.6168864556790009,0.11656414434271951,0.3837546136415122,0.1889555902381071,0.008160553891982286
1759,train,test,1344,False,0.6168864556790009,0.11656414434271951,0.3837546136415122,0.1889555902381071,0.008160553891982286
1760,train,test,1344,False,0.6168864556790009,0.11656414434271951,0.3837546136415122,0.1889555902381071,0.008160553891982286
1761,train,test,1344,False,0.6168864556790009,0.11656414434271951,0.3837546136415122,0.1889555902381071,0.008160553891982286
1762,train,test,1344,False,0.6168864556790009,0.11656414434271951,0.3837546136415122,0.1889555902381071,0.008160553891982286
1763,train,test,1344,False,0.6168864556790009,0.11656414434271951,0.3837546136415122,0.1889555902381071,0.008160553891982286
1764,train,test,1344,False,0.6168864556790009,0.11656414434271951,0.3837546136415122,0.1889555902381071,0.008160553891982286
1765,test,test,1344,False,0.6168864556790009,0.11656414434271951,0.3837546136415122,0.1889555902381071,0.008160553891982286
1766,train,test,1344,False,0.6168864556790009,0.11656414434271951,0.3837546136415122,0.1889555902381071,0.008160553891982286
1767,test,test,1344,False,0.6168864556790009,0.11656414434271951,0.3837546136415122,0.1889555902381071,0.008160553891982286
1768,train,test,1344,False,0.6168864556790009,0.11656414434271951,0.3837546136415122,0.1889555902381071,0.008160553891982286
1769,test,test,1344,False,0.6168864556790009,0.11656414434271951,0.3837546136415122,0.1889555902381071,0.008160553891982286
1770,test,test,1344,False,0.6168864556790009,0.11656414434271951,0.3837546136415122,0.1889555902381071,0.008160553891982286
1771,train,test,1344,False,0.6168864556790009,0.11656414434271951,0.3837546136415122,0.1889555902381071,0.008160553891982286
1772,train,test,1344,False,0.6168864556790009,0.11656414434271951,0.3837546136415122,0.1889555902381071,0.008160553891982286
1773,test,test,1344,False,0.6168864556790009,0.11656414434271951,0.3837546136415122,0.1889555902381071,0.008160553891982286
1774,train,test,1344,False,0.6168864556790009,0.11656414434271951,0.3837546136415122,0.1889555902381071,0.008160553891982286
1775,train,test,1344,False,0.6168864556790009,0.11656414434271951,0.3837546136415122,0.1889555902381071,0.008160553891982286
1776,train,test,1344,False,0.6168864556790009,0.11656414434271951,0.3837546136415122,0.1889555902381071,0.008160553891982286
1777,train,test,1344,False,0.6168864556790009,0.11656414434271951,0.3837546136415122,0.1889555902381071,0.008160553891982286
1778,train,test,1344,False,0.6168864556790009,0.11656414434271951,0.3837546136415122,0.1889555902381071,0.008160553891982286
1779,test,test,1344,False,0.6168864556790009,0.11656414434271951,0.3837546136415122,0.1889555902381071,0.008160553891982286
1780,train,test,1344,False,0.6168864556790009,0.11656414434271951,0.3837546136415122,0.1889555902381071,0.008160553891982286
1781,train,test,1344,False,0.6168864556790009,0.11656414434271951,0.3837546136415122,0.1889555902381071,0.008160553891982286
1782,train,test,1344,False,0.6168864556790009,0.11656414434271951,0.3837546136415122,0.1889555902381071,0.008160553891982286
1783,train,test,1344,False,0.6168864556790009,0.11656414434271951,0.3837546136415122,0.1889555902381071,0.008160553891982286
1784,train,test,1344,False,0.6168864556790009,0.11656414434271951,0.3837546136415122,0.1889555902381071,0.008160553891982286
1785,train,test,1344,False,0.6168864556790009,0.11656414434271951,0.3837546136415122,0.1889555902381071,0.008160553891982286
1786,test,test,1344,False,0.6168864556790009,0.11656414434271951,0.3837546136415122,0.1889555902381071,0.008160553891982286
1787,train,test,1344,False,0.6168864556790009,0.11656414434271951,0.3837546136415122,0.1889555902381071,0.008160553891982286
1788,test,test,1344,False,0.6168864556790009,0.11656414434271951,0.3837546136415122,0.1889555902381071,0.008160553891982286
1789,test,test,1344,False,0.6168864556790009,0.11656414434271951,0.3837546136415122,0.1889555902381071,0.008160553891982286
1790,train,test,1344,False,0.6168864556790009,0.11656414434271951,0.3837546136415122,0.1889555902381071,0.008160553891982286
1791,train,test,1344,False,0.6168864556790009,0.11656414434271951,0.3837546136415122,0.1889555902381071,0.008160553891982286
1792,train,test,1344,False,0.6168864556790009,0.11656414434271951,0.3837546136415122,0.1889555902381071,0.008160553891982286
1793,test,test,1344,False,0.6168864556790009,0.11656414434271951,0.3837546136415122,0.1889555902381071,0.008160553891982286
1794,train,test,1344,False,0.6168864556790009,0.11656414434271951,0.3837546136415122,0.1889555902381071,0.008160553891982286
1795,train,test,1344,False,0.6168864556790009,0.11656414434271951,0.3837546136415122,0.1889555902381071,0.008160553891982286
1796,train,test,1344,False,0.6168864556790009,0.11656414434271951,0.3837546136415122,0.1889555902381071,0.008160553891982286
1797,train,test,1344,False,0.6168864556790009,0.11656414434271951,0.3837546136415122,0.1889555902381071,0.008160553891982286
1798,train,test,1344,False,0.6168864556790009,0.11656414434271951,0.3837546136415122,0.1889555902381071,0.008160553891982286
1799,train,test,1344,False,0.6168864556790009,0.11656414434271951,0.3837546136415122,0.1889555902381071,0.008160553891982286
1800,train,test,1344,False,0.6168864556790009,0.11656414434271951,0.3837546136415122,0.1889555902381071,0.008160553891982286
1801,train,test,1344,False,0.6168864556790009,0.11656414434271951,0.3837546136415122,0.1889555902381071,0.008160553891982286
1802,train,test,1344,False,0.6168864556790009,0.11656414434271951,0.3837546136415122,0.1889555902381071,0.008160553891982286
1803,test,test,1344,False,0.6168864556790009,0.11656414434271951,0.3837546136415122,0.1889555902381071,0.008160553891982286
1804,train,test,1344,False,0.6168864556790009,0.11656414434271951,0.3837546136415122,0.1889555902381071,0.008160553891982286
1805,train,test,1344,False,0.6168864556790009,0.11656414434271951,0.3837546136415122,0.1889555902381071,0.008160553891982286
1806,train,test,1344,False,0.6168864556790009,0.11656414434271951,0.3837546136415122,0.1889555902381071,0.008160553891982286
1807,train,test,1344,False,0.6168864556790009,0.11656414434271951,0.3837546136415122,0.1889555902381071,0.008160553891982286
1808,train,test,1344,False,0.6168864556790009,0.11656414434271951,0.3837546136415122,0.1889555902381071,0.008160553891982286
1809,train,test,1344,False,0.6168864556790009,0.11656414434271951,0.3837546136415122,0.1889555902381071,0.008160553891982286
1810,train,test,1344,False,0.6168864556790009,0.11656414434271951,0.3837546136415122,0.1889555902381071,0.008160553891982286
1811,train,test,1344,False,0.6168864556790009,0.11656414434271951,0.3837546136415122,0.1889555902381071,0.008160553891982286
1812,test,test,1344,False,0.6168864556790009,0.11656414434271951,0.3837546136415122,0.1889555902381071,0.008160553891982286
1813,test,test,1344,False,0.6168864556790009,0.11656414434271951,0.3837546136415122,0.1889555902381071,0.008160553891982286
1814,train,test,1344,False,0.6168864556790009,0.11656414434271951,0.3837546136415122,0.1889555902381071,0.008160553891982286
1815,train,test,1344,False,0.6168864556790009,0.11656414434271951,0.3837546136415122,0.1889555902381071,0.008160553891982286
1816,train,test,1344,False,0.6168864556790009,0.11656414434271951,0.3837546136415122,0.1889555902381071,0.008160553891982286
1817,train,test,1344,False,0.6168864556790009,0.11656414434271951,0.3837546136415122,0.1889555902381071,0.008160553891982286
1818,train,test,1344,False,0.6168864556790009,0.11656414434271951,0.3837546136415122,0.1889555902381071,0.008160553891982286
1819,train,test,1344,False,0.6168864556790009,0.11656414434271951,0.3837546136415122,0.1889555902381071,0.008160553891982286
1820,train,test,1344,False,0.6168864556790009,0.11656414434271951,0.3837546136415122,0.1889555902381071,0.008160553891982286
1821,train,test,1344,False,0.6168864556790009,0.11656414434271951,0.3837546136415122,0.1889555902381071,0.008160553891982286
1822,train,test,1344,False,0.6168864556790009,0.11656414434271951,0.3837546136415122,0.1889555902381071,0.008160553891982286
1823,train,test,1344,False,0.6168864556790009,0.11656414434271951,0.3837546136415122,0.1889555902381071,0.008160553891982286
1824,train,test,1344,False,0.6168864556790009,0.11656414434271951,0.3837546136415122,0.1889555902381071,0.008160553891982286
1825,train,test,1344,False,0.6168864556790009,0.11656414434271951,0.3837546136415122,0.1889555902381071,0.008160553891982286
1826,train,test,1344,False,0.6168864556790009,0.11656414434271951,0.3837546136415122,0.1889555902381071,0.008160553891982286
1827,train,test,1344,False,0.6168864556790009,0.11656414434271951,0.3837546136415122,0.1889555902381071,0.008160553891982286
1828,train,test,1344,False,0.6168864556790009,0.11656414434271951,0.3837546136415122,0.1889555902381071,0.008160553891982286
1829,train,test,1344,False,0.6168864556790009,0.11656414434271951,0.3837546136415122,0.1889555902381071,0.008160553891982286
1830,train,test,1344,False,0.6168864556790009,0.11656414434271951,0.3837546136415122,0.1889555902381071,0.008160553891982286
1831,train,test,1344,False,0.6168864556790009,0.11656414434271951,0.3837546136415122,0.1889555902381071,0.008160553891982286
1832,train,test,1344,False,0.6168864556790009,0.11656414434271951,0.3837546136415122,0.1889555902381071,0.008160553891982286
1833,test,test,1344,False,0.6168864556790009,0.11656414434271951,0.3837546136415122,0.1889555902381071,0.008160553891982286
1834,train,test,1344,False,0.6168864556790009,0.11656414434271951,0.3837546136415122,0.1889555902381071,0.008160553891982286
1835,train,test,1344,False,0.6168864556790009,0.11656414434271951,0.3837546136415122,0.1889555902381071,0.008160553891982286
1836,train,test,1344,False,0.6168864556790009,0.11656414434271951,0.3837546136415122,0.1889555902381071,0.008160553891982286
1837,test,test,1344,False,0.6168864556790009,0.11656414434271951,0.3837546136415122,0.1889555902381071,0.008160553891982286
1838,train,test,1344,False,0.6168864556790009,0.11656414434271951,0.3837546136415122,0.1889555902381071,0.008160553891982286
1839,train,test,1344,False,0.6168864556790009,0.11656414434271951,0.3837546136415122,0.1889555902381071,0.008160553891982286
1840,train,test,1344,False,0.6168864556790009,0.11656414434271951,0.3837546136415122,0.1889555902381071,0.008160553891982286
1841,train,test,1344,False,0.6168864556790009,0.11656414434271951,0.3837546136415122,0.1889555902381071,0.008160553891982286
1842,test,test,1344,False,0.6168864556790009,0.11656414434271951,0.3837546136415122,0.1889555902381071,0.008160553891982286
1843,train,test,1344,False,0.6168864556790009,0.11656414434271951,0.3837546136415122,0.1889555902381071,0.008160553891982286
1844,test,test,1344,False,0.6168864556790009,0.11656414434271951,0.3837546136415122,0.1889555902381071,0.008160553891982286
1845,train,test,1344,False,0.6168864556790009,0.11656414434271951,0.3837546136415122,0.1889555902381071,0.008160553891982286
1846,test,test,1344,False,0.6168864556790009,0.11656414434271951,0.3837546136415122,0.1889555902381071,0.008160553891982286
1847,train,test,1344,False,0.6168864556790009,0.11656414434271951,0.3837546136415122,0.1889555902381071,0.008160553891982286
1848,train,test,1344,False,0.6168864556790009,0.11656414434271951,0.3837546136415122,0.1889555902381071,0.008160553891982286
1849,train,test,1344,False,0.6168864556790009,0.11656414434271951,0.3837546136415122,0.1889555902381071,0.008160553891982286
1850,train,test,1344,False,0.6168864556790009,0.11656414434271951,0.3837546136415122,0.1889555902381071,0.008160553891982286
1851,train,test,1344,False,0.6168864556790009,0.11656414434271951,0.3837546136415122,0.1889555902381071,0.008160553891982286
1852,train,test,1344,False,0.6168864556790009,0.11656414434271951,0.3837546136415122,0.1889555902381071,0.008160553891982286
1853,train,test,1344,False,0.6168864556790009,0.11656414434271951,0.3837546136415122,0.1889555902381071,0.008160553891982286
1854,train,test,1344,False,0.6168864556790009,0.11656414434271951,0.3837546136415122,0.1889555902381071,0.008160553891982286
1855,train,test,1344,False,0.6168864556790009,0.11656414434271951,0.3837546136415122,0.1889555902381071,0.008160553891982286
1856,train,test,1344,False,0.6168864556790009,0.11656414434271951,0.3837546136415122,0.1889555902381071,0.008160553891982286
1857,train,test,1344,False,0.6168864556790009,0.11656414434271951,0.3837546136415122,0.1889555902381071,0.008160553891982286
1858,train,test,1344,False,0.6168864556790009,0.11656414434271951,0.3837546136415122,0.1889555902381071,0.008160553891982286
1859,test,test,1344,False,0.6168864556790009,0.11656414434271951,0.3837546136415122,0.1889555902381071,0.008160553891982286
1860,train,test,1344,False,0.6168864556790009,0.11656414434271951,0.3837546136415122,0.1889555902381071,0.008160553891982286
1861,train,test,1344,False,0.6168864556790009,0.11656414434271951,0.3837546136415122,0.1889555902381071,0.008160553891982286
1862,test,test,1344,False,0.6168864556790009,0.11656414434271951,0.3837546136415122,0.1889555902381071,0.008160553891982286
1863,train,test,1344,False,0.6168864556790009,0.11656414434271951,0.3837546136415122,0.1889555902381071,0.008160553891982286
1864,test,test,1344,False,0.6168864556790009,0.11656414434271951,0.3837546136415122,0.1889555902381071,0.008160553891982286
1865,train,test,1344,False,0.6168864556790009,0.11656414434271951,0.3837546136415122,0.1889555902381071,0.008160553891982286
1866,train,test,1344,False,0.6168864556790009,0.11656414434271951,0.3837546136415122,0.1889555902381071,0.008160553891982286
1867,train,test,1344,False,0.6168864556790009,0.11656414434271951,0.3837546136415122,0.1889555902381071,0.008160553891982286
1868,train,test,1344,False,0.6168864556790009,0.11656414434271951,0.3837546136415122,0.1889555902381071,0.008160553891982286
1869,train,test,1344,False,0.6168864556790009,0.11656414434271951,0.3837546136415122,0.1889555902381071,0.008160553891982286
1870,test,test,1344,False,0.6168864556790009,0.11656414434271951,0.3837546136415122,0.1889555902381071,0.008160553891982286
1871,test,test,1344,False,0.6168864556790009,0.11656414434271951,0.3837546136415122,0.1889555902381071,0.008160553891982286
1872,train,test,1344,False,0.6168864556790009,0.11656414434271951,0.3837546136415122,0.1889555902381071,0.008160553891982286
1873,train,test,1344,False,0.6168864556790009,0.11656414434271951,0.3837546136415122,0.1889555902381071,0.008160553891982286
1874,train,test,1344,False,0.6168864556790009,0.11656414434271951,0.3837546136415122,0.1889555902381071,0.008160553891982286
1875,train,test,1344,False,0.6168864556790009,0.11656414434271951,0.3837546136415122,0.1889555902381071,0.008160553891982286
1876,train,train,1345,False,0.618221956924161,0.11693321352785865,0.3853250789529986,0.18914438773678685,0.0075920440052152
1877,test,train,1346,False,0.6182606723384848,0.11603751661686976,0.38368451100268736,0.1876838068609055,0.006786322739982578
1878,train,train,1347,False,0.6182092798708814,0.11577215721365834,0.38245992692652264,0.18727017044751967,0.0068760945657006
1879,train,train,1348,False,0.617339522242538,0.11386203005619856,0.3791787910259003,0.18443988429994748,0.008065599199046643
1880,train,train,1349,False,0.6069953576146988,0.10909526718962144,0.3683444747106174,0.17972998610455868,0.020048512996059743
1881,test,test,1350,False,0.6010934677060457,0.10801349370938532,0.3637597474971491,0.17969500504072594,0.01987816676542372
1882,train,test,1351,False,0.6245859652645599,0.11662885509200514,0.385892599179041,0.18672986838986033,0.009574760945302269
1883,train,test,1351,False,0.6245859652645599,0.11662885509200514,0.385892599179041,0.18672986838986033,0.009574760945302269
1884,train,train,1352,False,0.63998035052118,0.12032336549988047,0.39936713189125583,0.1880110309666428,0.00940104850498704
1885,train,train,1353,False,0.6230682075316728,0.1172928503548135,0.3893942470610203,0.188250417750373,0.009684665658035682
1886,test,train,1353,False,0.6230682075316728,0.1172928503548135,0.3893942470610203,0.188250417750373,0.009684665658035682
1887,train,train,1354,False,0.6300406852161788,0.11636160650973068,0.3865683986166364,0.1846890355498309,0.006441020630433961
1888,train,train,1355,False,0.6163341207560971,0.11407030154188133,0.3799873912279184,0.18507867356417634,0.005443661209493676
1889,train,train,1356,False,0.6149610245443566,0.11425652366567694,0.3828291757081194,0.1857947400005278,0.005760514606652607
1890,train,train,1357,False,0.6127737877716644,0.11300341398138422,0.3772157093865421,0.18441293710084783,0.008502667251333638
1891,test,train,1358,False,0.6103299167949169,0.11227336146881903,0.3712096267370933,0.1839551992771561,0.009713189192508546
1892,train,train,1359,False,0.608455701583449,0.1101940116466915,0.3740280436710194,0.18110441131527227,0.01583799990937776
1893,train,train,1360,False,0.5881421591302948,0.11132407888902938,0.3646636498925611,0.18928090285798926,0.013424633599770714
1894,train,train,1360,False,0.5881421591302948,0.11132407888902938,0.3646636498925611,0.18928090285798926,0.013424633599770714
1895,train,train,1360,False,0.5881421591302948,0.11132407888902938,0.3646636498925611,0.18928090285798926,0.013424633599770714
1896,test,train,1361,False,0.6163232095153012,0.11666001329250583,0.3793189963035497,0.18928382298672716,0.013939953830244645
1897,test,train,1361,False,0.6163232095153012,0.11666001329250583,0.3793189963035497,0.18928382298672716,0.013939953830244645
1898,train,test,1362,False,0.6231545772562216,0.11747752890191214,0.38608694406246696,0.18852068682408005,0.009882588214052522
1899,train,train,1363,False,0.6200917188626834,0.11497035182589639,0.38319842448971614,0.18540862315782042,0.00562138003640866
1900,train,train,1364,False,0.6356925684501196,0.11434101813922301,0.3900318429286562,0.17986842038754292,0.01766613600037414
1901,train,train,1365,False,0.6180444760639919,0.11018604740348995,0.3757340823013533,0.17828174455212079,0.02106197191134291
1902,test,train,1366,False,0.6185610612466902,0.110296094934828,0.37735128270538965,0.17831076322930792,0.021173617716017612
1903,train,train,1366,False,0.6185610612466902,0.110296094934828,0.37735128270538965,0.17831076322930792,0.021173617716017612
1904,train,train,1366,False,0.6185610612466902,0.110296094934828,0.37735128270538965,0.17831076322930792,0.021173617716017612
1905,test,train,1367,False,0.6172733391105215,0.1100753357930822,0.3806324186060123,0.17832510950772398,0.02441165682387525
1906,train,train,1367,False,0.6172733391105215,0.1100753357930822,0.3806324186060123,0.17832510950772398,0.02441165682387525
1907,test,train,1367,False,0.6172733391105215,0.1100753357930822,0.3806324186060123,0.17832510950772398,0.02441165682387525
1908,train,train,1368,False,0.6115690913717482,0.10865060899751328,0.37624353636059954,0.17765876420243898,0.026634306778503578
1909,train,train,1369,False,0.6010612758621461,0.1138325175034947,0.36728205309550993,0.18938587807077806,0.01215537494754999
1910,train,train,1369,False,0.6010612758621461,0.1138325175034947,0.36728205309550993,0.18938587807077806,0.01215537494754999
1911,train,train,1369,False,0.6010612758621461,0.1138325175034947,0.36728205309550993,0.18938587807077806,0.01215537494754999
1912,train,test,1370,False,0.6043747278279767,0.11387485147742848,0.3687805422094244,0.18841762607559048,0.008925661621093563
1913,train,test,1370,False,0.6043747278279767,0.11387485147742848,0.3687805422094244,0.18841762607559048,0.008925661621093563
1914,train,train,1371,False,0.5979293169802803,0.11197239593959392,0.3677723499218561,0.18726694403460195,0.005489907287978041
1915,train,train,1372,False,0.5988035964779129,0.10881941567304347,0.357377405802221,0.18172805960603028,0.012114158488443348
1916,train,test,1373,False,0.6051247054370519,0.10985890168771463,0.36922317755146034,0.181547540037006,0.013580847570346784
1917,train,test,1373,False,0.6051247054370519,0.10985890168771463,0.36922317755146034,0.181547540037006,0.013580847570346784
1918,test,test,1373,False,0.6051247054370519,0.10985890168771463,0.36922317755146034,0.181547540037006,0.013580847570346784
1919,train,test,1373,False,0.6051247054370519,0.10985890168771463,0.36922317755146034,0.181547540037006,0.013580847570346784
1920,train,train,1374,False,0.6142964063650901,0.1104592172463786,0.37550503879740615,0.1798142006071418,0.018792694567723863
1921,train,train,1375,False,0.611135590487304,0.10828865429348483,0.37021408616487583,0.1771925182873709,0.02521866052427536
1922,train,test,1376,False,0.5981844515649158,0.10609517581887595,0.3671899932732774,0.17736197512543062,0.027724533997544792
1923,train,train,1377,False,0.6236043399703529,0.1142477537415732,0.3805155808746376,0.18320551416785313,0.010830171918172366
1924,train,train,1377,False,0.6236043399703529,0.1142477537415732,0.3805155808746376,0.18320551416785313,0.010830171918172366
1925,train,train,1377,False,0.6236043399703529,0.1142477537415732,0.3805155808746376,0.18320551416785313,0.010830171918172366
1926,train,train,1377,False,0.6236043399703529,0.1142477537415732,0.3805155808746376,0.18320551416785313,0.010830171918172366
1927,train,train,1377,False,0.6236043399703529,0.1142477537415732,0.3805155808746376,0.18320551416785313,0.010830171918172366
1928,train,train,1377,False,0.6236043399703529,0.1142477537415732,0.3805155808746376,0.18320551416785313,0.010830171918172366
1929,train,train,1377,False,0.6236043399703529,0.1142477537415732,0.3805155808746376,0.18320551416785313,0.010830171918172366
1930,train,test,1378,False,0.6294507743469788,0.11587164221687675,0.38691427985195814,0.18408372336516277,0.009764627013495526
1931,train,test,1378,False,0.6294507743469788,0.11587164221687675,0.38691427985195814,0.18408372336516277,0.009764627013495526
1932,train,test,1378,False,0.6294507743469788,0.11587164221687675,0.38691427985195814,0.18408372336516277,0.009764627013495526
1933,train,train,1379,False,0.6192445560060111,0.11405552991681668,0.3765894175959214,0.18418495376438887,0.010133228531275875
1934,train,train,1379,False,0.6192445560060111,0.11405552991681668,0.3765894175959214,0.18418495376438887,0.010133228531275875
1935,test,train,1379,False,0.6192445560060111,0.11405552991681668,0.3765894175959214,0.18418495376438887,0.010133228531275875
1936,test,train,1380,False,0.6255748151790347,0.11567301388801224,0.3841893331031317,0.18490676267858946,0.00813054728341497
1937,train,train,1380,False,0.6255748151790347,0.11567301388801224,0.3841893331031317,0.18490676267858946,0.00813054728341497
1938,train,train,1380,False,0.6255748151790347,0.11567301388801224,0.3841893331031317,0.18490676267858946,0.00813054728341497
1939,train,train,1380,False,0.6255748151790347,0.11567301388801224,0.3841893331031317,0.18490676267858946,0.00813054728341497
1940,train,train,1381,False,0.6279390250019186,0.1150333989917478,0.38573643086834325,0.18319198904924938,0.010704106216177369
1941,train,train,1382,False,0.6296327410982541,0.11447023240615845,0.38936344800428746,0.18180476480065288,0.012792109847993892
1942,train,train,1383,False,0.6167627278618436,0.11219924500275419,0.3814877539005802,0.18191638361760262,0.01288455248452772
1943,train,train,1384,False,0.6119610749693469,0.1107149939652759,0.3746964385953879,0.18091835983329757,0.014244460615070915
1944,train,train,1385,False,0.6032947059527081,0.10947760638178503,0.36464920771936904,0.18146621427565934,0.012253735745126336
1945,test,train,1385,False,0.6032947059527081,0.10947760638178503,0.36464920771936904,0.18146621427565934,0.012253735745126336
1946,test,train,1386,False,0.6021059346118791,0.1095538958915453,0.3637718944661668,0.18195119761137107,0.012389123145263825
1947,train,train,1387,False,0.6026572596080808,0.10964588361612072,0.36504462399774845,0.18193738126945566,0.01347618481077447
1948,train,train,1388,False,0.6008089945688129,0.10871002499590707,0.3633418900642552,0.18093940999323058,0.015610603371216591
1949,train,train,1389,False,0.5986643664813331,0.10766696397029399,0.3611839106238285,0.17984528560319973,0.018187477743740268
1950,train,train,1390,False,0.599707788443754,0.10780571938661625,0.3617957394660306,0.1797637473849937,0.018867702207425674
1951,train,test,1391,False,0.5886158227191285,0.10519935689126567,0.3563986649330497,0.17872329086447944,0.022006956477843773
1952,test,train,1392,False,0.5691088541412769,0.10923543006120569,0.365047555905254,0.1919411888715561,0.013868642139196835
1953,train,train,1393,False,0.6141201515247506,0.11849893893327498,0.39412415766104364,0.1929572554150247,0.014077004452357308
1954,test,train,1393,False,0.6141201515247506,0.11849893893327498,0.39412415766104364,0.1929572554150247,0.014077004452357308
1955,train,train,1393,False,0.6141201515247506,0.11849893893327498,0.39412415766104364,0.1929572554150247,0.014077004452357308
1956,train,train,1393,False,0.6141201515247506,0.11849893893327498,0.39412415766104364,0.1929572554150247,0.014077004452357308
1957,train,train,1393,False,0.6141201515247506,0.11849893893327498,0.39412415766104364,0.1929572554150247,0.014077004452357308
1958,train,train,1393,False,0.6141201515247506,0.11849893893327498,0.39412415766104364,0.1929572554150247,0.014077004452357308
1959,train,train,1393,False,0.6141201515247506,0.11849893893327498,0.39412415766104364,0.1929572554150247,0.014077004452357308
1960,train,train,1393,False,0.6141201515247506,0.11849893893327498,0.39412415766104364,0.1929572554150247,0.014077004452357308
1961,train,train,1394,False,0.6241039573020036,0.12072638375710923,0.40304945893233846,0.19343954215417639,0.012486607592138292
1962,train,test,1395,False,0.624497942177535,0.12027479740911068,0.4018015073098989,0.19259438548304847,0.010385630791584038
1963,train,test,1395,False,0.624497942177535,0.12027479740911068,0.4018015073098989,0.19259438548304847,0.010385630791584038
1964,test,test,1395,False,0.624497942177535,0.12027479740911068,0.4018015073098989,0.19259438548304847,0.010385630791584038
1965,train,train,1396,False,0.6198126134467911,0.1158649367152552,0.38538357407786744,0.18693542887249073,0.007772624812705709
1966,train,train,1397,False,0.6376913841146954,0.11635363290457174,0.3879986586504733,0.1824607259922526,0.018305739538377195
1967,train,train,1397,False,0.6376913841146954,0.11635363290457174,0.3879986586504733,0.1824607259922526,0.018305739538377195
1968,train,train,1397,False,0.6376913841146954,0.11635363290457174,0.3879986586504733,0.1824607259922526,0.018305739538377195
1969,train,train,1398,False,0.6172894123658326,0.11260677507878461,0.37501895228443494,0.1824213615574682,0.01834734536824037
1970,train,train,1399,False,0.6189145630003428,0.11268556383526168,0.37661278514219637,0.18206965964573574,0.019195928460476224
1971,test,train,1400,False,0.626318369590313,0.11398747881117602,0.385783165960893,0.18199606517327194,0.0206928905518634
1972,test,train,1400,False,0.626318369590313,0.11398747881117602,0.385783165960893,0.18199606517327194,0.0206928905518634
1973,test,train,1401,False,0.6226241205531704,0.11276049073408627,0.38296474902696703,0.18110523992212862,0.023016544692044397
1974,train,train,1401,False,0.6226241205531704,0.11276049073408627,0.38296474902696703,0.18110523992212862,0.023016544692044397
1975,train,train,1402,False,0.6107459514272829,0.1097205442441491,0.3734484869729484,0.1796500557846313,0.025142558011571624
1976,train,train,1403,False,0.6201587858745808,0.11554651773748627,0.3770054014700679,0.18631763407904708,0.00892522147177146
1977,train,train,1404,False,0.6318124600412166,0.11837924304763003,0.38512523564829587,0.1873645275053732,0.008635523235046884
1978,test,train,1405,False,0.6149688077926926,0.11539900038431573,0.375528406343681,0.18765016846710866,0.00876908840100149
1979,train,train,1405,False,0.6149688077926926,0.11539900038431573,0.375528406343681,0.18765016846710866,0.00876908840100149
1980,train,test,1406,False,0.6202200692069413,0.11618968965415365,0.380124949472275,0.18733623019120016,0.008442193465552994
1981,train,test,1407,False,0.6196579136139336,0.11515281719632889,0.3798939210428187,0.1858328840258671,0.0071696824042244795
1982,train,train,1408,False,0.6204723078663001,0.11486938817220697,0.3819037377747267,0.18513217546682054,0.007516576264898631
1983,test,train,1409,False,0.6159606449782382,0.11251755277488067,0.3811418726652583,0.18267003532158438,0.01134828203215659
1984,train,train,1410,False,0.6085558684423771,0.11156317937319278,0.37405141121729435,0.1833244656053407,0.010340199117894648
1985,train,train,1410,False,0.6085558684423771,0.11156317937319278,0.37405141121729435,0.1833244656053407,0.010340199117894648
1986,train,train,1411,False,0.6074169409502366,0.1108792266591295,0.3716256106112399,0.18254220319517467,0.012173788824586031
1987,train,train,1411,False,0.6074169409502366,0.1108792266591295,0.3716256106112399,0.18254220319517467,0.012173788824586031
1988,test,train,1411,False,0.6074169409502366,0.1108792266591295,0.3716256106112399,0.18254220319517467,0.012173788824586031
1989,train,train,1411,False,0.6074169409502366,0.1108792266591295,0.3716256106112399,0.18254220319517467,0.012173788824586031
1990,train,train,1411,False,0.6074169409502366,0.1108792266591295,0.3716256106112399,0.18254220319517467,0.012173788824586031
1991,train,train,1411,False,0.6074169409502366,0.1108792266591295,0.3716256106112399,0.18254220319517467,0.012173788824586031
1992,train,train,1412,False,0.6078570853931236,0.11048684677045247,0.37157887551869007,0.18176451245772113,0.013849242200782945
1993,train,train,1413,False,0.6071038073393787,0.11020815680931571,0.37118625919081844,0.1815309926852558,0.014253848588338195
1994,train,train,1414,False,0.6022906017502809,0.10840362594687873,0.36596540919711285,0.17998558442030044,0.01768091754836998
1995,test,train,1415,False,0.608735363339615,0.10931156103288843,0.36783502065137125,0.1795715636318359,0.018089842899463558
1996,train,train,1416,False,0.5964327875232619,0.10653158645685826,0.36099882303715,0.17861457097159225,0.02127717294857654
1997,train,train,1417,False,0.6020882388673537,0.11121056388270446,0.3641406800518834,0.18470808214409465,0.009880705893614125
1998,train,train,1417,False,0.6020882388673537,0.11121056388270446,0.3641406800518834,0.18470808214409465,0.009880705893614125
1999,train,train,1417,False,0.6020882388673537,0.11121056388270446,0.3641406800518834,0.18470808214409465,0.009880705893614125
2000,train,train,1417,False,0.6020882388673537,0.11121056388270446,0.3641406800518834,0.18470808214409465,0.009880705893614125
2001,train,train,1417,False,0.6020882388673537,0.11121056388270446,0.3641406800518834,0.18470808214409465,0.009880705893614125
2002,test,train,1417,False,0.6020882388673537,0.11121056388270446,0.3641406800518834,0.18470808214409465,0.009880705893614125
2003,train,train,1418,False,0.6127701028434519,0.1135137653794759,0.37037506379183543,0.18524690557312642,0.009939127668162559
2004,test,test,1419,False,0.6198332569241732,0.11385656876444823,0.3842828032882314,0.1836890284484635,0.0099305447796837
2005,train,train,1420,False,0.6195545011543548,0.11301936515513496,0.3842594357419564,0.18242037616473952,0.012477365178393611
2006,train,train,1421,False,0.6208999525024296,0.11312403890377491,0.3838200843215349,0.18219366654458274,0.012477302624509898
2007,train,test,1422,False,0.6255925564550248,0.11386083232703009,0.3886015828948191,0.18200477475664434,0.013399363938491846
2008,train,test,1422,False,0.6255925564550248,0.11386083232703009,0.3886015828948191,0.18200477475664434,0.013399363938491846
2009,train,test,1422,False,0.6255925564550248,0.11386083232703009,0.3886015828948191,0.18200477475664434,0.013399363938491846
2010,train,test,1422,False,0.6255925564550248,0.11386083232703009,0.3886015828948191,0.18200477475664434,0.013399363938491846
2011,test,train,1423,False,0.6073298247365729,0.11098970360994563,0.37282682714112964,0.18275029331564113,0.010857747224382782
2012,train,test,1424,False,0.6028792540104154,0.10998829182890998,0.3669296455674124,0.1824383424993586,0.011656271625644967
2013,train,test,1425,False,0.6043323689878327,0.11024167496236659,0.36885392876986356,0.18241894794913116,0.011835099871728396
2014,train,test,1426,False,0.606132434791907,0.1083790235223993,0.3691063398200857,0.1788041974021852,0.01977720975156083
2015,train,test,1427,False,0.6009033192707686,0.10703247890039122,0.3675592420548742,0.17811930050624686,0.023139838214666444
2016,test,test,1427,False,0.6009033192707686,0.10703247890039122,0.3675592420548742,0.17811930050624686,0.023139838214666444
2017,train,train,1428,False,0.6024262890205052,0.1124710422395464,0.3703697015579308,0.18669676986111433,0.007168014172498366
2018,train,test,1429,False,0.6157048411465176,0.11495679012737005,0.37672962287357087,0.1867076274945418,0.007036318606717257
2019,test,train,1430,False,0.6180549425698881,0.11398609289088737,0.3782533530925075,0.18442711972649278,0.008023814314735762
2020,train,train,1431,False,0.6188456510864423,0.11224114207633107,0.3794078345298475,0.18137178774591223,0.012953255336965319
2021,test,train,1432,False,0.6117943658002869,0.1114147368377619,0.3706768051315721,0.18211141368067443,0.010364577119367195
2022,train,train,1433,False,0.60734947314893,0.11073144851828298,0.36711989063445266,0.18231916452347066,0.009921813219718424
2023,train,train,1434,False,0.610864018330008,0.11000960660400731,0.3673723016846748,0.18008853575097403,0.01554565478898328
2024,train,train,1434,False,0.610864018330008,0.11000960660400731,0.3673723016846748,0.18008853575097403,0.01554565478898328
2025,test,train,1434,False,0.610864018330008,0.11000960660400731,0.3673723016846748,0.18008853575097403,0.01554565478898328
2026,train,train,1434,False,0.610864018330008,0.11000960660400731,0.3673723016846748,0.18008853575097403,0.01554565478898328
2027,train,train,1434,False,0.610864018330008,0.11000960660400731,0.3673723016846748,0.18008853575097403,0.01554565478898328
2028,train,train,1434,False,0.610864018330008,0.11000960660400731,0.3673723016846748,0.18008853575097403,0.01554565478898328
2029,train,train,1434,False,0.610864018330008,0.11000960660400731,0.3673723016846748,0.18008853575097403,0.01554565478898328
2030,train,train,1434,False,0.610864018330008,0.11000960660400731,0.3673723016846748,0.18008853575097403,0.01554565478898328
2031,train,train,1434,False,0.610864018330008,0.11000960660400731,0.3673723016846748,0.18008853575097403,0.01554565478898328
2032,train,train,1434,False,0.610864018330008,0.11000960660400731,0.3673723016846748,0.18008853575097403,0.01554565478898328
2033,train,train,1435,False,0.6126033911881916,0.11041405878433763,0.36896613454243615,0.18023742664920778,0.01584269797953615
2034,test,train,1436,False,0.6106670329928803,0.10924907258905722,0.3689427669961612,0.17890121242279497,0.019865829918551146
2035,train,train,1437,False,0.6049755431954386,0.10793637595050602,0.36739566923094974,0.17841444528549638,0.023162447075711395
2036,test,train,1438,False,0.6116578403625366,0.11438339496150884,0.37273335695602994,0.18700552402583853,0.010836590353098991
2037,train,train,1438,False,0.6116578403625366,0.11438339496150884,0.37273335695602994,0.18700552402583853,0.010836590353098991
2038,train,train,1439,False,0.6191860422922597,0.11379335021360401,0.3774213853442145,0.1837789330527138,0.009499317478057373
2039,train,train,1439,False,0.6191860422922597,0.11379335021360401,0.3774213853442145,0.1837789330527138,0.009499317478057373
2040,train,train,1440,False,0.6194669054902912,0.1126731675740213,0.3773746502516646,0.1818873075791572,0.011523837022334085
2041,train,train,1441,False,0.6055732956035402,0.10989125827545898,0.3620490769080133,0.18146648650670213,0.010823532099945066
2042,train,train,1442,False,0.6070290637506437,0.10955656167064087,0.36263753820394057,0.18047992791930748,0.013519343056641835
2043,train,train,1443,False,0.6086382131762698,0.11009894193296269,0.3666571716677564,0.18089390306007053,0.013715575793962381
2044,train,test,1444,False,0.6061447890854558,0.10877349054955039,0.3638387547338302,0.17945133325928048,0.01691937681374371
2045,test,train,1445,False,0.6102272512194129,0.11255540785275851,0.35910350610282554,0.184448347116324,0.017644993589858826
2046,train,train,1446,False,0.6043113451781817,0.11286830149918521,0.36657275748959234,0.18677177319235316,0.009942872928438288
2047,train,train,1446,False,0.6043113451781817,0.11286830149918521,0.36657275748959234,0.18677177319235316,0.009942872928438288
2048,train,train,1446,False,0.6043113451781817,0.11286830149918521,0.36657275748959234,0.18677177319235316,0.009942872928438288
2049,train,train,1446,False,0.6043113451781817,0.11286830149918521,0.36657275748959234,0.18677177319235316,0.009942872928438288
2050,train,train,1446,False,0.6043113451781817,0.11286830149918521,0.36657275748959234,0.18677177319235316,0.009942872928438288
2051,train,train,1446,False,0.6043113451781817,0.11286830149918521,0.36657275748959234,0.18677177319235316,0.009942872928438288
2052,train,train,1447,False,0.6075868520752892,0.11381914182958863,0.3704404174970562,0.18732983019765004,0.010511871083602735
2053,test,train,1448,False,0.6326969207255126,0.11689578649276228,0.3819692084547495,0.18475795070840245,0.00938400189897732
2054,train,train,1449,False,0.6070329216616506,0.1123698414320439,0.3687137234922141,0.18511325732457862,0.008593316856482755
2055,train,train,1449,False,0.6070329216616506,0.1123698414320439,0.3687137234922141,0.18511325732457862,0.008593316856482755
2056,train,train,1449,False,0.6070329216616506,0.1123698414320439,0.3687137234922141,0.18511325732457862,0.008593316856482755
2057,test,train,1449,False,0.6070329216616506,0.1123698414320439,0.3687137234922141,0.18511325732457862,0.008593316856482755
2058,train,train,1449,False,0.6070329216616506,0.1123698414320439,0.3687137234922141,0.18511325732457862,0.008593316856482755
2059,train,test,1450,False,0.6051046988701817,0.11034192849406545,0.37118625919081844,0.18235179581333585,0.011884260996200055
2060,train,train,1451,False,0.5994646142918133,0.1093052294590243,0.3664701897471041,0.18233808443915192,0.010604831350802882
2061,train,test,1452,False,0.5914724401135676,0.10844145127893708,0.36054869346012486,0.18334151166555693,0.009534607149882073
2062,train,train,1453,False,0.5924638693504157,0.10797999182585812,0.3585659913919865,0.18225582590251221,0.012059386934390327
2063,test,train,1454,False,0.5942676377016958,0.10851775355781508,0.360199085882535,0.18260754359349396,0.011290395228644775
2064,train,train,1455,False,0.5935324281331245,0.10759119277193187,0.3592745743409028,0.18127264437824456,0.0137081866588134
2065,train,train,576,False,0.6116377110517504,0.11369221465706084,0.371854654115187,0.18588162993017512,0.010428422422526002
2066,train,train,576,False,0.6116377110517504,0.11369221465706084,0.371854654115187,0.18588162993017512,0.010428422422526002
2067,train,train,576,False,0.6116377110517504,0.11369221465706084,0.371854654115187,0.18588162993017512,0.010428422422526002
2068,train,train,576,False,0.6116377110517504,0.11369221465706084,0.371854654115187,0.18588162993017512,0.010428422422526002
2069,train,train,576,False,0.6116377110517504,0.11369221465706084,0.371854654115187,0.18588162993017512,0.010428422422526002
2070,train,train,576,False,0.6116377110517504,0.11369221465706084,0.371854654115187,0.18588162993017512,0.010428422422526002
2071,train,train,576,False,0.6116377110517504,0.11369221465706084,0.371854654115187,0.18588162993017512,0.010428422422526002
2072,train,train,576,False,0.6116377110517504,0.11369221465706084,0.371854654115187,0.18588162993017512,0.010428422422526002
2073,test,train,576,False,0.6116377110517504,0.11369221465706084,0.371854654115187,0.18588162993017512,0.010428422422526002
2074,train,train,576,False,0.6116377110517504,0.11369221465706084,0.371854654115187,0.18588162993017512,0.010428422422526002
2075,train,train,576,False,0.6116377110517504,0.11369221465706084,0.371854654115187,0.18588162993017512,0.010428422422526002
2076,train,test,1456,False,0.5903475915173355,0.106193287243262,0.35611168653452185,0.17988264671381088,0.016728615102965017
2077,train,train,1457,False,0.5932010663318052,0.10978394480242627,0.3578419983276648,0.18507037669588233,0.011863449330892605
2078,test,train,1457,False,0.5932010663318052,0.10978394480242627,0.3578419983276648,0.18507037669588233,0.011863449330892605
2079,train,train,1458,False,0.5920732659055479,0.11046334457329281,0.36084191815355265,0.18657039750704565,0.009845278773289376
2080,test,test,1459,False,0.599184884203353,0.11206849119235195,0.36565243020594523,0.18703491050404708,0.0094234639449025
2081,train,test,1459,False,0.599184884203353,0.11206849119235195,0.36565243020594523,0.18703491050404708,0.0094234639449025
2082,train,test,1459,False,0.599184884203353,0.11206849119235195,0.36565243020594523,0.18703491050404708,0.0094234639449025
2083,train,train,1460,False,0.6072154200771309,0.11301780850460524,0.37000841020720354,0.18612473393750323,0.008595714601438093
2084,train,train,1461,False,0.6064587020896526,0.11266533632919308,0.37042439408135,0.18577577655491834,0.008272261988304845
2085,train,test,1462,False,0.6076945450061332,0.1131854657066369,0.372434210813258,0.18625387809840316,0.007633023618184519
2086,train,train,1463,False,0.6075146623188902,0.11194989066186385,0.3731960759227263,0.18427520783539592,0.00915870847442383
2087,train,train,1464,False,0.6044336498586272,0.11076407224705728,0.37241084326698315,0.18325265688461292,0.01125598709690568
2088,test,test,1465,False,0.606349040954542,0.111484944041645,0.3728034595948548,0.18386265420019526,0.009891241396950124
2089,train,train,1466,False,0.593770319324176,0.10903269150927045,0.3618303068143363,0.18362772264092025,0.008969990538940216
2090,train,train,1467,False,0.593322408832857,0.10911927955371634,0.3625028912768532,0.1839122843318328,0.00853009221955889
2091,train,train,1468,False,0.5929186880189503,0.10905034378656887,0.36276182861985123,0.1839212458472611,0.00862568647664576
2092,train,train,1469,False,0.5912247361670864,0.10792705648223021,0.36000791442373437,0.18254827628140524,0.011124101593254995
2093,test,train,1470,False,0.5925758876439887,0.10837613590667833,0.3611815530939745,0.1828898849353607,0.010811785769723557
2094,train,train,1471,False,0.5930457810781188,0.10783404957783956,0.3601088788438233,0.18183090246726694,0.012453840299001205
2095,test,train,1472,False,0.5954597729293626,0.1079029888172763,0.36202568858651174,0.18120953542579016,0.013958780414118055
2096,train,train,1473,False,0.5955820941052679,0.10800640604126475,0.3651516515147329,0.18134595903780623,0.014289455989406586
2097,train,train,1474,False,0.5912936544571686,0.10667128812087714,0.359126874828264,0.18040323503692202,0.015474826415619874
2098,test,test,1475,False,0.6257533634737159,0.12339903146714115,0.4093322865229016,0.19720074820232972,0.020141273631764836
2099,test,train,1476,False,0.6215538625666233,0.12129618850179079,0.3996846712434247,0.19514992313122223,0.015461129883195042
2100,train,train,1477,False,0.6213873407333342,0.1185738765448376,0.3892512422317148,0.19082119762031502,0.006112342619731822
2101,train,train,1478,False,0.6264407525261556,0.11953089957337017,0.39283152427510926,0.19080958429245778,0.005769260620752896
2102,train,train,1479,False,0.6189777837731423,0.11889685795395785,0.390216985635378,0.1920858245173045,0.009000916698563542
2103,train,test,1480,False,0.6178998862700529,0.11850405499411486,0.38745118788335287,0.19178520279306657,0.008158159031875393
2104,test,train,1481,False,0.6195298095659052,0.11935288829609349,0.3898786610316996,0.1926507594198287,0.0103993286460508
2105,train,train,1482,False,0.6172187248410758,0.11879294004143513,0.3901985272875072,0.19246489981654796,0.009923190886417963
2106,train,test,1483,False,0.6117368255942268,0.11770912644495216,0.38622921215734307,0.19241791816376635,0.01030447729132853
2107,test,train,1484,False,0.6111599018607786,0.11526634223903777,0.3826234997504471,0.18860259301713037,0.007474581534223936
2108,train,train,1485,False,0.6174005550573769,0.11652464135598696,0.3861570467012917,0.188734267245934,0.008269712516959423
2109,train,train,1486,False,0.5996849633407344,0.11801031362555794,0.38265557671866784,0.19678718133625403,0.02158345837408348
2110,test,train,1487,False,0.6164326113217085,0.12105667013103706,0.3952180212990718,0.19638265060551624,0.020018491633834252
2111,train,test,1488,False,0.6162012202469118,0.11839302990028619,0.38576443037342006,0.19213371543283556,0.011070483254141162
2112,train,train,1489,False,0.6136605958094269,0.11668865133279382,0.38980743138351087,0.1901517746611706,0.007258680023212454
2113,train,train,1490,False,0.608683985624023,0.115181370100158,0.3858345330122448,0.18923016346827987,0.006208785273662942
2114,train,test,1491,False,0.6093362522424567,0.11628081948603075,0.3851427318584631,0.1908319405879732,0.008687405738437503
2115,test,train,1492,False,0.6026165095200677,0.11453060192105383,0.37975291877357736,0.19005553301596004,0.007698246241893846
2116,train,train,1493,False,0.6076676869977772,0.11450233559260138,0.3787468922900149,0.18842919912083497,0.00778718510149591
2117,test,train,1494,False,0.6103485727349244,0.11421116494471091,0.3785103961015315,0.18712448926183212,0.00973264228162405
2118,test,train,1495,False,0.6045490596517982,0.11265271359065476,0.37611309974688734,0.18634172329296037,0.01003100733766416
2119,test,train,1496,False,0.5980063061297733,0.11758779736794722,0.3849521019221468,0.19663303908776758,0.01954303455389584
2120,train,train,1497,False,0.5954606353390384,0.11655705205579679,0.37975329351741394,0.19574266565821352,0.017455877260051985
2121,train,train,1498,False,0.6160654640873596,0.12072780296196575,0.3988219395820135,0.19596586726511625,0.018825197682097786
2122,train,test,1499,False,0.6162871710260738,0.11964904093327934,0.3916264085813772,0.1941449482618181,0.014797793001676916
2123,train,train,1500,False,0.6166981730297952,0.11942009850389254,0.38995939669347934,0.1936443202307377,0.014277100231997675
2124,train,test,1501,False,0.6172620170263209,0.11892655225795903,0.3887022158971043,0.1926678606127288,0.011925303107276523
2125,train,test,1502,False,0.6151366560415248,0.1180831026805237,0.386929857216932,0.19196239001655674,0.010590171422514224
2126,train,train,1503,False,0.6055847418247595,0.11517634390225062,0.3760867231767266,0.19019030029587447,0.007551647026972745
2127,test,train,1504,False,0.602817343623528,0.11513713558703295,0.37865536346597495,0.19099837920213936,0.008009307673207969
2128,train,train,1505,False,0.6081790445880039,0.11590895300032243,0.3786090029917664,0.19058360203588096,0.007100583494021926
2129,train,test,1506,False,0.6101150132488309,0.11734475100159752,0.38894602818280516,0.19233218074202565,0.010806721351698535
2130,train,train,1507,False,0.6052670579137495,0.11502199624213663,0.37862668592206994,0.19003511712432772,0.006085208708598459
2131,train,train,1507,False,0.6052670579137495,0.11502199624213663,0.37862668592206994,0.19003511712432772,0.006085208708598459
2132,train,train,1507,False,0.6052670579137495,0.11502199624213663,0.37862668592206994,0.19003511712432772,0.006085208708598459
2133,train,train,1507,False,0.6052670579137495,0.11502199624213663,0.37862668592206994,0.19003511712432772,0.006085208708598459
2134,train,train,1508,False,0.6073566949154712,0.11568196862462467,0.3839527506020962,0.19046792369799218,0.007456576045161923
2135,train,train,1508,False,0.6073566949154712,0.11568196862462467,0.3839527506020962,0.19046792369799218,0.007456576045161923
2136,train,train,1508,False,0.6073566949154712,0.11568196862462467,0.3839527506020962,0.19046792369799218,0.007456576045161923
2137,train,train,1508,False,0.6073566949154712,0.11568196862462467,0.3839527506020962,0.19046792369799218,0.007456576045161923
2138,test,train,1509,False,0.6066429133374452,0.11462867093289446,0.3784750590507079,0.18895575702395495,0.005501484381137544
2139,train,train,1510,False,0.6081947345161067,0.11374566269877211,0.376107963041752,0.1870217814188587,0.00794307196687493
2140,train,train,1510,False,0.6081947345161067,0.11374566269877211,0.376107963041752,0.1870217814188587,0.00794307196687493
2141,train,train,1510,False,0.6081947345161067,0.11374566269877211,0.376107963041752,0.1870217814188587,0.00794307196687493
2142,train,train,1510,False,0.6081947345161067,0.11374566269877211,0.376107963041752,0.1870217814188587,0.00794307196687493
2143,train,train,1510,False,0.6081947345161067,0.11374566269877211,0.376107963041752,0.1870217814188587,0.00794307196687493
2144,train,test,1511,False,0.6075981287311814,0.11330453037344879,0.37326617856155103,0.1864793932299583,0.007038282802383588
2145,test,train,1512,False,0.6103754000073286,0.11454394457019301,0.3769165632437701,0.18766146959529778,0.007218587867628152
2146,test,test,1513,False,0.6064955143230654,0.11377438190283072,0.3792460729389908,0.1875931135777962,0.008670827743617066
2147,train,train,1514,False,0.5992402402065923,0.11751295126484614,0.38570456456518465,0.19610323770034657,0.018901280405503457
2148,train,train,1515,False,0.5990977091632893,0.11742982652259835,0.3870529407537995,0.19601114263415056,0.019469005227422148
2149,train,train,1516,False,0.6203149717246502,0.12042962031904673,0.3942430487214733,0.19414269493483044,0.012134213813149027
2150,train,train,1517,False,0.624457449119671,0.12094396707796606,0.3963444946850051,0.19367847600900082,0.011597633264695283
2151,train,train,1518,False,0.6269816161754651,0.12099858857542471,0.3963691058154995,0.1929858634667885,0.01004943323124004
2152,train,train,1519,False,0.6283080944294817,0.11941708943624328,0.3959724548980822,0.19006135762850035,0.005440186152457839
2153,test,train,1520,False,0.6208596668769895,0.11959913439677924,0.39299816534396204,0.1926347301611321,0.008885088497220568
2154,train,train,1521,False,0.6146550609135346,0.11737102781297414,0.383583527875889,0.19095430148827014,0.007260624942575126
2155,train,train,1522,False,0.616782417213055,0.11656484279768944,0.3864795603903386,0.18898859556404066,0.008194581074812428
2156,train,train,1523,False,0.6113603146180803,0.11465776258393744,0.3869890144495848,0.18754531467349936,0.010903630048123438
2157,train,train,1524,False,0.6203527309998638,0.11617625118669622,0.3920696591656409,0.1872745059080295,0.011122795200729507
2158,train,train,1525,False,0.6177327812825038,0.11678861926911718,0.3853017114067236,0.18906009654635278,0.007536224479782697
2159,train,train,1526,False,0.6118028885371325,0.11461016168059382,0.3784870285552567,0.18733184139524983,0.008002033050264708
2160,train,train,1527,False,0.6114214093943351,0.11421303124209399,0.3797116126314214,0.18679920180621695,0.00954906042193827
2161,train,train,1528,False,0.6103297061769805,0.11385433888274168,0.37934236384982456,0.1865456289124599,0.009586970835700544
2162,train,train,1529,False,0.6106695174768295,0.11369992933353013,0.37730917957164184,0.18618897141504073,0.010001240935960118
2163,train,train,1530,False,0.6065445639613131,0.11887230117289803,0.390354835850542,0.19598279868596763,0.01501571551077216
2164,train,train,1531,False,0.6069330219744078,0.11880311590059875,0.38972962948279766,0.19574337134288972,0.014864675794901295
2165,train,train,1531,False,0.6069330219744078,0.11880311590059875,0.38972962948279766,0.19574337134288972,0.014864675794901295
2166,train,train,1532,False,0.6225933331857046,0.1217708074170165,0.4005350973395885,0.19558643006010987,0.01444603245032752
2167,test,test,1533,False,0.6242646683421308,0.11931083298732137,0.3952573248811637,0.19112219389922702,0.007432018180518649
2168,train,train,1534,False,0.622590520010565,0.11829516505657195,0.3920462916193661,0.1900047643747684,0.006282682730596917
2169,train,train,1535,False,0.612768830926006,0.11723022151168647,0.3846099489360801,0.19131231158499057,0.006693088391848754
2170,test,train,1536,False,0.6199242416339942,0.11786640907769014,0.39292499446020895,0.19013034361588807,0.00649629124150379
2171,train,train,1537,False,0.6129469143211866,0.11641343953839806,0.3853484464992736,0.18992417910663784,0.006198329342216846
2172,train,train,1538,False,0.6156944631515622,0.11707766078094768,0.3846077308608598,0.19015545499899567,0.006884539384895604
2173,train,test,1539,False,0.6094095506569962,0.11542881120597936,0.3801509640518428,0.18941089958556956,0.006163537166651242
2174,train,train,1540,False,0.6099575693160295,0.11457563167357651,0.37726244447909196,0.18784197038829253,0.005950089857513413
2175,train,train,1541,False,0.6169147772150727,0.11544127333327732,0.3868488091719353,0.18712677601015132,0.009803905076061903
2176,train,train,1542,False,0.6225817747593346,0.11576940459400856,0.40165602385848426,0.18595051973495436,0.01603465810943401
2177,train,train,1543,False,0.611539155900223,0.11369371419742309,0.3797116126314214,0.1859140385378251,0.010626355531150922
2178,test,train,1544,False,0.5997383228446223,0.11749213482978693,0.38361049379441764,0.19590566477811408,0.01578576600399554
2179,train,train,1544,False,0.5997383228446223,0.11749213482978693,0.38361049379441764,0.19590566477811408,0.01578576600399554
2180,train,train,1544,False,0.5997383228446223,0.11749213482978693,0.38361049379441764,0.19590566477811408,0.01578576600399554
2181,test,train,1545,False,0.6022644501842881,0.11815135169265902,0.3857578532395841,0.19617852532472346,0.016240636520968965
2182,train,test,1546,False,0.6151616440847789,0.12013991187452167,0.39336554223538206,0.19529811884364576,0.01580403635007984
2183,train,train,1547,False,0.6182731807015629,0.1203267605619764,0.3906393991318039,0.19461746735551427,0.014158180392530112
2184,train,train,1548,False,0.60786721981116,0.11675948153240606,0.3876153062402055,0.19208056912277416,0.008130868916732398
2185,train,train,1549,False,0.6089488415303593,0.11704725106181238,0.38419864925700986,0.19221196113561692,0.009072594423688395
2186,test,train,1550,False,0.6088993709339733,0.11556626052456571,0.38217619089915633,0.18979533571746338,0.007024852344891433
2187,train,train,1551,False,0.6120684288754532,0.1163361907008316,0.3828548592337953,0.19007056272216954,0.007254873936140541
2188,train,train,1552,False,0.6126375629591753,0.11583798361829079,0.3847997100320137,0.18908077242075663,0.007442946792392574
2189,train,train,1553,False,0.6142335708487585,0.11539714726383145,0.3865963981217131,0.1878717685592692,0.009192730235366568
2190,train,train,1554,False,0.6129735123223673,0.11454259586932877,0.3874049983237312,0.18686385882378875,0.012665575308846417
2191,train,train,1555,False,0.6019408052216915,0.11798116865631794,0.38431311877270913,0.19600128057918606,0.014423961426839096
2192,train,train,1556,False,0.6037991380110983,0.11840474409981822,0.3845043641127833,0.19609955802494347,0.014990187685406128
2193,train,train,1556,False,0.6037991380110983,0.11840474409981822,0.3845043641127833,0.19609955802494347,0.014990187685406128
2194,train,test,1557,False,0.617120366748835,0.11986595186207141,0.39107875055222535,0.19423431524964768,0.011023505195790963
2195,test,test,1558,False,0.613900430861354,0.11799744876850278,0.3858345330122448,0.19220942491104367,0.00837722535959246
2196,train,train,1559,False,0.6117772529497353,0.11726684701564648,0.382646867296722,0.19168226090498552,0.007682827222364676
2197,train,train,1560,False,0.6095045368188746,0.11658789830305462,0.38291982516748485,0.19128306888665678,0.006577582751774704
2198,train,train,1561,False,0.6061530156505428,0.11595055968973028,0.38002334816386474,0.1912892565011632,0.007011280973241365
2199,train,train,1562,False,0.6083217290634195,0.11567956227702994,0.384809983442284,0.19016181199894303,0.007877216602626755
2200,train,train,1562,False,0.6083217290634195,0.11567956227702994,0.384809983442284,0.19016181199894303,0.007877216602626755
2201,test,test,1563,False,0.6083839456683605,0.11601750018288896,0.3873605792105824,0.19069783318400038,0.00854259641899777
2202,train,train,1564,False,0.6089250379994591,0.11589107765047017,0.3889361812272041,0.1903207626856906,0.009921233309116347
2203,train,test,1565,False,0.6075309768994943,0.11531064584101909,0.3850595737667719,0.18980208454472813,0.008521161730421454
2204,train,train,1566,False,0.6093919238393926,0.11527966868625351,0.3886398558101663,0.18917163844238258,0.010333153427930827
2205,train,train,1567,False,0.6063415478533001,0.11472981360089135,0.38756857114765575,0.18921648039307606,0.010840540088650187
2206,train,train,1568,False,0.6076152594322368,0.11543345428300437,0.391653170545161,0.18997787249593898,0.010747948516690394
2207,train,train,1569,False,0.6098291203246052,0.11535226712613295,0.3927062243665319,0.18915506538082705,0.012581573253635158
2208,train,train,1570,False,0.6103455252814933,0.11543769450193576,0.39473427193957983,0.18913498947779706,0.012943388868020739
2209,train,train,1571,False,0.6069959614912865,0.11379222829636847,0.3892222332339714,0.18746785071979752,0.013547559010041496
2210,test,train,1572,False,0.6112672474367574,0.11723295228350261,0.3817304335339369,0.19178673939279187,0.012035536058221857
2211,test,train,1572,False,0.6112672474367574,0.11723295228350261,0.3817304335339369,0.19178673939279187,0.012035536058221857
2212,train,train,1572,False,0.6112672474367574,0.11723295228350261,0.3817304335339369,0.19178673939279187,0.012035536058221857
2213,test,train,1573,False,0.6132865482802486,0.11776167494145874,0.38375115198207244,0.19201737796415214,0.012683904335859784
2214,train,train,1574,False,0.6240239853661047,0.11971431698465451,0.3917625192867695,0.19184249290421115,0.011917604862317403
2215,train,train,1575,False,0.6284220918502512,0.1198637706940887,0.3896949054812841,0.1907376781442805,0.008699581836745829
2216,train,train,1576,False,0.627761963159023,0.11946976086600593,0.3919761889805414,0.19031060796485716,0.006997526713977028
2217,train,train,1577,False,0.6295150011606373,0.11971300157710524,0.3947712383681924,0.19016703550573105,0.005456024908233745
2218,test,test,1578,False,0.624774660289869,0.11881937201333463,0.39287825936765913,0.19017956323357843,0.005379449350151552
2219,train,train,1579,False,0.6221138392492859,0.11861516406111965,0.39255574567861223,0.19066472497100265,0.006391426473401207
2220,train,test,1580,False,0.6204240440879671,0.1180990228945199,0.3893447124168145,0.19035210517691536,0.0060559995561062325
2221,test,train,1581,False,0.6180706362045165,0.11752634526509477,0.3876964712600044,0.19015034590027974,0.0073621396875440965
2222,train,train,1582,False,0.6175465297988518,0.11676911739006421,0.38495583017140184,0.18908553729238575,0.007456505268664546
2223,train,test,1583,False,0.6197860851240302,0.11694818208411671,0.3881434958869247,0.18869120312811363,0.007956084377738589
2224,train,test,1583,False,0.6197860851240302,0.11694818208411671,0.3881434958869247,0.18869120312811363,0.007956084377738589
2225,train,train,1584,False,0.619214527758187,0.11671736498779035,0.3885594797610713,0.18849261403855552,0.008287058775056765
2226,train,train,1585,False,0.6194589293483805,0.11652368609048963,0.38691891181075994,0.18810558790889154,0.007716591401885231
2227,test,test,1586,False,0.6181277647954068,0.11599768144520856,0.38368451100268736,0.18765971705477824,0.007243774630778798
2228,train,test,1587,False,0.6190068255342515,0.1161676840825256,0.3881201283406499,0.18766785646065176,0.00805081849890628
2229,train,train,1588,False,0.609787207281131,0.11914494352334236,0.3910798515061998,0.19538773870736978,0.01518233279328155
2230,train,train,1589,False,0.627800244407902,0.1209966494522584,0.39809910936136467,0.19273112830080866,0.010141544902589405
2231,test,train,1590,False,0.6295425137725869,0.12082459125177437,0.39888434201710793,0.1919244349801299,0.007967433328782577
2232,train,train,1591,False,0.6141526871801581,0.11748044781192901,0.38578779791969486,0.19128866528506583,0.0071421822938443225
2233,train,test,1592,False,0.6075976407710622,0.1159583032810335,0.38236081528995464,0.1908471914635456,0.005715266861025457
2234,train,train,1593,False,0.6041151740459267,0.11494778317879716,0.3780840610508923,0.19027461669098625,0.005810352350843851
2235,train,train,1594,False,0.599561862221175,0.11332916534392293,0.3731189214695661,0.18901997022305003,0.005279230485259256
2236,train,train,1595,False,0.6031852646179536,0.11300974261571704,0.37608177476974286,0.18735494589261115,0.00661507093806523
2237,train,train,1596,False,0.6056773677414357,0.11295165906381742,0.38532225822726446,0.18648816198137455,0.01317887998622614
2238,train,train,1597,False,0.6093930950233538,0.11352996197412592,0.3886529499461709,0.18630004655660745,0.015260494598098072
2239,train,train,1598,False,0.6087497353194489,0.11343544099038436,0.3906861342243537,0.18634166786266892,0.016826039777675026
2240,test,train,1599,False,0.6071332103262614,0.11282391221327329,0.3895082852407389,0.1858305727546084,0.018029928063908168
2241,train,test,1600,False,0.5885250873631748,0.1142964156174021,0.3791401521804907,0.1942082301529324,0.016889984692207788
2242,train,test,1600,False,0.5885250873631748,0.1142964156174021,0.3791401521804907,0.1942082301529324,0.016889984692207788
2243,train,test,1601,False,0.5906855725905124,0.11496676500080955,0.38262358224902504,0.19463276290397777,0.017689061948442383
2244,train,train,1602,False,0.6134162600248968,0.11903707829571815,0.3937124807347336,0.1940559552348462,0.016967895454494845
2245,train,train,1603,False,0.6125468187182712,0.11922566568724349,0.3952534669038628,0.19463927008341705,0.016982378390070982
2246,train,train,1603,False,0.6125468187182712,0.11922566568724349,0.3952534669038628,0.19463927008341705,0.016982378390070982
2247,train,train,1604,False,0.6237194015142156,0.12158189901849295,0.40556997330771205,0.19493044263706763,0.01739152725035221
2248,train,train,1605,False,0.6309553614309077,0.12093845100441086,0.3963650712259538,0.19167513012353432,0.009451110244382466
2249,train,test,1606,False,0.6275850021850978,0.1196249921402948,0.39481797346074227,0.19061161710969793,0.00635157249499769
2250,train,test,1606,False,0.6275850021850978,0.1196249921402948,0.39481797346074227,0.19061161710969793,0.00635157249499769
2251,train,test,1606,False,0.6275850021850978,0.1196249921402948,0.39481797346074227,0.19061161710969793,0.00635157249499769
2252,train,train,1607,False,0.60962786149591,0.11650718709192277,0.383099312853148,0.19111197904576813,0.00699502946448948
2253,train,test,1608,False,0.6109615617348139,0.11669215957839181,0.38338536485991537,0.19099754696031387,0.0066573931817563705
2254,test,test,1609,False,0.6040165370706315,0.11501559145373151,0.3801897417135233,0.1904179511566618,0.005047249158651854
2255,train,train,1610,False,0.6006639239316324,0.11401332376829157,0.3749001786686335,0.18981217154181643,0.005175687711522681
2256,train,train,1611,False,0.6011814274395075,0.11319102919698355,0.3768174516072021,0.18828098146523853,0.007453972592703282
2257,train,test,1612,False,0.6010015462337702,0.11242657164157052,0.37880390079283516,0.187065361721782,0.009928731379027774
2258,train,train,1613,False,0.5913433114031766,0.11587583411786713,0.38113995116770594,0.19595357194944787,0.01682751396452241
2259,train,train,1614,False,0.6017942635664665,0.11799388557292173,0.3877203607872211,0.19607014010676033,0.016497783093012707
2260,train,test,1615,False,0.6080007777760008,0.11828844607986255,0.3901529966960925,0.19455311638341735,0.013196529331133666
2261,train,test,1616,False,0.6073308474356814,0.11640015344365594,0.3805173921077053,0.19165855634557266,0.00804013500081721
2262,train,train,1617,False,0.603309280767753,0.11584559366721014,0.38139609494854826,0.1920169262435157,0.007673385765450347
2263,train,test,1618,False,0.5978283667653793,0.11447152249365686,0.3753675711445847,0.1914789074212361,0.00761928301693233
2264,train,train,1619,False,0.5985864078597876,0.11392783537452082,0.3743065806675711,0.19032813621990427,0.007342160795407266
2265,train,test,1620,False,0.599268436800314,0.11405862475657255,0.3760738173388736,0.19032977168890797,0.00805486213964666
2266,test,train,1621,False,0.6022358009772697,0.1131071654357494,0.37859077215062664,0.18781209162956825,0.010645728291366258
2267,test,train,1622,False,0.6007089974512949,0.11232490792095783,0.378447746147243,0.18698722409275226,0.014287964622650513
2268,train,train,1623,False,0.5869996399787172,0.11356587546694095,0.37539790261353306,0.19346839032313293,0.015337061100935368
2269,train,train,1623,False,0.5869996399787172,0.11356587546694095,0.37539790261353306,0.19346839032313293,0.015337061100935368
2270,train,train,1624,False,0.6168155432809354,0.1193030571255414,0.3967420202112809,0.1934177217567352,0.016266716514642295
2271,train,train,1624,False,0.6168155432809354,0.1193030571255414,0.3967420202112809,0.1934177217567352,0.016266716514642295
2272,train,train,1625,False,0.6334898914180935,0.12163397434098164,0.3993486735433848,0.19200618034914324,0.012704109728783332
2273,train,train,1626,False,0.6364448878812938,0.1214563784952053,0.39559866589344245,0.1908356572703883,0.009982998842789215
2274,train,train,1626,False,0.6364448878812938,0.1214563784952053,0.39559866589344245,0.1908356572703883,0.009982998842789215
2275,train,train,1626,False,0.6364448878812938,0.1214563784952053,0.39559866589344245,0.1908356572703883,0.009982998842789215
2276,train,train,1627,False,0.6365411875960786,0.12070715003593184,0.39685277029850563,0.1896297559185241,0.006331391685234635
2277,train,train,1628,False,0.616913667818922,0.1166172377724191,0.37992348506166174,0.18903331836481352,0.005769576816601657
2278,train,train,1628,False,0.616913667818922,0.1166172377724191,0.37992348506166174,0.18903331836481352,0.005769576816601657
2279,train,train,1628,False,0.616913667818922,0.1166172377724191,0.37992348506166174,0.18903331836481352,0.005769576816601657
2280,test,train,1628,False,0.616913667818922,0.1166172377724191,0.37992348506166174,0.18903331836481352,0.005769576816601657
2281,train,train,1629,False,0.6106182643564835,0.11562225482973217,0.38062734072197324,0.18935276191186942,0.005551174964457953
2282,train,train,1630,False,0.6110320031906473,0.11543909248934162,0.38017433159811764,0.18892478935072016,0.005798086240943281
2283,train,train,1631,False,0.6129372965969583,0.11389074471958281,0.37885627733685334,0.18581141227970105,0.010702965522200297
2284,test,train,1632,False,0.621466086867536,0.11841233004163827,0.3803948439794208,0.19053707441783155,0.01519973092205505
2285,train,train,1632,False,0.621466086867536,0.11841233004163827,0.3803948439794208,0.19053707441783155,0.01519973092205505
2286,train,train,1633,False,0.6360749744653754,0.12115662054372461,0.38975643330752024,0.19047537697196376,0.012247330900592197
2287,train,train,1634,False,0.6246049693145127,0.11924067955728063,0.38550430282670073,0.1909057490979364,0.012490240848928729
2288,train,train,1635,False,0.6271000011824092,0.11871264454889008,0.3842360681956815,0.189304168912542,0.008726675142576322
2289,train,train,1636,False,0.6161258720851522,0.11613148176086126,0.37548144624780344,0.1884866177877549,0.006435550902912091
2290,test,train,1637,False,0.6125312374867571,0.11579128839604474,0.37871319962263683,0.18903736056162876,0.007051044675093195
2291,train,train,1638,False,0.6179364832780407,0.11465837884382298,0.3815578565394048,0.18555042782970366,0.010479846149734014
2292,train,train,1638,False,0.6179364832780407,0.11465837884382298,0.3815578565394048,0.18555042782970366,0.010479846149734014
2293,train,train,1639,False,0.6223391142651181,0.1145369611246788,0.384698787162378,0.18404268428464188,0.013822424030023909
2294,train,train,1640,False,0.6023591670024311,0.11768883355561154,0.38359965932012097,0.19537983316710536,0.017137706102336326
2295,test,train,1640,False,0.6023591670024311,0.11768883355561154,0.38359965932012097,0.19537983316710536,0.017137706102336326
2296,train,train,1640,False,0.6023591670024311,0.11768883355561154,0.38359965932012097,0.19537983316710536,0.017137706102336326
2297,train,train,1640,False,0.6023591670024311,0.11768883355561154,0.38359965932012097,0.19537983316710536,0.017137706102336326
2298,train,train,1640,False,0.6023591670024311,0.11768883355561154,0.38359965932012097,0.19537983316710536,0.017137706102336326
2299,test,train,1640,False,0.6023591670024311,0.11768883355561154,0.38359965932012097,0.19537983316710536,0.017137706102336326
2300,train,train,1640,False,0.6023591670024311,0.11768883355561154,0.38359965932012097,0.19537983316710536,0.017137706102336326
2301,train,train,1640,False,0.6023591670024311,0.11768883355561154,0.38359965932012097,0.19537983316710536,0.017137706102336326
2302,train,train,1640,False,0.6023591670024311,0.11768883355561154,0.38359965932012097,0.19537983316710536,0.017137706102336326
2303,train,train,1640,False,0.6023591670024311,0.11768883355561154,0.38359965932012097,0.19537983316710536,0.017137706102336326
2304,train,train,1640,False,0.6023591670024311,0.11768883355561154,0.38359965932012097,0.19537983316710536,0.017137706102336326
2305,train,test,1641,False,0.6044675249971503,0.11822678838717048,0.3854080788833466,0.19558832112234292,0.01780430434964807
2306,train,train,1642,False,0.6218442274980945,0.1206675372959545,0.3953741626125383,0.1940478530796111,0.01272696662104136
2307,test,train,1643,False,0.6139946220587982,0.11809745770995655,0.38784434974415277,0.19234282103963957,0.008509353870145703
2308,train,test,1644,False,0.6146654371127935,0.11807361315788048,0.38609173668601543,0.1920941149912314,0.008568965193497596
2309,test,train,1645,False,0.6143161092597031,0.11665924541612274,0.38539518159182334,0.18990100317685932,0.007557258566037821
2310,train,train,1646,False,0.6162008414934601,0.11637064338424367,0.3910320154596757,0.1888518086119471,0.009601650482058485
2311,test,train,1647,False,0.6170238636354753,0.11673955748017907,0.3950750164697664,0.1891977998911665,0.010752400627241008
2312,train,train,1648,False,0.6178760279376995,0.11637973477968715,0.39421968117519834,0.1883545072433555,0.011673051459485755
2313,train,train,1649,False,0.6095409658568584,0.12022073901109998,0.39739320247545495,0.19723159844080443,0.01909056022564583
2314,train,test,1650,False,0.6110276661880363,0.1209165400070279,0.39940776814096685,0.197890450298886,0.020318101272653176
2315,train,test,1651,False,0.6247469213212054,0.1221344742527912,0.4005350973395885,0.19549431951501747,0.01600488680220576
2316,train,test,1651,False,0.6247469213212054,0.1221344742527912,0.4005350973395885,0.19549431951501747,0.01600488680220576
2317,train,train,1652,False,0.6297756532002131,0.1218914072664601,0.4013568777157122,0.19354734761032336,0.012316332140707884
2318,train,test,1653,False,0.6194270668548056,0.11969779766931482,0.3954676327976379,0.1932395338761845,0.011847140034602336
2319,train,train,1654,False,0.6154102172994038,0.11811869581094248,0.38943818260191415,0.191934895603913,0.010186775205101802
2320,train,train,1655,False,0.6112591073175095,0.1168598087652109,0.38405932795089504,0.19117884276284458,0.009891184408335512
2321,train,test,1656,False,0.6089374584559138,0.1157081189532615,0.3798882795913504,0.19001642508027544,0.008804249620096622
2322,train,test,1657,False,0.6069002878843408,0.11473366500465235,0.377088093498564,0.1890486251120671,0.008428828089120016
2323,test,train,1658,False,0.6109393736274963,0.11477957926278665,0.38338536485991537,0.18787392696803068,0.0119884652599629
2324,train,train,1659,False,0.5991428850243965,0.11591738617352496,0.37798734315994764,0.193472023236669,0.014518665505579988
2325,train,train,1659,False,0.5991428850243965,0.11591738617352496,0.37798734315994764,0.193472023236669,0.014518665505579988
2326,train,train,1660,False,0.6172311351955939,0.11867496360287644,0.3910320154596757,0.19226989183763327,0.010610376469096384
2327,train,train,1661,False,0.612825617995801,0.1159943393893763,0.3877508795590531,0.1892778891468781,0.007469509404206721
2328,train,train,1662,False,0.6035740508857607,0.11385704084541795,0.38010140823355876,0.18863806467214714,0.007104899762957087
2329,train,train,1663,False,0.6073357530491625,0.11351934582854514,0.37978171527024607,0.18691365568158144,0.010439079866700632
2330,train,train,1664,False,0.5951791291610892,0.11687831952630459,0.3887744196363475,0.19637503030565895,0.015721112202916873
2331,test,train,1664,False,0.5951791291610892,0.11687831952630459,0.3887744196363475,0.19637503030565895,0.015721112202916873
2332,train,train,1664,False,0.5951791291610892,0.11687831952630459,0.3887744196363475,0.19637503030565895,0.015721112202916873
2333,test,train,1664,False,0.5951791291610892,0.11687831952630459,0.3887744196363475,0.19637503030565895,0.015721112202916873
2334,train,test,1665,False,0.598827960049788,0.1180449199809736,0.3888707105471813,0.19712660038646002,0.017335188602764957
2335,train,train,1666,False,0.5981325575466405,0.11759184036413504,0.38752133130877264,0.19659829394083034,0.016226016376561483
2336,train,test,1667,False,0.6101323633219762,0.12092369341459168,0.39851690446857896,0.19819255735952232,0.019026952626299002
2337,test,train,1668,False,0.6094544571788708,0.11932649324815145,0.392364479289955,0.19579230546693652,0.015249435617854317
2338,train,train,1669,False,0.6058962104826917,0.11591692416682314,0.38308621871714343,0.19131481953728852,0.0087505025119537
2339,train,test,1670,False,0.6058180307131724,0.11455651613912061,0.38395978485285115,0.18909393634960656,0.009186720728331295
2340,train,test,1671,False,0.6091277336936736,0.11335819319297627,0.3845865813898052,0.18609921519348088,0.013185440504066396
2341,train,train,799,False,0.5984775737674932,0.11769416617826384,0.38434695920263423,0.19665593388464658,0.018654292330530325
2342,test,train,799,False,0.5984775737674932,0.11769416617826384,0.38434695920263423,0.19665593388464658,0.018654292330530325
2343,train,train,799,False,0.5984775737674932,0.11769416617826384,0.38434695920263423,0.19665593388464658,0.018654292330530325
2344,train,train,799,False,0.5984775737674932,0.11769416617826384,0.38434695920263423,0.19665593388464658,0.018654292330530325
2345,train,test,1672,False,0.6117982925873935,0.11971429853657377,0.38815627410018916,0.19567609126577115,0.016448485437570024
2346,test,train,1673,False,0.6162663104151628,0.12054353853993313,0.39110211809850026,0.1956029990650082,0.01587823877105021
2347,train,test,1674,False,0.6161566598823588,0.11877189432280337,0.38980743138351087,0.19276249378766785,0.009850487002411177
2348,test,test,1675,False,0.6146354464284672,0.1179338791465469,0.38584645330936407,0.19187614354466348,0.008420947427524807
2349,train,train,1676,False,0.6119524775176266,0.1174010821791704,0.38709132854049183,0.19184673073864433,0.00902671760037594
2350,train,train,1677,False,0.6094080279514791,0.11736621053929518,0.3867786050894066,0.1925905225335165,0.00953790216509789
2351,train,train,1678,False,0.6091693146002702,0.11702910566416512,0.38665257937063785,0.1921126078731629,0.00923314879290948
2352,train,train,1679,False,0.6078280219854095,0.11584875032160163,0.383026389488589,0.19059461908846068,0.008751026480588444
2353,train,train,1680,False,0.6107345382689188,0.11584569023687113,0.38380134873406196,0.18968255924288652,0.007639389836019904
2354,test,train,1681,False,0.6112840360604128,0.11512306459389461,0.3882369660720243,0.18832990525294377,0.010672936154462673
2355,train,train,1682,False,0.6103592473868557,0.11452090157176494,0.3886529499461709,0.187628682717704,0.01280103249594086
2356,train,train,1682,False,0.6103592473868557,0.11452090157176494,0.3886529499461709,0.187628682717704,0.01280103249594086
2357,test,train,1682,False,0.6103592473868557,0.11452090157176494,0.3886529499461709,0.187628682717704,0.01280103249594086
2358,train,train,1683,False,0.5950521992385894,0.11608824431775952,0.3813309558478589,0.19508917783398244,0.019618379391884072
2359,train,train,1683,False,0.5950521992385894,0.11608824431775952,0.3813309558478589,0.19508917783398244,0.019618379391884072
2360,train,train,1684,False,0.6110081409611648,0.11908669847416005,0.39125239783848187,0.19490198328098723,0.016247358369513246
2361,train,train,1685,False,0.6143105194371846,0.1190360872315709,0.3939565335548603,0.19377185228836497,0.011094024056067062
2362,train,train,1686,False,0.6046552396314953,0.11505210849031455,0.3797199342818358,0.19027720418073713,0.005884209043495437
2363,train,train,1687,False,0.6054435284551721,0.1146486183835268,0.3786010847694767,0.18936302560877988,0.005661283847600807
2364,train,train,1687,False,0.6054435284551721,0.1146486183835268,0.3786010847694767,0.18936302560877988,0.005661283847600807
2365,train,train,1687,False,0.6054435284551721,0.1146486183835268,0.3786010847694767,0.18936302560877988,0.005661283847600807
2366,train,train,1687,False,0.6054435284551721,0.1146486183835268,0.3786010847694767,0.18936302560877988,0.005661283847600807
2367,train,train,1687,False,0.6054435284551721,0.1146486183835268,0.3786010847694767,0.18936302560877988,0.005661283847600807
2368,train,train,1688,False,0.6077378055170632,0.11451571917667872,0.37894974752195304,0.1884294808338421,0.007678793810847294
2369,train,train,1689,False,0.6092739288987657,0.11441504463814361,0.3841939650619335,0.18778916873227036,0.010433323864900663
2370,test,train,1690,False,0.6109148555096295,0.11407794253934303,0.3821140456912009,0.18673296533962724,0.009926414034599308
2371,train,train,1690,False,0.6109148555096295,0.11407794253934303,0.3821140456912009,0.18673296533962724,0.009926414034599308
2372,train,train,1690,False,0.6109148555096295,0.11407794253934303,0.3821140456912009,0.18673296533962724,0.009926414034599308
2373,train,train,1690,False,0.6109148555096295,0.11407794253934303,0.3821140456912009,0.18673296533962724,0.009926414034599308
2374,train,train,1690,False,0.6109148555096295,0.11407794253934303,0.3821140456912009,0.18673296533962724,0.009926414034599308
2375,train,train,1690,False,0.6109148555096295,0.11407794253934303,0.3821140456912009,0.18673296533962724,0.009926414034599308
2376,train,train,1690,False,0.6109148555096295,0.11407794253934303,0.3821140456912009,0.18673296533962724,0.009926414034599308
2377,train,train,1690,False,0.6109148555096295,0.11407794253934303,0.3821140456912009,0.18673296533962724,0.009926414034599308
2378,train,train,1690,False,0.6109148555096295,0.11407794253934303,0.3821140456912009,0.18673296533962724,0.009926414034599308
2379,train,train,1690,False,0.6109148555096295,0.11407794253934303,0.3821140456912009,0.18673296533962724,0.009926414034599308
2380,train,train,1690,False,0.6109148555096295,0.11407794253934303,0.3821140456912009,0.18673296533962724,0.009926414034599308
2381,train,train,1690,False,0.6109148555096295,0.11407794253934303,0.3821140456912009,0.18673296533962724,0.009926414034599308
2382,train,train,1690,False,0.6109148555096295,0.11407794253934303,0.3821140456912009,0.18673296533962724,0.009926414034599308
2383,train,train,1690,False,0.6109148555096295,0.11407794253934303,0.3821140456912009,0.18673296533962724,0.009926414034599308
2384,test,train,1690,False,0.6109148555096295,0.11407794253934303,0.3821140456912009,0.18673296533962724,0.009926414034599308
2385,train,train,1690,False,0.6109148555096295,0.11407794253934303,0.3821140456912009,0.18673296533962724,0.009926414034599308
2386,train,train,1690,False,0.6109148555096295,0.11407794253934303,0.3821140456912009,0.18673296533962724,0.009926414034599308
2387,test,train,1690,False,0.6109148555096295,0.11407794253934303,0.3821140456912009,0.18673296533962724,0.009926414034599308
2388,test,train,1690,False,0.6109148555096295,0.11407794253934303,0.3821140456912009,0.18673296533962724,0.009926414034599308
2389,train,train,1690,False,0.6109148555096295,0.11407794253934303,0.3821140456912009,0.18673296533962724,0.009926414034599308
2390,train,train,1690,False,0.6109148555096295,0.11407794253934303,0.3821140456912009,0.18673296533962724,0.009926414034599308
2391,train,train,1690,False,0.6109148555096295,0.11407794253934303,0.3821140456912009,0.18673296533962724,0.009926414034599308
2392,train,train,1690,False,0.6109148555096295,0.11407794253934303,0.3821140456912009,0.18673296533962724,0.009926414034599308
2393,train,train,1690,False,0.6109148555096295,0.11407794253934303,0.3821140456912009,0.18673296533962724,0.009926414034599308
2394,train,train,1690,False,0.6109148555096295,0.11407794253934303,0.3821140456912009,0.18673296533962724,0.009926414034599308
2395,train,train,1690,False,0.6109148555096295,0.11407794253934303,0.3821140456912009,0.18673296533962724,0.009926414034599308
2396,train,train,1690,False,0.6109148555096295,0.11407794253934303,0.3821140456912009,0.18673296533962724,0.009926414034599308
2397,train,train,1690,False,0.6109148555096295,0.11407794253934303,0.3821140456912009,0.18673296533962724,0.009926414034599308
2398,test,train,1690,False,0.6109148555096295,0.11407794253934303,0.3821140456912009,0.18673296533962724,0.009926414034599308
2399,train,train,1690,False,0.6109148555096295,0.11407794253934303,0.3821140456912009,0.18673296533962724,0.009926414034599308
2400,train,train,1690,False,0.6109148555096295,0.11407794253934303,0.3821140456912009,0.18673296533962724,0.009926414034599308
2401,train,train,1690,False,0.6109148555096295,0.11407794253934303,0.3821140456912009,0.18673296533962724,0.009926414034599308
2402,train,train,1690,False,0.6109148555096295,0.11407794253934303,0.3821140456912009,0.18673296533962724,0.009926414034599308
2403,train,train,1690,False,0.6109148555096295,0.11407794253934303,0.3821140456912009,0.18673296533962724,0.009926414034599308
2404,test,train,1690,False,0.6109148555096295,0.11407794253934303,0.3821140456912009,0.18673296533962724,0.009926414034599308
2405,train,train,1690,False,0.6109148555096295,0.11407794253934303,0.3821140456912009,0.18673296533962724,0.009926414034599308
2406,train,train,1690,False,0.6109148555096295,0.11407794253934303,0.3821140456912009,0.18673296533962724,0.009926414034599308
2407,test,train,1690,False,0.6109148555096295,0.11407794253934303,0.3821140456912009,0.18673296533962724,0.009926414034599308
2408,train,train,1690,False,0.6109148555096295,0.11407794253934303,0.3821140456912009,0.18673296533962724,0.009926414034599308
2409,train,train,1690,False,0.6109148555096295,0.11407794253934303,0.3821140456912009,0.18673296533962724,0.009926414034599308
2410,train,train,1690,False,0.6109148555096295,0.11407794253934303,0.3821140456912009,0.18673296533962724,0.009926414034599308
2411,train,train,1690,False,0.6109148555096295,0.11407794253934303,0.3821140456912009,0.18673296533962724,0.009926414034599308
2412,train,train,1690,False,0.6109148555096295,0.11407794253934303,0.3821140456912009,0.18673296533962724,0.009926414034599308
2413,train,train,1690,False,0.6109148555096295,0.11407794253934303,0.3821140456912009,0.18673296533962724,0.009926414034599308
2414,train,train,1691,False,0.6101227415267222,0.11377958947037053,0.3833386297673656,0.1864863931897664,0.01262560808596621
2415,train,train,1692,False,0.600768384814157,0.11706003703268184,0.37880903749797035,0.19485052807646236,0.01577557323123374
2416,test,train,1692,False,0.600768384814157,0.11706003703268184,0.37880903749797035,0.19485052807646236,0.01577557323123374
2417,test,train,1692,False,0.600768384814157,0.11706003703268184,0.37880903749797035,0.19485052807646236,0.01577557323123374
2418,train,train,1692,False,0.600768384814157,0.11706003703268184,0.37880903749797035,0.19485052807646236,0.01577557323123374
2419,train,train,1692,False,0.600768384814157,0.11706003703268184,0.37880903749797035,0.19485052807646236,0.01577557323123374
2420,test,train,1692,False,0.600768384814157,0.11706003703268184,0.37880903749797035,0.19485052807646236,0.01577557323123374
2421,train,train,1693,False,0.6140958531018235,0.11971225580590202,0.38894134649113216,0.1949406679775323,0.014874669796624333
2422,train,train,1694,False,0.6160741557947201,0.12047031947785258,0.3897856198046724,0.1955451601803502,0.015933852737002256
2423,train,train,1695,False,0.6169278224511019,0.11807871333526092,0.38650292793661345,0.19139793836193847,0.009630136132707141
2424,train,train,1696,False,0.6126932194441576,0.11709101226985826,0.3853484464992736,0.19110871240926183,0.008219490085514479
2425,train,train,1697,False,0.6075856984295374,0.1160538162286475,0.3833722707239108,0.19100814342506522,0.0072358706681521084
2426,train,train,1698,False,0.6075157159088233,0.11618606345481118,0.3834372366576005,0.19124783180464838,0.007664497914183608
2427,train,train,1699,False,0.6059164614130597,0.11477564807161056,0.3792694404852657,0.18942487187745635,0.008996702656172357
2428,train,train,1700,False,0.6071896031278867,0.11375402167307758,0.3838247162803369,0.1873451407716522,0.01448528265621182
2429,train,train,1701,False,0.591598388192102,0.11551164376891858,0.38249817180851864,0.19525347951321667,0.017009549712262404
2430,train,train,1701,False,0.591598388192102,0.11551164376891858,0.38249817180851864,0.19525347951321667,0.017009549712262404
2431,train,train,1702,False,0.6031525178470887,0.11819237075008898,0.3905480611093188,0.19595768442112868,0.018524398151730403
2432,test,train,1703,False,0.6087081738088211,0.11918978641580613,0.3912548589515314,0.19580776395692107,0.01708439470755575
2433,train,train,1703,False,0.6087081738088211,0.11918978641580613,0.3912548589515314,0.19580776395692107,0.01708439470755575
2434,train,train,1704,False,0.6117773051722328,0.11898690743640314,0.38846715171648716,0.19449382386439606,0.013004678175111218
2435,train,train,1705,False,0.6097934132011458,0.11737289313172118,0.3840599432291576,0.19247976542672934,0.009079014544492614
2436,train,test,1706,False,0.6073833630902973,0.1153806500061244,0.38263377316071745,0.18996346791436763,0.006268405682578838
2437,test,test,1706,False,0.6073833630902973,0.1153806500061244,0.38263377316071745,0.18996346791436763,0.006268405682578838
2438,train,train,1707,False,0.6090067228907549,0.11488128939558873,0.3876050328299351,0.18863714484182537,0.01015964221511634
2439,train,train,1708,False,0.609626873778601,0.11466208450019824,0.3849894711279471,0.18808567901460363,0.009507347917475293
2440,train,train,1709,False,0.6084719432444435,0.11454178248225796,0.38692122779016097,0.18824496963904003,0.01079904323771188
2441,train,train,1709,False,0.6084719432444435,0.11454178248225796,0.38692122779016097,0.18824496963904003,0.01079904323771188
2442,train,train,1709,False,0.6084719432444435,0.11454178248225796,0.38692122779016097,0.18824496963904003,0.01079904323771188
2443,train,train,1710,False,0.6099603495154976,0.11475344425798659,0.3877896572207336,0.1881326291932538,0.011263308890801222
2444,train,train,1711,False,0.5966906749431516,0.11674303678678147,0.3828598769861669,0.19565084840299188,0.018199365405989914
2445,test,train,1711,False,0.5966906749431516,0.11674303678678147,0.3828598769861669,0.19565084840299188,0.018199365405989914
2446,train,train,1711,False,0.5966906749431516,0.11674303678678147,0.3828598769861669,0.19565084840299188,0.018199365405989914
2447,train,train,1712,False,0.6131140404076361,0.11888357517282991,0.38868068115792165,0.19390124403901884,0.013647135658016164
2448,train,train,1713,False,0.6150835635211245,0.1178499011311076,0.38899883118149264,0.19159982174854548,0.008827229961623231
2449,train,train,1714,False,0.6184608068047022,0.11849591046298442,0.3885361122147964,0.19159809184222584,0.008879120216166552
2450,train,train,1715,False,0.6116818481932681,0.11676694089519647,0.3850025652639517,0.19089489289259173,0.0062012225361329065
2451,test,train,1716,False,0.6076160175206308,0.11602090510266831,0.38490627435311797,0.1909444480678605,0.006365057152833556
2452,train,train,1716,False,0.6076160175206308,0.11602090510266831,0.38490627435311797,0.1909444480678605,0.006365057152833556
2453,train,train,1443,False,0.6086382131762698,0.11009894193296269,0.3666571716677564,0.18089390306007053,0.013715575793962381
2454,train,train,1443,False,0.6086382131762698,0.11009894193296269,0.3666571716677564,0.18089390306007053,0.013715575793962381
2455,train,train,1443,False,0.6086382131762698,0.11009894193296269,0.3666571716677564,0.18089390306007053,0.013715575793962381
2456,train,train,1717,False,0.6035830922678317,0.11550662006753383,0.38608130261099843,0.19136821681591995,0.009037015289822774
2457,test,test,1718,False,0.6035285774541883,0.11487232235321147,0.38388172478315713,0.19033452042613677,0.00800481135797758
2458,train,train,1719,False,0.6047808230079902,0.11523791924737099,0.3856835495779918,0.19054492944107207,0.008504160660716227
2459,train,train,1719,False,0.6047808230079902,0.11523791924737099,0.3856835495779918,0.19054492944107207,0.008504160660716227
2460,test,train,1719,False,0.6047808230079902,0.11523791924737099,0.3856835495779918,0.19054492944107207,0.008504160660716227
2461,train,test,1720,False,0.6071947857768238,0.11519686474892497,0.38839026548567845,0.18971978588641225,0.009044084533209665
2462,test,train,1721,False,0.6083726277782163,0.11398559257462128,0.3882369660720243,0.1873614744813519,0.012065192711523473
2463,train,train,1722,False,0.6081353453540839,0.1136466850519289,0.3862271493401164,0.18687728960361394,0.013113679845553944
2464,train,train,1723,False,0.597397203323222,0.11830427885758109,0.394490063461513,0.1980328635612519,0.019514474437178173
2465,train,train,1724,False,0.6031065997225088,0.11901900900309424,0.3942265622714166,0.1973432375932468,0.018984188898833507
2466,train,train,1725,False,0.594677572494181,0.10867673795238186,0.3579340789251239,0.18274901052106735,0.011335778459097282
2467,train,test,1726,False,0.614478706742861,0.12114637494896913,0.3966366734190066,0.1971530886580662,0.01692465140062153
2468,train,test,1727,False,0.6131673629643521,0.11979064823681244,0.3899378619542967,0.19536370568988803,0.01370485123858431
2469,train,test,1728,False,0.6154552660869702,0.12010165969561148,0.3901985272875072,0.19514279317034858,0.013754361738691838
2470,test,test,1729,False,0.6131526184961252,0.11935586957357767,0.3886763174924458,0.1946593164134582,0.012437903171525202
2471,test,train,1730,False,0.6130137368346701,0.11757914814289754,0.38661976566798795,0.19180507887151746,0.008120506576107599
2472,train,train,1731,False,0.6100643920661961,0.11636153184639991,0.3838247162803369,0.19073647529615842,0.007338827944449049
2473,test,test,1732,False,0.6105308995727351,0.11626444603420862,0.3821433410167716,0.19043171462013372,0.006975583380871367
2474,train,train,1733,False,0.6125339112119451,0.11652683030405125,0.38294601343949397,0.19023735367319342,0.006916866122255952
2475,train,train,1734,False,0.6069011211032516,0.11531350304322874,0.3825457887691462,0.19000377332242652,0.007105424842180356
2476,test,train,1735,False,0.6055170987894659,0.11498099708632402,0.37947403562692206,0.18988893512039717,0.008137724683371374
2477,train,train,1735,False,0.6055170987894659,0.11498099708632402,0.37947403562692206,0.18988893512039717,0.008137724683371374
2478,train,train,1736,False,0.6079855991496151,0.11434792668057743,0.3805669479259894,0.1880767025411704,0.007168506158219045
2479,train,train,1737,False,0.6084164714767306,0.11445180807555848,0.38098293180013587,0.18811424976343,0.007138202925311506
2480,test,train,1737,False,0.6084164714767306,0.11445180807555848,0.38098293180013587,0.18811424976343,0.007138202925311506
2481,train,test,1738,False,0.6113683271718015,0.11498575039734184,0.38497919771767675,0.18807933824322817,0.008070960545505598
2482,train,test,1739,False,0.610460202536025,0.11459400375818543,0.38581116546596983,0.18771740284154384,0.00935645782242646
2483,train,train,1740,False,0.6122365872779355,0.11487591302133024,0.3874049983237312,0.1876332048891098,0.00963624603839498
2484,train,test,1741,False,0.5962839598136085,0.11723866290816014,0.3786202926050205,0.1966154899501365,0.018520074085408105
2485,train,train,1742,False,0.5985588013917946,0.11772322288499609,0.3817789341916482,0.1966777910729255,0.019039807240873587
2486,train,train,1743,False,0.6126788291191505,0.11920190055156508,0.38705911708840945,0.19455854337735462,0.013827936026501472
2487,test,train,1743,False,0.6126788291191505,0.11920190055156508,0.38705911708840945,0.19455854337735462,0.013827936026501472
2488,train,test,1744,False,0.6117649550394486,0.11824899917889574,0.3898775340223355,0.19329155455017957,0.01171593794015422
2489,train,train,1745,False,0.61151045848545,0.11757913800315163,0.38784434974415277,0.19227657740206786,0.009876377306003345
2490,train,train,1746,False,0.6065245842161608,0.1161505472912028,0.38256880722702796,0.1915017961577096,0.007819256784671493
2491,train,test,1747,False,0.6020417038289043,0.11471732971659677,0.3795110733788843,0.19054714812447374,0.006723525459040129
2492,train,test,1747,False,0.6020417038289043,0.11471732971659677,0.3795110733788843,0.19054714812447374,0.006723525459040129
2493,train,test,1747,False,0.6020417038289043,0.11471732971659677,0.3795110733788843,0.19054714812447374,0.006723525459040129
2494,train,train,1748,False,0.6072047886141124,0.11547180643291287,0.38385835723688205,0.19016945946105984,0.007814725451883336
2495,train,train,1748,False,0.6072047886141124,0.11547180643291287,0.38385835723688205,0.19016945946105984,0.007814725451883336
2496,train,train,1749,False,0.6100465306954835,0.11516589882765603,0.38411590499223947,0.18878215518472197,0.008865019665324627
2497,train,train,1750,False,0.6093220254103848,0.1147072938303629,0.38486467596570323,0.18825397580713799,0.0101510478404456
2498,train,train,1751,False,0.6106194957212728,0.11474595843592082,0.38703574954213454,0.18791728603486724,0.011332678783658756
2499,train,train,1752,False,0.5987570107280917,0.11777028243208813,0.38826667732797293,0.1966912793035673,0.018556838480868008
2500,train,train,1752,False,0.5987570107280917,0.11777028243208813,0.38826667732797293,0.1966912793035673,0.018556838480868008
2501,train,train,1753,False,0.6131628103412498,0.12078279024176734,0.3996893529350976,0.19698322893155712,0.018969052834010076
2502,train,test,1754,False,0.615764225780841,0.12006452087767021,0.39673586742865713,0.19498456690207727,0.015475926764166134
2503,test,train,1755,False,0.617432029716489,0.11906454048056032,0.3893788651044613,0.19283829595823218,0.010597940750437894
2504,train,train,1755,False,0.617432029716489,0.11906454048056032,0.3893788651044613,0.19283829595823218,0.010597940750437894
2505,test,train,1755,False,0.617432029716489,0.11906454048056032,0.3893788651044613,0.19283829595823218,0.010597940750437894
2506,train,train,1755,False,0.617432029716489,0.11906454048056032,0.3893788651044613,0.19283829595823218,0.010597940750437894
2507,train,train,1756,False,0.6094104079432932,0.11729813621903384,0.38636385177178495,0.19247806517598673,0.008321755139574255
2508,train,train,1757,False,0.6068509616826296,0.11568231211321327,0.37986626418326247,0.19062722054927334,0.006015547672346514
2509,train,train,1758,False,0.6069641235455498,0.11557735907067546,0.37989801811847906,0.1904187654379574,0.005929564001753232
2510,test,train,1759,False,0.6066527023563912,0.1149809059851455,0.3792745771904009,0.18953332860552805,0.005129605015129183
2511,train,test,1760,False,0.6122737099880488,0.11480624841103027,0.38172142936332926,0.1875080483420907,0.006169938496149018
2512,train,train,1761,False,0.6111368399848671,0.11408727655422789,0.3825300295653474,0.18668041114499478,0.008613241473483494
2513,train,train,1761,False,0.6111368399848671,0.11408727655422789,0.3825300295653474,0.18668041114499478,0.008613241473483494
2514,train,train,1761,False,0.6111368399848671,0.11408727655422789,0.3825300295653474,0.18668041114499478,0.008613241473483494
2515,train,train,1761,False,0.6111368399848671,0.11408727655422789,0.3825300295653474,0.18668041114499478,0.008613241473483494
2516,train,train,1762,False,0.6113703019452796,0.1144010149890579,0.38578779791969486,0.18712229662620625,0.010731713084648787
2517,train,train,1763,False,0.5976078825855539,0.11747965790533324,0.3897256972787976,0.1965831799223545,0.018621648733772218
2518,test,train,1763,False,0.5976078825855539,0.11747965790533324,0.3897256972787976,0.1965831799223545,0.018621648733772218
2519,train,train,1763,False,0.5976078825855539,0.11747965790533324,0.3897256972787976,0.1965831799223545,0.018621648733772218
2520,train,train,1764,False,0.6047424333965267,0.1185547140354857,0.3905622125093531,0.19604166582064525,0.018034190918956274
2521,test,train,1765,False,0.6162371491467996,0.11933028579389192,0.3892020118243425,0.19364344710329226,0.012232166211715032
2522,train,train,1765,False,0.6162371491467996,0.11933028579389192,0.3892020118243425,0.19364344710329226,0.012232166211715032
2523,train,train,1765,False,0.6162371491467996,0.11933028579389192,0.3892020118243425,0.19364344710329226,0.012232166211715032
2524,train,test,1766,False,0.6154014485297813,0.11832469866616648,0.39059266403925424,0.19227237594069516,0.01047742291122187
2525,train,train,1767,False,0.6156076070528843,0.11869934932967255,0.39267258340998684,0.19281657336550032,0.010678363138484378
2526,train,train,1768,False,0.6103524517538015,0.11679238510850005,0.3854419166843731,0.19135236497028232,0.007814450944071627
2527,test,train,1768,False,0.6103524517538015,0.11679238510850005,0.3854419166843731,0.19135236497028232,0.007814450944071627
2528,test,test,1769,False,0.6088882544361562,0.11688025694710012,0.38555361771061253,0.19195682638899608,0.009419026596160706
2529,train,train,1770,False,0.6023685546962629,0.11496940239796612,0.38121147055774984,0.1908622246324562,0.007786521532247922
2530,train,train,1771,False,0.6047024906217244,0.11422563606405277,0.3839831523991261,0.1888955938425386,0.009869580178761564
2531,train,train,1772,False,0.6056504960948106,0.11349258732075042,0.383954648147716,0.18738957212541257,0.011777225380288558
2532,train,train,1773,False,0.6064975893309246,0.1133058891555365,0.3829562868497643,0.18682001569129594,0.012768052591704339
2533,train,train,1774,False,0.5961052635797558,0.1170791175422913,0.3799436829193045,0.196406783659656,0.01819437920879818
2534,train,train,1775,False,0.6085284025951839,0.12018312110773809,0.3920563033211323,0.1974979649186374,0.01878530169497496
2535,train,train,1776,False,0.6129007247851657,0.11764045787454723,0.38329189467481567,0.19194047766183117,0.009357208100412781
2536,test,train,1777,False,0.5995069482687563,0.11353252486557854,0.3728034595948548,0.18937649545753457,0.02116484742396374
2537,train,train,1778,False,0.6045121294355383,0.1150688622936134,0.375327867091144,0.1903499643606137,0.0061075719858224
2538,train,train,1779,False,0.6078128316863924,0.11403913981032279,0.38294601343949397,0.18762213277715484,0.0098530193508025
2539,train,test,1780,False,0.6089252819963632,0.11435150846090573,0.3849324626251271,0.18779234799712044,0.010521431743873806
2540,train,train,1781,False,0.6082964104332634,0.11420617468148654,0.3841472299693837,0.18774757293100314,0.010126105406297296
2541,train,train,1782,False,0.6112194606133796,0.11472409360054528,0.38694227935703496,0.1876970564474759,0.01032432865362243
2542,train,test,1783,False,0.5975067596660204,0.11597511974785316,0.3798195030353229,0.19409842294115312,0.018734197819056334
2543,test,train,1784,False,0.610026799182372,0.11858120539684236,0.389425145183549,0.19438687866791837,0.017534091938581672
2544,train,train,1785,False,0.615713835220844,0.11782989954554145,0.3838534223830348,0.19137120656591752,0.01010641908476006
2545,train,train,1786,False,0.6068183285805977,0.11509407573846127,0.377233260210892,0.18966809392141565,0.007403244431080699
2546,train,train,1787,False,0.6053667614075101,0.1147498080142358,0.3767174670488323,0.18955419314307306,0.006332593314437449
2547,train,test,1788,False,0.6049793795596017,0.11437722520148698,0.37446007911971874,0.18905970858833,0.00590944007683738
2548,train,test,857,False,0.5871818402648007,0.11085887417743615,0.3734900230346835,0.18879819942565365,0.012802978920680969
2549,train,test,857,False,0.5871818402648007,0.11085887417743615,0.3734900230346835,0.18879819942565365,0.012802978920680969
2550,train,test,857,False,0.5871818402648007,0.11085887417743615,0.3734900230346835,0.18879819942565365,0.012802978920680969
2551,train,train,1789,False,0.6062295396624534,0.11380601772758467,0.3783126775747286,0.18772760197556768,0.005143256493426205
2552,test,train,1790,False,0.6075588379535433,0.11312826383612733,0.3826234997504471,0.18620133025663868,0.011384550954182502
2553,train,train,1791,False,0.6018697296740337,0.1164876435903447,0.3831097078450805,0.1935429509861431,0.014860910190581828
2554,test,train,1791,False,0.6018697296740337,0.1164876435903447,0.3831097078450805,0.1935429509861431,0.014860910190581828
2555,train,train,1792,False,0.603310443734554,0.11630314201749083,0.38316607291079197,0.19277495230740968,0.014651353302016404
2556,train,test,1793,False,0.6154137220809668,0.12011278431229921,0.3938116747443842,0.19517404309112335,0.017537050624431564
2557,train,train,1794,False,0.6174301161791979,0.12017800133693779,0.39507808471469474,0.1946422731703264,0.016926145994536814
2558,train,train,1795,False,0.6077217560425424,0.11425957188275844,0.3755533274794844,0.18801296933453854,0.005491580340311775
2559,test,train,1796,False,0.6194022054358284,0.12035118272294476,0.3967604785591516,0.1943021540232689,0.01549466112794951
2560,train,train,1797,False,0.6167948008003131,0.11917289640390538,0.3887175978536632,0.19321319869959072,0.013435477503817156
2561,test,train,1798,False,0.6181469691193345,0.11914778384895067,0.3886337858005716,0.19274992809347408,0.011614292508063413
2562,train,train,1799,False,0.6210443081856414,0.11947409580520571,0.3896672261058614,0.19237612233214887,0.01003321847994106
2563,train,train,1800,False,0.6226296258768212,0.11961356366457414,0.38966414156816603,0.192110299114225,0.00975027477660336
2564,train,train,1801,False,0.6193174947018997,0.11866696851048726,0.3901065775262829,0.19160926265712233,0.008808297039955499
2565,train,train,1802,False,0.6205446431015259,0.11830656162222766,0.3884192744834218,0.1906495575095502,0.007191636302025895
2566,train,train,1803,False,0.6125078076448635,0.11671415107632604,0.3841472299693837,0.19055128705232402,0.005768173192021489
2567,train,train,1804,False,0.6095409779200326,0.11620644351879061,0.38012816007299743,0.19064582649607534,0.005756322009944134
2568,train,train,1805,False,0.610248017302586,0.11695738056241271,0.38230419706206903,0.1916554863699302,0.007132824396725021
2569,test,train,1806,False,0.6112349614918027,0.11328264518289993,0.372434210813258,0.1853340406223134,0.007783094093293145
2570,train,train,1807,False,0.612485952684795,0.12160503644879166,0.4048121073697236,0.19854338849037004,0.02687391948575703
2571,train,train,1808,False,0.6123225700744039,0.12086574518323444,0.4019551142254585,0.1973890088169507,0.023457799359312786
2572,train,train,1809,False,0.6137147784340015,0.1206963291021315,0.40271988243374374,0.19666518282337747,0.022237159251609358
2573,train,train,1810,False,0.6148560081450869,0.11954223605140799,0.39684343479955503,0.19442314048787784,0.016997913084723145
2574,test,train,1811,False,0.6192092798627025,0.12038162809210308,0.3988403979298843,0.19441186042753647,0.017017106441401992
2575,test,train,1812,False,0.611300820827657,0.1184607311109166,0.390582516692011,0.19378467535922714,0.016832994978362503
2576,train,train,1813,False,0.6103946604978717,0.11869598248580043,0.3938890934804264,0.1944577666996389,0.0181984735460571
2577,test,test,1814,False,0.6065729700344857,0.11706965515097417,0.3864187457465455,0.19300176719763554,0.015028728754404816
2578,train,train,1815,False,0.6067689620263372,0.11660566464646874,0.3834871697231243,0.19217473526835965,0.01364318036611888
2579,train,train,1816,False,0.6047066600615052,0.1160296965461959,0.37886950818567194,0.19187765607607898,0.01277120032779454
2580,test,train,1817,False,0.6035831775413033,0.11562151234809963,0.3787764669586448,0.19155854014865686,0.01153673423505267
2581,train,train,1818,False,0.6097740972828163,0.11494087217506814,0.38371019452836325,0.1884974660079042,0.010636815696504476
2582,train,train,1819,False,0.6162713611770042,0.11634331479374707,0.3886295823998959,0.18878585331556755,0.011304945764627263
2583,train,train,1820,False,0.6185231250366146,0.11555750981792073,0.3861103116087418,0.18682811545822173,0.012366822519748775
2584,train,train,1820,False,0.6185231250366146,0.11555750981792073,0.3861103116087418,0.18682811545822173,0.012366822519748775
2585,train,train,1821,False,0.6160752354976519,0.11448744334360957,0.3853484464992736,0.18583354231261895,0.01402997609669203
2586,train,test,1822,True,0.0,0.0,0.0,,
2587,train,train,1823,False,0.6187045904161539,0.11481490016103753,0.3892979773242648,0.1855730536665496,0.014323164440874349
2588,test,train,1824,False,0.6142878543400035,0.11421586150492348,0.3881902309794745,0.18593215004655764,0.014820661272170561
2589,train,train,1825,False,0.5847221019403367,0.11559446076029728,0.38451126638307986,0.19769127997164745,0.021752689608027242
2590,train,test,1826,False,0.6141942544873814,0.12319396938262875,0.4138418996206045,0.20057818594452476,0.029675359303502454
2591,train,train,1827,False,0.628017058395319,0.12404575212062267,0.410176559836442,0.19751971775667818,0.021316763418844475
2592,train,train,1828,False,0.6248693997427064,0.12293765932329634,0.4059736516166115,0.19674136607412146,0.019874406841958108
2593,train,train,1829,False,0.6215653580784053,0.12278163080210552,0.4072154504564274,0.19753615481675163,0.023945864231768123
2594,test,train,1830,False,0.6159164800550045,0.12081277580742432,0.4004981806438467,0.1961512310835312,0.020362960861087097
2595,train,test,1831,False,0.5948969967755123,0.11708087393300635,0.38426007075823077,0.19680864850152785,0.021141838501148837
2596,test,train,1832,False,0.5934921621823513,0.11593832845078254,0.380612092974825,0.1953493842689709,0.018152662053668715
2597,train,train,1833,False,0.5939369075960897,0.11595302234019074,0.37856454281757146,0.19522784467040608,0.017627445220192276
2598,test,train,1834,False,0.5937956707396502,0.11496063306721209,0.37655428409989616,0.19360301654610174,0.015447842013036638
2599,train,test,1835,False,0.5935168703311323,0.1146067887407832,0.3751729234195395,0.1930977777882578,0.012460990433707056
2600,train,train,1836,False,0.5917200871976167,0.11400249558394666,0.3736227548525703,0.19266287903772525,0.01147888867022022
2601,train,test,1837,False,0.5941526408912795,0.11367891101187864,0.37728623367079395,0.19132947190363508,0.009771713694685623
2602,train,train,1838,False,0.600968376652711,0.11438485759963841,0.38099038448467204,0.19033423728007473,0.00907429666563823
2603,test,test,1839,False,0.6025543179566357,0.11459282965127032,0.37880903749797035,0.19017842248624842,0.008605332223294208
2604,train,test,1840,False,0.6028120827834685,0.11310257614662887,0.379552671766299,0.18762493217518264,0.009520467016557767
2605,test,test,1840,False,0.6028120827834685,0.11310257614662887,0.379552671766299,0.18762493217518264,0.009520467016557767
2606,train,test,1840,False,0.6028120827834685,0.11310257614662887,0.379552671766299,0.18762493217518264,0.009520467016557767
2607,train,test,1840,False,0.6028120827834685,0.11310257614662887,0.379552671766299,0.18762493217518264,0.009520467016557767
2608,train,train,1841,False,0.6056524818227486,0.11306128902446337,0.3825557130910234,0.18667683600370702,0.011741470613588864
2609,train,train,1841,False,0.6056524818227486,0.11306128902446337,0.3825557130910234,0.18667683600370702,0.011741470613588864
2610,train,train,1841,False,0.6056524818227486,0.11306128902446337,0.3825557130910234,0.18667683600370702,0.011741470613588864
2611,train,train,1841,False,0.6056524818227486,0.11306128902446337,0.3825557130910234,0.18667683600370702,0.011741470613588864
2612,train,train,1842,False,0.6067793744789982,0.11317397461067781,0.38523110402156574,0.18651585629101666,0.014723489936051552
2613,train,train,1843,False,0.605593535438947,0.11253753789984035,0.38481512014741914,0.18583015061128544,0.016264430886393053
2614,train,train,1844,False,0.6212934147116734,0.12142759385519299,0.4059736516166115,0.1954432333900472,0.01934260926308039
2615,train,train,1845,False,0.6183868581906283,0.12100736331061754,0.4038568155501371,0.19568230098660175,0.017543123606725233
2616,train,train,1846,False,0.6240428035031884,0.12266697291957541,0.40680561936490456,0.19656820370487402,0.019161044320550408
2617,train,train,1847,False,0.6265049725246059,0.12281574663168349,0.40556382052508855,0.19603315539025495,0.01712623990034309
2618,train,train,1848,False,0.6259344343882051,0.12203117314778397,0.4009633867789822,0.19495839570970167,0.01575614674302968
2619,train,train,1849,False,0.6260641903384979,0.1222053386098011,0.4022174911840454,0.19519618035289257,0.015471734536160246
2620,train,train,1850,False,0.6184872158376915,0.12079097779736049,0.4009264700832405,0.19530068642366158,0.01669191047050159
2621,train,train,1851,False,0.6213292527564276,0.12021379327990243,0.39382398030963134,0.19347840576730166,0.011984970574745756
2622,test,train,1851,False,0.6213292527564276,0.12021379327990243,0.39382398030963134,0.19347840576730166,0.011984970574745756
2623,train,train,1851,False,0.6213292527564276,0.12021379327990243,0.39382398030963134,0.19347840576730166,0.011984970574745756
2624,train,train,1851,False,0.6213292527564276,0.12021379327990243,0.39382398030963134,0.19347840576730166,0.011984970574745756
2625,train,train,1852,False,0.6337455012543323,0.12278415935045754,0.40574575996112483,0.19374363858589708,0.010927275661345008
2626,train,train,1853,False,0.6368118337305605,0.1235981030495829,0.4085641768950509,0.194088891730423,0.011642307340570378
2627,test,train,1853,False,0.6368118337305605,0.1235981030495829,0.4085641768950509,0.194088891730423,0.011642307340570378
2628,train,train,1853,False,0.6368118337305605,0.1235981030495829,0.4085641768950509,0.194088891730423,0.011642307340570378
2629,train,train,1853,False,0.6368118337305605,0.1235981030495829,0.4085641768950509,0.194088891730423,0.011642307340570378
2630,train,train,1853,False,0.6368118337305605,0.1235981030495829,0.4085641768950509,0.194088891730423,0.011642307340570378
2631,train,train,1853,False,0.6368118337305605,0.1235981030495829,0.4085641768950509,0.194088891730423,0.011642307340570378
2632,train,train,1854,False,0.6366472167859479,0.12308519146903298,0.4065076250705933,0.19333343211710985,0.010848622754684659
2633,train,train,1855,False,0.6276322957873524,0.1213058132592249,0.4017830489620281,0.19327528884894163,0.01103483780294836
2634,train,train,1856,False,0.6149773948645803,0.11876682304416578,0.3940132733644081,0.193123883960513,0.011784877264276695
2635,train,train,1857,False,0.6133393892601957,0.1179193227786216,0.3914015635967944,0.192257867085391,0.011800503141796585
2636,train,train,1858,False,0.6204372367478667,0.11890682226237735,0.3977606808105791,0.1916500416474821,0.012043440451498579
2637,train,test,1859,False,0.6194769859313382,0.11710796633107386,0.3947057676881697,0.18904328811345691,0.01089358747514322
2638,test,train,1860,False,0.6261075958863662,0.11838590095742599,0.3986319309668859,0.18908235858379863,0.011344624503564247
2639,train,test,1861,False,0.6175092581036934,0.11668295850145645,0.3903767146713114,0.18895742366645266,0.010566841909316628
2640,train,train,1862,False,0.610179680664213,0.11501911551609537,0.387300749982028,0.18850040268612508,0.011489305110123638
2641,train,train,1863,False,0.6102573900162562,0.11441222696480023,0.3850179753793573,0.18748191965647887,0.012289037921211606
2642,train,train,1863,False,0.6102573900162562,0.11441222696480023,0.3850179753793573,0.18748191965647887,0.012289037921211606
2643,test,train,1863,False,0.6102573900162562,0.11441222696480023,0.3850179753793573,0.18748191965647887,0.012289037921211606
2644,train,train,1864,False,0.6079228415821839,0.11324871553003399,0.3807669824321932,0.18628797568338137,0.013244755130545086
2645,train,train,1864,False,0.6079228415821839,0.11324871553003399,0.3807669824321932,0.18628797568338137,0.013244755130545086
2646,train,train,1864,False,0.6079228415821839,0.11324871553003399,0.3807669824321932,0.18628797568338137,0.013244755130545086
2647,train,train,1864,False,0.6079228415821839,0.11324871553003399,0.3807669824321932,0.18628797568338137,0.013244755130545086
2648,train,train,1864,False,0.6079228415821839,0.11324871553003399,0.3807669824321932,0.18628797568338137,0.013244755130545086
2649,train,train,1865,False,0.6077624263250095,0.11292520186621571,0.3791680128692967,0.1858048424432006,0.013283978067255781
2650,test,train,1865,False,0.6077624263250095,0.11292520186621571,0.3791680128692967,0.1858048424432006,0.013283978067255781
2651,test,train,1866,False,0.5993188632421123,0.11761286814461448,0.39326894354819136,0.19624422883733153,0.018634082683098054
2652,train,train,1867,False,0.6088673190548294,0.11881158476028601,0.39348517463710136,0.19513542777221526,0.01497085798296223
2653,train,train,1867,False,0.6088673190548294,0.11881158476028601,0.39348517463710136,0.19513542777221526,0.01497085798296223
2654,train,train,1868,False,0.6143980753531016,0.11907574441424372,0.3919749523810901,0.19380878487584702,0.012346246546267415
2655,test,train,1868,False,0.6143980753531016,0.11907574441424372,0.3919749523810901,0.19380878487584702,0.012346246546267415
2656,train,test,1869,False,0.6211646693841559,0.11946758071394127,0.3954208977050881,0.19232835768393838,0.009094232032333302
2657,train,train,1870,False,0.6192076159062233,0.11907101413200498,0.3938504323936017,0.1922957842786576,0.009320767399780586
2658,train,train,1871,False,0.606042759663192,0.11638432748735239,0.3842378794287492,0.1920397952646657,0.009635872811546186
2659,train,train,1872,False,0.620042277123743,0.11878285140350761,0.3934110809731802,0.19157218110113142,0.008654325219193572
2660,train,train,1873,False,0.6172838905659611,0.1178423069467622,0.39066276667807875,0.19090455582554997,0.008491567800686814
2661,train,test,1874,False,0.6221492775410862,0.11824758513652579,0.3913778966949974,0.19006304339671412,0.008381837997829987
2662,train,train,1875,False,0.6197017697783374,0.11788316754605485,0.39345781606573016,0.1902256428737016,0.008713971084735515
2663,train,train,1876,False,0.6196021972531531,0.1170420695627668,0.39100864791340073,0.1888987322537633,0.008229965852326514
2664,train,train,1877,False,0.6255772239089294,0.11742124176522273,0.3969446279240248,0.18770063435416365,0.010340402602510108
2665,test,train,1878,False,0.6260513741714876,0.1164124544359083,0.39405610835127397,0.18594712708676311,0.011519539456289453
2666,train,train,1879,False,0.6126088690519007,0.11382092543679298,0.3846099489360801,0.1857970577751299,0.01317912690192313
2667,train,train,1880,False,0.6135326858151162,0.11383415452306672,0.3805669479259894,0.18553885906148748,0.013179213606363907
2668,test,train,1881,False,0.601052876988829,0.11746066668256845,0.3849637922091316,0.19542484726306625,0.01691938931961294
2669,train,train,1881,False,0.601052876988829,0.11746066668256845,0.3849637922091316,0.19542484726306625,0.01691938931961294
2670,train,test,1882,False,0.6084372821149154,0.11910478475687711,0.39404625785614955,0.19575523765222166,0.017948999237159306
2671,train,train,1883,False,0.6042945705176938,0.11876338597208662,0.39012592445254857,0.19653227377228144,0.01940083998758131
2672,train,train,1884,False,0.6197332406730961,0.11884509593339794,0.38980743138351087,0.19176814818633828,0.008481592490362243
2673,train,train,1884,False,0.6197332406730961,0.11884509593339794,0.38980743138351087,0.19176814818633828,0.008481592490362243
2674,train,train,1885,False,0.6118451480765926,0.11656087396949756,0.38417673977399075,0.19050714765969856,0.009952063408767847
2675,train,train,1886,False,0.613381667303351,0.11589496532828705,0.3820228914855023,0.1889442927725628,0.011086638846528187
2676,train,train,1887,False,0.6150065702785199,0.11590924518381102,0.3866431332142629,0.18846830389359717,0.011452746525952188
2677,train,train,1888,False,0.6167525592992504,0.1155547404904204,0.38539518159182334,0.18735996916123512,0.012007221753078773
2678,test,train,1889,False,0.617121736318494,0.11556866810597925,0.38943818260191415,0.18727045460336003,0.012912266374421054
2679,train,train,1890,False,0.6182246731982424,0.11485928593889862,0.38777424710532804,0.18578890639336776,0.014584352835322532
2680,train,test,1891,False,0.6165656261820706,0.11403523702368105,0.3865730305754382,0.1849523103157987,0.016615700835955087
2681,train,train,1892,False,0.5986587298674987,0.11797583851972152,0.3858152083273943,0.1970669308469504,0.019705595854849864
2682,train,train,1892,False,0.5986587298674987,0.11797583851972152,0.3858152083273943,0.1970669308469504,0.019705595854849864
2683,train,train,1893,False,0.6014646244722466,0.11890956358812746,0.3925275559138761,0.19770001218685856,0.020802021908323788
2684,train,train,1894,False,0.6236739929583828,0.1210222412413553,0.3967481729939044,0.19404727887928944,0.013695542247786614
2685,test,train,1894,False,0.6236739929583828,0.1210222412413553,0.3967481729939044,0.19404727887928944,0.013695542247786614
2686,test,train,1894,False,0.6236739929583828,0.1210222412413553,0.3967481729939044,0.19404727887928944,0.013695542247786614
2687,train,train,1894,False,0.6236739929583828,0.1210222412413553,0.3967481729939044,0.19404727887928944,0.013695542247786614
2688,test,train,1895,False,0.6256192800611314,0.12152725185028138,0.3992686873692781,0.19425112959819033,0.013327591699386541
2689,test,train,1896,False,0.6269319446349491,0.12111740470307186,0.40105773157294033,0.19319067362821382,0.011072842191565959
2690,train,test,1897,False,0.622251352953747,0.1194145016790746,0.3984182612731141,0.19190717884698738,0.01024157422899414
2691,train,test,1897,False,0.622251352953747,0.1194145016790746,0.3984182612731141,0.19190717884698738,0.01024157422899414
2692,train,train,1898,False,0.6195575160867685,0.11847013043612457,0.39422150583590715,0.19121732423553223,0.00997649369564376
2693,train,train,1899,False,0.6200288973080951,0.11893877633333158,0.39631373077188703,0.19182779520392318,0.011223038100912675
2694,train,train,1900,False,0.6211523069506666,0.11839113814780153,0.3934764265320176,0.19059920863693167,0.01030435742592558
2695,train,train,1901,False,0.6231289445851975,0.11796173782314068,0.3953975301588132,0.18930550225309317,0.010610373617764724
2696,train,test,1902,False,0.6250244824270224,0.11817491333888677,0.3965753791424281,0.18907245501808775,0.010226426036204014
2697,test,train,1903,False,0.6266030326687264,0.11778821911178085,0.3973606117981713,0.18797901218274718,0.011733320121219415
2698,train,train,1903,False,0.6266030326687264,0.11778821911178085,0.3973606117981713,0.18797901218274718,0.011733320121219415
2699,train,train,1904,False,0.6067637884092357,0.11916161732494199,0.3959915376124407,0.19638880829943772,0.017596422727245823
2700,train,train,1905,False,0.6075302379563818,0.1192306068692525,0.39528682613944094,0.19625460498941086,0.01735112279203123
2701,train,train,1906,False,0.6231348940170424,0.12190332712612044,0.4051170727378239,0.19562911385088708,0.016439691676584735
2702,test,train,1907,False,0.6250099124150851,0.12085504696841498,0.397604751872692,0.19336500840670195,0.011417642296608946
2703,train,train,1908,False,0.6247476836484099,0.12091661742757963,0.4001068079001947,0.1935447230815633,0.011778124315490938
2704,train,train,1909,False,0.6220449506616338,0.11970446868908832,0.39423996418377794,0.19243700726413018,0.009965373454886833
2705,train,train,1910,False,0.6185276669049631,0.11826581433293708,0.39153952013697374,0.19120537473242671,0.009512815907001032
2706,train,train,1911,False,0.6178173562993176,0.11720130437975841,0.38537181404554843,0.18970218817060427,0.008422104659813473
2707,train,train,1912,False,0.6189598711724764,0.11684934128036085,0.3861570467012917,0.18878338761932464,0.008848629843114278
2708,train,train,1913,False,0.6191631159906242,0.11680435754483517,0.38816686343319967,0.18864876561316987,0.009027281493349444
2709,train,train,1913,False,0.6191631159906242,0.11680435754483517,0.38816686343319967,0.18864876561316987,0.009027281493349444
2710,test,train,1914,False,0.6227714069438449,0.1177529850199449,0.39378032975477695,0.1890789842099521,0.009542686564620446
2711,train,train,1915,False,0.6243499479374959,0.11752657907096058,0.39211639425819084,0.18823831003622707,0.009604473166621651
2712,train,test,1916,False,0.624772865718103,0.11722118461728517,0.3925323781323374,0.1876220800379242,0.010604369221745149
2713,train,train,1917,False,0.6244136105385737,0.11716041465211112,0.3925323781323374,0.18763270478850883,0.011386870093656598
2714,train,test,1918,False,0.6248117041914464,0.11660320268148273,0.390891810182026,0.18662134831865243,0.013508681064755244
2715,test,train,1919,False,0.6083717995048145,0.12046985812950839,0.404044878048389,0.19802012227977217,0.020479930336398187
2716,train,train,1919,False,0.6083717995048145,0.12046985812950839,0.404044878048389,0.19802012227977217,0.020479930336398187
2717,train,train,1920,False,0.6098623094436199,0.12122925697512016,0.4094957378906591,0.198781356214189,0.02178631348552682
2718,test,train,1921,False,0.6256088061504732,0.12266605018957534,0.41058639092796495,0.19607468594371313,0.016362365488798606
2719,train,train,1921,False,0.6256088061504732,0.12266605018957534,0.41058639092796495,0.19607468594371313,0.016362365488798606
2720,train,test,1922,False,0.6260607127843683,0.12282396728552145,0.4118466481156518,0.19618539348886638,0.01621038716313768
2721,train,train,1923,False,0.6274104106650396,0.12337851020816226,0.4118466481156518,0.1966472154604258,0.01656830408538318
2722,train,test,1924,False,0.6258618787044793,0.12194866248075367,0.4068179249301516,0.19484916182015238,0.014900564766363953
2723,train,test,1924,False,0.6258618787044793,0.12194866248075367,0.4068179249301516,0.19484916182015238,0.014900564766363953
2724,train,test,1925,False,0.6247993806016496,0.12126643532179417,0.40388757946325515,0.19408859721503058,0.013162808757188523
2725,train,train,1926,False,0.6201052303289165,0.11793303341374815,0.3911296890454508,0.1901822910785546,0.008267139627160079
2726,train,test,1927,False,0.6197810594596498,0.11781600922181935,0.39003705596394744,0.1900929488302468,0.008675207868908219
2727,train,train,1928,False,0.6214570065596067,0.1175516661268398,0.3926024807711621,0.1891549453720173,0.007943056386864027
2728,test,train,1929,False,0.62332925188863,0.11717673302626912,0.390938545274576,0.18798529456340202,0.008480899315848877
2729,train,train,1930,False,0.6242707505324867,0.11561060457669857,0.38560085754949575,0.18519305041616274,0.011179540171766339
2730,train,train,1931,False,0.624587490009291,0.11534042130593067,0.3839602895991846,0.18466655696900833,0.011268313847023216
2731,train,train,1932,False,0.6065687747987785,0.11805734574429255,0.393795436975137,0.19463142622772922,0.017506978647544223
2732,train,train,1932,False,0.6065687747987785,0.11805734574429255,0.393795436975137,0.19463142622772922,0.017506978647544223
2733,train,train,1933,False,0.6186220048374904,0.12053340273367069,0.40428510498953085,0.19484176410008944,0.018156315915911304
2734,train,train,1934,False,0.6242268548973279,0.12035433279096898,0.40054740290483565,0.19280543899503447,0.012626307891170713
2735,train,train,1935,False,0.6242196678152336,0.11996649281422148,0.3988650090603787,0.192186339200275,0.009571786142396716
2736,train,train,1936,False,0.6228975564748997,0.11924103658610317,0.3942522697490252,0.19142961044976922,0.007309396991792209
2737,train,train,1937,False,0.6260040328249933,0.12036775313975748,0.400119113465442,0.1922795171088102,0.008043076058108669
2738,train,train,1938,False,0.6243763376283719,0.11996369823202076,0.3988527034951315,0.19213363960538657,0.008214782605919967
2739,train,train,1939,False,0.621784912488801,0.11913299920710874,0.39381782752700795,0.19159840776814355,0.007514161074180966
2740,train,test,1940,False,0.6186761158826363,0.11787708596234577,0.39024678280393227,0.1905311728321305,0.009345512413201338
2741,train,test,1940,False,0.6186761158826363,0.11787708596234577,0.39024678280393227,0.1905311728321305,0.009345512413201338
2742,train,train,1941,False,0.6196645828613193,0.11790658121607121,0.38827700284902245,0.19027484299914985,0.00900684149410989
2743,train,train,1942,False,0.6225977242662362,0.11742016946838792,0.3901299450725579,0.18859717100118492,0.008217318876200528
2744,train,train,1943,False,0.6235703612608231,0.11689886470683174,0.3888586259038433,0.1874669996669967,0.007418505448624007
2745,train,train,1944,False,0.6271581840152511,0.11648015929840175,0.38712458776843245,0.1857269222776645,0.009799172239362221
2746,train,train,1945,False,0.6236898316554308,0.11577713070326935,0.3859934738773673,0.18563254493979406,0.011539627949431778
2747,train,train,1946,False,0.6114226270883143,0.11904097738979076,0.3888640619645006,0.1946950801554101,0.016056038465604015
2748,test,train,1946,False,0.6114226270883143,0.11904097738979076,0.3888640619645006,0.1946950801554101,0.016056038465604015
2749,train,train,1946,False,0.6114226270883143,0.11904097738979076,0.3888640619645006,0.1946950801554101,0.016056038465604015
2750,test,train,1946,False,0.6114226270883143,0.11904097738979076,0.3888640619645006,0.1946950801554101,0.016056038465604015
2751,train,train,1946,False,0.6114226270883143,0.11904097738979076,0.3888640619645006,0.1946950801554101,0.016056038465604015
2752,train,train,1946,False,0.6114226270883143,0.11904097738979076,0.3888640619645006,0.1946950801554101,0.016056038465604015
2753,test,train,1946,False,0.6114226270883143,0.11904097738979076,0.3888640619645006,0.1946950801554101,0.016056038465604015
2754,train,train,1946,False,0.6114226270883143,0.11904097738979076,0.3888640619645006,0.1946950801554101,0.016056038465604015
2755,train,train,1946,False,0.6114226270883143,0.11904097738979076,0.3888640619645006,0.1946950801554101,0.016056038465604015
2756,train,train,1946,False,0.6114226270883143,0.11904097738979076,0.3888640619645006,0.1946950801554101,0.016056038465604015
2757,test,train,1946,False,0.6114226270883143,0.11904097738979076,0.3888640619645006,0.1946950801554101,0.016056038465604015
2758,train,train,1946,False,0.6114226270883143,0.11904097738979076,0.3888640619645006,0.1946950801554101,0.016056038465604015
2759,train,train,1947,False,0.6200238020128697,0.1209180381428094,0.3979899718337204,0.19502160683228018,0.016078331206848234
2760,train,train,1948,False,0.6292068845313467,0.12096174925134583,0.3956733087553102,0.1922447961475215,0.011553899974341652
2761,train,train,1949,False,0.6301259647102091,0.12003497461921035,0.40052490996741913,0.19049361769184303,0.007214274913879498
2762,train,train,1950,False,0.6303696721065167,0.12036271591489403,0.40255809424560207,0.19093989010079745,0.0073379390608220565
2763,train,train,1951,False,0.6187376709085414,0.11795567194765892,0.39304183219158356,0.19063922805032268,0.006925707869401391
2764,test,test,1952,False,0.6161726362226578,0.11745844123368016,0.39230333462839007,0.1906258641307723,0.007011046961335049
2765,train,train,1953,False,0.6111957118386884,0.11672766255223745,0.3894535927173197,0.1909824632131011,0.006901591165159468
2766,train,train,1954,False,0.6035415946287802,0.11453133606973082,0.3798125355010572,0.18976543967972168,0.008992431636507004
2767,test,train,1955,False,0.6031038684193011,0.11398461108499722,0.3790221661401788,0.1889966505831641,0.008887966580581778
2768,train,train,1956,False,0.6103854113798589,0.11370471410942927,0.38212945580660646,0.18628347268717377,0.011208894795789823
2769,train,train,1957,False,0.6110872107248643,0.11369904302560073,0.383829852985472,0.18606025626151185,0.014829190445849936
2770,train,train,1958,False,0.6014183689436029,0.11814887767714999,0.3884238417036961,0.1964503975571608,0.018072383468248465
2771,train,train,1959,False,0.6197841150812455,0.12061420469784752,0.3963229680922059,0.19460680221214863,0.013621048481916129
2772,train,train,1960,False,0.6069986917955165,0.11744313786849671,0.3866976288932009,0.19348169848784538,0.01378680595924094
2773,train,train,1961,False,0.6129743358022012,0.11532498859189222,0.38380134873406196,0.18813999519403385,0.010735676498307402
2774,train,test,1962,False,0.6120886659252162,0.11488055819741089,0.38380134873406196,0.18768613861483718,0.010805418862781316
2775,train,train,1963,False,0.5919987288299601,0.11555415239446908,0.38412358530900187,0.1951932441187044,0.019203080414345607
2776,test,test,1964,False,0.6010069934272517,0.11739514666804483,0.38898923187058093,0.19533074981140766,0.01918609897878471
2777,train,train,1965,False,0.6089172918266502,0.11707054282476541,0.3863992973765759,0.192260171284631,0.012966305634904168
2778,train,test,1966,False,0.6071122462693782,0.11650180345661194,0.3834578769009568,0.19189499828491288,0.010765178032050578
2779,train,train,1967,False,0.6018273115581155,0.11518176756505552,0.3814107014875399,0.1913867406031356,0.010181515579768435
2780,train,train,1967,False,0.6018273115581155,0.11518176756505552,0.3814107014875399,0.1913867406031356,0.010181515579768435
2781,train,train,1967,False,0.6018273115581155,0.11518176756505552,0.3814107014875399,0.1913867406031356,0.010181515579768435
2782,train,train,1968,False,0.6017345718794817,0.114155696508919,0.3777248169862936,0.1897110484318037,0.008644915716758274
2783,train,train,1969,False,0.6050233125482692,0.11231818783149292,0.37431641165718776,0.18564274384473753,0.010852260644951381
2784,test,train,1969,False,0.6050233125482692,0.11231818783149292,0.37431641165718776,0.18564274384473753,0.010852260644951381
2785,train,train,1970,False,0.6042215564889424,0.11178580841997662,0.3764926219387543,0.1850079779833581,0.01398682119427568
2786,train,test,1971,False,0.6029143009363037,0.11777048453128314,0.3868939305432893,0.19533536416102573,0.016233596380600394
2787,train,test,1972,False,0.6067312958553468,0.11607658788717698,0.3861170973041828,0.1913146539169973,0.009894899951570163
2788,train,train,1973,False,0.611792323124619,0.11539222116598492,0.38575647294255067,0.18861338530146957,0.00904701356384606
2789,train,train,1973,False,0.611792323124619,0.11539222116598492,0.38575647294255067,0.18861338530146957,0.00904701356384606
2790,train,train,1973,False,0.611792323124619,0.11539222116598492,0.38575647294255067,0.18861338530146957,0.00904701356384606
2791,train,train,1973,False,0.611792323124619,0.11539222116598492,0.38575647294255067,0.18861338530146957,0.00904701356384606
2792,test,train,1973,False,0.611792323124619,0.11539222116598492,0.38575647294255067,0.18861338530146957,0.00904701356384606
2793,train,train,1973,False,0.611792323124619,0.11539222116598492,0.38575647294255067,0.18861338530146957,0.00904701356384606
2794,train,train,1973,False,0.611792323124619,0.11539222116598492,0.38575647294255067,0.18861338530146957,0.00904701356384606
2795,train,train,1973,False,0.611792323124619,0.11539222116598492,0.38575647294255067,0.18861338530146957,0.00904701356384606
2796,train,train,1973,False,0.611792323124619,0.11539222116598492,0.38575647294255067,0.18861338530146957,0.00904701356384606
2797,train,train,1974,False,0.6120961906956657,0.11516188643204937,0.38432389692931274,0.18814344572405267,0.008880022283727144
2798,train,train,1975,False,0.6132856209488128,0.11379705535972767,0.3801275965055678,0.18555311175186615,0.012409784818805676
2799,train,train,1975,False,0.6132856209488128,0.11379705535972767,0.3801275965055678,0.18555311175186615,0.012409784818805676
2800,train,train,1976,False,0.5949470257777534,0.11801377000302136,0.3881434874660901,0.19836013105325823,0.020818226472724872
2801,train,train,1976,False,0.5949470257777534,0.11801377000302136,0.3881434874660901,0.19836013105325823,0.020818226472724872
2802,train,test,1977,False,0.6105868941929439,0.12043779547275231,0.39814874150980484,0.1972492312203057,0.018906036224378763
2803,train,test,1978,False,0.6172477213554132,0.12048636335461263,0.398828092364637,0.1951993651593186,0.013143148363639398
2804,train,train,1979,False,0.6183210968856546,0.11983990604011514,0.39430531788899886,0.19381500428130627,0.010192054847031248
2805,test,train,1980,False,0.6214368106895276,0.12041514118394142,0.40303100058446767,0.19376892245944105,0.011553775412355987
2806,train,train,1981,False,0.6182025705391014,0.11955295288977251,0.4039693051471339,0.19338799058295206,0.012730943555210247
2807,test,train,1981,False,0.6182025705391014,0.11955295288977251,0.4039693051471339,0.19338799058295206,0.012730943555210247
2808,train,train,1982,False,0.6172066595132425,0.11919814121270497,0.4058119397586259,0.1931251702739405,0.01287396574445241
2809,test,train,1982,False,0.6172066595132425,0.11919814121270497,0.4058119397586259,0.1931251702739405,0.01287396574445241
2810,test,train,1983,False,0.6165832056075675,0.11838893560633477,0.4025365016271647,0.19200804454230458,0.013027406363043729
2811,train,train,1984,False,0.6202953396988989,0.11826677011218198,0.3959038996803641,0.19066203233058387,0.012225347581491925
2812,test,train,1985,False,0.6201165663394375,0.11735386335440565,0.3954676327976379,0.18924484479933867,0.014732595787347692
2813,train,train,1986,False,0.6188283574781405,0.11680370341822255,0.3942897838140232,0.1887497591322785,0.016694509413515086
2814,train,test,1987,False,0.5992378003539557,0.1174292191069201,0.38584757754087345,0.19596430505144605,0.019019577148129116
2815,train,test,1987,False,0.5992378003539557,0.1174292191069201,0.38584757754087345,0.19596430505144605,0.019019577148129116
2816,train,test,1987,False,0.5992378003539557,0.1174292191069201,0.38584757754087345,0.19596430505144605,0.019019577148129116
2817,test,test,1987,False,0.5992378003539557,0.1174292191069201,0.38584757754087345,0.19596430505144605,0.019019577148129116
2818,train,test,1987,False,0.5992378003539557,0.1174292191069201,0.38584757754087345,0.19596430505144605,0.019019577148129116
2819,train,train,1988,False,0.6154697147540252,0.11855173559943133,0.39111239150877053,0.19261993361738516,0.01150674393696644
2820,train,train,1989,False,0.6054500405696255,0.11700872905246698,0.3865396087047896,0.19325909854160994,0.012231271487949448
2821,train,train,1990,False,0.6103235131665884,0.11663974298910278,0.38759211448982883,0.19111133763130284,0.011286153657682015
2822,test,test,1991,False,0.6165839748666242,0.11586003474478616,0.38784434974415277,0.18790633468839069,0.011948607545907755
2823,train,test,1992,False,0.5981599686356072,0.11661916568490582,0.38313526978909435,0.19496317339809982,0.01442783149111502
2824,train,train,1993,False,0.6063351503725504,0.11831118704916312,0.38848887237591323,0.19512506734348026,0.014324916002439797
2825,train,train,1994,False,0.6057900035829282,0.11675573816549446,0.3873161600974336,0.19273302212804086,0.012099627666617487
2826,train,train,1995,False,0.6059648342881777,0.11660909403705795,0.3869833729981163,0.19243541446433565,0.012209035152878883
2827,train,train,1996,False,0.6133355917190856,0.11504012421059298,0.3869394586313007,0.18756472926697954,0.014220158283176429
2828,train,train,1997,False,0.5951558405053625,0.11736810687278548,0.38810841660513556,0.19720567099387806,0.020256255478507082
2829,train,train,1998,False,0.6123972147869319,0.11696097874287655,0.38544705338950835,0.1909887503057475,0.009142382244381063
2830,train,train,1999,False,0.6098670192439569,0.11649376336656053,0.38675707035022405,0.19101502408012835,0.009468710388635629
2831,train,train,2000,False,0.6155560456485792,0.1165012270678968,0.39149473442637184,0.1892617705429983,0.010415987465593569
2832,train,train,2001,False,0.600478618624221,0.11800401165470967,0.3884152278080229,0.19651659192307808,0.016907892893928675
2833,train,train,2001,False,0.600478618624221,0.11800401165470967,0.3884152278080229,0.19651659192307808,0.016907892893928675
2834,train,train,2001,False,0.600478618624221,0.11800401165470967,0.3884152278080229,0.19651659192307808,0.016907892893928675
2835,train,train,2002,False,0.6041799163554425,0.11907865457684978,0.3925802293100132,0.1970913818108365,0.01811449771192858
2836,train,train,2002,False,0.6041799163554425,0.11907865457684978,0.3925802293100132,0.1970913818108365,0.01811449771192858
2837,train,test,2003,False,0.6164182952499819,0.12014545313908613,0.394749364028788,0.1949089669545944,0.013266762584814669
2838,train,train,2004,False,0.6188742778833995,0.11994338359805466,0.3938737999398766,0.19380896554348778,0.010842156615898707
2839,train,train,2005,False,0.6178996508101577,0.119531921145063,0.3959537193106093,0.1934487598242514,0.011561085959394415
2840,train,train,2006,False,0.6189127945297773,0.11933386606486437,0.3950983840160413,0.1928120845450109,0.010869927494216313
2841,test,train,2007,False,0.6161341858768375,0.1185995124206952,0.39027015035020723,0.19248974515496647,0.011097938912819866
2842,test,train,2008,False,0.6095831704398345,0.11734760902787456,0.38991631168401597,0.19250467322318687,0.011758849329201668
2843,train,train,2009,False,0.6161039647092778,0.11842407384656956,0.39369944895934855,0.1922144323522582,0.011348402059102907
2844,train,train,2010,False,0.6215369107315691,0.11773451377588627,0.3954208977050881,0.18942481410687087,0.00946204914421395
2845,train,test,2011,False,0.6273802266983725,0.11798396657396064,0.39770649303349315,0.18805815286028157,0.009409694697295117
2846,test,train,2012,False,0.6252871028058422,0.11626707562214383,0.3937102271159522,0.18594190588678414,0.013610072313622908
2847,train,test,2013,False,0.5921485594964383,0.1171244642398161,0.38959512407776653,0.19779574291191127,0.020057418477691148
2848,train,test,2014,False,0.5969550628345511,0.11788116932066951,0.39020334318859085,0.19747075895617427,0.019421618152475353
2849,train,train,2015,False,0.6148598023773272,0.11964399186819696,0.3932376706818263,0.19458743506340626,0.013175999816861987
2850,train,train,2016,False,0.6124784263165437,0.11748211738964418,0.3873970408928618,0.19181429474370837,0.007874316463024788
2851,train,train,2016,False,0.6124784263165437,0.11748211738964418,0.3873970408928618,0.19181429474370837,0.007874316463024788
2852,train,train,2016,False,0.6124784263165437,0.11748211738964418,0.3873970408928618,0.19181429474370837,0.007874316463024788
2853,train,train,2016,False,0.6124784263165437,0.11748211738964418,0.3873970408928618,0.19181429474370837,0.007874316463024788
2854,train,train,2016,False,0.6124784263165437,0.11748211738964418,0.3873970408928618,0.19181429474370837,0.007874316463024788
2855,train,train,2017,False,0.6054655274986889,0.11539456441605127,0.38083140045504654,0.19058816592378358,0.007201599702571089
2856,train,train,2018,False,0.6065135734259561,0.11519493061962989,0.37878815724562964,0.18992968280815073,0.008137693627014846
2857,train,train,2019,False,0.6038318826601374,0.11456282800342006,0.3791418245972875,0.1897263647270857,0.008016910684782897
2858,train,train,2020,False,0.6065997513903224,0.1144312558186952,0.38212149837573706,0.18864375654032098,0.0087650700664261
2859,train,train,2021,False,0.6088564209157323,0.11275183393899392,0.37627949329654586,0.1851862443520147,0.010569314192922893
2860,train,train,2022,False,0.6109880026966427,0.1136100829758432,0.3813989156742824,0.18594486712409464,0.01030970347913588
2861,train,train,2023,False,0.5997463976077323,0.11843361398880109,0.3883357227027678,0.1974728226150402,0.023137274226300297
2862,train,train,2023,False,0.5997463976077323,0.11843361398880109,0.3883357227027678,0.1974728226150402,0.023137274226300297
2863,train,test,2024,False,0.6035549850023236,0.11957120018277746,0.39287634024801465,0.19811152778784044,0.024828782437180653
2864,train,train,2025,False,0.6149510501194346,0.11999276113529546,0.3915186006760535,0.19512571140742127,0.017377085441051265
2865,train,train,2026,False,0.6174638940991458,0.11921963818670812,0.3891927826504071,0.19307952954989316,0.01372918071577617
2866,train,train,2027,False,0.6128471309135928,0.11738757460227993,0.3873970408928618,0.19154462618970924,0.009627157579814515
2867,test,test,2028,False,0.605885779998945,0.11564817213834075,0.3822904204058713,0.19087454427225892,0.010706622375100248
2868,train,test,2029,False,0.6090761330584399,0.1136231850559813,0.3762196640679915,0.18655005325102658,0.00789721370214827
2869,train,train,2030,False,0.6129666165786081,0.11393558909016323,0.37975834772397116,0.18587568394200127,0.008941660937160907
2870,train,test,2031,False,0.6137325086636124,0.11366712676476903,0.3785103961015315,0.18520629942232722,0.010048995108460114
2871,train,test,2031,False,0.6137325086636124,0.11366712676476903,0.3785103961015315,0.18520629942232722,0.010048995108460114
2872,train,train,2032,False,0.5993982664947667,0.11696825897986857,0.3892687302954987,0.19514280490647667,0.016516923901106154
2873,train,train,2032,False,0.5993982664947667,0.11696825897986857,0.3892687302954987,0.19514280490647667,0.016516923901106154
2874,test,train,2032,False,0.5993982664947667,0.11696825897986857,0.3892687302954987,0.19514280490647667,0.016516923901106154
2875,train,train,2033,False,0.6150114035407426,0.1197812664724253,0.39738913606204446,0.1947626755907627,0.01657709299494052
2876,test,train,2034,False,0.6211128086997062,0.11947828043707269,0.3926258483174371,0.19236164310827744,0.009481297895212725
2877,train,train,2035,False,0.605633692220297,0.11581005670182012,0.38510027765836036,0.19122129133412652,0.00897286956740624
2878,train,train,2035,False,0.605633692220297,0.11581005670182012,0.38510027765836036,0.19122129133412652,0.00897286956740624
2879,train,train,2035,False,0.605633692220297,0.11581005670182012,0.38510027765836036,0.19122129133412652,0.00897286956740624
2880,train,train,2036,False,0.6079871665434367,0.1160380494099071,0.382597311478438,0.19085608347559907,0.007728446805305984
2881,train,train,2036,False,0.6079871665434367,0.1160380494099071,0.382597311478438,0.19085608347559907,0.007728446805305984
2882,train,train,2037,False,0.6041796977993964,0.11472935295272138,0.3789037232339381,0.18989276430605015,0.00773016893290864
2883,train,train,2038,False,0.6026423079771913,0.11390820823958565,0.37722317522426835,0.1890146223253493,0.007794926180612953
2884,train,train,2039,False,0.6021462073416055,0.1139965510807476,0.3791838369371184,0.189317062352725,0.00842237894692717
2885,train,train,2040,False,0.6039280581550058,0.11380662406265536,0.37941028722206244,0.1884440083978437,0.008558776185833417
2886,train,train,2041,False,0.6045135291913115,0.11382491212413597,0.37836968607754884,0.18829175300080603,0.008466879979626939
2887,train,train,2042,False,0.6109461551735383,0.11392211209689275,0.3813755481280075,0.18646833461867576,0.011377294526835594
2888,train,test,2043,False,0.6091746186910486,0.11288313484128129,0.3785571311940814,0.1853050527348572,0.013715598665592342
2889,train,test,2044,False,0.6117404072033545,0.11354702632733264,0.3797116126314214,0.1856130884772295,0.013851471674528932
2890,test,train,2045,False,0.6029569133429934,0.11847392651432187,0.391383720527186,0.1964882131584877,0.018164440320311632
2891,train,train,2046,False,0.6143393031001668,0.1212109571376933,0.4013178428268928,0.19730295054544164,0.019525008184182964
2892,test,train,2047,False,0.6186743686876156,0.12185953281319638,0.3992440762387836,0.19696877546696354,0.017352213676607862
2893,train,train,2047,False,0.6186743686876156,0.12185953281319638,0.3992440762387836,0.19696877546696354,0.017352213676607862
2894,train,train,2048,False,0.6214882640517595,0.12128259671351627,0.3963321891197579,0.1951486515977323,0.01420720425040116
2895,train,train,2049,False,0.6221018117958418,0.12055307067658803,0.39461229750307,0.19378350680025108,0.01189281189518945
2896,train,train,2050,False,0.6197766547774993,0.11953079190537047,0.391300389542946,0.19286107500819338,0.010488655667391135
2897,test,train,2051,False,0.6163048213237845,0.1187640035975158,0.39060528198771827,0.1927033498495405,0.010131121944604842
2898,train,train,2051,False,0.6163048213237845,0.1187640035975158,0.39060528198771827,0.1927033498495405,0.010131121944604842
2899,train,train,2051,False,0.6163048213237845,0.1187640035975158,0.39060528198771827,0.1927033498495405,0.010131121944604842
2900,train,train,2052,False,0.6052485659129455,0.11595185832316687,0.38673368977625433,0.1915772541290821,0.010693489726188972
2901,train,train,2053,False,0.6080760473571344,0.11600297745965446,0.38385909409680663,0.19077050964897446,0.00847707023788517
2902,train,train,2054,False,0.6113789428287392,0.11608226698520581,0.38667163746567307,0.1898695863617976,0.007643023466197156
2903,train,train,2055,False,0.6127161631965566,0.11580037718714621,0.38824210277715954,0.1889951402342849,0.007926471373590663
2904,train,train,2056,False,0.6166689541583639,0.11575869469508877,0.38858284730734616,0.1877161058854948,0.008962461994030318
2905,train,train,2057,False,0.6191007910262483,0.11637289227129606,0.3933877134269052,0.1879708344070944,0.009770294777630598
2906,train,train,2058,False,0.6177901149131246,0.11551408560560357,0.39056929649297917,0.18697949808058598,0.01133716987832369
2907,train,test,2059,False,0.6186263123362227,0.11545507173060775,0.3901299450725579,0.18663136279249962,0.01120381601982574
2908,train,train,2060,False,0.6172470317588986,0.11436811377129248,0.38486235998630225,0.18528742608188925,0.012716543399271323
2909,train,train,2061,False,0.5986823927325886,0.11681049073609365,0.3885695563268604,0.19511262090560427,0.018480708326656565
2910,train,train,2061,False,0.5986823927325886,0.11681049073609365,0.3885695563268604,0.19511262090560427,0.018480708326656565
2911,train,train,2062,False,0.6115208336908684,0.11973140500801734,0.39980799531471795,0.19579284696707994,0.019628372232905564
2912,train,train,2063,False,0.6154974826917944,0.11982729769091952,0.3971518513028036,0.1946836519409814,0.016507511971024947
2913,train,test,2064,False,0.6173251616449197,0.11973202351050895,0.3967420202112809,0.1939529294277783,0.015188535937326648
2914,train,train,2065,False,0.6164427262636948,0.11844066591887024,0.3892889002687461,0.19213571816598102,0.012055660088730345
2915,train,test,2066,False,0.6164225168739821,0.11883399465904927,0.3940600345123474,0.19278010034689083,0.012708709730448506
2916,train,train,2067,False,0.6188061100417308,0.11932893380616953,0.3934079964354848,0.19283735546522363,0.012771719559082469
2917,test,train,2068,False,0.6155306804994518,0.11742247420497096,0.3871874461588307,0.1907662411070922,0.009243249001906064
2918,train,train,2069,False,0.6088743882104326,0.11567360641443529,0.3850931348536379,0.1899794254023663,0.008163617537488507
2919,train,train,2069,False,0.6088743882104326,0.11567360641443529,0.3850931348536379,0.1899794254023663,0.008163617537488507
2920,train,train,2070,False,0.6087219023325396,0.11512892563058684,0.3829078686906309,0.18913222144534053,0.008055506706434932
2921,train,test,2071,False,0.6116449121213625,0.11566963688268682,0.3863986820983135,0.18911239935195548,0.008403230260232193
2922,train,train,2072,False,0.6104720562590074,0.1147319329023916,0.3818361550700477,0.18793969638098199,0.00803300716906326
2923,train,train,2073,False,0.6101417437695053,0.11432345330684734,0.3794949550878423,0.1873719581953986,0.008411464602954381
2924,test,train,2074,False,0.614348492979921,0.11498466888978648,0.38049684528716465,0.18716521681700385,0.007587872207808673
2925,train,train,2075,False,0.6129641227222629,0.11449213023266895,0.38502593281022657,0.1867843907799901,0.012216295895764683
2926,train,train,2076,False,0.6007525665990727,0.11738181392915058,0.3902501043365301,0.19539128162807878,0.01821057955891794
2927,train,test,2077,False,0.6027481503090245,0.11817880710491661,0.39096958248782643,0.19606664416029682,0.018999045298670168
2928,train,test,2077,False,0.6027481503090245,0.11817880710491661,0.39096958248782643,0.19606664416029682,0.018999045298670168
2929,train,test,2077,False,0.6027481503090245,0.11817880710491661,0.39096958248782643,0.19606664416029682,0.018999045298670168
2930,train,test,2078,False,0.6161760862709822,0.12029097725483222,0.3979899718337204,0.19522175549333246,0.015008355867509324
2931,train,train,2079,False,0.619458715510751,0.11997677351870065,0.39423996418377794,0.19368001533367463,0.012452077530876482
2932,train,test,2080,False,0.6116124964440501,0.11793639764389229,0.3928726179161906,0.1928286265071123,0.010124334026807768
2933,train,train,2081,False,0.6047771980812449,0.11631071893950334,0.3895339687664148,0.1923199474261236,0.01081823371891569
2934,train,train,2082,False,0.6112995958089177,0.1163401535321742,0.3896199862669783,0.1903160975891439,0.010585243365103587
2935,train,test,2083,False,0.6155799342927627,0.11506715224903574,0.3874049983237312,0.18692479374142681,0.0098259316689442
2936,train,test,2084,False,0.6141342360844572,0.11432012316856063,0.38618041424756666,0.18614842888003244,0.010771068132954989
2937,train,train,2085,False,0.6149815377890847,0.11379556976493704,0.382067310598651,0.1850390016162804,0.01119440226535414
2938,train,test,2086,False,0.5986324333530805,0.11758339363611932,0.38841584308628535,0.19642001850368712,0.018532752172500205
2939,test,train,2087,False,0.6126761876374855,0.12120919896994577,0.4033084126401724,0.19783566166874442,0.021063665873946678
2940,train,train,2088,False,0.6145078095504904,0.12079363780901207,0.3963264110809709,0.19656973586287219,0.018282333233760314
2941,train,train,2089,False,0.616087982636075,0.11916286828047862,0.39230333462839007,0.19341858896616146,0.009400566559879853
2942,train,train,2089,False,0.616087982636075,0.11916286828047862,0.39230333462839007,0.19341858896616146,0.009400566559879853
2943,train,train,2089,False,0.616087982636075,0.11916286828047862,0.39230333462839007,0.19341858896616146,0.009400566559879853
2944,test,train,2089,False,0.616087982636075,0.11916286828047862,0.39230333462839007,0.19341858896616146,0.009400566559879853
2945,test,train,2090,False,0.6064268576219979,0.11621092654767885,0.38161339645467784,0.1916322225624714,0.006894038887907009
2946,train,test,2091,False,0.6063016758750297,0.11613509056259097,0.38237108870022507,0.19154670881452193,0.009908901670909605
2947,train,test,2092,False,0.60717686091779,0.11600654381274161,0.3828651326440656,0.19105890108755078,0.009333380444390376
2948,test,train,2093,False,0.6082972737267364,0.11510649727519419,0.3806188197236743,0.18922737655882238,0.008984329207795452
2949,train,train,2093,False,0.6082972737267364,0.11510649727519419,0.3806188197236743,0.18922737655882238,0.008984329207795452
2950,train,train,2093,False,0.6082972737267364,0.11510649727519419,0.3806188197236743,0.18922737655882238,0.008984329207795452
2951,train,train,2094,False,0.6147413814592182,0.11506032453015001,0.3841472299693837,0.1871686663699621,0.009378372969357052
2952,test,train,2095,False,0.6149480211561412,0.1144581813594301,0.3853250789529986,0.18612659512952245,0.01076625928964754
2953,train,train,2095,False,0.6149480211561412,0.1144581813594301,0.3853250789529986,0.18612659512952245,0.01076625928964754
2954,test,train,2095,False,0.6149480211561412,0.1144581813594301,0.3853250789529986,0.18612659512952245,0.01076625928964754
2955,test,train,2095,False,0.6149480211561412,0.1144581813594301,0.3853250789529986,0.18612659512952245,0.01076625928964754
2956,train,train,2096,False,0.6130215099782083,0.11373835777613438,0.38294601343949397,0.18553730321824688,0.012178833409294843
2957,test,train,2097,False,0.6017810791349717,0.11775250284597612,0.38760848646848683,0.19567332195827605,0.017299665510339776
2958,train,train,2098,False,0.6167020218871405,0.12019836582534746,0.3975678351769502,0.1949050944531269,0.015150085770465057
2959,train,test,2099,False,0.6189361218414915,0.11885564878882504,0.39098528036712576,0.19203217358715374,0.007983042212565435
2960,train,train,2100,False,0.6150136265768564,0.1181669064264578,0.391471366880097,0.19213705407499754,0.0074300366732555825
2961,train,train,2101,False,0.6127163734898217,0.11826301816712093,0.39007243182340423,0.19301429386248561,0.009452578963874796
2962,train,test,2102,False,0.6045628145848647,0.1163828338833795,0.3863593971868965,0.19250743028794473,0.009470218446874316
2963,train,test,2102,False,0.6045628145848647,0.1163828338833795,0.3863593971868965,0.19250743028794473,0.009470218446874316
2964,train,train,2103,False,0.6082506088944973,0.11690012802514252,0.38512058184101816,0.19219072914305813,0.009730048416459929
2965,train,train,2104,False,0.6046359114136651,0.11544034530769595,0.38226966108425603,0.19092538687917393,0.008426254005737327
2966,train,train,2105,False,0.6124139360887394,0.11454039293421091,0.3850025652639517,0.18703100335328407,0.011302198091608194
2967,train,train,2106,False,0.612849329832082,0.11374448731345478,0.3825300295653474,0.1855994316655617,0.014451239696309078
2968,train,train,2107,False,0.6003302378273717,0.11684098916545638,0.38803246896004395,0.19462785947332983,0.016512085722520085
2969,train,train,2108,False,0.6042567041962588,0.11827573421311356,0.39341059175794485,0.1957375621846611,0.018190477638437123
2970,train,train,2108,False,0.6042567041962588,0.11827573421311356,0.39341059175794485,0.1957375621846611,0.018190477638437123
2971,train,train,2109,False,0.6173041603447765,0.11988186947906003,0.3954879158062175,0.19420227042063615,0.013531013302458737
2972,train,train,2110,False,0.6148960133645135,0.11875973399701346,0.3910553830059505,0.19313791505526007,0.009034716749055207
2973,train,train,2111,False,0.6133258624600829,0.1184784049863693,0.3887589557066522,0.19317366548207518,0.00947942034978691
2974,train,train,2112,False,0.6059725218758983,0.1158440535951736,0.38223306531806106,0.19117047293919734,0.008227617963201999
2975,train,train,2113,False,0.6120577127439182,0.11518243659240478,0.38502593281022657,0.18818884917899323,0.010349839854134034
2976,train,test,2114,False,0.6124911465681736,0.11510468964848662,0.3846099489360801,0.18792874034739185,0.00994144162761875
2977,test,train,2115,False,0.614555771231399,0.11507892634878619,0.3829226458932191,0.18725546441163507,0.008980106206125377
2978,train,train,2116,False,0.6141111201391914,0.11504637237490259,0.3841472299693837,0.1873380380228691,0.009719788696570239
2979,train,test,2117,False,0.5963817485892562,0.1166481441849479,0.3893303923311453,0.19559308188233399,0.01791724230656692
2980,test,train,2118,False,0.6145042530460854,0.11917182870472474,0.39588544133249326,0.19393165810324722,0.013653657409659346
2981,train,train,2119,False,0.6111339247590312,0.1178513359071539,0.39209667115202224,0.19284044156707947,0.0098492749276419
2982,train,train,2120,False,0.6075234451855689,0.1155804321572641,0.3841546826539198,0.19024851316143016,0.008174105764980562
2983,train,train,2121,False,0.6102056366210113,0.11592862384657991,0.3856835495779918,0.1899828793593745,0.00860868166312894
2984,train,train,2122,False,0.6101033263400243,0.11529508027531321,0.38696796288271074,0.18897631810493798,0.008668724925739056
2985,train,train,2123,False,0.6118926675434929,0.11409938969043328,0.384633316482355,0.18646961426829514,0.010046643570320077
2986,train,train,2124,False,0.6027978908367093,0.1200869293909627,0.4043622831911472,0.19921590837731182,0.022711696160276344
2987,train,train,2124,False,0.6027978908367093,0.1200869293909627,0.4043622831911472,0.19921590837731182,0.022711696160276344
2988,train,train,2125,False,0.6167181594835356,0.12241803213572144,0.41265400473345043,0.19849915273816357,0.02220412989058347
2989,train,train,2126,False,0.6175739170385596,0.1196808856236969,0.3984182612731141,0.19379200176976444,0.012260710816312817
2990,train,test,2127,False,0.6125535300890048,0.11813797114835123,0.3948581619562107,0.1928614649093372,0.009764976209067903
2991,test,train,2128,False,0.6123305896350368,0.11785040748921898,0.39389955321088654,0.19246206131798926,0.009435598616214614
2992,train,test,2129,False,0.6126702682290599,0.11783040575234044,0.39486862168667086,0.1923227090698108,0.009178631441054875
2993,train,train,2130,False,0.6113410077790051,0.11685671104530594,0.3898698066016006,0.19114816372264154,0.008230384008135706
2994,train,train,2131,False,0.6130972422920328,0.11613083366601694,0.3837357700255133,0.1894166628965215,0.006849785426995495
2995,train,test,2132,False,0.6154883778261339,0.11659842942406537,0.38516672771069527,0.189440505498875,0.007620123115077885
2996,train,train,2133,False,0.6135558300652943,0.1156553443412962,0.3829693809857689,0.1885001146985894,0.0074616926920248955
2997,train,train,2134,False,0.6163112833995107,0.11625142662405416,0.3853484464992736,0.18862453074495578,0.0073683987813080365
2998,train,train,2135,False,0.6158026170369113,0.11619645581191823,0.3865730305754382,0.18869107177723052,0.008005137395693213
2999,train,train,2136,False,0.6160810878319812,0.11499931274639036,0.3841004948768339,0.18666262447866794,0.00888502615332042
3000,train,train,2137,False,0.6130386049192283,0.1134747496356449,0.38091282916131114,0.1851021268890495,0.011834912083666419
3001,train,train,2138,False,0.6045926518102048,0.11794326228177542,0.38902860967937203,0.19507888812184976,0.01700795941537558
3002,train,train,2139,False,0.6074831562213232,0.11865649492115041,0.3930645090712818,0.19532474885265874,0.01797765483395082
3003,train,train,2140,False,0.6205387197862422,0.12184292051131651,0.4042974105547781,0.19635023025362205,0.018338425272918055
3004,train,train,2141,False,0.6143691508993592,0.11994269385467139,0.4010975453245722,0.1952290307530747,0.01918564854373111
3005,train,train,2142,False,0.615534564534299,0.12037390625190789,0.4012700916568543,0.19555994608195618,0.019561306591233837
3006,train,train,2143,False,0.6141233631445379,0.11990073517792293,0.39938155171011125,0.19523884348575668,0.01918365313484024
3007,test,test,2144,False,0.6148686540491058,0.12024857521648837,0.4004319711259377,0.19556790612859057,0.019331534344226794
3008,train,train,2145,False,0.611257050403379,0.11893245087287857,0.39589319941547824,0.19457027251365527,0.017238953882210407
3009,train,train,2146,False,0.6119270651534712,0.11853239083841234,0.39410077708707386,0.19370346171677247,0.015043150525088412
3010,train,test,2147,False,0.6151134443026617,0.1202853350111821,0.402732187998991,0.19554983901798229,0.019960231220877877
3011,train,train,2148,False,0.6159015536754157,0.12049934709812962,0.4027383407816144,0.19564709064142677,0.020179249932382324
3012,train,test,2149,False,0.6158079261633965,0.12055640084485535,0.4030295294935171,0.1957694854561961,0.020244001376074842
3013,train,train,2150,False,0.6141677514535582,0.12016135377028321,0.40151352919871874,0.19564907712248958,0.020043512494554837
3014,train,train,2151,False,0.6158729272053655,0.12053437395557365,0.4028215375564438,0.19571305805325803,0.02033292191815594
3015,test,train,2152,False,0.6164004883907486,0.12077485184872722,0.4034516661502871,0.19593568487273103,0.020594971923468815
3016,train,train,2153,False,0.6156719987108731,0.12051723594247052,0.4031127262683463,0.19574909398968274,0.020661865132044717
3017,train,train,2154,False,0.6150638613575766,0.1203208703045502,0.4017692723058302,0.19562337809764416,0.02003231438807759
3018,test,train,2155,False,0.6121553553299096,0.11941723520233306,0.3982405521803072,0.19507668137277895,0.019501938108492066
3019,train,train,2156,False,0.6136732200356634,0.11946380239172955,0.398417405460426,0.19467005971808082,0.01975420019057977
3020,train,test,2157,False,0.6168910497124136,0.12065823703127387,0.4035410157077402,0.19559083745423628,0.021820508011979746
3021,train,train,2158,False,0.6189517897130409,0.12086206657512,0.4035117228855728,0.19526895080334802,0.02096389013719329
3022,train,train,2159,False,0.6212955513389646,0.12181897298697503,0.40804126542209684,0.19607250160481735,0.022498460009171765
3023,train,train,2159,False,0.6212955513389646,0.12181897298697503,0.40804126542209684,0.19607250160481735,0.022498460009171765
3024,test,train,2160,False,0.6168563115793522,0.11986878962655505,0.4012469516173105,0.19432206070754482,0.017962962037086774
3025,train,train,2161,False,0.6146153943371778,0.11918598618316877,0.3979268387071231,0.1939196240141414,0.01649263282566178
3026,train,train,2162,False,0.617950827377646,0.11972922047578376,0.4004504294738086,0.1937520190463538,0.015881541423494377
3027,train,train,2163,False,0.6163205808715109,0.12027009357375562,0.4040463491393395,0.19514210186472625,0.021162779127055747
3028,train,train,2164,False,0.615963772893962,0.11835444200648017,0.3943799007681551,0.19214513452701845,0.013320521442449135
3029,train,train,2165,False,0.6177747724200694,0.11969945548632314,0.40175228504891003,0.1937590539953789,0.018803215592257307
3030,train,train,2166,False,0.612860251208768,0.11796886698158747,0.3946581686365481,0.19248901645834088,0.01589410540674248
3031,train,train,2167,False,0.6134534845125853,0.11855012232561725,0.39817950542292285,0.1932503854302993,0.017999818740850083
3032,train,train,2168,False,0.6155469462054055,0.11850594443942677,0.3960530654386766,0.19252137496573954,0.016885355295862842
3033,train,train,2169,False,0.6226034978840636,0.11833836328080348,0.39258218146981555,0.19007018701786918,0.010701565586388738
3034,train,train,2170,False,0.6156962384735566,0.11878442123528732,0.3963405624810051,0.19292698868808986,0.01538878059219602
3035,test,test,2171,False,0.613039974619029,0.11777412419462639,0.3924325346426512,0.19211491757583443,0.013706368188977067
3036,train,train,2172,False,0.6124107690781773,0.1164784393942829,0.38762164784642217,0.19019658907959838,0.011742189064720963
3037,train,train,2173,False,0.6136580628589959,0.11694815327227537,0.3890501444185548,0.19057543663228504,0.012687482017749831
3038,train,test,2174,False,0.609554666943037,0.11566546654656201,0.383088413640324,0.18975404966815057,0.011117209375352332
3039,train,train,2175,False,0.6193020626936371,0.11617469527345664,0.3805970578777071,0.1875897115022644,0.00896394610624691
3040,train,train,2176,False,0.6079279831017046,0.1135354002339143,0.3769377645511528,0.1867579769147099,0.00948333737556791
3041,train,train,2176,False,0.6079279831017046,0.1135354002339143,0.3769377645511528,0.1867579769147099,0.00948333737556791
3042,train,test,2177,False,0.6018511182252402,0.11159626735486725,0.36740325414693487,0.18542171639382554,0.008783656897029332
3043,train,test,2178,False,0.6074629699711582,0.11304718210375583,0.3773953468127141,0.18609723998340708,0.010270298340732016
3044,train,train,2179,False,0.6062615385225708,0.11188250949578883,0.3686838155172796,0.1845449568983725,0.009782728616193516
3045,train,train,2180,False,0.6141618520718444,0.11314174729201186,0.3728740434280264,0.18422138547083936,0.010059235281084676
3046,test,train,2181,False,0.6179793820115511,0.1141082016185968,0.3778312601256821,0.18464726322611186,0.009574791819302512
3047,train,train,2182,False,0.6095764044688422,0.11204921042706255,0.3703381470960937,0.18381487473206456,0.01171761261263478
3048,train,test,2183,False,0.6117875111823933,0.11247420400666913,0.37235886554422915,0.1838452108793326,0.011501037932168395
3049,test,test,2184,False,0.6131182139489251,0.11201496664459722,0.3695223236942322,0.18269717665560734,0.014682329705090981
3050,train,train,2185,False,0.6230562478412259,0.11389760920230076,0.38310495430461655,0.18280469796576923,0.01780909444312033
3051,train,test,2186,False,0.6219424665172542,0.11335530441435472,0.38352093817876304,0.18226011330134823,0.019859013761266323
3052,train,train,2187,False,0.6207153315841918,0.11279405608187355,0.38310495430461655,0.18171623986473828,0.0212282078486963
3053,train,train,2187,False,0.6207153315841918,0.11279405608187355,0.38310495430461655,0.18171623986473828,0.0212282078486963
3054,train,train,2188,False,0.61688556677248,0.11216647724576713,0.3767062553272959,0.18182704100635316,0.018449367404253413
3055,train,train,2189,False,0.6126681395769584,0.1160721476293873,0.3853343518168786,0.18945353957777866,0.011530083517061042
3056,train,train,2190,False,0.6129265126149959,0.1163715548497269,0.3854120110873467,0.18986216529162384,0.011366888165780405
3057,train,train,2191,False,0.6322121402981059,0.12118158746813107,0.4056007372208301,0.1916786783167285,0.015295850671728044
3058,train,train,2192,False,0.6233715218097352,0.1190166357492581,0.3950903902799418,0.1909240823253139,0.013157075989878576
3059,train,train,2193,False,0.6266627651745896,0.12060778153820355,0.40095108121373496,0.1924604240761009,0.015539179316267884
3060,train,train,2194,False,0.6245572261705228,0.11928337960046939,0.394680559188419,0.1909887110455135,0.013794803232287385
3061,train,train,2194,False,0.6245572261705228,0.11928337960046939,0.394680559188419,0.1909887110455135,0.013794803232287385
3062,test,train,2194,False,0.6245572261705228,0.11928337960046939,0.394680559188419,0.1909887110455135,0.013794803232287385
3063,test,test,2195,False,0.6223483514481081,0.11788807676654128,0.3893135113992405,0.189424582699117,0.012189515098033463
3064,test,train,2196,False,0.6211584078195225,0.11714555210026567,0.3857964815607022,0.1885920734961738,0.011185904432146773
3065,train,train,2196,False,0.6211584078195225,0.11714555210026567,0.3857964815607022,0.1885920734961738,0.011185904432146773
3066,train,train,2197,False,0.6239542839692847,0.11773504820289217,0.38681145537173756,0.1886917859653447,0.010596760676612426
3067,train,train,2198,False,0.6194009625282632,0.1162241945833015,0.3830306838086773,0.18763967383728145,0.010535689874823544
3068,train,train,2198,False,0.6194009625282632,0.1162241945833015,0.3830306838086773,0.18763967383728145,0.010535689874823544
3069,train,train,2198,False,0.6194009625282632,0.1162241945833015,0.3830306838086773,0.18763967383728145,0.010535689874823544
3070,train,train,2199,False,0.6294455996484738,0.11720705451095301,0.38744710145747924,0.1862068057611485,0.008688733451758737
3071,test,train,2200,False,0.6231365523546445,0.1154813665230295,0.38633935511268913,0.18532272916210799,0.009543705752506374
3072,train,train,2201,False,0.6170390617768836,0.11515165548955465,0.37800094204228546,0.18661971765280652,0.008693471402076927
3073,train,train,2202,False,0.6188811768811442,0.1158105611966422,0.3800134498973771,0.18712891185392047,0.009253813864263728
3074,train,train,2203,False,0.6261266802503368,0.11573958572608058,0.3842360681956815,0.18485011001257093,0.009327173453064438
3075,train,train,2204,False,0.6270455077981163,0.11628488830922491,0.38587663614599277,0.1854488818802989,0.008791356491296127
3076,test,train,2205,False,0.6245588295380118,0.11511813233989873,0.3834508355399383,0.18431911758425062,0.0109803578018725
3077,train,train,2205,False,0.6245588295380118,0.11511813233989873,0.3834508355399383,0.18431911758425062,0.0109803578018725
3078,test,train,2205,False,0.6245588295380118,0.11511813233989873,0.3834508355399383,0.18431911758425062,0.0109803578018725
3079,train,train,2205,False,0.6245588295380118,0.11511813233989873,0.3834508355399383,0.18431911758425062,0.0109803578018725
3080,train,train,2206,False,0.6201112565751989,0.1140416965822632,0.38028653737069035,0.18390521922163128,0.010886281373198472
3081,train,train,2207,False,0.6202344743565144,0.11415432345303082,0.3823197216488733,0.18405027158715184,0.010438635418234591
3082,train,train,2208,False,0.6064749465893301,0.11194959202124909,0.37088711304804645,0.18459062925983472,0.010688253399021727
3083,train,train,2209,False,0.6090362682696537,0.11254932141588554,0.371279729375918,0.18479904609893247,0.011741131253265216
3084,test,train,2210,False,0.6061040861844738,0.11065372592457116,0.37020330800827217,0.1825655501205326,0.014554350590807794
3085,train,test,2211,False,0.6134717277171039,0.11193319284464334,0.37763169326068863,0.18245860043327078,0.015823399640849906
3086,train,train,2212,False,0.610536556907005,0.11074671036017625,0.3780710446811102,0.181392431144864,0.019679216248952712
3087,train,train,2213,False,0.6001625022235488,0.1138607206572145,0.37527827021181387,0.18971648551079187,0.011796254690206088
3088,train,train,2213,False,0.6001625022235488,0.1138607206572145,0.37527827021181387,0.18971648551079187,0.011796254690206088
3089,train,train,2214,False,0.609226462736383,0.11604430898632279,0.3821504838214942,0.19047811624121136,0.012507316948592763
3090,train,train,2215,False,0.6247711823820074,0.11649450368784965,0.383544305725038,0.18645947023949125,0.00825782018449284
3091,train,test,2216,False,0.6225180295073922,0.11548110816784893,0.38479225734747763,0.18550644751483078,0.00939107125135471
3092,train,train,2217,False,0.6160584890128344,0.11284036795884664,0.37432718981379137,0.18316502405422713,0.011092911383587523
3093,train,test,2218,False,0.6180444752317854,0.11374568357095673,0.37795420694973547,0.1840412593742524,0.010900108407146019
3094,train,train,2219,False,0.6194210555415146,0.11415163032958325,0.3787628071517537,0.18428761713595418,0.01086725575801587
3095,test,train,2219,False,0.6194210555415146,0.11415163032958325,0.3787628071517537,0.18428761713595418,0.01086725575801587
3096,train,train,2220,False,0.6139046725208144,0.11258687667993274,0.37437392490634114,0.18339472188349484,0.012059326911913415
3097,train,train,2221,False,0.6169535727020287,0.11322090584579136,0.37310260573762655,0.18351608752328905,0.011083036212656279
3098,train,train,2222,False,0.616076668231824,0.11363427145087808,0.375575141436231,0.18444826319590232,0.010332124178328198
3099,train,train,2223,False,0.6134811562135108,0.11241626296369535,0.3727567245023048,0.18324322079840857,0.011848293265037578
3100,train,train,2224,False,0.6137819333032368,0.11250822693070575,0.37640710918452397,0.18330325613400134,0.013167985731432803
3101,train,train,2225,False,0.6166997057448258,0.11268322810687481,0.3819972079598263,0.18271976953642358,0.015133390231626678
3102,test,train,2226,False,0.6148422457926488,0.11198926239979883,0.3791787910259003,0.18214308331305915,0.016149992983082753
3103,test,train,2227,False,0.6149187567028496,0.1121463648919507,0.3799873912279184,0.18237590522245817,0.016349175053137887
3104,train,test,2228,False,0.6156468746580184,0.11207953577387589,0.37795420694973547,0.18205166043624313,0.016211417102521566
3105,test,train,2229,False,0.6023558615590517,0.11651064291327731,0.38482361509032864,0.19342493424355137,0.014674960817195054
3106,train,train,2229,False,0.6023558615590517,0.11651064291327731,0.38482361509032864,0.19342493424355137,0.014674960817195054
3107,train,train,2230,False,0.6052743187635096,0.11718618943291866,0.38877939409872053,0.19360839507004624,0.015887866754095925
3108,train,train,2231,False,0.6193418639224346,0.11990195552238647,0.3966758106933717,0.19359575463382983,0.015060254482475745
3109,test,train,2232,False,0.6200147487590688,0.12017210935358179,0.39785287110622924,0.19382137214332526,0.015179122879820052
3110,train,test,2233,False,0.6193371953742618,0.11932021075338968,0.39262292404454185,0.19265791178791578,0.012827921144312969
3111,train,train,2234,False,0.6223278023766077,0.119085127500822,0.3923930226244496,0.19135434259251763,0.010721711123853101
3112,train,train,2235,False,0.6219380160351291,0.11875814563130874,0.3942430487214733,0.19094852311552682,0.009485713639982712
3113,train,train,2236,False,0.6228802486760088,0.11775743394344511,0.3929717295527587,0.18905308716041283,0.008296808730628215
3114,test,train,2237,False,0.623358074840461,0.11712813975794394,0.390938545274576,0.1878986484420228,0.007989102886302231
3115,train,train,2238,False,0.6191151514336991,0.1158663191834855,0.38694227935703496,0.18714825330178275,0.006814278411998205
3116,train,train,2239,False,0.6171266681423397,0.11545213999924853,0.3882135985257493,0.18708013436978807,0.009280928706271438
3117,train,train,2240,False,0.6163606819826037,0.11491133317060612,0.3865963981217131,0.18643520998286098,0.009004327605988505
3118,train,train,2241,False,0.615460139508854,0.11451147312115117,0.38539518159182334,0.186058309499187,0.010300729201354698
3119,test,test,2242,False,0.6155336522941108,0.11427849953381032,0.38417059751565863,0.18565759826110434,0.01170773079417407
3120,train,train,2243,False,0.6137924290418076,0.11338663659359322,0.381768164455879,0.18473124012070544,0.013185132203258036
3121,test,test,2244,False,0.6122767906568187,0.11285749163494534,0.37934236384982456,0.1843243012917045,0.012829793447159087
3122,train,test,2245,False,0.6136875573311835,0.11319349478182658,0.3801275965055678,0.18444808507131003,0.012625709368352375
3123,train,train,2246,False,0.6130304874359204,0.11315084395948594,0.3797349801776963,0.18457620995776905,0.013075216649235303
3124,train,train,2247,False,0.6106407392098357,0.11242834089423134,0.376107963041752,0.1841153622336314,0.013335380422007222
3125,train,train,2248,False,0.6118151419204003,0.11272448083174927,0.37689319569749524,0.18424598070247694,0.012778832358762498
3126,train,train,2249,False,0.6122321729022737,0.1124749950402947,0.375252627747184,0.18371297690402213,0.013930776511522079
3127,train,test,2250,False,0.6120413534914547,0.11250328243276364,0.3764772118233488,0.1838164721893002,0.013544608206275788
3128,test,train,2251,False,0.6123962923721767,0.11248634727095937,0.3748366438730375,0.18368228003999262,0.013763583458741258
3129,train,train,2252,False,0.6112193289349708,0.11232702222228708,0.3752759952934589,0.1837753109313692,0.013632637670561823
3130,test,train,2252,False,0.6112193289349708,0.11232702222228708,0.3752759952934589,0.1837753109313692,0.013632637670561823
3131,train,train,2253,False,0.6111044175805747,0.11217137278375176,0.37728581202536693,0.18355516595322577,0.015203295062892272
3132,train,train,2253,False,0.6111044175805747,0.11217137278375176,0.37728581202536693,0.18355516595322577,0.015203295062892272
3133,train,train,2253,False,0.6111044175805747,0.11217137278375176,0.37728581202536693,0.18355516595322577,0.015203295062892272
3134,train,train,2254,False,0.6108009386159864,0.11080581996900399,0.37155550797241504,0.18141069039625063,0.0172757791328543
3135,test,train,2255,False,0.605824389308384,0.11332567851275417,0.3758115316996453,0.18706027771864392,0.012621790347907306
3136,train,train,2255,False,0.605824389308384,0.11332567851275417,0.3758115316996453,0.18706027771864392,0.012621790347907306
3137,train,train,2256,False,0.6082088454795738,0.11394506530187229,0.3764502741891619,0.18734529454603113,0.012784354865163558
3138,train,train,2257,False,0.6089698934016168,0.11417837678799604,0.3769500701164001,0.18749428834685458,0.013041495268711685
3139,train,train,2258,False,0.626103171676168,0.11731968384528546,0.38675225444914024,0.1873807531292388,0.009059755684388522
3140,train,train,2259,False,0.6260739184490273,0.11666253625064325,0.384675419616103,0.18633987587224735,0.007165060789071476
3141,train,test,2260,False,0.6237023127501596,0.11550405074269286,0.3867553389868356,0.18519099317331061,0.007029880383399541
3142,train,train,2261,False,0.6247636608835543,0.1159895318431536,0.3879565555167255,0.18565345442646056,0.007051493404289578
3143,train,train,2262,False,0.623752029458835,0.11579387787664742,0.38474552225492775,0.18564088356892364,0.007348582933292439
3144,train,train,2263,False,0.6249207504192236,0.11605093225416846,0.38673197144056065,0.18570503888103657,0.007027561432400599
3145,train,train,2264,False,0.6227700883153863,0.11568361472101535,0.3875873067351287,0.18575653662805702,0.007402839069034984
3146,train,train,2265,False,0.622025143281372,0.11561531709611819,0.3851848736753492,0.18586920214545058,0.007129024999736633
3147,train,train,2266,False,0.6113545315939263,0.11273101327900066,0.375252627747184,0.18439548159574096,0.009184965564523057
3148,test,train,2267,False,0.6116145419112682,0.11249964666034493,0.375252627747184,0.18393880287540015,0.010292725073900263
3149,train,test,2268,False,0.6127105148997267,0.1129859636511007,0.3789030124294033,0.18440350035381953,0.011336837779518992
3150,train,train,2269,False,0.6115383504207969,0.11230493758100223,0.37728581202536693,0.1836433275259445,0.012928862547429781
3151,test,train,2270,False,0.6079060346914832,0.11104164151602482,0.3736821624356975,0.18266250897209677,0.013789029288859934
3152,train,train,2271,False,0.6092076384622206,0.110571267361114,0.37241084326698315,0.18150013292712674,0.01560536354004531
3153,train,train,2272,False,0.6064608486754743,0.1095126288464894,0.3679752259290207,0.18057658476333255,0.016708803615973895
3154,train,train,2273,False,0.6098235063645615,0.11038106106575642,0.3719714918465616,0.18100492997357334,0.016552121030101053
3155,train,test,2274,False,0.610323287988932,0.11032425178446949,0.3731727083764513,0.18076362799131823,0.01854753357797617
3156,train,train,2275,False,0.6098384906926204,0.11021964199072169,0.373565324704323,0.180735790988759,0.018896533449440412
3157,train,train,2276,False,0.603818854603856,0.11556012695636188,0.3848090889464577,0.1913821108355034,0.012377030277232515
3158,test,train,2276,False,0.603818854603856,0.11556012695636188,0.3848090889464577,0.1913821108355034,0.012377030277232515
3159,train,train,2277,False,0.6067428163556624,0.11664264453008709,0.3898935619194067,0.19224396463511342,0.014636459858618592
3160,train,train,2278,False,0.6260447389965417,0.11916125107580292,0.3955186797193356,0.19033983300746365,0.010654098533249565
3161,train,train,2279,False,0.6273930754269836,0.11855357639049183,0.3900924310075598,0.1889622009452496,0.008294744143937131
3162,train,train,2280,False,0.6269668358354379,0.11805814381973564,0.38962049101331164,0.18830046036234485,0.008282775178182631
3163,test,test,2281,False,0.6255726692846707,0.11700903658202776,0.3867787065331106,0.18704307641161041,0.007961834332907251
3164,train,train,2282,False,0.6195285963689459,0.11511962284610132,0.38038000755578993,0.18581809382297584,0.007890594936722372
3165,test,train,2283,False,0.6156581985006674,0.11429595412694521,0.3800574938667431,0.18564839127505148,0.00912911676480766
3166,train,train,2284,False,0.6132134881218017,0.11307898556272163,0.374420659998891,0.18440394373755348,0.010915529586169032
3167,train,train,2284,False,0.6132134881218017,0.11307898556272163,0.374420659998891,0.18440394373755348,0.010915529586169032
3168,train,train,2285,False,0.6164560587990886,0.11320329939008857,0.3792021585721751,0.18363563432342395,0.011967606017283675
3169,train,train,2286,False,0.6141717126104,0.11249368450070969,0.3747899087804876,0.18316324602867226,0.01313542503067723
3170,train,train,2287,False,0.6122720001931885,0.11169974513919395,0.3740046761247444,0.18243484122081302,0.015194004400637817
3171,train,train,2288,False,0.6151370876457629,0.11225337930573548,0.37758495816813886,0.1824851428408402,0.015253108832795232
3172,test,test,2289,False,0.6131347881680304,0.11121975261072811,0.3747431736879379,0.18139527353037455,0.016621986198477493
3173,test,train,2290,False,0.604541483386696,0.11603144321076607,0.38627180056685656,0.19193297135003448,0.012638454920901643
3174,test,train,2291,False,0.6062301293968537,0.11668402174647276,0.3876972207476773,0.1924747980813214,0.012756817032629793
3175,train,train,2292,False,0.6186529592939602,0.11923063363356991,0.39655409192243957,0.19272619946672892,0.013798875670570152
3176,test,train,2293,False,0.6210774104927471,0.11618052886028271,0.39177051302286897,0.18706287959838697,0.009157007366029285
3177,train,train,2294,False,0.6231116451201165,0.11692841040633721,0.3929717295527587,0.18765242364198964,0.00952926186869882
3178,train,train,2294,False,0.6231116451201165,0.11692841040633721,0.3929717295527587,0.18765242364198964,0.00952926186869882
3179,train,test,2295,False,0.6133686377644957,0.11456102017766602,0.384305666088173,0.1867735210512214,0.011016153718760635
3180,train,test,2295,False,0.6133686377644957,0.11456102017766602,0.384305666088173,0.1867735210512214,0.011016153718760635
3181,train,train,2296,False,0.6131808620659686,0.11419664159535516,0.3821476866477462,0.18623647386938408,0.01123849508858433
3182,train,train,2297,False,0.613341115335612,0.11421889518656106,0.3814821124491118,0.1862240967231783,0.010967988646729156
3183,train,train,2298,False,0.6128470149487254,0.1139266765081268,0.3826001322041721,0.18589741604217264,0.01075384587513884
3184,train,test,2299,False,0.6130448519883103,0.11312889881187041,0.38174479690960417,0.18453608809364505,0.012794174772505312
3185,train,test,2299,False,0.6130448519883103,0.11312889881187041,0.38174479690960417,0.18453608809364505,0.012794174772505312
3186,train,test,2299,False,0.6130448519883103,0.11312889881187041,0.38174479690960417,0.18453608809364505,0.012794174772505312
3187,test,train,2300,False,0.6138647544270484,0.11209743629091963,0.37966487753887157,0.1826093377775793,0.015752697446925326
3188,train,train,2301,False,0.6137480971118476,0.11149213159611975,0.3760144928566523,0.18165780410688875,0.017298429176163806
3189,test,train,2301,False,0.6137480971118476,0.11149213159611975,0.3760144928566523,0.18165780410688875,0.017298429176163806
3190,train,train,2302,False,0.6128088206971583,0.11101263800922508,0.3764304767307989,0.18115378607463942,0.019525391887682025
3191,train,train,2303,False,0.6114236607229477,0.1104662425849188,0.37726244447909196,0.18067053940029643,0.021209296065324408
3192,test,train,2304,False,0.6033796208579716,0.11461281059164481,0.3775768817845059,0.1899514113994634,0.008308516587582951
3193,train,train,2304,False,0.6033796208579716,0.11461281059164481,0.3775768817845059,0.1899514113994634,0.008308516587582951
3194,train,train,2305,False,0.6201895564065484,0.11691546049915331,0.38569432773459533,0.18851568732723478,0.005380051874520075
3195,train,train,2306,False,0.6252892661747823,0.11731121574484278,0.3863627226589641,0.18761111391291926,0.004509001578752417
3196,test,test,2307,False,0.6221843303732925,0.11599417152073889,0.38560085754949575,0.18643055740594716,0.004215443380606831
3197,train,train,2308,False,0.6168375204272986,0.11498644632031556,0.38245992692652264,0.1864128599710692,0.0048192286950852585
3198,train,train,2309,False,0.6096693901546529,0.11342098051372816,0.375327867091144,0.1860368625115934,0.00864302511628308
3199,train,train,2309,False,0.6096693901546529,0.11342098051372816,0.375327867091144,0.1860368625115934,0.00864302511628308
3200,train,train,2310,False,0.6093658985377944,0.1129259408507233,0.3788534566111192,0.18531713232016273,0.011002901629856994
3201,train,train,2311,False,0.608343557945433,0.1111733702423564,0.37573871426015537,0.18274767405744172,0.014569954493165244
3202,train,train,2312,False,0.609175302145548,0.1102171688938713,0.372434210813258,0.18092849218555074,0.01793795562284676
3203,train,train,2313,False,0.6037129139789279,0.11516814289089258,0.3802416135112083,0.1907664060585466,0.009400302549669792
3204,train,train,2314,False,0.6044872281241329,0.11522118257708955,0.37882114173737125,0.19060978829056185,0.009494425986914273
3205,train,test,2315,False,0.6252411243397075,0.1181882326187873,0.3941729460826486,0.18902824529272805,0.008523618729044773
3206,train,train,2316,False,0.6283812326341196,0.11723381548143694,0.39851509323551126,0.18656479441628604,0.0092681604216775
3207,train,train,2317,False,0.6155702757066528,0.1150832083925164,0.3886295823998959,0.1869538100428988,0.008884060256514378
3208,train,test,2318,False,0.5966478071392406,0.10950271348989865,0.3726991904779248,0.18352990186108878,0.0161431147426683
3209,train,train,2319,False,0.5929757761300922,0.11389242364181962,0.3763038379627201,0.19206926863877977,0.017419274377559926
3210,train,train,2320,False,0.5959873274624892,0.11416745616104484,0.37886434542514713,0.1915602075754378,0.017194080702467612
3211,train,train,2320,False,0.5959873274624892,0.11416745616104484,0.37886434542514713,0.1915602075754378,0.017194080702467612
3212,train,train,2320,False,0.5959873274624892,0.11416745616104484,0.37886434542514713,0.1915602075754378,0.017194080702467612
3213,train,train,2320,False,0.5959873274624892,0.11416745616104484,0.37886434542514713,0.1915602075754378,0.017194080702467612
3214,test,test,2321,False,0.6103106690061482,0.11566537705495882,0.3796620568131373,0.1895188515110058,0.010509134264140588
3215,train,train,2322,False,0.6054330871734246,0.11397493098981329,0.38537413002494936,0.18825355502443078,0.010446008118819626
3216,train,train,2323,False,0.6025164210970185,0.11286885357411854,0.3830600304451344,0.1873290911617231,0.01201138629324548
3217,train,train,2323,False,0.6025164210970185,0.11286885357411854,0.3830600304451344,0.1873290911617231,0.01201138629324548
3218,train,train,2323,False,0.6025164210970185,0.11286885357411854,0.3830600304451344,0.1873290911617231,0.01201138629324548
3219,train,train,2323,False,0.6025164210970185,0.11286885357411854,0.3830600304451344,0.1873290911617231,0.01201138629324548
3220,train,train,2324,False,0.6016638527821128,0.1126892497717439,0.38090718770984267,0.18729602792433886,0.013119155412464325
3221,train,train,2325,False,0.6011192490819122,0.11224030281375534,0.3812217439680202,0.18671886316264144,0.01432863866328555
3222,train,train,2326,False,0.6000472056172784,0.11156177893154519,0.3753096154747777,0.1859216706405286,0.01436607259760128
3223,train,train,2327,False,0.5998215773808655,0.11045883185229678,0.37307452313164374,0.1841528147997239,0.012983067839309081
3224,train,train,2328,False,0.5963973888009901,0.10941866340135967,0.3697550519899943,0.18346603364802996,0.014771779548250902
3225,train,train,2329,False,0.5991952565240952,0.10982575227524809,0.37301890421646405,0.1832887545077415,0.016161670803682245
3226,test,train,2330,False,0.5939212701250146,0.11177533128329652,0.3716546630244767,0.1881989026252064,0.009662938144818837
3227,test,train,2330,False,0.5939212701250146,0.11177533128329652,0.3716546630244767,0.1881989026252064,0.009662938144818837
3228,train,train,2330,False,0.5939212701250146,0.11177533128329652,0.3716546630244767,0.1881989026252064,0.009662938144818837
3229,train,train,2331,False,0.6105326830838418,0.11372733061650683,0.3781645148662097,0.1862755815824018,0.008367759820552661
3230,train,train,2332,False,0.6120304581070557,0.1136917495861238,0.3765005793696236,0.1857615876467327,0.00707253839641473
3231,train,train,2332,False,0.6120304581070557,0.1136917495861238,0.3765005793696236,0.1857615876467327,0.00707253839641473
3232,train,train,2333,False,0.6133029606121102,0.11252870173065364,0.37841692591643195,0.18347979539890658,0.008533475299396924
3233,train,train,2334,False,0.6082011424943834,0.11144099483745606,0.376084595495477,0.18323049243283063,0.009884413977293501
3234,train,test,2335,False,0.6067536059552758,0.11148249485671394,0.3777485309920632,0.18373602358933716,0.009365204173821542
3235,train,train,2336,False,0.5992656757364025,0.11008094903199435,0.36936150927036243,0.18369306551175704,0.009774970520613135
3236,train,train,2337,False,0.5956608761965829,0.10874852979866892,0.36298571464343665,0.1825678572228054,0.011871779535773888
3237,train,test,2338,False,0.596182692404342,0.10886339394151724,0.36654355553231655,0.18260072848220846,0.012150569978896972
3238,test,train,2339,False,0.5961722644572223,0.10857047524790224,0.3655685617806398,0.1821125901365923,0.013129329535528037
3239,train,train,2340,False,0.5936392474316468,0.10749104645719956,0.3654161887587461,0.1810713272787382,0.015258582702658594
3240,train,train,2340,False,0.5936392474316468,0.10749104645719956,0.3654161887587461,0.1810713272787382,0.015258582702658594
3241,train,train,2340,False,0.5936392474316468,0.10749104645719956,0.3654161887587461,0.1810713272787382,0.015258582702658594
3242,train,train,2341,False,0.5897742776987397,0.113261469156114,0.3728083428633644,0.19204206327555143,0.012474153083700324
3243,train,train,2342,False,0.5979422874890499,0.11478869246218407,0.3785004196688755,0.1919728623714144,0.012564007486575523
3244,train,train,2343,False,0.5986250603284129,0.1151754446899015,0.3802219507876975,0.19239997173976456,0.013075270635050542
3245,train,train,2344,False,0.6030453622071789,0.11617632780033334,0.38430621662790765,0.19264940099219344,0.0133871252021155
3246,train,test,2345,False,0.610730471752192,0.11566173263940484,0.38011450236956335,0.18938261309865567,0.00738558845439723
3247,train,test,2346,False,0.6130318766977412,0.11526283807900459,0.3833619973136404,0.1880209536572526,0.0064441267146835264
3248,train,test,2347,False,0.6083728627364231,0.11364389044236314,0.37693993079004506,0.18679973648265644,0.006929278848593479
3249,train,test,2347,False,0.6083728627364231,0.11364389044236314,0.37693993079004506,0.18679973648265644,0.006929278848593479
3250,train,test,2347,False,0.6083728627364231,0.11364389044236314,0.37693993079004506,0.18679973648265644,0.006929278848593479
3251,train,test,2347,False,0.6083728627364231,0.11364389044236314,0.37693993079004506,0.18679973648265644,0.006929278848593479
3252,train,test,2347,False,0.6083728627364231,0.11364389044236314,0.37693993079004506,0.18679973648265644,0.006929278848593479
3253,train,test,2347,False,0.6083728627364231,0.11364389044236314,0.37693993079004506,0.18679973648265644,0.006929278848593479
3254,test,test,2347,False,0.6083728627364231,0.11364389044236314,0.37693993079004506,0.18679973648265644,0.006929278848593479
3255,train,test,2347,False,0.6083728627364231,0.11364389044236314,0.37693993079004506,0.18679973648265644,0.006929278848593479
3256,train,test,2347,False,0.6083728627364231,0.11364389044236314,0.37693993079004506,0.18679973648265644,0.006929278848593479
3257,test,test,2347,False,0.6083728627364231,0.11364389044236314,0.37693993079004506,0.18679973648265644,0.006929278848593479
3258,train,test,2348,False,0.5983359078343188,0.11141248356275202,0.37068152813528177,0.18620390670854156,0.010499552817114672
3259,train,train,2349,False,0.5969562647139172,0.11081697102184562,0.36916846425281447,0.18563666649005364,0.01039413803595322
3260,train,train,2350,False,0.5953469436611035,0.1094166395170993,0.36649027337176443,0.18378634623407733,0.01308051948808075
3261,train,train,2350,False,0.5953469436611035,0.1094166395170993,0.36649027337176443,0.18378634623407733,0.01308051948808075
3262,train,test,2351,False,0.5973296181560827,0.10860388595607938,0.36893196806433115,0.18181567204273655,0.019047831334555197
3263,test,train,2352,False,0.5970038906759343,0.1084775222745276,0.3684561549616302,0.18170320825163833,0.018921531263348498
3264,train,train,2353,False,0.5894982312776822,0.11390825222443983,0.379346057748351,0.19322916707918592,0.01594283013764066
3265,train,train,2353,False,0.5894982312776822,0.11390825222443983,0.379346057748351,0.19322916707918592,0.01594283013764066
3266,train,train,2354,False,0.5922578854966174,0.11481003886375855,0.383591794912121,0.19385143140388678,0.017215545800019962
3267,train,train,2355,False,0.6031354251381259,0.11664019366456446,0.3895115525591007,0.19338972443519187,0.017107858788176108
3268,train,train,2355,False,0.6031354251381259,0.11664019366456446,0.3895115525591007,0.19338972443519187,0.017107858788176108
3269,train,train,2355,False,0.6031354251381259,0.11664019366456446,0.3895115525591007,0.19338972443519187,0.017107858788176108
3270,train,train,2356,False,0.6206037753557612,0.11934720604837663,0.3962573657061758,0.1923082178801778,0.013950804544360262
3271,train,test,2357,False,0.6254559704331323,0.11837855334766571,0.39495817873839184,0.1892676046655815,0.008898849987562189
3272,train,train,2358,False,0.6024698091820673,0.1125268805497604,0.36804532856784544,0.18677596592355486,0.005862505729601231
3273,train,test,2359,False,0.611572547358155,0.11162274485904833,0.37481327632676265,0.1825175857569662,0.013685984043499844
3274,train,test,2359,False,0.611572547358155,0.11162274485904833,0.37481327632676265,0.1825175857569662,0.013685984043499844
3275,train,test,2359,False,0.611572547358155,0.11162274485904833,0.37481327632676265,0.1825175857569662,0.013685984043499844
3276,train,test,2359,False,0.611572547358155,0.11162274485904833,0.37481327632676265,0.1825175857569662,0.013685984043499844
3277,train,test,2359,False,0.611572547358155,0.11162274485904833,0.37481327632676265,0.1825175857569662,0.013685984043499844
3278,train,train,2360,False,0.610739026159311,0.11062392579808672,0.3740046761247444,0.1811312542015786,0.01596384044255718
3279,train,train,2361,False,0.602687287206785,0.1132222571238924,0.37268279821344746,0.18786236167122816,0.010087699087867656
3280,train,train,2362,False,0.6242347913668366,0.11681090525058913,0.38109513757270846,0.1871265537680425,0.0093091301572925
3281,train,train,2363,False,0.6177698239789325,0.11388749678936855,0.3820205755061013,0.18435263810045274,0.010528351510484757
3282,test,train,2363,False,0.6177698239789325,0.11388749678936855,0.3820205755061013,0.18435263810045274,0.010528351510484757
3283,train,train,2363,False,0.6177698239789325,0.11388749678936855,0.3820205755061013,0.18435263810045274,0.010528351510484757
3284,train,train,2363,False,0.6177698239789325,0.11388749678936855,0.3820205755061013,0.18435263810045274,0.010528351510484757
3285,train,train,2363,False,0.6177698239789325,0.11388749678936855,0.3820205755061013,0.18435263810045274,0.010528351510484757
3286,test,train,2363,False,0.6177698239789325,0.11388749678936855,0.3820205755061013,0.18435263810045274,0.010528351510484757
3287,train,test,2364,False,0.6130784214440606,0.11301615177498389,0.3797116126314214,0.1843420805918805,0.012055785636117405
3288,train,test,2364,False,0.6130784214440606,0.11301615177498389,0.3797116126314214,0.1843420805918805,0.012055785636117405
3289,train,train,2365,False,0.6095304019910791,0.11102684253873214,0.37730917957164184,0.18215144343260684,0.015051940886283451
3290,test,train,2366,False,0.6102616838286226,0.1112804689345927,0.37811777977365996,0.1823487724748637,0.015955627913230047
3291,train,train,2367,False,0.6053871224100412,0.11588281490078203,0.38193080159743603,0.19141935897059303,0.013714540038935652
3292,train,train,2367,False,0.6053871224100412,0.11588281490078203,0.38193080159743603,0.19141935897059303,0.013714540038935652
3293,train,train,2368,False,0.6059564837835083,0.11669330047569329,0.3861990635224875,0.19257703085719374,0.015307163475523704
3294,train,test,2369,False,0.6222011422700016,0.11733590656966846,0.3856242250957707,0.18858195300250835,0.0078752771002931
3295,train,train,2370,False,0.6125339786695158,0.11353677542094565,0.375252627747184,0.18535588126483812,0.009902042562175467
3296,train,train,2371,False,0.61224624214077,0.11152911606403947,0.37555177388995603,0.18216382296454547,0.014041830170132793
3297,train,train,2372,False,0.6022631606738763,0.11386238121361028,0.3729653730296769,0.1890575227716218,0.008396225192286045
3298,test,train,2373,False,0.6065203456706111,0.11527114292180113,0.37981236023060055,0.19005321708433265,0.009748916634760534
3299,train,train,2374,False,0.6235078061142691,0.11681152806233044,0.38557749000322084,0.18734573475560082,0.005254804128086196
3300,train,test,2375,False,0.6242368861226969,0.11657035275933325,0.38761067428140367,0.18674057132923216,0.005242738059680578
3301,train,train,2376,False,0.617614657813795,0.11409333477016578,0.37959477490004684,0.1847322328359698,0.0056430834528673444
3302,train,train,2377,False,0.6126411800782493,0.1131202298820116,0.3756686116213306,0.18464352962294076,0.006920370554070043
3303,train,train,2378,False,0.6057885295474094,0.11131689805676846,0.376284630001681,0.1837553744042239,0.010921695191228377
3304,train,train,2379,False,0.6120714161173397,0.11138382453096814,0.3821140456912009,0.18197847767100242,0.014832928428603908
3305,test,train,2380,False,0.6177643717660959,0.11142639534861164,0.3872180579535321,0.18037038139648656,0.02042518191515273
3306,train,train,2381,False,0.6023748792760525,0.11405397168797199,0.3766897795270262,0.1893405180259917,0.012271623535797261
3307,train,train,2382,False,0.6250111508503371,0.11779206509057316,0.3900862782249363,0.18846394169178468,0.009197702125116993
3308,train,train,2383,False,0.6226136774512502,0.11508804242415026,0.3819504728672765,0.1848466337830516,0.007429241946823928
3309,train,train,2384,False,0.615900333804205,0.11412241714635449,0.38130544548918277,0.18529364392686637,0.008719600443091353
3310,train,train,2385,False,0.6104189789381491,0.11296176002462349,0.3785571311940814,0.18505610723494456,0.010216886879671214
3311,train,train,2386,False,0.6107229978190984,0.11266712260434691,0.3805435803797144,0.18448154565438504,0.011983134009949416
3312,train,train,2387,False,0.6115292084072369,0.11228577389007463,0.38091282916131114,0.18361473556190294,0.014923233962244214
3313,train,train,2388,False,0.6055184773103837,0.11396158361764099,0.37795680477559884,0.18820496465085612,0.011182822437320007
3314,train,train,2388,False,0.6055184773103837,0.11396158361764099,0.37795680477559884,0.18820496465085612,0.011182822437320007
3315,train,train,2389,False,0.6244136733340064,0.11751792767277831,0.39005984243373293,0.18820524388151338,0.008490300819030861
3316,train,train,2390,False,0.6229426206276156,0.1150668518400444,0.3859934738773673,0.1847150091032692,0.00930490480818115
3317,train,train,2390,False,0.6229426206276156,0.1150668518400444,0.3859934738773673,0.1847150091032692,0.00930490480818115
3318,train,train,2391,False,0.6130166045954941,0.1122154212618208,0.3768464606049455,0.1830544563077005,0.01325961678306873
3319,train,train,2392,False,0.6154458422900558,0.11221526978327834,0.37959477490004684,0.18233167254120788,0.015815212430621416
3320,train,train,2392,False,0.6154458422900558,0.11221526978327834,0.37959477490004684,0.18233167254120788,0.015815212430621416
3321,train,train,2393,False,0.615797028554866,0.11147202213225742,0.37751485552931413,0.18102072105456019,0.01788403974715887
3322,test,train,2394,False,0.6080335217162063,0.11496771222643574,0.37749676140098837,0.18908120707215845,0.015376982821207604
3323,train,train,2395,False,0.6152889948018045,0.11648666702487982,0.3827679321062538,0.1893202511486529,0.015123524055858971
3324,train,train,2396,False,0.6288122933673411,0.11681461222588596,0.38793318797045057,0.18577024250008564,0.010476873667963366
3325,train,train,2397,False,0.6137482251345334,0.11392946073926237,0.3777251634457883,0.18562898607859774,0.01013764089017606
3326,train,train,2398,False,0.6131081449336387,0.11243967118904848,0.3772157093865421,0.18339288446611432,0.010880837988946753
3327,train,train,2398,False,0.6131081449336387,0.11243967118904848,0.3772157093865421,0.18339288446611432,0.010880837988946753
3328,train,train,2398,False,0.6131081449336387,0.11243967118904848,0.3772157093865421,0.18339288446611432,0.010880837988946753
3329,train,train,2399,False,0.6164838310195464,0.11154289595599308,0.3811418726652583,0.18093401699039285,0.017985828396307423
3330,train,test,2400,False,0.6011952880350048,0.11263553579721201,0.3691503864183503,0.18735265900928647,0.00788313767797104
3331,test,train,2401,False,0.6186662949883724,0.11615094581764124,0.383269814402705,0.18774409848822335,0.0077702956198988735
3332,train,train,2402,False,0.6225843681261113,0.11544467220767489,0.3880032906092753,0.1854281574000109,0.0057175882003463584
3333,test,train,2403,False,0.6182921712025645,0.11424009797161705,0.3872647930460819,0.1847671752812632,0.007600427540643791
3334,test,train,2403,False,0.6182921712025645,0.11424009797161705,0.3872647930460819,0.1847671752812632,0.007600427540643791
3335,train,test,2404,False,0.6109740655889607,0.11156354408215033,0.3805202128334395,0.18259947576433774,0.014966702501223018
3336,train,train,397,False,0.6268154543738578,0.12025269000148868,0.3961126601757317,0.19184704072367234,0.009204996831845894
3337,train,train,397,False,0.6268154543738578,0.12025269000148868,0.3961126601757317,0.19184704072367234,0.009204996831845894
3338,train,train,2405,False,0.601499474477149,0.11549988273198916,0.38669516778015156,0.19201992293075063,0.013757718797992822
3339,train,train,2406,False,0.6192362740400859,0.11859788456516596,0.39381782752700795,0.19152283148950122,0.011348355735128334
3340,train,test,2407,False,0.6230711708816686,0.1159299498459488,0.38601684142364223,0.18606213104339855,0.0065703750116799025
3341,test,train,2408,False,0.6170611807614178,0.11370326257485235,0.3808427265224864,0.18426578452812264,0.010135618547236156
3342,train,test,2409,False,0.6160344791042515,0.11242395181647712,0.38040337510206496,0.18249620050479612,0.01339211608097658
3343,train,train,2410,False,0.6010180897435742,0.11322927559083713,0.36953769274859166,0.18839578628847375,0.008609700443425593
3344,train,test,2411,False,0.6046974503173254,0.11401645584096141,0.37303342838237324,0.1885512429085476,0.01037797520196989
3345,train,train,2412,False,0.6239623114834211,0.11570506527666838,0.3880032906092753,0.18543598410870157,0.006413335832390192
3346,test,train,2413,False,0.6082237891241649,0.1125966931316859,0.3763079975479561,0.18512379019870928,0.01083215756801986
3347,train,train,2414,False,0.6067076943569003,0.1109099918105623,0.3719504402796876,0.1828063049836956,0.013880552907572011
3348,train,train,2415,False,0.6101865543096201,0.11099911280932706,0.3784870285552567,0.18191012572362258,0.0172409448571334
3349,train,train,2416,False,0.6025853259193363,0.11547965469724158,0.3818291464747358,0.1916403366130094,0.012015541341982057
3350,train,train,2416,False,0.6025853259193363,0.11547965469724158,0.3818291464747358,0.1916403366130094,0.012015541341982057
3351,train,train,2417,False,0.610026722904421,0.11665745558892275,0.3866079045919115,0.19123335291526344,0.01277448841056709
3352,train,train,2418,False,0.6247967311350531,0.11628644559049277,0.3863159875664142,0.18611884441078622,0.0055973632945801296
3353,train,test,2419,False,0.6159198332315978,0.11414036316495692,0.3828058081618444,0.1853169146479456,0.008662963293562542
3354,train,train,2420,False,0.6113261340775433,0.1128379288643408,0.38453984629725535,0.18457893843293133,0.012456031779405442
3355,test,train,2421,False,0.6094902542436895,0.11185633767222197,0.38705911708840945,0.183524407311522,0.01835901131498055
3356,train,test,2422,False,0.612263936828747,0.11077270808891738,0.38326852712854087,0.1809231304111596,0.020755720124486707
3357,train,train,2423,False,0.6062626986490028,0.11606726598159718,0.38597839127633043,0.19144715028689996,0.01492145310077419
3358,train,test,2424,False,0.6261503672239157,0.11812960633347816,0.3884408010762209,0.18866012465538362,0.011269666396510288
3359,train,train,2425,False,0.6250698227017234,0.11615368437640922,0.3838200843215349,0.18582513530146297,0.007075184116079775
3360,train,train,2425,False,0.6250698227017234,0.11615368437640922,0.3838200843215349,0.18582513530146297,0.007075184116079775
3361,train,test,2426,False,0.6133981182872417,0.11325554643163972,0.37844029346270674,0.18463627953062042,0.00922351299504152
3362,test,train,2427,False,0.6140982099019737,0.11178797585583919,0.3779775744960105,0.1820359904219286,0.016398667396158806
3363,train,train,2428,False,0.6133409157665058,0.1107802778163659,0.37629027145314936,0.18061778526208597,0.018993393438546852
3364,train,train,2429,False,0.6074610380356263,0.11666282066401856,0.38439913627327266,0.19204988198300962,0.010643847539123771
3365,train,train,2430,False,0.6098442492264233,0.11721535517559649,0.3848820665252528,0.19220539559778108,0.011485784436827606
3366,train,test,2431,False,0.6278712965509936,0.11745852010234885,0.3947712383681924,0.18707419935832226,0.0044078102510322625
3367,train,train,2432,False,0.6195929146404634,0.1161809577568422,0.38687217671821034,0.18751175975641932,0.003714976380860662
3368,train,train,2433,False,0.610720215799712,0.11331872176107251,0.3797116126314214,0.18554932165244684,0.006257548288675314
3369,train,train,2434,False,0.6027316400809163,0.11016012131994254,0.3710768741439799,0.18276810771897362,0.014490422772303327
3370,train,train,2435,False,0.6009437457345945,0.10880803003632565,0.36804532856784544,0.18106192269846916,0.017905699338191444
3371,train,train,2436,False,0.5981262648099273,0.11424368911544622,0.3801485984650659,0.19100262910499444,0.012828179014689522
3372,train,train,2436,False,0.5981262648099273,0.11424368911544622,0.3801485984650659,0.19100262910499444,0.012828179014689522
3373,train,test,2437,False,0.609982642923917,0.1172622586597544,0.392344415641723,0.19223868091994298,0.014410584397930712
3374,train,test,2437,False,0.609982642923917,0.1172622586597544,0.392344415641723,0.19223868091994298,0.014410584397930712
3375,test,train,2438,False,0.6143792696332584,0.11459405466769138,0.3800574938667431,0.18652005419404213,0.006466002473842172
3376,train,train,2439,False,0.6028668952867351,0.11119031430093786,0.36996912779918967,0.18443592635494374,0.011283954133608396
3377,train,train,2440,False,0.6026326874627782,0.10952709385364966,0.3683879258815527,0.1817476816844832,0.01511808935045938
3378,train,train,2441,False,0.6014894549383599,0.10780163037958564,0.3659312842694607,0.1792244726728136,0.020722308287603877
3379,train,train,2442,False,0.5920391448759893,0.11122036790155874,0.3681554762555469,0.1878598212029635,0.009011499723882082
3380,train,train,2442,False,0.5920391448759893,0.11122036790155874,0.3681554762555469,0.1878598212029635,0.009011499723882082
3381,train,train,2443,False,0.5955726065738615,0.11214659394773915,0.37114587845772873,0.1883004569214199,0.009599731952356026
3382,test,train,2443,False,0.5955726065738615,0.11214659394773915,0.37114587845772873,0.1883004569214199,0.009599731952356026
3383,train,train,2444,False,0.6172139781519546,0.11420272204682837,0.375528406343681,0.18502938379453276,0.006969772998896848
3384,train,train,2445,False,0.6042808908102709,0.11137977864899375,0.36766884170624403,0.18431788981386837,0.01061100224908168
3385,train,train,2446,False,0.601174128801971,0.10996867622249863,0.3634442440719847,0.1829231681038003,0.010502726331916703
3386,train,train,2447,False,0.6027550422785329,0.10912494604664187,0.3724809459058079,0.18104360543236278,0.01726202141395189
3387,train,train,2448,False,0.5966101505857024,0.11326958656775715,0.3723473094666549,0.18985527895654886,0.014531703958865105
3388,train,train,2449,False,0.6142114263065761,0.11571318130848582,0.37914456545334246,0.1883930782667156,0.012442892105525146
3389,train,train,574,False,0.6068379857369152,0.11498770643500472,0.3796474377718924,0.18948666553127705,0.010805549933612582
3390,train,train,1806,False,0.6112349614918027,0.11328264518289993,0.372434210813258,0.1853340406223134,0.007783094093293145
3391,train,train,2450,False,0.6048634366069413,0.11187803931756506,0.36912267632725154,0.1849641299946302,0.008568056706824263
3392,train,train,2451,False,0.6010428116415321,0.10880410963760064,0.36344799118947924,0.18102555679925925,0.016282583314394274
3393,test,train,2452,False,0.5935248395146578,0.1133534698226022,0.37374504212566934,0.19098353139742988,0.014294749255980791
3394,train,train,2453,False,0.5957373587924722,0.11362978079063259,0.37388644980099717,0.19073804775472547,0.013869498149028932
3395,train,train,2454,False,0.613635884261466,0.1154472158767551,0.379479813665709,0.18813635062379086,0.009097886024835066
3396,test,train,2455,False,0.6153112907707596,0.11512917006921489,0.3812820779429078,0.1871071956521393,0.007537461167659556
3397,train,train,2456,False,0.614432215428575,0.11499486489098655,0.38130544548918277,0.18715630789439652,0.006745552459318129
3398,test,train,2457,False,0.6127300052308239,0.11445933295369938,0.38213741323747585,0.186802232592773,0.007947505224811156
3399,test,train,2458,False,0.608499475201687,0.11358654319743104,0.38220751587630053,0.18666662474899062,0.00734624131905291
3400,train,train,2459,False,0.6061646654093104,0.11324059863502321,0.3807436148859183,0.18681491201496864,0.008502323523085633
3401,train,test,2460,False,0.6024697425714394,0.11175846650113094,0.3747557630776092,0.18550054650732756,0.011770486265573565
3402,train,test,2460,False,0.6024697425714394,0.11175846650113094,0.3747557630776092,0.18550054650732756,0.011770486265573565
3403,test,train,2461,False,0.5995523656125906,0.10982172642974164,0.36973122124783936,0.1831728681739612,0.014913450262151531
3404,test,train,2462,False,0.5972437170172311,0.10916029505038442,0.36795510075390697,0.18277345067028145,0.015450497942440803
3405,train,test,2463,False,0.59826953137502,0.10943463256362657,0.3689043902046815,0.18291861247239152,0.015118178045323501
3406,train,train,2464,False,0.6190011745125243,0.1189462324282404,0.37323007689190274,0.19215833075262403,0.026995810452224576
3407,train,train,2465,False,0.5991544135620213,0.11461649580057552,0.37651169569038256,0.1912970900425672,0.013786922214027424
3408,train,train,2466,False,0.6080272868254829,0.11612641970975286,0.3828283635853759,0.1909888293271346,0.013122406660515347
3409,train,train,2467,False,0.6151438442767966,0.11804986820363804,0.3917817271223134,0.1919061196855919,0.014269198350609791
3410,train,train,2468,False,0.6179924966125364,0.11529999347962772,0.3799406561353686,0.18657183398121013,0.007549665222421408
3411,train,train,2469,False,0.6117172319167418,0.1138367302787353,0.3785103961015315,0.18609371183159532,0.007307121589914765
3412,train,test,2470,False,0.6016121618769171,0.1113794409861791,0.37131804384171824,0.18513495578064137,0.009047014345205972
3413,train,test,2471,False,0.5965502384536249,0.11050800004664392,0.3657307450169236,0.18524508569991072,0.010774154531194641
3414,test,train,2472,False,0.5975348643359955,0.11106574003929112,0.3681219574994458,0.185873237978694,0.01027870204074539
3415,train,train,2473,False,0.6138596528961506,0.12245409457107478,0.41074516060404936,0.1994822334280225,0.02581636419990704
3416,train,train,2474,False,0.6136385441365979,0.12220333412691178,0.40969904813605945,0.19914546648769332,0.025442110047996076
3417,train,train,2475,False,0.6155405800715996,0.12313979554789495,0.41330727336683765,0.20005146619833145,0.02684582176663917
3418,test,train,2476,False,0.6144405257494078,0.12276335751107595,0.41145848597272205,0.19979697361489387,0.02619245426277559
3419,train,train,2477,False,0.6167384963847815,0.12299505962766806,0.4139081091385135,0.1994282185215365,0.024859026292043805
3420,train,test,2478,False,0.6142993477758448,0.1225035571938315,0.41024597995507356,0.19941996949430674,0.02588597039481931
3421,train,train,2479,False,0.615368630837691,0.12294715581694311,0.41234435767367705,0.1997943178377117,0.02658001961383251
3422,train,train,2480,False,0.6131407739887511,0.12207842039865784,0.40843879094837265,0.19910341242596521,0.025371015356408892
3423,test,train,2481,False,0.6119536948023621,0.12168160436137836,0.4075945176348323,0.19884119565725789,0.025182219559469792
3424,test,train,2482,False,0.6131964754141177,0.12205111467803928,0.40843879094837265,0.19904079617485237,0.02544269646246288
3425,train,test,2483,False,0.61344062664116,0.12212902733807583,0.40927691147928924,0.19908858662782503,0.025463824797847066
3426,train,test,2484,False,0.6121404229223294,0.12182095261028988,0.4079334575167732,0.19900818186245964,0.02542705667091733
3427,train,train,2485,False,0.6127396035332238,0.12222102073726386,0.40985928890309437,0.19946649446600823,0.025817580959505305
3428,train,test,2486,False,0.6163291194176646,0.12359991044607582,0.4150667112035003,0.200542058702108,0.02825581411324001
3429,train,test,2487,False,0.6144710087055314,0.1227851009640328,0.41158328113496606,0.19982244764109652,0.026931254945895614
3430,train,train,2488,False,0.6126915808688689,0.1222590865644038,0.4093955538589097,0.19954425747294585,0.026279338172541074
3431,test,train,2489,False,0.610254401409658,0.12186626418898915,0.406875039483536,0.19969747683504452,0.026196587302524787
3432,train,train,2490,False,0.608510320271499,0.12112081073628787,0.4057750230628842,0.19904479299915145,0.02565199909844316
3433,test,train,2491,False,0.614712342084643,0.12317545453944097,0.41300377908968783,0.2003790165034303,0.02765503565309645
3434,train,train,2492,False,0.6113227661211561,0.12124389979293909,0.4072617305355152,0.19833041809031884,0.02333672547201969
3435,test,train,2493,False,0.6150428097625454,0.12184993514097431,0.41056177979747044,0.19811618509615272,0.022233453118543665
3436,train,train,2494,False,0.6105565641764064,0.11949301826114321,0.3996600601129301,0.19571162652608617,0.018209828518253507
3437,train,train,2495,False,0.610219508347145,0.11889465578166351,0.39839980292524324,0.19483915895069365,0.016174664697478504
3438,test,train,2496,False,0.6049457365512173,0.11820251632936382,0.39225014385817125,0.19539358522176523,0.01804889280620966
3439,train,train,2497,False,0.610040883905736,0.11900884431719466,0.3973792916098466,0.1950833910593835,0.015434324580397502
3440,train,train,2498,False,0.6051220058619667,0.11798148770965698,0.39271141778930657,0.19497140505012392,0.016765577489659504
3441,test,train,2499,False,0.6018304933224411,0.1171404890288851,0.38892449344362257,0.19464033532465935,0.01585386098051335
3442,train,test,2500,False,0.6006656499429387,0.11653987420542788,0.3856154555421577,0.19401787702775877,0.015517807015767989
3443,train,train,2501,False,0.5995700562696281,0.11603115900119253,0.3851896272158131,0.19352393900907724,0.014155924649218188
3444,train,train,2502,False,0.61592221474287,0.11956823025643021,0.3980022773989675,0.19412878346390955,0.01323963610001098
3445,train,train,2503,False,0.6010015790241517,0.11641299023945056,0.3859507037545242,0.19369831012502617,0.013511880926881376
3446,train,train,2504,False,0.5981291418204632,0.11506123303800461,0.3823400174106966,0.19236854550809004,0.011756894103582634
3447,train,train,2505,False,0.5985877787363958,0.11471094149121842,0.3796219708287098,0.19163595643962264,0.010217468922607983
3448,train,train,2506,False,0.5976633023054286,0.11454058217967338,0.37965434004218906,0.1916473401292067,0.010436215973940935
3449,train,train,2507,False,0.5970116075588088,0.11441106102144197,0.37806068047692276,0.19163959221709417,0.009598229452089138
3450,train,train,2508,False,0.6153129078905532,0.11763101597228051,0.39164179053793624,0.19117267728959095,0.009109879731333257
3451,train,train,2508,False,0.6153129078905532,0.11763101597228051,0.39164179053793624,0.19117267728959095,0.009109879731333257
3452,train,train,2509,False,0.5980191932461599,0.11399284752697503,0.38074697312369254,0.19061737284417335,0.009134048296032125
3453,train,train,2509,False,0.5980191932461599,0.11399284752697503,0.38074697312369254,0.19061737284417335,0.009134048296032125
3454,test,train,2510,False,0.602146322009018,0.11517419103501343,0.3837019297210836,0.19127276348835448,0.009533300475809118
3455,test,train,2510,False,0.602146322009018,0.11517419103501343,0.3837019297210836,0.19127276348835448,0.009533300475809118
3456,train,train,2511,False,0.5981221562675286,0.11421689891463864,0.3812908285513948,0.19095915059791163,0.009383994617376169
3457,train,test,2512,False,0.5993175096681068,0.11422035908488096,0.37962320138523453,0.19058405142899046,0.008912285269140913
3458,train,train,2513,False,0.6008691264419932,0.1134210614195603,0.37511950053572934,0.1887616727642101,0.007990247125826784
3459,test,train,2514,False,0.609735291816483,0.11491737231031665,0.3808146537325521,0.18847092148457148,0.007644715325354081
3460,test,train,2514,False,0.609735291816483,0.11491737231031665,0.3808146537325521,0.18847092148457148,0.007644715325354081
3461,train,train,2514,False,0.609735291816483,0.11491737231031665,0.3808146537325521,0.18847092148457148,0.007644715325354081
3462,train,train,2515,False,0.6111258165868643,0.11507659624628966,0.3784802218112328,0.18830262627259323,0.008311642097175945
3463,train,train,2516,False,0.6108614547169035,0.11489313540978885,0.3791476418446542,0.18808378646682614,0.00788106023264625
3464,train,test,2517,False,0.6111256605902146,0.1137087264024944,0.371796792303082,0.18606439515676118,0.009701145796968725
3465,train,train,2518,False,0.6381619992301092,0.11913392700253171,0.39208839475311397,0.18668289109388705,0.009724967097899282
3466,train,train,2519,False,0.6410495551349068,0.11930396138231635,0.3936354925183255,0.18610723683789035,0.010260705445707534
3467,train,train,2520,False,0.62485798717545,0.11623852525981822,0.38622251738131463,0.1860239088648799,0.01040274559844262
3468,train,train,2521,False,0.6267523155720492,0.11644916453927394,0.38781635023907596,0.18579774122252501,0.011857758008799395
3469,train,train,2522,False,0.6203170927861565,0.11514199115900346,0.3806557861522872,0.18561795652259522,0.012107992326866428
3470,train,train,2523,False,0.6206376654630805,0.114708825569494,0.3798238184039941,0.18482414450934997,0.01289630635819361
3471,train,train,2523,False,0.6206376654630805,0.114708825569494,0.3798238184039941,0.18482414450934997,0.01289630635819361
3472,train,train,2523,False,0.6206376654630805,0.114708825569494,0.3798238184039941,0.18482414450934997,0.01289630635819361
3473,test,train,2523,False,0.6206376654630805,0.114708825569494,0.3798238184039941,0.18482414450934997,0.01289630635819361
3474,train,train,2524,False,0.6256176863332352,0.11679465679533188,0.3834274679936634,0.18668694850983036,0.010928226196361855
3475,train,test,2525,False,0.6022525392708383,0.11802937136545656,0.3963683842122219,0.19597986503860584,0.017055156612815495
3476,train,test,2525,False,0.6022525392708383,0.11802937136545656,0.3963683842122219,0.19597986503860584,0.017055156612815495
3477,test,train,2526,False,0.5982150725651361,0.1173778045037586,0.3901025438785789,0.1962133852636721,0.01892147203779029
3478,train,train,2527,False,0.6016801027018098,0.11813846899950686,0.39292470669631513,0.19634764132802943,0.019213830423572657
3479,train,test,2528,False,0.6028251066130463,0.11836006519577952,0.3933077060787202,0.19634229546407211,0.019315393897605396
3480,test,train,2529,False,0.6023118899710012,0.11770475132410181,0.3903779758900859,0.19542159682381302,0.017930442459162886
3481,train,train,2529,False,0.6023118899710012,0.11770475132410181,0.3903779758900859,0.19542159682381302,0.017930442459162886
3482,train,train,2530,False,0.6033352816539024,0.1172672192454289,0.3888718200474854,0.19436492910536954,0.015108280781811078
3483,train,train,2531,False,0.6058316051857603,0.11738568683392514,0.3867607620197982,0.19375959561887218,0.013625175634018103
3484,train,train,2531,False,0.6058316051857603,0.11738568683392514,0.3867607620197982,0.19375959561887218,0.013625175634018103
3485,train,train,2532,False,0.6079957382629136,0.11741244984688706,0.3857177259431201,0.19311393560478343,0.012203224846586827
3486,train,train,2533,False,0.6046453773893732,0.11629200954388992,0.3815619536150653,0.19233093296105927,0.01128641496917851
3487,test,train,2533,False,0.6046453773893732,0.11629200954388992,0.3815619536150653,0.19233093296105927,0.01128641496917851
3488,train,train,2533,False,0.6046453773893732,0.11629200954388992,0.3815619536150653,0.19233093296105927,0.01128641496917851
3489,train,train,2534,False,0.6222037695398321,0.1201664720238779,0.3959346635934821,0.19313041467548533,0.011861932535419398
3490,train,train,2534,False,0.6222037695398321,0.1201664720238779,0.3959346635934821,0.19313041467548533,0.011861932535419398
3491,train,train,2535,False,0.6178044745679214,0.11859734323536594,0.39130346593425797,0.19196582109300886,0.00932524077956165
3492,train,test,2536,False,0.6084107010771972,0.117270252742401,0.3860175285506958,0.1927485044802349,0.011638081333642981
3493,test,train,2537,False,0.6068336967940802,0.11666685139264901,0.3825334832038991,0.1922550642935673,0.010156148561971154
3494,test,test,2538,False,0.6217101302947838,0.11944984233191237,0.3946744064057952,0.19213108571236442,0.009534642833838166
3495,train,train,2539,False,0.620168601490524,0.1187510371226141,0.3925698759045682,0.191481859670428,0.007803077144106673
3496,train,train,2540,False,0.6200883909179135,0.11812403958188078,0.3896518360029189,0.19049548630804458,0.007129941215704425
3497,test,train,2540,False,0.6200883909179135,0.11812403958188078,0.3896518360029189,0.19049548630804458,0.007129941215704425
3498,train,train,2540,False,0.6200883909179135,0.11812403958188078,0.3896518360029189,0.19049548630804458,0.007129941215704425
3499,test,train,2540,False,0.6200883909179135,0.11812403958188078,0.3896518360029189,0.19049548630804458,0.007129941215704425
3500,test,test,2541,False,0.6177365469520362,0.11803986564141532,0.38887599278591134,0.1910844780413817,0.007002351728998759
3501,train,test,2542,False,0.6176049047241067,0.11774714281146106,0.3871220924536098,0.19065124306948383,0.006668077788090518
3502,train,train,2543,False,0.6077332173882851,0.11569871668382624,0.3803654448322383,0.19037747711247038,0.007292002926019016
3503,test,train,2544,False,0.6079849617342009,0.11501546189680681,0.37693530343810333,0.18917484664215972,0.006343839424986559
3504,train,train,2545,False,0.6100050052488036,0.1144446553112516,0.37460640902114506,0.18761264961190424,0.005759845901032576
3505,train,train,2546,False,0.6206472957999846,0.11613852452668462,0.3819738404135513,0.18712483775021954,0.005987510991149311
3506,train,train,2547,False,0.6226095555728145,0.11552504603046518,0.38229635410259843,0.18554974782579364,0.00788888329211673
3507,train,train,2548,False,0.6233014815414616,0.11558979483982063,0.3847221547086529,0.18544764975363157,0.009531016018845687
3508,test,train,2549,False,0.5869229387476547,0.11718925727798418,0.38524773179129634,0.1996671957106268,0.024414101368200745
3509,train,train,2550,False,0.5935360515028636,0.11791561569074027,0.3858707175804174,0.19866630745035943,0.022951059153248996
3510,train,train,2551,False,0.6009925369592078,0.11990088077698521,0.3935681308775047,0.19950477485733478,0.025327354164014323
3511,train,train,2552,False,0.6045866886031298,0.11864117138479598,0.38803246896004395,0.196235169614652,0.016404164945921618
3512,train,train,2553,False,0.6087296071905444,0.11926600921581833,0.39153005042861255,0.19592608574809425,0.01600570527166023
3513,train,test,2554,False,0.6081686844409713,0.11888671947204629,0.3909023829478186,0.195483132416341,0.015356413810040905
3514,train,test,2554,False,0.6081686844409713,0.11888671947204629,0.3909023829478186,0.195483132416341,0.015356413810040905
3515,test,train,2555,False,0.6071857980016131,0.11806869121384486,0.3859605482067219,0.19445232678767496,0.012954465129947577
3516,test,train,2556,False,0.611496364317375,0.1190813901111486,0.3899194036064259,0.1947376911129822,0.013539863420307663
3517,train,train,2557,False,0.6111929035120309,0.117694984068211,0.3866581168749993,0.19256601866925022,0.010180234025010806
3518,train,train,2558,False,0.6128969484855912,0.11773629959328122,0.3872558762553634,0.19209803521488591,0.008275616288339501
3519,train,train,2559,False,0.6122108470302992,0.11664108946393151,0.3818980576401201,0.19052437575997208,0.006454144831987557
3520,train,train,2560,False,0.6106548260252581,0.11536321967132311,0.3809699722734884,0.18891723237859323,0.0057320188370149705
3521,train,train,2561,False,0.6105116356023776,0.11529679322405081,0.3813052204858549,0.1888527367873835,0.005528906411966099
3522,train,train,2562,False,0.6119918549430906,0.11529003669784084,0.3782195564780223,0.18838492010414373,0.0051798736786805915
3523,test,train,2563,False,0.6135612510462007,0.11584554622712892,0.38132060244241406,0.1888084458228048,0.005172569030250627
3524,train,train,2564,False,0.6183501689543199,0.11586290862482325,0.3824131918339729,0.1873742653305275,0.004928048182804433
3525,test,train,2565,False,0.62053376993885,0.11589441505735416,0.38275907306929463,0.18676568572371957,0.005911891422480782
3526,test,train,2565,False,0.62053376993885,0.11589441505735416,0.38275907306929463,0.18676568572371957,0.005911891422480782
3527,train,test,2566,False,0.6225136186856967,0.11647177243740092,0.3871946904072572,0.18709915565109397,0.0062075673028531494
3528,train,train,2567,False,0.6233934968024781,0.11655990592352723,0.3875873067351287,0.18697645471341703,0.006132758137276345
3529,train,train,2568,False,0.6212905436463938,0.11607887399810503,0.3884426420296967,0.18683508896953543,0.00753880978386261
3530,train,train,2569,False,0.6242061263309591,0.11679296518464323,0.3907983399969264,0.18710640645445809,0.007968848291594584
3531,train,test,2570,False,0.6239298682266111,0.11639109877503072,0.3891811395928901,0.1865451626892744,0.008311798706748018
3532,test,train,2571,False,0.6262994679677197,0.11659131750761285,0.3927847891825595,0.1861590556446427,0.01060439419060762
3533,train,train,2572,False,0.6279625085985684,0.11705871303616458,0.3956032061164855,0.18641035321902566,0.011820896426039838
3534,train,test,2573,False,0.5945420282824939,0.11449254493308678,0.37677458160221666,0.19257266851904736,0.01770199406976296
3535,train,test,2573,False,0.5945420282824939,0.11449254493308678,0.37677458160221666,0.19257266851904736,0.01770199406976296
3536,train,train,2574,False,0.5972358108664364,0.1153196928309449,0.3788356678812421,0.19308904578853958,0.018617427699923673
3537,train,train,2575,False,0.610854786784297,0.11804144047546564,0.3886609922535262,0.19323977323132285,0.018260224183896702
3538,train,train,2576,False,0.6139765098736473,0.11825252837465246,0.38616631956517167,0.19260106286311854,0.01651968283516052
3539,train,train,2577,False,0.6148349968118882,0.11831598225368228,0.38634317284529046,0.19243534097308654,0.014800437228432509
3540,train,train,2578,False,0.616153259295432,0.11795476824719463,0.3846700081747688,0.19143738423468748,0.01183271802497221
3541,train,train,2579,False,0.6157196111304098,0.11699371233818562,0.38074314724470787,0.19001134643639972,0.010918195071538893
3542,train,test,2580,False,0.6172061422057139,0.11759754064137548,0.3835927570498244,0.19053203233058622,0.010517056027798115
3543,train,train,2581,False,0.6172923975409474,0.11732389011696417,0.38208721648548627,0.1900621011765848,0.010039579568834866
3544,train,test,2582,False,0.6150940749367633,0.11639501187573806,0.3784636610089818,0.189231235706025,0.008262065190857953
3545,train,test,2583,False,0.6164463427058307,0.11667772048329411,0.3803333161531847,0.18927473877312456,0.008768783691629199
3546,train,train,2584,False,0.6149938199453197,0.11655635359670255,0.3795636257188007,0.1895244306797519,0.008069612084105782
3547,train,train,2585,False,0.6145135764724107,0.11653881438027347,0.37998268598425905,0.18964400273995513,0.007514230538672487
3548,train,train,2586,False,0.614105789349092,0.11615080660497888,0.37931526595083764,0.18913810717871654,0.007853371490419868
3549,train,train,2586,False,0.614105789349092,0.11615080660497888,0.37931526595083764,0.18913810717871654,0.007853371490419868
3550,train,train,2587,False,0.6081938221944194,0.11495137927438703,0.37614308824243803,0.18900451645436295,0.006620953508471489
3551,train,train,2587,False,0.6081938221944194,0.11495137927438703,0.37614308824243803,0.18900451645436295,0.006620953508471489
3552,test,train,2587,False,0.6081938221944194,0.11495137927438703,0.37614308824243803,0.18900451645436295,0.006620953508471489
3553,train,train,2588,False,0.6062762359127755,0.1143937546792099,0.37722464631521896,0.1886825639916186,0.006277927688956627
3554,train,train,2589,False,0.6095536913533928,0.11422760123969909,0.37344226945179737,0.18739547124401695,0.004508301341889554
3555,train,train,2590,False,0.6106504297083106,0.11444673686653599,0.3771330761791423,0.18741776194475743,0.005065788875225112
3556,train,train,2591,False,0.6152568908954531,0.11535072286293332,0.37922552611845006,0.1874838373529638,0.004464370077469027
3557,test,train,2592,False,0.6156149909531198,0.11505054126473054,0.3791787910259003,0.18688716641972067,0.004790624005913103
3558,train,train,2593,False,0.6208682645824397,0.1154675803168873,0.3863627226589641,0.18597758478530732,0.007552290833685434
3559,train,train,2594,False,0.6239501412708668,0.11525668630039118,0.38751720409630397,0.18472098758666103,0.011474907908362053
3560,train,train,2595,False,0.6062671192826804,0.11906860851780303,0.3971069359896514,0.19639628264630601,0.02381331466527999
3561,train,train,2596,False,0.6188021279691602,0.12138543033023735,0.40345313724123777,0.19616194716170554,0.021634372463275018
3562,train,test,2597,False,0.6262295465821296,0.12214660385101368,0.403496206719603,0.19505084759681526,0.0186404814867936
3563,test,train,2598,False,0.6241425322848742,0.11983174269993302,0.3946928647536662,0.19199419443704702,0.011168902722814424
3564,test,train,2598,False,0.6241425322848742,0.11983174269993302,0.3946928647536662,0.19199419443704702,0.011168902722814424
3565,test,train,2599,False,0.6250648281560517,0.11959074667919986,0.3934510659138501,0.19132534945534196,0.010144311380902892
3566,train,train,2600,False,0.6272713167138793,0.11820602996690151,0.3896949054812841,0.18844481935847782,0.006117644079518467
3567,train,train,2601,False,0.6263939301425671,0.11769312143179297,0.3880186644194507,0.187889945557113,0.0054914246591485395
3568,train,train,2602,False,0.6259069286172982,0.11675415507192818,0.3817450660028229,0.18653596842241674,0.00583845004717578
3569,train,train,2603,False,0.6308008493659185,0.11752692167570364,0.38495119821260004,0.186313829148838,0.0053760535759000165
3570,train,train,2604,False,0.6152597525768518,0.1148357949131801,0.37523923926246383,0.18664603759992576,0.005030705763072688
3571,train,train,2605,False,0.6121467879193991,0.11412416392517649,0.37518252510835925,0.18643267624268434,0.0054304404378388215
3572,train,test,2606,False,0.617071399199608,0.11500724674337771,0.3779074718571857,0.18637591515755147,0.005534612275996887
3573,test,train,2607,False,0.620152270823792,0.1153250553254596,0.38229635410259843,0.18596248171802257,0.006876700968441781
3574,test,train,2608,False,0.6228898810202413,0.11526356651778616,0.38100166738760893,0.18504645849920393,0.007940592167883254
3575,train,test,2609,False,0.6232215495482787,0.1150840511159972,0.38058568351346234,0.18465993545860543,0.009102096338119913
3576,train,test,2609,False,0.6232215495482787,0.1150840511159972,0.38058568351346234,0.18465993545860543,0.009102096338119913
3577,train,train,2610,False,0.6242085693204589,0.1151654760449931,0.3834274679936634,0.18449838996982584,0.010386324723971302
3578,train,train,2611,False,0.5937023108955126,0.11418239100308702,0.37088213673320664,0.19232263191103244,0.017478908376809477
3579,train,train,2612,False,0.5967298053734374,0.11540390737226564,0.37525328433748284,0.193393905136086,0.018799790087819353
3580,test,train,2613,False,0.6087912996038886,0.11758680245584482,0.38402019067653,0.19314796800209358,0.017105236736865186
3581,train,train,2614,False,0.6150811674379364,0.11760847638334426,0.38451776602514465,0.19120805937406843,0.012186759723021365
3582,train,test,2615,False,0.6131579888907038,0.11590146816614742,0.3776482540629396,0.1890238246358509,0.007886139147987426
3583,train,train,2616,False,0.6116816340868935,0.11520467062917428,0.37570827127658407,0.18834090188296987,0.005819819264335076
3584,train,train,2617,False,0.6071596925717456,0.1142065980571663,0.37476357339686844,0.18809976922779828,0.005585700603712554
3585,train,train,2617,False,0.6071596925717456,0.1142065980571663,0.37476357339686844,0.18809976922779828,0.005585700603712554
3586,train,train,2618,False,0.6103640973023516,0.1152490406149265,0.37972509704236046,0.18882015034025898,0.005823458574997139
3587,test,train,2619,False,0.6079221024058314,0.11459362466410741,0.3769439173337764,0.18850050723704068,0.005680268464799186
3588,test,train,2620,False,0.6093459040715637,0.11419818887907393,0.37460640902114506,0.18741110445810447,0.004571758873242733
3589,train,test,2621,False,0.6149260376346061,0.11506242273684165,0.377483706348068,0.18711587360887239,0.004563120956943018
3590,test,train,2622,False,0.6191554315160351,0.11543172886675285,0.3815578565394048,0.18643416982406516,0.006267168340236297
3591,train,train,2623,False,0.6210140261848573,0.11508670734238557,0.38188037022845184,0.1853206248003933,0.007447391487768818
3592,test,test,2624,False,0.5926930604092815,0.11495627071570465,0.3731768161018987,0.1939558236708932,0.017270800963088532
3593,train,train,2625,False,0.5957985062634003,0.11600157714155038,0.3772555444377475,0.1946993420125604,0.018824003410523312
3594,train,train,2626,False,0.6142786721742854,0.11705696850229824,0.38250320035963287,0.19056004026310455,0.008487229278448
3595,test,train,2627,False,0.618883204410925,0.11866408195142356,0.38905284606602997,0.19173905691037815,0.009438373117256416
3596,train,train,2627,False,0.618883204410925,0.11866408195142356,0.38905284606602997,0.19173905691037815,0.009438373117256416
3597,train,test,2470,False,0.6016121618769171,0.1113794409861791,0.37131804384171824,0.18513495578064137,0.009047014345205972
3598,train,test,2628,False,0.6119562657612372,0.11726293111521845,0.3834035982044585,0.19161978996873305,0.008124195491844531
3599,train,test,2628,False,0.6119562657612372,0.11726293111521845,0.3834035982044585,0.19161978996873305,0.008124195491844531
3600,train,test,2629,False,0.6127518036336531,0.11724700930449485,0.3842478715179987,0.1913450251948887,0.007558004028474847
3601,test,train,2630,False,0.6120819769527817,0.11767833074169413,0.3869579194825748,0.19225910118698414,0.00871157899560963
3602,train,test,2631,False,0.6111329452956402,0.1173515566950957,0.384609336161221,0.19202295932242042,0.008710209460571636
3603,train,train,2632,False,0.6130999058579015,0.11730543830269176,0.3850798392662918,0.19133168539399467,0.007873268036890622
3604,train,train,2632,False,0.6130999058579015,0.11730543830269176,0.3850798392662918,0.19133168539399467,0.007873268036890622
3605,train,train,2632,False,0.6130999058579015,0.11730543830269176,0.3850798392662918,0.19133168539399467,0.007873268036890622
3606,train,train,2633,False,0.6183750508008032,0.11715930455856621,0.3859548764929502,0.18946318161905704,0.004897642798290679
3607,train,test,2634,False,0.6207147762890353,0.11729643552559012,0.38560085754949575,0.18896994240551337,0.005054958117213718
3608,train,test,2634,False,0.6207147762890353,0.11729643552559012,0.38560085754949575,0.18896994240551337,0.005054958117213718
3609,train,train,2635,False,0.625820399398269,0.11757181937189003,0.39077497245065146,0.1878683077204518,0.006717986443384128
3610,train,test,2636,False,0.6272119747518297,0.11738576901216548,0.3915368375601198,0.18715485950122646,0.00932556568002636
3611,test,train,2637,False,0.5946855076445272,0.1155751830637471,0.3790227403573951,0.1943467287802683,0.02093604974782463
3612,train,train,2638,False,0.597679804321182,0.11654545704594993,0.3790350459226423,0.19499647838748216,0.02229513484016645
3613,train,test,2639,False,0.6127813612157816,0.11926058709028091,0.39046756598196475,0.19462176012283297,0.019271196295551324
3614,test,train,2640,False,0.609258409518585,0.11755341240217661,0.3824148408242786,0.1929450797323639,0.015191845237416582
3615,train,test,2641,False,0.6127804308143961,0.11649470733670098,0.37906075340025075,0.19010840013588134,0.009752580632308477
3616,train,train,2642,False,0.6129878210621919,0.11657995246317847,0.38349356304017385,0.19018314631629626,0.007461301959206945
3617,train,train,2642,False,0.6129878210621919,0.11657995246317847,0.38349356304017385,0.19018314631629626,0.007461301959206945
3618,train,train,2643,False,0.6121311924561877,0.11611266660262065,0.3811437491622951,0.18968591706087778,0.005845728927716849
3619,train,train,2644,False,0.614234674639226,0.11586571969737984,0.38232327068820215,0.18863428666809504,0.005667235355396818
3620,train,test,2645,False,0.6192240874503959,0.1159019601423996,0.3853017114067236,0.1871728869909056,0.0069763611867076115
3621,train,train,2646,False,0.6231268746802652,0.11637177334141913,0.38890536099639306,0.18675454080058906,0.011165093845307362
3622,train,train,2647,False,0.596654460121788,0.11618208189050017,0.3794993962450895,0.19472255661473692,0.01714901901919073
3623,train,train,2647,False,0.596654460121788,0.11618208189050017,0.3794993962450895,0.19472255661473692,0.01714901901919073
3624,train,test,2648,False,0.6135962210419148,0.11847379094314056,0.38583722413542854,0.19308103094567072,0.01331965815557661
3625,train,train,2649,False,0.6149888194426516,0.11761025602700828,0.38308988473127453,0.19123966535455947,0.008469829501212767
3626,train,test,2650,False,0.6159846522768646,0.11571591527846078,0.3829226458932191,0.18785519225315103,0.00841277216013632
3627,train,train,2651,False,0.5976722979586451,0.11646633285238903,0.38270271261044364,0.19486654015951685,0.015850627683036984
3628,train,train,2652,False,0.6076043456832031,0.11817152875621034,0.38748270128414397,0.1944876293195958,0.016038526789191772
3629,test,test,2653,False,0.6182957844638611,0.11974310958586422,0.3923960990157612,0.19366638523938232,0.013536608020831505
3630,train,test,2654,False,0.6205854989372098,0.1190702201793246,0.3881201283406499,0.19186755150295898,0.008105103050965755
3631,train,train,2655,False,0.6158207190278643,0.11776525751544352,0.3841939650619335,0.19123302265852304,0.007315420766343796
3632,train,train,2655,False,0.6158207190278643,0.11776525751544352,0.3841939650619335,0.19123302265852304,0.007315420766343796
3633,train,test,2656,False,0.6162243031842598,0.11748591486172401,0.3829038022772202,0.190654465029423,0.007568034606379649
3634,train,train,2657,False,0.6158685070322283,0.11744956803254322,0.3847415146626134,0.19070559168305892,0.008817283157115557
3635,train,train,2658,False,0.616890570781455,0.11702014092888186,0.38090461856826746,0.18969351530311915,0.00794683371040439
3636,train,test,2659,False,0.6184120635055306,0.11674038698314307,0.3835304797359154,0.1887744335409444,0.0059366780199003304
3637,train,train,2660,False,0.6164115450019844,0.11606464081493617,0.3797527845641668,0.18829082900217667,0.004913428867532043
3638,train,train,2661,False,0.6162729663272243,0.11602514418786536,0.37790891939615007,0.18826907965691805,0.005007083772976499
3639,test,train,2662,False,0.6251029327655487,0.11692723503580318,0.3822729865563235,0.1870527698830329,0.003925263321861013
3640,train,test,2663,False,0.6283192813796824,0.11646633850650971,0.3894569181893872,0.18536171331678605,0.0105767645900088
3641,test,train,2664,False,0.5934428856626252,0.11373720145738657,0.3768469439027493,0.1916565253459735,0.01803481690622326
3642,train,train,2664,False,0.5934428856626252,0.11373720145738657,0.3768469439027493,0.1916565253459735,0.01803481690622326
3643,train,train,2664,False,0.5934428856626252,0.11373720145738657,0.3768469439027493,0.1916565253459735,0.01803481690622326
3644,train,train,2664,False,0.5934428856626252,0.11373720145738657,0.3768469439027493,0.1916565253459735,0.01803481690622326
3645,train,test,2665,False,0.6030591381931344,0.11578915769170163,0.3838470290659854,0.1920029900195613,0.01766658118803774
3646,train,test,2665,False,0.6030591381931344,0.11578915769170163,0.3838470290659854,0.1920029900195613,0.01766658118803774
3647,train,train,2666,False,0.6077393484769539,0.11708964341729645,0.3893542539739669,0.1926642461290897,0.019613657991711088
3648,train,train,2667,False,0.6119999563342275,0.11659825662281478,0.38402719927184176,0.19052004075493387,0.01522063171647259
3649,train,train,2668,False,0.6123760958964889,0.11655476198798048,0.38285075413724656,0.19033199167800624,0.013624459724148798
3650,train,train,2669,False,0.6131716886827421,0.11569799784233088,0.3765679265466833,0.18868776882194502,0.009918260284499643
3651,train,train,2670,False,0.6113223818321277,0.11496004423839674,0.37564524407505573,0.18805142369213199,0.00534502498455636
3652,test,train,2671,False,0.6095732328414071,0.11533779961301038,0.3783309084158684,0.18921073531294288,0.005405303129311956
3653,train,train,2672,False,0.6100998354655511,0.1152937632406535,0.3785571311940814,0.1889752406713499,0.0049940771227259375
3654,train,train,2673,False,0.607924441478723,0.11492654505561763,0.37918624371043635,0.18904741644548598,0.0047694384852785725
3655,test,train,2673,False,0.607924441478723,0.11492654505561763,0.37918624371043635,0.18904741644548598,0.0047694384852785725
3656,train,train,2673,False,0.607924441478723,0.11492654505561763,0.37918624371043635,0.18904741644548598,0.0047694384852785725
3657,test,train,2674,False,0.6203585390413879,0.11538836019618927,0.3843529059270561,0.18600269510998219,0.006641028038699956
3658,train,train,2675,False,0.6214515721585291,0.11548967536243644,0.3847221547086529,0.1858385762245294,0.006452340115424626
3659,test,train,2676,False,0.6199488760626536,0.11497836870021783,0.383544305725038,0.18546427478093827,0.007472807109963029
3660,train,train,2677,False,0.6238166461596584,0.11484561751902946,0.3817869000433522,0.18410155969072378,0.010255873205954419
3661,test,test,2678,False,0.6253895732309123,0.11567840994882664,0.3862458849275894,0.1849701608410327,0.011249509600863076
3662,train,train,2679,False,0.5953260189642856,0.11354472744745908,0.3674867611109688,0.1907269694763178,0.014506738965029554
3663,test,train,2680,False,0.5975804024530778,0.11418316697985453,0.3692259567267414,0.19107582261923364,0.015260282121363532
3664,train,train,2680,False,0.5975804024530778,0.11418316697985453,0.3692259567267414,0.19107582261923364,0.015260282121363532
3665,test,train,2680,False,0.5975804024530778,0.11418316697985453,0.3692259567267414,0.19107582261923364,0.015260282121363532
3666,train,train,2680,False,0.5975804024530778,0.11418316697985453,0.3692259567267414,0.19107582261923364,0.015260282121363532
3667,train,train,2680,False,0.5975804024530778,0.11418316697985453,0.3692259567267414,0.19107582261923364,0.015260282121363532
3668,train,train,2680,False,0.5975804024530778,0.11418316697985453,0.3692259567267414,0.19107582261923364,0.015260282121363532
3669,train,train,2680,False,0.5975804024530778,0.11418316697985453,0.3692259567267414,0.19107582261923364,0.015260282121363532
3670,train,train,2680,False,0.5975804024530778,0.11418316697985453,0.3692259567267414,0.19107582261923364,0.015260282121363532
3671,train,train,2681,False,0.6203026525201699,0.11658625914637995,0.3839602895991846,0.18795060551927753,0.007852598327127225
3672,train,train,2682,False,0.6167140541615225,0.11575413676979776,0.3840303922380092,0.18769498763438397,0.0067649061616689285
3673,train,test,2683,False,0.6106094724369348,0.11395231191431839,0.37767842835323845,0.18662060950272544,0.0034528615317616124
3674,test,test,2683,False,0.6106094724369348,0.11395231191431839,0.37767842835323845,0.18662060950272544,0.0034528615317616124
3675,train,test,2684,False,0.6154710305874145,0.11524686119181958,0.3802402749261578,0.18724985493115134,0.005465666236548161
3676,train,train,2685,False,0.6161461375216447,0.11506475851597991,0.3803363925444966,0.18674913548725733,0.005521309042011745
3677,train,train,2686,False,0.6214695039316882,0.11523694089436168,0.3819037377747267,0.18542654171334608,0.006408903900931918
3678,train,train,2687,False,0.624577291111966,0.11544469367885728,0.3838668194140849,0.18483652115068952,0.007947967572633571
3679,train,train,2688,False,0.5913413399778734,0.11529585380133997,0.383806795444506,0.19497343751690702,0.02180291967031772
3680,train,train,2688,False,0.5913413399778734,0.11529585380133997,0.383806795444506,0.19497343751690702,0.02180291967031772
3681,test,train,2688,False,0.5913413399778734,0.11529585380133997,0.383806795444506,0.19497343751690702,0.02180291967031772
3682,test,train,2688,False,0.5913413399778734,0.11529585380133997,0.383806795444506,0.19497343751690702,0.02180291967031772
3683,train,train,2688,False,0.5913413399778734,0.11529585380133997,0.383806795444506,0.19497343751690702,0.02180291967031772
3684,train,train,2688,False,0.5913413399778734,0.11529585380133997,0.383806795444506,0.19497343751690702,0.02180291967031772
3685,train,train,2688,False,0.5913413399778734,0.11529585380133997,0.383806795444506,0.19497343751690702,0.02180291967031772
3686,test,train,2689,False,0.6131239253531194,0.11698993676121638,0.383254432446146,0.1908096094828428,0.014201218600462752
3687,train,train,1795,False,0.6077217560425424,0.11425957188275844,0.3755533274794844,0.18801296933453854,0.005491580340311775
3688,train,train,1795,False,0.6077217560425424,0.11425957188275844,0.3755533274794844,0.18801296933453854,0.005491580340311775
3689,train,train,1795,False,0.6077217560425424,0.11425957188275844,0.3755533274794844,0.18801296933453854,0.005491580340311775
3690,train,train,1795,False,0.6077217560425424,0.11425957188275844,0.3755533274794844,0.18801296933453854,0.005491580340311775
3691,train,train,1795,False,0.6077217560425424,0.11425957188275844,0.3755533274794844,0.18801296933453854,0.005491580340311775
3692,train,train,2690,False,0.6092178301301882,0.11380283424464786,0.37527690544587855,0.18680154883242422,0.004345617685201364
3693,train,test,2691,False,0.625839766867441,0.11528017411762641,0.38504466839769974,0.18420078144705668,0.009522856624869878
3694,train,train,2692,False,0.5895646784165014,0.11355430854710122,0.370553656581726,0.19260704160923312,0.01987024682968382
3695,train,train,2693,False,0.6186206313301679,0.11962664630814637,0.3884100371631029,0.19337642530758029,0.020712231309896086
3696,train,train,2694,False,0.6313036841220646,0.122060524185121,0.3981007219209452,0.19334676361799943,0.018826647346339605
3697,test,train,2694,False,0.6313036841220646,0.122060524185121,0.3981007219209452,0.19334676361799943,0.018826647346339605
3698,train,train,2694,False,0.6313036841220646,0.122060524185121,0.3981007219209452,0.19334676361799943,0.018826647346339605
3699,train,train,2694,False,0.6313036841220646,0.122060524185121,0.3981007219209452,0.19334676361799943,0.018826647346339605
3700,train,train,2695,False,0.6213407220438206,0.1202793753050176,0.3926067926003098,0.19358038357662125,0.01900015826483009
3701,train,train,2695,False,0.6213407220438206,0.1202793753050176,0.3926067926003098,0.19358038357662125,0.01900015826483009
3702,test,train,2696,False,0.6206743457057415,0.11948125118247631,0.3909243987558529,0.19250231946773863,0.017763282214062523
3703,train,train,2697,False,0.6260084904809645,0.11850817307803273,0.38716208554066334,0.18930761304368648,0.005914506655842407
3704,train,train,2698,False,0.6266622138489568,0.1193411161900925,0.3925944870350625,0.19043930454510705,0.00668114782366112
3705,test,test,2699,False,0.6306257975694903,0.11884507387241192,0.3947712383681924,0.1884557757238215,0.006436706061045704
3706,test,train,2700,False,0.6369993998428345,0.11920661450067585,0.40031460205094493,0.18713771870128518,0.006773892949159565
3707,test,train,2701,False,0.6169993591756898,0.11538288021576452,0.3873348956849065,0.18700648306979747,0.006733757041985608
3708,train,train,2702,False,0.5920781774139293,0.11528812126449221,0.3829289223609619,0.1947177343506326,0.018467270098375094
3709,train,train,2702,False,0.5920781774139293,0.11528812126449221,0.3829289223609619,0.1947177343506326,0.018467270098375094
3710,train,train,2702,False,0.5920781774139293,0.11528812126449221,0.3829289223609619,0.1947177343506326,0.018467270098375094
3711,test,train,2702,False,0.5920781774139293,0.11528812126449221,0.3829289223609619,0.1947177343506326,0.018467270098375094
3712,train,train,2703,False,0.6063875319405505,0.11745414238042674,0.38594048455849,0.1936948505595953,0.017743099973221755
3713,train,train,2703,False,0.6063875319405505,0.11745414238042674,0.38594048455849,0.1936948505595953,0.017743099973221755
3714,train,train,2704,False,0.6142939313608575,0.11744508377315183,0.38552351066224455,0.19118711381858094,0.012597944024115583
3715,train,train,2705,False,0.6140006237351318,0.11670298187007563,0.3809884306213592,0.1900698099623089,0.006444033848021227
3716,test,test,2706,False,0.6106906094437329,0.11580486622510476,0.3804701763462501,0.18962935475721387,0.007143657139355687
3717,train,train,2707,False,0.6108593189737546,0.11576430135947656,0.3785455755164535,0.1895105759440012,0.007012168826104105
3718,test,train,2708,False,0.6111619003231039,0.11438524367821987,0.3742058071035577,0.18716029847041782,0.0047816948513104114
3719,train,test,2709,False,0.6213220014080416,0.11466163295732007,0.38308158675834164,0.18454462049866827,0.009012223924267523
3720,train,train,2710,False,0.5818036068767739,0.1157723842442949,0.3853463105226847,0.19898877022399675,0.024635162516302617
3721,test,test,2711,False,0.599496004475251,0.11989095432543774,0.40113582678624926,0.19998624416251168,0.025691171071202244
3722,test,train,2712,False,0.6062239411331838,0.12113500102511812,0.4049785009193822,0.19981889992448432,0.024667755264878168
3723,train,train,2713,False,0.6143561414252242,0.11984962615122571,0.4026150167103212,0.19508167668543294,0.016746385482306416
3724,train,test,2714,False,0.6250579451717778,0.11755068172818198,0.3884469538588445,0.18806365495582464,0.008451119491789585
3725,train,train,2715,False,0.6392340895173153,0.11869789970720725,0.3965006445448015,0.18568768727092738,0.014094560323224275
3726,train,train,2716,False,0.6163728807378637,0.1141708137412986,0.3811418726652583,0.18523010552414967,0.014915084610599868
3727,train,train,2717,False,0.6173529392154212,0.11426601402049116,0.3823197216488733,0.18509025674310234,0.01665927500207978
3728,train,train,2718,False,0.5902998607972245,0.11358439067827616,0.3755174008058416,0.19241812207930342,0.019837817099478763
3729,train,train,2718,False,0.5902998607972245,0.11358439067827616,0.3755174008058416,0.19241812207930342,0.019837817099478763
3730,train,train,2719,False,0.5929063071790777,0.1144102212442712,0.3774139393699955,0.19296509390937458,0.02082723567666387
3731,train,test,2720,False,0.6075514286207256,0.11652331538090364,0.383810968182932,0.19179169020380218,0.017663576051879622
3732,train,train,2721,False,0.6130985686897311,0.11627162505751165,0.3784025625407646,0.18964589218663283,0.011522598126431664
3733,train,train,2722,False,0.6080116190933228,0.11486166783445342,0.37551480548338156,0.18891360662767775,0.005761519506320432
3734,train,train,2723,False,0.6203152947831646,0.11470545909845127,0.37497221719188506,0.18491476844617757,0.00612778233147962
3735,train,train,2723,False,0.6203152947831646,0.11470545909845127,0.37497221719188506,0.18491476844617757,0.00612778233147962
3736,train,train,2724,False,0.6244586665034968,0.11464992854963822,0.380122964546766,0.18359890686054914,0.011515809990444098
3737,train,train,2725,False,0.5946904706825692,0.11481710573240511,0.3731022332227424,0.1930703641519953,0.018323296109743523
3738,test,train,2725,False,0.5946904706825692,0.11481710573240511,0.3731022332227424,0.1930703641519953,0.018323296109743523
3739,test,train,2726,False,0.6153362166935513,0.11883681878905808,0.3888636872206641,0.19312501940421456,0.01735160814233196
3740,train,train,2726,False,0.6153362166935513,0.11883681878905808,0.3888636872206641,0.19312501940421456,0.01735160814233196
3741,train,train,2727,False,0.6175391082906676,0.11851772979750323,0.38650292793661345,0.19191939134924954,0.012906904292003012
3742,test,train,2728,False,0.6112229175759607,0.11551832314335762,0.3782257092606459,0.18899540547577948,0.00597760092396364
3743,train,train,2729,False,0.6123940398125,0.1148877759255307,0.37739374151235283,0.1876043339035542,0.004808303575978412
3744,train,train,2730,False,0.6219265283367706,0.1155972005504177,0.38837253939087196,0.18586954452571974,0.008975783242530367
3745,train,train,2731,False,0.5956599714027144,0.11439705843314556,0.37446759666827756,0.19205094168700462,0.015253658623053903
3746,train,train,2732,False,0.598596150126249,0.11581986497147102,0.38398549455941194,0.19348581668466067,0.017551836810151943
3747,train,train,2732,False,0.598596150126249,0.11581986497147102,0.38398549455941194,0.19348581668466067,0.017551836810151943
3748,train,train,2733,False,0.6161174272744132,0.11698477215335175,0.3817581210557431,0.18987414894409044,0.007680298134795537
3749,test,train,2734,False,0.6099002733944511,0.1150278285482655,0.3800351188459704,0.18860104441020903,0.005850084255650699
3750,train,train,2735,False,0.6131097244947099,0.11545156501589865,0.3823494871190578,0.18830489943875423,0.006633058809444626
3751,train,train,2736,False,0.6179771762806455,0.11556454004985678,0.3808660940687612,0.18700454399528632,0.004922422217797136
3752,train,train,2736,False,0.6179771762806455,0.11556454004985678,0.3808660940687612,0.18700454399528632,0.004922422217797136
3753,train,train,1147,False,0.6127071214080071,0.11201700363125584,0.3774213853442145,0.18282308090991278,0.013856292448674364
3754,train,train,2737,False,0.5906128495289138,0.11609641737814899,0.3853899952793123,0.19656940662694714,0.022355250344236906
3755,test,train,2738,False,0.5921023302677019,0.11650830391097837,0.3880334589821428,0.19677055460717832,0.023031063867148524
3756,train,test,2739,False,0.6097586006989133,0.11682834278784153,0.3818203983696522,0.19159769563550452,0.011088947619183515
3757,test,test,2739,False,0.6097586006989133,0.11682834278784153,0.3818203983696522,0.19159769563550452,0.011088947619183515
3758,test,train,2740,False,0.6100263802434911,0.11508307295822733,0.38071545972290144,0.1886526168135419,0.006668354768079227
3759,train,train,2741,False,0.618866131209125,0.1148816936831663,0.3819738404135513,0.18563254295191972,0.007827083400912715
3760,train,train,2742,False,0.6257235010518659,0.11541726012814087,0.3866852363480109,0.1844540918378803,0.010672743325948576
3761,test,train,2743,False,0.5909998086518065,0.11551259551054908,0.37965717589907505,0.19545284756361825,0.020611574541993066
3762,train,train,2743,False,0.5909998086518065,0.11551259551054908,0.37965717589907505,0.19545284756361825,0.020611574541993066
3763,train,train,2744,False,0.6127551808687433,0.11894888046075383,0.39203316328158844,0.19412137861015258,0.01681821540521794
3764,train,train,2745,False,0.6125286918456813,0.1164248367472598,0.37964128498926875,0.19007246239591916,0.007915294165887345
3765,test,train,2746,False,0.6149538310247467,0.11560489865141722,0.37790276661352634,0.18798955762057057,0.0043273004779578635
3766,train,train,2747,False,0.6225544529160776,0.11575271984442696,0.38432953838078115,0.18593188001826214,0.0073399398072632425
3767,train,train,2748,False,0.5918090874478041,0.11521976455620513,0.3789512338695506,0.1946907659919419,0.02175796027783676
3768,test,train,2749,False,0.5951042818211677,0.11676865588041549,0.38700642014028613,0.19621545239613172,0.023709010289128578
3769,train,train,2750,False,0.614543351054821,0.11693607063809518,0.3781572791641131,0.19028123961862498,0.010312684769060668
3770,train,train,2751,False,0.6074106381226502,0.11482589698158963,0.372597996138257,0.18904162978851818,0.005897662596416165
3771,test,test,2752,False,0.6159453552525755,0.11426405315100657,0.37506568737698476,0.1855100491895929,0.006974350957990503
3772,train,train,2753,False,0.5942058948912373,0.11326420063675563,0.3728704859678629,0.19061440085088244,0.018270629398247546
3773,train,train,2754,False,0.5966764814652168,0.11400010695999974,0.37456026315146806,0.19105848898226663,0.019606278441784215
3774,train,test,2755,False,0.615892944669092,0.1161847409337976,0.3821864104951369,0.18864437714288407,0.011847231611884713
3775,train,train,2756,False,0.6160039017295794,0.1157484647837821,0.38268313003106325,0.18790216175383045,0.0065155359900496215
3776,train,test,2757,False,0.6050550522374097,0.11498178462214217,0.38247957925123716,0.19003524422605095,0.006413969292559965
3777,train,train,2758,False,0.6116821917841861,0.11487472660118993,0.37930296038559047,0.1878013258259447,0.004958710470140378
3778,test,test,2759,False,0.6229186151158609,0.11563585447141869,0.38308158675834164,0.1856355736774872,0.005941169998277511
3779,train,train,2760,False,0.6250299787481445,0.11547343391416155,0.3858299010534429,0.1847486326102952,0.010637416506165499
3780,train,train,2760,False,0.6250299787481445,0.11547343391416155,0.3858299010534429,0.1847486326102952,0.010637416506165499
3781,test,train,2761,False,0.592660388161449,0.1142304656387339,0.3807340522801829,0.19274186012852934,0.019862831733486526
3782,train,train,2761,False,0.592660388161449,0.1142304656387339,0.3807340522801829,0.19274186012852934,0.019862831733486526
3783,train,train,2761,False,0.592660388161449,0.1142304656387339,0.3807340522801829,0.19274186012852934,0.019862831733486526
3784,test,train,2762,False,0.6075006054130186,0.11689381025281485,0.3881001495689037,0.19241760289826015,0.018658110565783124
3785,train,train,2763,False,0.6171318258235224,0.1162354873530373,0.38178888496886115,0.18834790637790974,0.009891044974772127
3786,train,train,2764,False,0.6099002002851467,0.11468491178414168,0.3776359484976924,0.18803881640065545,0.007226716403436229
3787,train,train,2765,False,0.6118063856847566,0.11442018200882688,0.37655562098143613,0.18702024804916595,0.006900182223643208
3788,train,train,2766,False,0.6158844852652874,0.11424213340754849,0.37631363899942427,0.1854927931141821,0.007016860357606607
3789,train,train,2767,False,0.6216342475060069,0.11433181822944827,0.37820661799995775,0.18392136322628116,0.010209837209927474
3790,train,train,2768,False,0.5922289078958182,0.11453442387975236,0.37779693875240045,0.19339553060098286,0.020926229127714586
3791,train,train,2769,False,0.594511108077777,0.11546623221043215,0.3808625391120011,0.19422047904835155,0.021688996153317874
3792,train,test,2770,False,0.6095184779565201,0.11688657594936941,0.3845116132425209,0.19176871608756624,0.017848503169400762
3793,train,test,2771,False,0.6022678041264096,0.11179599972379277,0.3704711291738999,0.1856250640625777,0.010439589217620083
3794,train,train,2772,False,0.6075030509584493,0.11520055426676769,0.3786201583956098,0.18962958965394058,0.007565785530797428
3795,train,train,2772,False,0.6075030509584493,0.11520055426676769,0.3786201583956098,0.18962958965394058,0.007565785530797428
3796,train,train,2773,False,0.6106313962251945,0.11402649648480212,0.37420273071224586,0.18673539747496104,0.004459613829610978
3797,train,train,2774,False,0.6221104199602443,0.11403030503750805,0.3794078345298475,0.1832959252551904,0.010996098544042387
3798,train,train,2775,False,0.5914381445163767,0.11393319587499956,0.37599159558048656,0.19263755124919035,0.020954993592962788
3799,test,train,2775,False,0.5914381445163767,0.11393319587499956,0.37599159558048656,0.19263755124919035,0.020954993592962788
3800,train,train,2775,False,0.5914381445163767,0.11393319587499956,0.37599159558048656,0.19263755124919035,0.020954993592962788
3801,train,train,2776,False,0.6122540173443825,0.1177604475026978,0.3873581466563258,0.19233919936283497,0.01885141259031874
3802,train,train,2777,False,0.6145870809738182,0.11538846415078288,0.3725572535635304,0.18774957646026164,0.008614628291940492
3803,test,train,2778,False,0.6120620616638167,0.11513285465190781,0.3732777217369257,0.1881065040021155,0.007198583173583102
3804,train,train,2779,False,0.6063462831581062,0.1138045753979016,0.37127768221528473,0.1876890789288912,0.006127870157578243
3805,test,train,2779,False,0.6063462831581062,0.1138045753979016,0.37127768221528473,0.1876890789288912,0.006127870157578243
3806,train,train,2780,False,0.6070552744025592,0.11359909749150923,0.3692465450977352,0.18713139030594728,0.005759692250344378
3807,test,train,2781,False,0.6127233797496793,0.11335713722187642,0.3747198061416629,0.18500540532366677,0.005154970143895578
3808,train,train,2782,False,0.6224775611486782,0.11458483039404745,0.3814176512617554,0.18407865206032537,0.007639954820446328
3809,train,train,2783,False,0.5906998479975378,0.11562030565981309,0.38962650326914694,0.19573444288459513,0.0240649273831109
3810,test,train,2784,False,0.5985715867859476,0.117405914737615,0.39971409827500254,0.19614348112985186,0.024678619239699634
3811,train,train,2785,False,0.6148836929423149,0.11680602858942991,0.38627781914006953,0.18996442730574745,0.007391923357505607
3812,train,train,2786,False,0.612758852874678,0.11666279767678203,0.38541508747865855,0.19038941196765052,0.0063516708853853035
3813,train,train,2787,False,0.6138462955242451,0.11602788754096405,0.3801275965055678,0.18901781828278752,0.007362633368791005
3814,train,test,810,False,0.6207880447589902,0.11536642543603974,0.39481797346074227,0.18583867136299104,0.02135525604770562
3815,train,train,2788,False,0.6166767681276367,0.11593464940791082,0.38412386242310886,0.18799905460994315,0.005922395433362524
3816,test,train,2789,False,0.5919776658651772,0.1158716992176466,0.3833889657355724,0.19573660612398233,0.02182010722126347
3817,train,train,2790,False,0.6011727537835524,0.1174844311627583,0.39067839377592384,0.19542540879199202,0.02129013064757112
3818,train,train,2790,False,0.6011727537835524,0.1174844311627583,0.39067839377592384,0.19542540879199202,0.02129013064757112
3819,train,train,2790,False,0.6011727537835524,0.1174844311627583,0.39067839377592384,0.19542540879199202,0.02129013064757112
3820,train,train,2790,False,0.6011727537835524,0.1174844311627583,0.39067839377592384,0.19542540879199202,0.02129013064757112
3821,train,train,2791,False,0.6138060319250646,0.11756612556589566,0.3845116132425209,0.1915362825568461,0.012099146811486742
3822,train,test,2792,False,0.610010927175445,0.11542856564026631,0.37511851051363065,0.18922376714584319,0.006387124995737177
3823,train,train,2793,False,0.6135730798628815,0.11624681247321654,0.37844029346270674,0.189458788673054,0.005235795162014361
3824,train,train,2794,False,0.6156203003478165,0.11652535425468102,0.37964150999259655,0.18928120822014138,0.004616053620153577
3825,train,test,2795,False,0.6161056775399978,0.11635069090036032,0.37922552611845006,0.18884859390507205,0.005114864403685407
3826,test,train,2796,False,0.6159905411281132,0.11600665868333057,0.379248893664725,0.18832538965757203,0.003646585771363863
3827,train,train,2797,False,0.6169899203411797,0.11575934243690657,0.3820205755061013,0.18761950336708028,0.003914161651350406
3828,train,train,2798,False,0.6193356653338888,0.11512856636623091,0.37869270451292897,0.18589041905759485,0.005073396437497364
3829,train,train,2799,False,0.6249704077483953,0.11571567513200946,0.384652052069828,0.18515384680196736,0.007500147268477427
3830,train,train,2799,False,0.6249704077483953,0.11571567513200946,0.384652052069828,0.18515384680196736,0.007500147268477427
3831,test,train,2800,False,0.5951247140202888,0.11605997437195903,0.38523061032496553,0.1950179040422145,0.020466030415307413
3832,train,train,2801,False,0.6032958989747669,0.11803518719450634,0.3935140927154322,0.19565057112951337,0.020334809072026998
3833,test,train,2802,False,0.6093927737080336,0.11867593943841402,0.395071931932071,0.1947445794545521,0.02100542861618689
3834,train,train,2803,False,0.6099548891653697,0.11890436772123134,0.39381782752700795,0.1949396091962372,0.02108612712258686
3835,train,train,2804,False,0.6147608252231606,0.11839269206435774,0.38595795288426193,0.19258333844122344,0.01335859527526652
3836,test,train,2805,False,0.6115006604716293,0.11509639613262701,0.3779119957874618,0.18821957779057366,0.007306889493109569
3837,test,train,2806,False,0.6165415944010194,0.11691275374754556,0.3825339642727507,0.18962670938872872,0.008159849034263235
3838,train,test,2807,False,0.6122940454430861,0.11519480147824755,0.3828446013546229,0.1881364065771486,0.0054081550584040875
3839,train,train,2808,False,0.6180977218943894,0.11605076910846834,0.3826208527171542,0.18775472712112218,0.004607612531390292
3840,train,train,2809,False,0.6183443845985451,0.11507565985295544,0.3803566400095151,0.18610286228711745,0.005627088749264073
3841,train,train,2810,False,0.6222259565407249,0.11516584343486518,0.3802398022781406,0.1850868518490156,0.007118758466062342
3842,train,train,2811,False,0.6241097677377079,0.11587815901915993,0.3814176512617554,0.18566951682105315,0.006780561410698143
3843,train,train,2812,False,0.614769715007992,0.11566775225389922,0.3898833427233725,0.18814809745856712,0.026876069438485434
3844,test,train,2813,False,0.6144759498393962,0.11556030558215866,0.3899249411107871,0.18806318719611778,0.027083411729321646
3845,train,train,2814,False,0.6097243807976743,0.11757868818249381,0.4016510046700465,0.19283907923883745,0.03530669544084799
3846,train,train,2815,False,0.6071137870961898,0.11880542938951125,0.39314216834174975,0.19568890035878558,0.022014516821495522
3847,train,train,2816,False,0.6055106483109691,0.11825705235635309,0.38928189167343424,0.1953013587559907,0.02195114082444916
3848,test,train,2817,False,0.6044920369950312,0.11803654232414579,0.3883171301454864,0.19526566952132743,0.021433468802276135
3849,train,train,2818,False,0.6093752477030385,0.11896953474061245,0.39303583152737664,0.1952319776509676,0.02046256841784199
3850,train,train,2819,False,0.6054470100619271,0.11819700333592213,0.39074706440688256,0.19522270549132376,0.021393858531798565
3851,train,train,2820,False,0.6063964735897871,0.11846761362943604,0.39037452475493767,0.1953632957792835,0.022032828888455196
3852,train,train,2821,False,0.6043089140048981,0.11788585018080967,0.3892763541690729,0.19507547787033666,0.020931989846464542
3853,train,train,2822,False,0.6032270178546725,0.11754612716108354,0.38780933560083747,0.1948621724191445,0.020790840808378785
3854,train,train,2823,False,0.6042058795105237,0.11780309801679004,0.38731077023012417,0.1949717836447141,0.020942504228588007
3855,train,train,2824,False,0.6039523082381734,0.11777710732374302,0.38873249874137056,0.1950106088133315,0.02079716825359388
3856,test,train,2825,False,0.6097826295236783,0.11876651594635218,0.38989072606252084,0.19476861129862733,0.020967272176877712
3857,train,test,2826,False,0.6102467854067014,0.11915412365599086,0.3920655324950677,0.19525563510601718,0.021320082588709727
3858,train,train,2827,False,0.6125853136907379,0.11971271109856597,0.3948920022606404,0.1954221043552517,0.022266645826683796
3859,train,train,2828,False,0.6109184283777198,0.11915761178757787,0.39521494490776,0.19504668095214978,0.021275896079782475
3860,train,train,2829,False,0.6115423123902735,0.11960269410596275,0.3965963055881166,0.19557550096326748,0.02210980863224762
3861,test,test,2830,False,0.6136410461942972,0.11995592939576162,0.39589774689774054,0.1954822451003057,0.021182301959737537
3862,test,train,2831,False,0.6167053655640218,0.1204769098255875,0.39549406858884134,0.1953557023383486,0.021750630603698848
3863,train,train,2832,False,0.6194296816390077,0.12032051703277448,0.395512526936712,0.19424402898228418,0.019271311337445668
3864,test,train,2833,False,0.6233899907303487,0.1206259895478951,0.40056586125270655,0.19350004225536663,0.017839923031033947
3865,train,test,2834,False,0.6267152443176113,0.12034514338012092,0.3972441430421578,0.19202523709337369,0.01428076780090755
3866,test,train,2835,False,0.6287969726175211,0.1202914694964979,0.39515807088880156,0.19130414861215894,0.012286365080882329
3867,train,train,2836,False,0.6208290478047478,0.11848157627179552,0.38883832660249673,0.19084412478885535,0.013163705037862518
3868,test,train,2837,False,0.6292100848943937,0.12008249003794383,0.3934879826095918,0.19084641667512117,0.01103010364464344
3869,train,train,2838,False,0.613569032143911,0.1169583022701215,0.3820187863889535,0.19061963062485401,0.01211820015438929
3870,train,train,2839,False,0.6113135018304366,0.11640142775729947,0.37957593128404793,0.19041200203948117,0.011134522045225538
3871,train,train,2840,False,0.6110057050887481,0.11634961380771876,0.377735142507343,0.19042312181163526,0.011170962972558603
3872,train,test,2841,False,0.6101381344784594,0.11579341728286678,0.3777320661160312,0.18978229803951846,0.009451305707291859
3873,train,train,2842,False,0.6289712890256312,0.11943014820064338,0.38846541220671527,0.18988171683584829,0.008827224448885538
3874,train,train,2843,False,0.6120602086203201,0.11606424405400179,0.37606505422813336,0.1896288019043565,0.008771790291143208
3875,train,train,2844,False,0.6077326049588805,0.1147017861564896,0.3716022430649649,0.18873725915075823,0.006405921326132297
3876,train,test,2845,False,0.6159443933393977,0.11695888053790329,0.3826116235432188,0.18988545362642276,0.009732657351465947
3877,train,train,2846,False,0.6054715951422187,0.11458735891624643,0.37125636182964306,0.18925307121852858,0.007075523373240385
3878,train,test,2847,False,0.6043664074151308,0.11417184427641992,0.3692465450977352,0.1889116318769797,0.007156981074750624
3879,test,train,2848,False,0.6036876094875181,0.11396462796332237,0.3700551452997534,0.18878079684303792,0.006554724215983541
3880,test,train,2849,False,0.6192657070181243,0.11703355472955786,0.3803099049169652,0.1889876242188437,0.005261644830649425
3881,test,train,2849,False,0.6192657070181243,0.11703355472955786,0.3803099049169652,0.1889876242188437,0.005261644830649425
3882,test,test,2850,False,0.5965607928944341,0.11220930387608802,0.3648263378751782,0.18809366155570384,0.007396027947588747
3883,train,test,2850,False,0.5965607928944341,0.11220930387608802,0.3648263378751782,0.18809366155570384,0.007396027947588747
3884,train,train,2851,False,0.592538350866726,0.11113969582522783,0.36265526429874695,0.1875654051128674,0.007712923365310433
3885,train,train,2852,False,0.5919272263339185,0.11091883747267757,0.361294664483081,0.18738593620646526,0.006995663897567342
3886,train,train,2853,False,0.5884513360117751,0.1099626672983257,0.35869404970061836,0.18686790320436167,0.006882593409111157
3887,test,train,2854,False,0.5951072522690498,0.11200821845218291,0.3621906717733032,0.18821517974300142,0.007878028819342563
3888,train,train,2855,False,0.6157717362469072,0.11553202179987587,0.37795420694973547,0.18762150809979816,0.0074205293949793074
3889,train,train,2856,False,0.6195945209157023,0.11573549120737563,0.37864596942037904,0.18679230900287735,0.008531434464427425
3890,train,train,2857,False,0.6199720487488323,0.11590500024543285,0.380679153698562,0.1869519770759684,0.00764827326511153
3891,train,train,2858,False,0.6207153196051698,0.11632001004642958,0.38268897043046995,0.1873967121037378,0.008376007226153599
3892,train,train,2859,False,0.6164772651740291,0.11449234422637383,0.3782767206387825,0.18572030258740052,0.010251565728450434
3893,train,test,2860,False,0.6422926925161181,0.1195339585985925,0.3976317584358665,0.18610511997315438,0.010131946212712477
3894,train,train,2861,False,0.6274885494131623,0.11644958083151571,0.387792982692801,0.18558040770691558,0.010316022852864407
3895,train,test,2862,False,0.6289279775792967,0.11655231336941398,0.3873536312723795,0.18531901509297824,0.011145023125116988
3896,train,train,2863,False,0.5966890738855435,0.11720197220077958,0.3837799637353881,0.19642050999455904,0.02212784104634232
3897,train,train,2864,False,0.5936744867654697,0.11617589953749105,0.3788270539855691,0.19568956073968222,0.02008924023674023
3898,train,train,2865,False,0.6051077997633538,0.117985891911914,0.3835722123327407,0.19498326076453823,0.01903428667386793
3899,train,train,2865,False,0.6051077997633538,0.117985891911914,0.3835722123327407,0.19498326076453823,0.01903428667386793
3900,train,train,2865,False,0.6051077997633538,0.117985891911914,0.3835722123327407,0.19498326076453823,0.01903428667386793
3901,train,train,2865,False,0.6051077997633538,0.117985891911914,0.3835722123327407,0.19498326076453823,0.01903428667386793
3902,test,train,2866,False,0.6068706853244815,0.11865779999098992,0.3895712345505497,0.19552402655195975,0.019527029556357267
3903,train,train,2867,False,0.6078944909811029,0.11852632484691714,0.38459703059597383,0.19497844873642992,0.018504517633314083
3904,train,train,2868,False,0.5985188910503909,0.11588254400547524,0.3770604733441838,0.19361551613200254,0.017163739086306543
3905,test,train,2869,False,0.5994041819348963,0.11636007019912917,0.3791594663410497,0.1941262235166846,0.017284556592133588
3906,train,train,2870,False,0.5988195124892585,0.11596425461959116,0.3775229778318439,0.1936547694271591,0.01599130752236516
3907,train,train,2870,False,0.5988195124892585,0.11596425461959116,0.3775229778318439,0.1936547694271591,0.01599130752236516
3908,train,test,2871,False,0.5991310743989141,0.11555753351999037,0.3759770694366159,0.1928752128838,0.013935024654565418
3909,train,train,2872,False,0.5995018173316817,0.11539384619768304,0.37355574907089295,0.19248289640102956,0.013857506839359993
3910,train,train,2872,False,0.5995018173316817,0.11539384619768304,0.37355574907089295,0.19248289640102956,0.013857506839359993
3911,train,train,2873,False,0.6019599563520965,0.11554477655810105,0.37427768833523856,0.19194761269222527,0.012325230540982515
3912,train,train,2874,False,0.598632187147893,0.11496329254735309,0.3724637312676518,0.1920432863710204,0.01208310740353203
3913,train,train,2874,False,0.598632187147893,0.11496329254735309,0.3724637312676518,0.1920432863710204,0.01208310740353203
3914,train,train,2874,False,0.598632187147893,0.11496329254735309,0.3724637312676518,0.1920432863710204,0.01208310740353203
3915,train,train,2875,False,0.6167684562749048,0.11868631822368586,0.38738583417813205,0.1924325360938777,0.012676382427529507
3916,train,train,2875,False,0.6167684562749048,0.11868631822368586,0.38738583417813205,0.1924325360938777,0.012676382427529507
3917,train,test,2876,False,0.6133944916377396,0.1177782235158418,0.38183578032621124,0.19201056599217003,0.010965385162861833
3918,train,test,2877,False,0.6018145885858002,0.11573937236602297,0.37385432112194367,0.19231732590264736,0.012520452453171597
3919,train,train,2878,False,0.5996487646666756,0.11486733741859317,0.37125430164131495,0.19155769875127487,0.010889565418393445
3920,train,train,2879,False,0.6156031259108997,0.11817395247014141,0.38578109960414314,0.19196451008152532,0.01027143158483126
3921,train,train,2880,False,0.6137060973790822,0.11754777171334359,0.38401181731528283,0.19153756531888438,0.008519288797453386
3922,train,train,2881,False,0.6141456276008934,0.11757931597519866,0.3830060726781828,0.19145184902563264,0.008462767890422931
3923,train,train,2881,False,0.6141456276008934,0.11757931597519866,0.3830060726781828,0.19145184902563264,0.008462767890422931
3924,train,train,2881,False,0.6141456276008934,0.11757931597519866,0.3830060726781828,0.19145184902563264,0.008462767890422931
3925,train,train,2881,False,0.6141456276008934,0.11757931597519866,0.3830060726781828,0.19145184902563264,0.008462767890422931
3926,test,train,2882,False,0.61270174706474,0.11616401833816348,0.3781603555554251,0.18959309140975766,0.00685478145095201
3927,train,train,2883,False,0.6123075152232289,0.11670545875009962,0.3816620034374042,0.19059942242837297,0.00686915935744751
3928,train,test,2884,False,0.610017011781026,0.11520324340127218,0.37728581202536693,0.1888525093176024,0.005057183112143405
3929,train,train,2885,False,0.6010717469767665,0.1144441734758415,0.37543752095675004,0.19040018775040707,0.0071784128421069895
3930,train,train,2886,False,0.5979566481523835,0.11312964626620353,0.3686043176701492,0.18919372602639503,0.005777895608860594
3931,train,train,2887,False,0.5994831956623121,0.11317640629284435,0.3722173142783284,0.1887899562685931,0.006761844352602345
3932,train,train,2888,False,0.606952617204355,0.11382289539561502,0.3736821624356975,0.18753176470329308,0.007639798243818416
3933,train,train,2889,False,0.6086344516116281,0.1139042210029774,0.37767842835323845,0.18714717956133725,0.010557630311490478
3934,train,train,2890,False,0.6095916696897168,0.11352341311124914,0.37763169326068863,0.18622861622934045,0.012207611912995095
3935,train,train,2891,False,0.5910279527683938,0.11562703072940485,0.377097524249336,0.1956371609630376,0.02038594877307596
3936,train,train,2891,False,0.5910279527683938,0.11562703072940485,0.377097524249336,0.1956371609630376,0.02038594877307596
3937,train,train,2891,False,0.5910279527683938,0.11562703072940485,0.377097524249336,0.1956371609630376,0.02038594877307596
3938,train,train,2892,False,0.5939891149138883,0.11621310010162951,0.3779485656237623,0.19564853493733997,0.020048325595275904
3939,test,train,2892,False,0.5939891149138883,0.11621310010162951,0.3779485656237623,0.19564853493733997,0.020048325595275904
3940,test,train,2892,False,0.5939891149138883,0.11621310010162951,0.3779485656237623,0.19564853493733997,0.020048325595275904
3941,train,train,2892,False,0.5939891149138883,0.11621310010162951,0.3779485656237623,0.19564853493733997,0.020048325595275904
3942,test,train,2892,False,0.5939891149138883,0.11621310010162951,0.3779485656237623,0.19564853493733997,0.020048325595275904
3943,train,train,2892,False,0.5939891149138883,0.11621310010162951,0.3779485656237623,0.19564853493733997,0.020048325595275904
3944,test,train,2892,False,0.5939891149138883,0.11621310010162951,0.3779485656237623,0.19564853493733997,0.020048325595275904
3945,train,train,2893,False,0.5927490037967508,0.11548644486433873,0.3740534586289181,0.19483195100221234,0.01884605410720072
3946,test,train,2893,False,0.5927490037967508,0.11548644486433873,0.3740534586289181,0.19483195100221234,0.01884605410720072
3947,train,train,2894,False,0.607971117794766,0.11762763418096064,0.38125131653319305,0.19347569438433165,0.014663149664379335
3948,train,train,2895,False,0.6123868964321832,0.11852520157643344,0.3852566925464104,0.1935462732252618,0.01494527189019899
3949,train,train,2896,False,0.6109472603116892,0.11802251675284929,0.3821525701907071,0.19317954988886815,0.013991974260147704
3950,train,train,2896,False,0.6109472603116892,0.11802251675284929,0.3821525701907071,0.19317954988886815,0.013991974260147704
3951,train,test,2897,False,0.6111674041936812,0.11756356982565754,0.3830745027747154,0.19235903128826093,0.012804969236282066
3952,train,test,2898,False,0.6134203610270971,0.1180184020838743,0.3829999198955591,0.19239400838646273,0.013105536364883548
3953,train,train,2899,False,0.612689262637657,0.11796171131156033,0.3850025652639517,0.19253105694023337,0.01117136186787862
3954,train,test,2900,False,0.6130539427197506,0.11721597294286011,0.38132881303545774,0.19120009639419908,0.009265922196884723
3955,train,train,2901,False,0.611796404626244,0.1170642089808378,0.3821841483300256,0.1913450423958509,0.008587742646773157
3956,train,test,2902,False,0.6076811923834757,0.11590441505195746,0.3798700487502105,0.19073227294949135,0.00747586429477161
3957,train,train,2903,False,0.6057780242157692,0.11532045754896128,0.3767006138758276,0.1903675157220392,0.00684965927576699
3958,train,train,2904,False,0.6059024897876365,0.11520225424155811,0.37761064169381475,0.1901333237332223,0.006624178250074528
3959,train,train,2905,False,0.6077118196109017,0.11580348512314309,0.38047065701515553,0.19055657860544548,0.007366356126946232
3960,train,train,2906,False,0.6112327174499035,0.1154500001694234,0.38421733260820845,0.18888059633176568,0.006751058814855121
3961,train,train,2907,False,0.6134057463860276,0.11536769254525113,0.38495583017140184,0.18807729341460733,0.007470845715545496
3962,train,train,2907,False,0.6134057463860276,0.11536769254525113,0.38495583017140184,0.18807729341460733,0.007470845715545496
3963,train,train,2908,False,0.6160921172576584,0.11572775963633898,0.38650292793661345,0.18784164964074682,0.007422097215706927
3964,train,train,2909,False,0.6166455552966307,0.1157371749816454,0.3868955442644852,0.18768833082072778,0.00739247861320321
3965,train,train,2910,False,0.6145026407756277,0.11491592979059054,0.3848857275325771,0.18700640512389533,0.008677483854769834
3966,train,train,2911,False,0.6163824941369258,0.11532272553836664,0.3868955442644852,0.1870960428554098,0.0087236912735021
3967,train,train,2912,False,0.6160871876642073,0.1151038212658971,0.3864795603903386,0.18683040902423925,0.009444848689678742
3968,train,train,2913,False,0.6173480111933918,0.1150340165940203,0.38846600957597166,0.18633576930400847,0.012414566421365987
3969,train,train,2914,False,0.619307257684345,0.11476873146126096,0.3875873067351287,0.185317917781867,0.013489031576508726
3970,test,train,2915,False,0.5869292408509376,0.11462913765059912,0.3750749599664137,0.1953031637755998,0.02064689213640049
3971,train,test,2916,False,0.6251271117121178,0.12238798639053808,0.4043343272505197,0.19578096053991006,0.022422048463707562
3972,train,test,2917,False,0.6401426406278113,0.12517378741121002,0.4127832131685461,0.1955404615578295,0.021990337395698663
3973,train,train,2918,False,0.6251039142057553,0.12222383728921384,0.40349005393697934,0.1955256310376956,0.02128959617978724
3974,train,train,2919,False,0.6291338332171523,0.1229078073713001,0.4047749222551608,0.19536035241149896,0.0194691778199141
3975,train,test,2920,False,0.630933316966216,0.12206929649202661,0.4001806412916779,0.1934741647167809,0.016556082092051765
3976,train,train,2921,False,0.6201770741525554,0.12023853464251309,0.3934264547833556,0.19387774823313766,0.016227786218111887
3977,train,test,2922,False,0.6201948877682653,0.12006024897130922,0.394680559188419,0.1935847123850681,0.016111448900689333
3978,test,train,2923,False,0.6214813384765114,0.12049682893522261,0.3959408163761058,0.19388647973019824,0.015793019319051613
3979,train,train,2924,False,0.6202098762136099,0.11923032878599972,0.390073972659689,0.19224190610104852,0.013417020729287184
3980,train,train,2925,False,0.6211579861447897,0.11985665143998435,0.3913342298473759,0.1929567905644639,0.013948071412857643
3981,train,train,2926,False,0.6214064271583656,0.11959145493490161,0.3930104709092091,0.19245287738941216,0.012563348713979614
3982,train,test,2927,False,0.6218051188004544,0.11960110810273634,0.3930104709092091,0.19234500406407548,0.01222801321720208
3983,train,train,2928,False,0.623190571029553,0.11972915919113425,0.3921846559435398,0.19212286699609973,0.012411701997997952
3984,test,train,2929,False,0.6214201850062887,0.11966063144315539,0.3904961093164591,0.19255993662636567,0.012353990200967897
3985,test,train,2929,False,0.6214201850062887,0.11966063144315539,0.3904961093164591,0.19255993662636567,0.012353990200967897
3986,test,test,2930,False,0.6178183990806854,0.11839771668800463,0.38746349344860015,0.19163837927808655,0.010186580861408832
3987,train,test,2930,False,0.6178183990806854,0.11839771668800463,0.38746349344860015,0.19163837927808655,0.010186580861408832
3988,train,test,2930,False,0.6178183990806854,0.11839771668800463,0.38746349344860015,0.19163837927808655,0.010186580861408832
3989,test,train,2931,False,0.613406055782248,0.11693653206945884,0.37927226121099994,0.1906347858276931,0.00827253771629711
3990,train,test,2932,False,0.6132118147537319,0.1158286423706523,0.3766425094258395,0.1888884714609902,0.005549622870535388
3991,train,train,2933,False,0.6145968625364439,0.11630813049097208,0.3784056389320764,0.18924296165614632,0.006281783760537268
3992,train,train,2934,False,0.6173284667809029,0.1162851274800378,0.37858864499481887,0.1883683221128838,0.004943698001007065
3993,train,train,2935,False,0.616702508320777,0.1160344948031652,0.3799873912279184,0.18815310986672687,0.004502891756979481
3994,train,train,2936,False,0.6205829747144179,0.11591845002401056,0.3810484024801588,0.18678960710669565,0.007345736253585534
3995,test,train,2937,False,0.6252234085811178,0.11582840015309798,0.38335736535483855,0.18525921864627395,0.009814281276294879
3996,train,train,2938,False,0.6273559843552872,0.11629333303677829,0.38534381454047156,0.1853705646185699,0.009727455743933518
3997,train,train,2939,False,0.6288111830773648,0.11605359033774734,0.3848810955737753,0.1845603154985061,0.011492876601407626
3998,train,train,2940,False,0.6288343862536869,0.11665760216481945,0.3905646645341773,0.1855140315398671,0.012644185341865904
3999,train,train,2941,False,0.5992901274289368,0.11561026188965014,0.3782646060005853,0.19291200805466144,0.017918828344057766
4000,train,train,2942,False,0.6026705185338846,0.11671848403761234,0.38527798675116737,0.19366881313782058,0.01933871085588019
4001,train,train,2943,False,0.622807095692198,0.11959060500442399,0.3947236286667842,0.19201869380037975,0.016517025476671873
4002,train,train,2944,False,0.621872232048162,0.11863664159348188,0.3884408010762209,0.19077333812244224,0.013520824865172398
4003,train,train,2945,False,0.623238714291998,0.11810204801815707,0.38718669667115757,0.18949729102166182,0.010549101523423322
4004,train,train,2946,False,0.6260095686229651,0.11819762975701475,0.3855227611745715,0.18881121899943862,0.007846956245491409
4005,train,train,2947,False,0.6229410686134864,0.11694704247647666,0.38023337265586116,0.18773371731096813,0.006242935945968431
4006,test,test,2948,False,0.6258747300699915,0.11768256826535983,0.3821764318335284,0.18802894990216237,0.006770316470873637
4007,train,train,2949,False,0.6210606802082597,0.11650970793959037,0.3798050832164675,0.18759794598576307,0.00540233759431299
4008,test,train,2950,False,0.6199282569127459,0.11639982899433153,0.3838934154700884,0.18776338664413333,0.0050534479884340126
4009,train,train,2951,False,0.6174223188384604,0.116075770604086,0.3793521826465792,0.18800060681715577,0.0049112060273113585
4010,train,train,2951,False,0.6174223188384604,0.116075770604086,0.3793521826465792,0.18800060681715577,0.0049112060273113585
4011,train,train,2952,False,0.618353617538076,0.11674658145794098,0.38160895529743055,0.18880229394105896,0.005872555980221202
4012,train,test,2953,False,0.6204872941334807,0.11688922376640161,0.38234308919514814,0.18838294493949156,0.005931783820825677
4013,test,train,2954,False,0.6191697967520775,0.1166429825992615,0.3836144083638626,0.18838609895237937,0.005933673665849987
4014,train,test,2955,False,0.6215745959194643,0.11642867461507414,0.3827123379767449,0.1873124728381909,0.006646604745959236
4015,train,test,2956,False,0.6232153456809927,0.11650054089202354,0.3891577720466151,0.18693464738857227,0.009231646533721308
4016,train,test,2957,False,0.6280736197372226,0.1172108536565297,0.3939159030736245,0.18661960950623765,0.011240927903932486
4017,train,train,2958,False,0.6234904725007767,0.11647803256858323,0.3915835726526696,0.1868160584738336,0.011385833167533934
4018,train,train,2959,False,0.622814490073443,0.11600646831651691,0.38996637224863334,0.18626167207965455,0.012469143109397137
4019,train,train,2959,False,0.622814490073443,0.11600646831651691,0.38996637224863334,0.18626167207965455,0.012469143109397137
4020,train,train,2960,False,0.5907741531398109,0.1153822028660702,0.37719487242419975,0.19530678898669454,0.022469321875095864
4021,test,train,2961,False,0.6009146425599464,0.11818613461112529,0.390693775732483,0.1966770756452905,0.023496939664183904
4022,train,test,2962,False,0.6033917210753306,0.11835312367619141,0.39087862763001247,0.19614641623731457,0.023765969843573154
4023,test,train,2963,False,0.6052113999285016,0.11906616245829957,0.3885318901434458,0.19673483095719246,0.023342343586349644
4024,test,test,2964,False,0.6117232269116203,0.11824077556841035,0.3855980935414008,0.19329129640109838,0.016494177969667033
4025,train,train,2965,False,0.6181749380042771,0.11814998269187546,0.38412946967280426,0.19112709918864096,0.012159097634397896
4026,test,train,2966,False,0.6169675001557025,0.11749532489206534,0.38336900841235555,0.19044005537149583,0.009251793606101705
4027,train,train,2967,False,0.6143743595805022,0.11662345235712532,0.38025565688271673,0.18982473883961623,0.00945459140854408
4028,train,train,2968,False,0.6108028850878752,0.11525755804602465,0.3745441317072361,0.18869845061298743,0.0068058598520570526
4029,train,test,2969,False,0.6148557681542063,0.11569720806195555,0.3759443902178276,0.18816967174151744,0.005840652205587267
4030,test,train,2970,False,0.6207161717492604,0.11542647338800024,0.38308158675834164,0.1859569294976046,0.009781923608156003
4031,train,train,2971,False,0.6235890894384838,0.11613942986208119,0.38587663614599277,0.1862435245085188,0.010236420657727141
4032,train,train,2971,False,0.6235890894384838,0.11613942986208119,0.38587663614599277,0.1862435245085188,0.010236420657727141
4033,train,test,2972,False,0.5890025421136347,0.11551441325560635,0.3794602589707242,0.19611870067840975,0.025630223289275823
4034,train,test,2972,False,0.5890025421136347,0.11551441325560635,0.3794602589707242,0.19611870067840975,0.025630223289275823
4035,test,test,2973,False,0.6097994688710308,0.11960928219136863,0.3929643250395321,0.19614527118695366,0.025097009687039644
4036,train,test,2974,False,0.6117761245273629,0.12013854789428986,0.3971641568680509,0.1963766532849002,0.02570884963869953
4037,test,train,2975,False,0.6223781283300758,0.12204987698885646,0.40182611844039323,0.19610245192313022,0.02442931742612939
4038,train,train,2976,False,0.6201125494016629,0.1209031482950026,0.3955309852845828,0.1949696847961877,0.02220987929098721
4039,train,train,2977,False,0.6244412261400147,0.1216791771624892,0.3997400462870371,0.1948608965404949,0.021194660985783823
4040,train,train,2978,False,0.6119585994572213,0.11859216357230962,0.387370452221573,0.19379115462630206,0.019777180613216174
4041,test,train,2979,False,0.6160645805065821,0.11827822550607466,0.38689526742482927,0.19198997840261484,0.016199719682922005
4042,train,train,2979,False,0.6160645805065821,0.11827822550607466,0.38689526742482927,0.19198997840261484,0.016199719682922005
4043,train,train,2979,False,0.6160645805065821,0.11827822550607466,0.38689526742482927,0.19198997840261484,0.016199719682922005
4044,train,train,2980,False,0.6178181806939713,0.11803161794391111,0.383300578315823,0.19104587989192992,0.012589640000759158
4045,train,train,2981,False,0.6169571085695248,0.11755506922075785,0.3820341683455125,0.19054010009434974,0.011206376983141548
4046,train,train,2981,False,0.6169571085695248,0.11755506922075785,0.3820341683455125,0.19054010009434974,0.011206376983141548
4047,test,train,2982,False,0.6147472854492204,0.11644928374947253,0.3761580954551605,0.1894262675180068,0.008957700448777375
4048,test,train,2983,False,0.6140462214836282,0.11561291974564686,0.37310260573762655,0.18828048394518027,0.007796263830870348
4049,train,train,2984,False,0.6167152380267413,0.11525849182056438,0.3746730710491131,0.18689094206484755,0.006540929730784178
4050,test,train,2985,False,0.6211297974130988,0.11640279725440433,0.38151112144685506,0.18740494778901676,0.00618867665941028
4051,test,train,2986,False,0.618585047663516,0.11556918495825069,0.38033327246324017,0.1868282872254543,0.0072419830342262915
4052,train,train,2987,False,0.6212918013510129,0.11615129628532694,0.3867787065331106,0.18695127801904574,0.008393536676518642
4053,train,test,2988,False,0.594952388162731,0.11617709202971246,0.3783885453501409,0.19527124244089222,0.02200548947675037
4054,train,train,2989,False,0.6079859355525252,0.11832073472997187,0.3870343481965182,0.19461097339767308,0.019472913477531852
4055,train,train,2990,False,0.61272244050293,0.11819339106616508,0.38367349271160434,0.1928987470560904,0.01699121996149153
4056,train,test,2991,False,0.618556682860424,0.11779027759323257,0.3831921551322368,0.1904276210363274,0.009309463850661654
4057,train,train,2992,False,0.6182717704173255,0.11743812254575971,0.3795714073537718,0.18994579433327594,0.007786741058924681
4058,train,train,2993,False,0.6162293921956445,0.11616046097085111,0.37666096777371044,0.1885019806617269,0.006271970856831643
4059,train,train,2994,False,0.6262031133337017,0.11616110622463288,0.3874704690037542,0.18550068460411978,0.013945682273344149
4060,train,test,2995,False,0.5967551327086095,0.11603704590439841,0.3825172454346518,0.19444666588407597,0.01807550499420163
4061,train,test,2995,False,0.5967551327086095,0.11603704590439841,0.3825172454346518,0.19444666588407597,0.01807550499420163
4062,train,train,2996,False,0.599486839962529,0.11682534536290679,0.3847154324411684,0.19487557953767418,0.019340810453844153
4063,train,test,2997,False,0.6204471466505778,0.11876980197186157,0.3830368365913008,0.1914261393787183,0.010824379644392848
4064,train,train,2998,False,0.6168375716622483,0.11792619353262948,0.3809261533074501,0.19117868130964047,0.008958837110989135
4065,train,train,2998,False,0.6168375716622483,0.11792619353262948,0.3809261533074501,0.19117868130964047,0.008958837110989135
4066,train,train,2998,False,0.6168375716622483,0.11792619353262948,0.3809261533074501,0.19117868130964047,0.008958837110989135
4067,train,train,2998,False,0.6168375716622483,0.11792619353262948,0.3809261533074501,0.19117868130964047,0.008958837110989135
4068,train,train,2999,False,0.6158156299050841,0.1177230997476578,0.38133906079028485,0.1911661445907154,0.008574376312360216
4069,train,train,3000,False,0.6142995707177532,0.11768828999056122,0.3817365863165605,0.19158126686146493,0.00871509392108652
4070,train,train,3001,False,0.6144445206369347,0.11780257117719369,0.3833259389339903,0.19172206313285903,0.00861832563752598
4071,train,train,3002,False,0.6152321945566892,0.11697112881442114,0.38042943377152366,0.19012517525794578,0.008341132512924607
4072,train,train,3003,False,0.6112224639424875,0.11554725430122659,0.3748017206491347,0.18904287901319497,0.007216015299135733
4073,test,train,3004,False,0.6189961120322959,0.11628943558359427,0.38070252124483694,0.18786779645802834,0.005440794303157547
4074,test,train,3005,False,0.6255936981723231,0.11678985457250866,0.394331886947771,0.18668643068769897,0.012115138998268361
4075,train,train,3006,False,0.5942766490907245,0.11451404855664203,0.3791172526753726,0.19269484798343453,0.02018354194614755
4076,train,train,3007,False,0.6058948290860593,0.11705331436372063,0.3903599986110669,0.19319081257102916,0.021029085143276074
4077,train,test,3008,False,0.6129162755097151,0.11737458987206818,0.38586491165723474,0.1915018324068109,0.016240817492063336
4078,train,train,3009,False,0.6119138690584025,0.11710636940183854,0.38410178215099805,0.19137721062285912,0.014695943998468543
4079,train,train,3010,False,0.6152690883345874,0.11704326882481877,0.3794206127431119,0.19023102418753382,0.011820673288403229
4080,train,train,3011,False,0.615930240592145,0.11678297865675527,0.3779775744960105,0.189604229440792,0.009835350982416863
4081,train,test,3012,False,0.6156493411551842,0.11688960506949501,0.3780476771348352,0.1898639326896171,0.009083319020083665
4082,test,train,3013,False,0.6160789969257073,0.11671411710721169,0.37844029346270674,0.18944667435446788,0.008279537391641374
4083,train,train,3014,False,0.6131293738808672,0.11632967382606652,0.3837546136415122,0.18973104010617783,0.008559240076641758
4084,train,train,3014,False,0.6131293738808672,0.11632967382606652,0.3837546136415122,0.18973104010617783,0.008559240076641758
4085,train,train,3014,False,0.6131293738808672,0.11632967382606652,0.3837546136415122,0.18973104010617783,0.008559240076641758
4086,train,train,3015,False,0.6193964458506545,0.11687294856800433,0.3880266581555502,0.18868843912640743,0.008439608165977774
4087,test,train,3016,False,0.6204218381606318,0.11711399619239843,0.3884192744834218,0.18876510946101924,0.00739748735626505
4088,train,train,3017,False,0.6173384910846533,0.11618305110823596,0.3843996410196059,0.188199914287062,0.008161280811398615
4089,train,train,3018,False,0.6240439800822115,0.11648861923541821,0.38585326859971786,0.18666732306282646,0.01033934267140984
4090,train,train,3019,False,0.6267379590165381,0.11667206913153928,0.38781635023907596,0.18615765560876232,0.011605565896592954
4091,train,train,3020,False,0.5934692982574319,0.11664984766640302,0.3826592683882419,0.19655582522788445,0.02214493620170794
4092,train,train,3021,False,0.6039570520525688,0.11925125173517157,0.39132882655242524,0.19744988709030234,0.02270883659153794
4093,train,train,3021,False,0.6039570520525688,0.11925125173517157,0.39132882655242524,0.19744988709030234,0.02270883659153794
4094,train,train,3021,False,0.6039570520525688,0.11925125173517157,0.39132882655242524,0.19744988709030234,0.02270883659153794
4095,train,train,3021,False,0.6039570520525688,0.11925125173517157,0.39132882655242524,0.19744988709030234,0.02270883659153794
4096,test,train,3021,False,0.6039570520525688,0.11925125173517157,0.39132882655242524,0.19744988709030234,0.02270883659153794
4097,train,train,3021,False,0.6039570520525688,0.11925125173517157,0.39132882655242524,0.19744988709030234,0.02270883659153794
4098,train,train,3021,False,0.6039570520525688,0.11925125173517157,0.39132882655242524,0.19744988709030234,0.02270883659153794
4099,test,train,3021,False,0.6039570520525688,0.11925125173517157,0.39132882655242524,0.19744988709030234,0.02270883659153794
4100,train,train,3021,False,0.6039570520525688,0.11925125173517157,0.39132882655242524,0.19744988709030234,0.02270883659153794
4101,train,train,3021,False,0.6039570520525688,0.11925125173517157,0.39132882655242524,0.19744988709030234,0.02270883659153794
4102,train,train,3021,False,0.6039570520525688,0.11925125173517157,0.39132882655242524,0.19744988709030234,0.02270883659153794
4103,train,train,3021,False,0.6039570520525688,0.11925125173517157,0.39132882655242524,0.19744988709030234,0.02270883659153794
4104,train,train,3021,False,0.6039570520525688,0.11925125173517157,0.39132882655242524,0.19744988709030234,0.02270883659153794
4105,test,train,3021,False,0.6039570520525688,0.11925125173517157,0.39132882655242524,0.19744988709030234,0.02270883659153794
4106,test,train,3021,False,0.6039570520525688,0.11925125173517157,0.39132882655242524,0.19744988709030234,0.02270883659153794
4107,train,train,3021,False,0.6039570520525688,0.11925125173517157,0.39132882655242524,0.19744988709030234,0.02270883659153794
4108,train,train,3021,False,0.6039570520525688,0.11925125173517157,0.39132882655242524,0.19744988709030234,0.02270883659153794
4109,train,train,3021,False,0.6039570520525688,0.11925125173517157,0.39132882655242524,0.19744988709030234,0.02270883659153794
4110,train,train,3021,False,0.6039570520525688,0.11925125173517157,0.39132882655242524,0.19744988709030234,0.02270883659153794
4111,train,train,3021,False,0.6039570520525688,0.11925125173517157,0.39132882655242524,0.19744988709030234,0.02270883659153794
4112,train,train,3021,False,0.6039570520525688,0.11925125173517157,0.39132882655242524,0.19744988709030234,0.02270883659153794
4113,train,train,3021,False,0.6039570520525688,0.11925125173517157,0.39132882655242524,0.19744988709030234,0.02270883659153794
4114,train,train,3021,False,0.6039570520525688,0.11925125173517157,0.39132882655242524,0.19744988709030234,0.02270883659153794
4115,train,train,3021,False,0.6039570520525688,0.11925125173517157,0.39132882655242524,0.19744988709030234,0.02270883659153794
4116,train,train,3021,False,0.6039570520525688,0.11925125173517157,0.39132882655242524,0.19744988709030234,0.02270883659153794
4117,train,train,3021,False,0.6039570520525688,0.11925125173517157,0.39132882655242524,0.19744988709030234,0.02270883659153794
4118,train,train,3021,False,0.6039570520525688,0.11925125173517157,0.39132882655242524,0.19744988709030234,0.02270883659153794
4119,train,train,3021,False,0.6039570520525688,0.11925125173517157,0.39132882655242524,0.19744988709030234,0.02270883659153794
4120,train,train,3021,False,0.6039570520525688,0.11925125173517157,0.39132882655242524,0.19744988709030234,0.02270883659153794
4121,train,train,3021,False,0.6039570520525688,0.11925125173517157,0.39132882655242524,0.19744988709030234,0.02270883659153794
4122,train,train,3021,False,0.6039570520525688,0.11925125173517157,0.39132882655242524,0.19744988709030234,0.02270883659153794
4123,train,train,3021,False,0.6039570520525688,0.11925125173517157,0.39132882655242524,0.19744988709030234,0.02270883659153794
4124,train,train,3021,False,0.6039570520525688,0.11925125173517157,0.39132882655242524,0.19744988709030234,0.02270883659153794
4125,test,train,3021,False,0.6039570520525688,0.11925125173517157,0.39132882655242524,0.19744988709030234,0.02270883659153794
4126,test,train,3021,False,0.6039570520525688,0.11925125173517157,0.39132882655242524,0.19744988709030234,0.02270883659153794
4127,test,train,3021,False,0.6039570520525688,0.11925125173517157,0.39132882655242524,0.19744988709030234,0.02270883659153794
4128,test,train,3021,False,0.6039570520525688,0.11925125173517157,0.39132882655242524,0.19744988709030234,0.02270883659153794
4129,train,train,3021,False,0.6039570520525688,0.11925125173517157,0.39132882655242524,0.19744988709030234,0.02270883659153794
4130,test,train,3021,False,0.6039570520525688,0.11925125173517157,0.39132882655242524,0.19744988709030234,0.02270883659153794
4131,train,train,3021,False,0.6039570520525688,0.11925125173517157,0.39132882655242524,0.19744988709030234,0.02270883659153794
4132,train,train,3021,False,0.6039570520525688,0.11925125173517157,0.39132882655242524,0.19744988709030234,0.02270883659153794
4133,test,train,3021,False,0.6039570520525688,0.11925125173517157,0.39132882655242524,0.19744988709030234,0.02270883659153794
4134,train,train,3021,False,0.6039570520525688,0.11925125173517157,0.39132882655242524,0.19744988709030234,0.02270883659153794
4135,train,train,3021,False,0.6039570520525688,0.11925125173517157,0.39132882655242524,0.19744988709030234,0.02270883659153794
4136,train,train,3021,False,0.6039570520525688,0.11925125173517157,0.39132882655242524,0.19744988709030234,0.02270883659153794
4137,train,train,3022,False,0.6161462117576973,0.11933297670080291,0.3869698503039855,0.19367639437460538,0.017687607825438895
4138,train,test,3023,False,0.6178333399106952,0.11852243019000039,0.38371656218996947,0.19183560117868068,0.013410189057706282
4139,train,test,3024,False,0.6178824600785755,0.11753505348380924,0.38278244061556954,0.19022234984443875,0.00939088449760594
4140,train,test,3024,False,0.6178824600785755,0.11753505348380924,0.38278244061556954,0.19022234984443875,0.00939088449760594
4141,train,train,3025,False,0.6212756861295188,0.11688532233525878,0.3859000036922676,0.18813760934930815,0.010353148890115587
4142,train,train,3026,False,0.6214358976376743,0.11690651664660152,0.3855073873643961,0.1881232112451338,0.00978428108786924
4143,train,train,3027,False,0.6224681810373348,0.11724426136918888,0.39160694019894454,0.18835382263845662,0.009373015552254671
4144,train,test,3028,False,0.6269020753274333,0.11774452840529714,0.39271468654373465,0.18781965005267967,0.01072146723659381
4145,test,train,3029,False,0.5962267606673272,0.11549076219333217,0.37026615953939757,0.19370274837055126,0.02034560854517696
4146,train,train,3029,False,0.5962267606673272,0.11549076219333217,0.37026615953939757,0.19370274837055126,0.02034560854517696
4147,train,train,3030,False,0.5990120904310935,0.11674150904690866,0.37881745006779705,0.194890071355476,0.021203103321308012
4148,test,test,3031,False,0.6191902241740139,0.11774396891113711,0.37582755248645305,0.19015799073411563,0.014816149721811748
4149,train,test,3031,False,0.6191902241740139,0.11774396891113711,0.37582755248645305,0.19015799073411563,0.014816149721811748
4150,train,test,3031,False,0.6191902241740139,0.11774396891113711,0.37582755248645305,0.19015799073411563,0.014816149721811748
4151,test,test,3031,False,0.6191902241740139,0.11774396891113711,0.37582755248645305,0.19015799073411563,0.014816149721811748
4152,train,test,3031,False,0.6191902241740139,0.11774396891113711,0.37582755248645305,0.19015799073411563,0.014816149721811748
4153,train,test,3032,False,0.6172872688153578,0.11675386086715596,0.375850920032728,0.18914023788506035,0.011260287898373179
4154,test,train,3033,False,0.6142442718907644,0.11592306540490077,0.37706464608260976,0.1887246991299843,0.007006789768722382
4155,test,train,3034,False,0.6254797271560236,0.11594466712328026,0.38580653350716804,0.18536918478631728,0.011136268558747353
4156,train,train,3034,False,0.6254797271560236,0.11594466712328026,0.38580653350716804,0.18536918478631728,0.011136268558747353
4157,train,train,3034,False,0.6254797271560236,0.11594466712328026,0.38580653350716804,0.18536918478631728,0.011136268558747353
4158,train,train,3034,False,0.6254797271560236,0.11594466712328026,0.38580653350716804,0.18536918478631728,0.011136268558747353
4159,train,train,3034,False,0.6254797271560236,0.11594466712328026,0.38580653350716804,0.18536918478631728,0.011136268558747353
4160,train,train,3034,False,0.6254797271560236,0.11594466712328026,0.38580653350716804,0.18536918478631728,0.011136268558747353
4161,train,train,3035,False,0.6242632165212534,0.11560911395717617,0.3878864528779007,0.18519289763926078,0.012201721145586465
4162,train,train,3035,False,0.6242632165212534,0.11560911395717617,0.3878864528779007,0.18519289763926078,0.012201721145586465
4163,train,train,3036,False,0.5995327580228802,0.11740700851807652,0.3865802170701052,0.19583084818460558,0.021561791448877852
4164,train,train,3036,False,0.5995327580228802,0.11740700851807652,0.3865802170701052,0.19583084818460558,0.021561791448877852
4165,train,train,3037,False,0.6017718877232074,0.11817180987416759,0.38881200384662573,0.19637309798779135,0.02235684144605603
4166,train,train,3038,False,0.6156309596321523,0.12028904261108746,0.3975924463074447,0.1953914771975759,0.019596287062030444
4167,train,train,3039,False,0.62103316374792,0.1186050955652024,0.3843529059270561,0.19098029298374913,0.011647865461560951
4168,train,train,3040,False,0.6156795988963507,0.11663407878316578,0.3805132458246154,0.1894395705042698,0.008538830253813176
4169,train,test,3041,False,0.6193574993006962,0.11633594264090596,0.3851848736753492,0.18783326717163915,0.006899927145914597
4170,train,train,3042,False,0.6031761629004698,0.11704797049601805,0.38220069610458185,0.19405271244999803,0.016202510805137193
4171,train,train,3042,False,0.6031761629004698,0.11704797049601805,0.38220069610458185,0.19405271244999803,0.016202510805137193
4172,train,test,3043,False,0.6068639123651695,0.11762251630191348,0.38724480124664085,0.19382025179829154,0.016247022128899054
4173,train,test,3043,False,0.6068639123651695,0.11762251630191348,0.38724480124664085,0.19382025179829154,0.016247022128899054
4174,test,train,3044,False,0.6132224908918299,0.11974562946562929,0.3943860535507787,0.1952727293016915,0.017033312704153366
4175,train,train,3045,False,0.6222680362201684,0.12002390868476683,0.39679124247226966,0.19288136574365272,0.013426925723318153
4176,train,train,3046,False,0.6245849744110119,0.12020386359080436,0.39847978909935017,0.19245397906691153,0.012360136536124942
4177,train,train,3047,False,0.6190990433219977,0.11829198486880296,0.38881986825462583,0.1910711802009335,0.009909220256544057
4178,train,train,3048,False,0.6136142664565828,0.11632413448960985,0.3804109754236529,0.18957208273748724,0.006769238855072011
4179,train,train,3049,False,0.6210819111344442,0.11658437947858023,0.38352093817876304,0.18771176134502407,0.007570915319616879
4180,train,train,3050,False,0.6319230624786981,0.11802127790397395,0.3925744812660852,0.1867652644944453,0.011373973418601798
4181,train,train,3051,False,0.5993637969425337,0.11537394218433428,0.37724963218954977,0.1924940124393202,0.01510455565537897
4182,test,train,3052,False,0.6064255317353255,0.11652489764277318,0.37804270319790356,0.19215038210764265,0.015029071929377752
4183,train,train,3053,False,0.6162805697323437,0.11749271349786043,0.38379114506912576,0.19064808995826138,0.012113588386732717
4184,train,train,3054,False,0.6200841802052061,0.1155804414778468,0.37575744984762827,0.18639475923994298,0.008033148030797327
4185,train,test,3055,False,0.6125260321795524,0.11454823341262459,0.3694522210554075,0.18700957574819704,0.00803444359634326
4186,train,test,3056,False,0.6109162739516398,0.11495907162526511,0.3723874757207082,0.18817483921596315,0.0070522586471921484
4187,test,train,3057,False,0.6239348134060304,0.11638712519101206,0.38622251738131463,0.1865373155821524,0.010580084716587735
4188,train,test,3058,False,0.595673275316407,0.11621105773327182,0.38300682216585585,0.19509194477718236,0.02102449090031621
4189,train,train,3059,False,0.6101429266058611,0.11941194172293201,0.39354485662855027,0.19571142516918744,0.021413723490727236
4190,test,train,3059,False,0.6101429266058611,0.11941194172293201,0.39354485662855027,0.19571142516918744,0.021413723490727236
4191,train,train,3060,False,0.6166714152342125,0.1176447442968051,0.38295302453820906,0.1907737919911911,0.012151742514270964
4192,test,test,3061,False,0.6148054052381069,0.11670879816721294,0.38102534731710086,0.18983046858869596,0.010060623382603533
4193,test,test,3061,False,0.6148054052381069,0.11670879816721294,0.38102534731710086,0.18983046858869596,0.010060623382603533
4194,train,train,3062,False,0.6122369490507433,0.11612452101780574,0.3815097612877799,0.18967251355517442,0.009436783215622007
4195,train,train,3063,False,0.6201595326440339,0.11599656340158554,0.380679153698562,0.18704310309806452,0.01078574777825079
4196,train,test,3064,False,0.6242369369750411,0.11608761473125206,0.3874704690037542,0.18596723111867633,0.014346348123771908
4197,train,train,3065,False,0.6049490531083638,0.11659529714071631,0.37561523004955694,0.19273572963148475,0.02041950591577786
4198,test,train,3065,False,0.6049490531083638,0.11659529714071631,0.37561523004955694,0.19273572963148475,0.02041950591577786
4199,train,train,3066,False,0.6072594385744259,0.11695063682528371,0.3794859664483328,0.19258759830861025,0.021038898877576054
4200,train,train,3067,False,0.6204619185396646,0.11836560374761697,0.3794078345298475,0.19077013465420303,0.013687131712902773
4201,train,train,3067,False,0.6204619185396646,0.11836560374761697,0.3794078345298475,0.19077013465420303,0.013687131712902773
4202,test,train,3067,False,0.6204619185396646,0.11836560374761697,0.3794078345298475,0.19077013465420303,0.013687131712902773
4203,train,train,3068,False,0.6122243560283956,0.11514898286937247,0.3702608212574256,0.18808298254640451,0.008982973584046155
4204,train,train,3069,False,0.6147587185506813,0.11564339596193077,0.3783468232776072,0.18811184367513287,0.008224538508815764
4205,train,train,3070,False,0.6206408133469558,0.11561056299071992,0.3838668194140849,0.1862761205910098,0.010509129220980528
4206,train,train,3071,False,0.627107107649384,0.11595683060683477,0.39021878329885545,0.18490753683446737,0.014426070901539521
4207,train,train,3071,False,0.627107107649384,0.11595683060683477,0.39021878329885545,0.18490753683446737,0.014426070901539521
4208,train,train,3072,False,0.5815276919199862,0.1153942294165214,0.3783483117286616,0.19843290529386995,0.025943421876135943
4209,train,train,3073,False,0.584958636363937,0.11642217422066362,0.3841454947920211,0.19902633619418958,0.027276038034980944
4210,train,train,3074,False,0.6147600137265861,0.1218956823730281,0.3988342451472605,0.198281735394783,0.026028444963164914
4211,train,train,3074,False,0.6147600137265861,0.1218956823730281,0.3988342451472605,0.198281735394783,0.026028444963164914
4212,test,test,3075,False,0.6239294258531598,0.12100007294422373,0.40139167621837596,0.19393230697329025,0.01845119755117992
4213,train,test,3075,False,0.6239294258531598,0.12100007294422373,0.40139167621837596,0.19393230697329025,0.01845119755117992
4214,test,train,3076,False,0.6309947679291921,0.12030930906966042,0.39430149201001397,0.19066609611438345,0.008839091006723292
4215,train,train,3077,False,0.6229629820559927,0.1185524950016237,0.38965798878554253,0.19030423703565752,0.00957245340060252
4216,train,train,3078,False,0.6379261775107272,0.1193248452886699,0.3904478268028027,0.18705118161836737,0.012266787146473525
4217,test,train,3079,False,0.6183522967809081,0.11576930097940827,0.3790853208408006,0.18722223816761716,0.012984755617089056
4218,train,test,3080,False,0.6240424135665532,0.11558264650675323,0.38335736535483855,0.1852160109537595,0.017414528690070936
4219,train,train,3081,False,0.5999462949941996,0.11734543529731509,0.38214925326496946,0.19559323272168821,0.02241979094653347
4220,test,train,3081,False,0.5999462949941996,0.11734543529731509,0.38214925326496946,0.19559323272168821,0.02241979094653347
4221,train,train,3082,False,0.622120713879863,0.12083880574622981,0.3934510659138501,0.19423691102104157,0.019693446278615627
4222,train,train,3083,False,0.6256828454853222,0.11958434375187352,0.38908766940779044,0.19112613461396047,0.01049344239293089
4223,train,test,3084,False,0.6224947082396519,0.11744808303102076,0.38297148288607996,0.18867322320401939,0.005917400724484021
4224,test,train,3085,False,0.6242877672370414,0.11771586694127206,0.3837350205378402,0.1885602651838851,0.006002887640672036
4225,train,test,3086,False,0.6307975251937281,0.11752475853476382,0.38532044699419676,0.1863113817681356,0.0068438233496599145
4226,train,train,3087,False,0.6194410516120095,0.11550342976517018,0.37864596942037904,0.1864639572475678,0.00744273104630989
4227,train,train,3088,False,0.6211887729052965,0.11535908662796415,0.384675419616103,0.1857069729197299,0.011391750457135603
4228,train,test,3089,False,0.5960618735629687,0.11565166350473402,0.379362536052024,0.19402627249655222,0.02186397567462037
4229,train,train,3090,False,0.609910257675338,0.11752971913986182,0.38231711790557843,0.192700020471576,0.017751719097413583
4230,train,train,3091,False,0.6105253444840684,0.11630372691836942,0.37295170269849454,0.19049778681449048,0.011859667471993015
4231,train,train,3092,False,0.6077068798902208,0.11333022082483804,0.37363542734314775,0.18648829653748628,0.006631600449497514
4232,test,train,3093,False,0.6181817064636529,0.1140268367351603,0.37864596942037904,0.18445521040643204,0.011163768858598764
4233,train,train,3094,False,0.5924372703117281,0.11426655626496295,0.3763385340798381,0.19287536755551904,0.02022270638141746
4234,train,train,3095,False,0.6062150827772481,0.11701823800513288,0.38473536187998975,0.1930308917241686,0.019263602899718485
4235,train,train,3096,False,0.6152456844144014,0.11616371587360663,0.3754160925425826,0.18880866427234302,0.012245381587803555
4236,test,train,3097,False,0.606502904492417,0.11399485179052567,0.36824284576880195,0.18795433780474324,0.007406554472275132
4237,train,train,3098,False,0.6048853698292622,0.11343900763540035,0.369609439770862,0.18753802504335684,0.0068088322405137364
4238,train,train,3099,False,0.6119562192063912,0.11376966095877201,0.3719481243002867,0.18591143841354038,0.00790626296587631
4239,train,train,186,False,0.6176155630550278,0.11430896449658638,0.3803099049169652,0.18508109467183514,0.01058820232276773
4240,train,train,186,False,0.6176155630550278,0.11430896449658638,0.3803099049169652,0.18508109467183514,0.01058820232276773
4241,train,test,3100,False,0.5943173533760424,0.11528281982247206,0.3822371317314716,0.19397518710770198,0.01851021457214072
4242,train,test,3100,False,0.5943173533760424,0.11528281982247206,0.3822371317314716,0.19397518710770198,0.01851021457214072
4243,train,test,3100,False,0.5943173533760424,0.11528281982247206,0.3822371317314716,0.19397518710770198,0.01851021457214072
4244,train,train,3101,False,0.6040840219455826,0.11683575927682176,0.386732084475893,0.19340978246788756,0.01803178610668265
4245,test,train,3102,False,0.6175529779040225,0.11772033330400918,0.38288151805036474,0.19062386145971233,0.011466017077770016
4246,train,train,3103,False,0.6143808120124612,0.11581904261115507,0.3771222392014424,0.188513443692649,0.007548460728914968
4247,train,train,3104,False,0.6064997563051285,0.1142602553842349,0.37084037795549657,0.1883929122747262,0.007367805289418559
4248,test,train,3105,False,0.6068920802047044,0.11353950713523986,0.3712329942833682,0.18708352084104152,0.00815768350771221
4249,train,train,3106,False,0.6165450819061076,0.11489429371817828,0.3811652402115332,0.18635181285198427,0.009802372614446478
4250,train,train,3107,False,0.5935950671907306,0.11696841928798825,0.3829504571001444,0.19705086135832833,0.025360753662813613
4251,train,train,3108,False,0.6060195410463607,0.11898899113766151,0.3894661282927013,0.19634513918843882,0.023965501662028845
4252,test,test,3109,False,0.6136725874984897,0.11839530713773724,0.3831952315235487,0.1929291116299514,0.016543964380859224
4253,train,train,3110,False,0.6213910192006349,0.11527845755266797,0.3769820339237929,0.1855167744473739,0.005036173362698687
4254,train,train,3111,False,0.6108006377553471,0.11608838154555856,0.3775490600532889,0.19005936531463993,0.008008258743657676
4255,train,train,3111,False,0.6108006377553471,0.11608838154555856,0.3775490600532889,0.19005936531463993,0.008008258743657676
4256,test,train,3112,False,0.6110304845991859,0.11502910333798542,0.37645384427707385,0.18825427902085834,0.005775323943082092
4257,train,train,3113,False,0.6180621025839944,0.11472221924100161,0.3863627226589641,0.18561600648441456,0.013421965031229062
4258,train,test,3114,False,0.5918927747919255,0.11484250673787899,0.37787521330113083,0.19402586351599044,0.023790693319912456
4259,test,train,3115,False,0.5940358107868127,0.1156944788878418,0.38433735528486224,0.19476010837562482,0.02462037684267469
4260,test,train,3116,False,0.6153784725508794,0.11676292518184007,0.38094768804663265,0.1897416474415038,0.014457854018154396
4261,train,train,3117,False,0.6189132124489385,0.11798743514603734,0.3820341683455125,0.19063647822152693,0.010383629162253964
4262,train,train,3118,False,0.6128184763850344,0.115715896262257,0.37686982815122033,0.18882573016540807,0.005578402988855204
4263,test,train,3119,False,0.6141442630686441,0.11494386915218988,0.3800341263204682,0.18716102398784823,0.0062529509024567935
4264,test,train,3120,False,0.6224668705516346,0.11549972207782278,0.38224961901004856,0.18555159726888934,0.010541712063803261
4265,train,train,3121,False,0.5938400996863987,0.11455545271958803,0.3813000577253303,0.19290622640687902,0.017353059642340428
4266,train,train,3122,False,0.6133208250122082,0.11715952622692198,0.38193805072717363,0.19102486243572425,0.012869926873307763
4267,train,train,3123,False,0.6102653588313337,0.1154449935377935,0.3760527486628862,0.18917179529716746,0.007231285854671791
4268,train,train,3124,False,0.6081334311290478,0.1149329787171082,0.37361296994929244,0.1889930282302126,0.00698732806674636
4269,train,train,3125,False,0.6150361435322143,0.11493843445933008,0.3743038222675164,0.1868807803704464,0.007210472851875567
4270,test,train,3126,False,0.6207298949671971,0.11535144527433314,0.38432953838078115,0.18583194753400586,0.00958051272217824
4271,train,train,3127,False,0.5873551252269638,0.1143124352030052,0.37487988887285,0.19462235076067988,0.02022890344085661
4272,train,train,3127,False,0.5873551252269638,0.1143124352030052,0.37487988887285,0.19462235076067988,0.02022890344085661
4273,train,train,3128,False,0.6149926592875575,0.11995220885757968,0.39423996418377794,0.1950465701436813,0.02126793333666037
4274,train,train,3128,False,0.6149926592875575,0.11995220885757968,0.39423996418377794,0.1950465701436813,0.02126793333666037
4275,train,train,3128,False,0.6149926592875575,0.11995220885757968,0.39423996418377794,0.1950465701436813,0.02126793333666037
4276,train,train,3129,False,0.6212021447607344,0.12080676200071086,0.3955309852845828,0.1944725449189192,0.01993982081495563
4277,test,train,3130,False,0.638323236595114,0.12037069067919098,0.39144497993460065,0.18857325533261396,0.01008773941824381
4278,test,train,3131,False,0.6179349919932513,0.11615178752968912,0.37836181996603824,0.18796764875706806,0.010277652693558048
4279,train,test,3132,False,0.6145518026865284,0.11575926899308289,0.3759911253103775,0.18836372863449163,0.008915408125274308
4280,train,train,3133,False,0.6152876393232115,0.11555269455507634,0.37581977085148194,0.18780272375076323,0.00885500005752206
4281,train,train,3134,False,0.6167624785097346,0.11568103377271766,0.375528406343681,0.18756172400797533,0.00920395866594795
4282,train,train,3135,False,0.6180290521416337,0.1162442652196754,0.3787628071517537,0.18808867449978015,0.009263108925379845
4283,train,test,3136,False,0.6181158641935419,0.11620930080266445,0.3807726238836617,0.18800569203038198,0.007937863490136447
4284,train,test,3137,False,0.6212209883473855,0.11620528072796664,0.38432953838078115,0.18705948914749945,0.008171649432217988
4285,train,train,3138,False,0.6245764950247598,0.11646028611632848,0.3883258042983221,0.18646280646810398,0.00871415340327595
4286,train,test,3139,False,0.629509802294686,0.11696304188564448,0.39144336737502006,0.18580019160828215,0.012456405084661589
4287,train,test,3139,False,0.629509802294686,0.11696304188564448,0.39144336737502006,0.18580019160828215,0.012456405084661589
4288,train,train,3140,False,0.6018023955690166,0.11753241900618924,0.38814212270015486,0.19530068320027194,0.018201054582395428
4289,train,train,3141,False,0.6044195422843733,0.117634162974317,0.3853642599173084,0.19462336133230337,0.019016748693898806
4290,train,train,3142,False,0.6227952390303598,0.12013224343728363,0.3934510659138501,0.19289203884140074,0.014272943702974232
4291,test,train,3143,False,0.6208712464375618,0.11758156006373074,0.3822729865563235,0.18938155171203502,0.009023320075753528
4292,train,train,3144,False,0.626036154609219,0.11903273584315481,0.3871928494537813,0.19013715895922464,0.009639757474392522
4293,train,train,3145,False,0.6168464549715542,0.11730131131638509,0.38503602030025363,0.1901629009471967,0.007716796102501269
4294,train,train,3146,False,0.6184404278002181,0.11685904085890379,0.38254319344668614,0.18895763537737884,0.00900121664316637
4295,test,train,3147,False,0.6209145767927291,0.11588316014984608,0.3810484024801588,0.1866330160074977,0.009468269547576177
4296,train,train,3148,False,0.6239789879403117,0.11633924990771338,0.38462868452355314,0.18644738389627008,0.010311120977753262
4297,train,train,3149,False,0.6269946400596629,0.11718470167314517,0.38783971778535087,0.18689904855007092,0.010244032060715703
4298,train,train,3150,False,0.6019710345755488,0.11229721112924824,0.3587905421173145,0.18654919369738326,0.017009296001377395
4299,train,test,3151,False,0.601347303624604,0.11229779886433455,0.3597901339717909,0.18674366408140974,0.016683075686526296
4300,train,test,3151,False,0.601347303624604,0.11229779886433455,0.3597901339717909,0.18674366408140974,0.016683075686526296
4301,test,train,3152,False,0.6157880114601297,0.11548484098254244,0.3692447645269174,0.18753993067956912,0.017640556415724082
4302,train,train,3153,False,0.6189879699023366,0.11595606700938411,0.3732831250318763,0.187331697298866,0.017025648193143703
4303,train,test,3154,False,0.6194930576350818,0.11584277378932044,0.3711909000958965,0.18699608068498924,0.017277725752643584
4304,train,train,3155,False,0.6195223295717105,0.11619694230788193,0.37102635238102494,0.18755892525812823,0.017407724625981738
4305,train,train,3156,False,0.6195373302436773,0.11626071708104133,0.37144233625517153,0.18765732330497906,0.017422282915035694
4306,train,train,3157,False,0.6199629853514397,0.11623593968094154,0.3717806608588499,0.1874885153265249,0.01688737833845501
4307,train,train,3158,False,0.6201814466832547,0.11619081273231822,0.3725380457279867,0.18734970766008802,0.017038872998503044
4308,train,train,3159,False,0.6207620487238623,0.11616622870774868,0.3725380457279867,0.18713487550754518,0.016695190740917215
4309,test,train,3160,False,0.6214940961574225,0.11625373037764447,0.3729632587760687,0.18705524492737544,0.0166030862182116
4310,train,train,3161,False,0.6215288695086336,0.11641146198945924,0.3730439944378484,0.18729855956890862,0.016787994537099293
4311,train,train,3162,False,0.621548835412221,0.11635170979004053,0.3731247300996285,0.18719640865045503,0.016257666984947353
4312,train,train,3163,False,0.621715332179717,0.11638941868768982,0.3732146949353436,0.18720693002637026,0.016639241884986656
4313,train,train,3164,False,0.6194326567647898,0.11548642914816906,0.37262493417239007,0.18643903883166016,0.017833041967729637
4314,train,test,3165,False,0.6219667445804016,0.11590857685349037,0.3734784366598659,0.18635815799393898,0.017592120821673347
4315,train,train,3166,False,0.6116427119503363,0.11175945809269584,0.36240386274119135,0.18272016638002614,0.016796840859755354
4316,train,train,3167,False,0.6077284502034508,0.10970562859474976,0.3567436613270643,0.18051751330388321,0.021121804827846948
4317,train,test,3168,False,0.5910742996002362,0.11137403345278389,0.3549953786197939,0.18842645252569765,0.019879150071725513
4318,train,test,3168,False,0.5910742996002362,0.11137403345278389,0.3549953786197939,0.18842645252569765,0.019879150071725513
4319,train,train,3169,False,0.5968219630311973,0.11241170919699783,0.359336002845378,0.18835049002900353,0.019048107266182685
4320,train,train,3170,False,0.6015176370002817,0.10905998922934906,0.34560927247724893,0.18130804904278805,0.018963748172396964
4321,test,train,3171,False,0.5933122716818388,0.10689219161431296,0.34796774961975985,0.18016177435755695,0.021010955267244873
4322,train,train,3172,False,0.5953605875569442,0.1103495095537179,0.3504900724699276,0.18534903361093474,0.02049895575496847
4323,train,train,3173,False,0.6091238401618454,0.11250958670035265,0.3561639314619936,0.18470724552573517,0.018134062833798346
4324,train,train,3174,False,0.5954971923074394,0.1089525684467137,0.35218415444339185,0.18296067530485413,0.017396822155100248
4325,train,train,3175,False,0.5948815723517858,0.10658477020012869,0.3461645352372846,0.17916972915930116,0.02346062746615154
4326,train,train,3176,False,0.5947115087099589,0.11128915698210216,0.35530994790566617,0.18713133233878265,0.01444857429721317
4327,train,train,3177,False,0.5970828482449155,0.11223442310744172,0.35950916445592246,0.18797127306092812,0.015597016949004073
4328,train,train,3178,False,0.6106041057714747,0.1115711772458255,0.35836086173110054,0.18272261223147138,0.015092253971093861
4329,train,train,3179,False,0.5933889326909936,0.10665087248490558,0.345045105119357,0.17973181940089178,0.020460590798867504
4330,train,train,3180,False,0.5966856306173973,0.10690494817236094,0.35614444264976,0.17916460978244975,0.027664821572981977
4331,train,train,3181,False,0.5951868038607209,0.11189392041844438,0.35943642741155335,0.1879979859980709,0.020811507821097974
4332,train,train,3182,False,0.6084439259454637,0.11437628441977889,0.3669603043542596,0.18798163568162682,0.020600055871235583
4333,train,train,1445,False,0.6102272512194129,0.11255540785275851,0.35910350610282554,0.184448347116324,0.017644993589858826
4334,train,train,3183,False,0.6092132255514278,0.11077281832159909,0.3499631034032491,0.1818293065146991,0.018686901878834185
4335,train,train,3184,False,0.59861948782485,0.10892092361559182,0.34563356641528425,0.18195352111132904,0.01877162762040717
4336,train,train,3185,False,0.5991995463079733,0.10882243518693407,0.343080170696478,0.1816130133232813,0.01950482331283793
4337,train,train,3186,False,0.5969996288774153,0.1088505774794671,0.3517097517035578,0.18232938885430677,0.020549063488606835
4338,train,train,3187,False,0.5907798527979606,0.10988762305011746,0.35232815959915703,0.18600435090953865,0.021158965384833292
4339,train,train,3188,False,0.5971144403174747,0.11106120104615651,0.3580116225089949,0.18599650845340018,0.020225230359737126
4340,train,train,3189,False,0.6016903901028969,0.11180972785709178,0.35962866264823107,0.18582601566558318,0.02041630343543831
4341,train,train,3190,False,0.6064497007510251,0.10997206611948414,0.34759572166288194,0.18133748929762045,0.020176504414516242
4342,train,train,3191,False,0.5973796261587246,0.10731608674230066,0.3445590186063857,0.17964470504688188,0.021457518906362938
4343,train,train,3192,False,0.5947893364247676,0.11137131404271018,0.35205789034817486,0.18724497435033802,0.020050913274635936
4344,train,train,3192,False,0.5947893364247676,0.11137131404271018,0.35205789034817486,0.18724497435033802,0.020050913274635936
4345,test,train,3193,False,0.6045249189476569,0.11335012445339247,0.36165553387899024,0.18750281568328028,0.01985824198058309
4346,train,test,3194,False,0.6109159822011774,0.11235419279305654,0.35958544580726526,0.18391103861489386,0.017184848217089557
4347,train,train,3195,False,0.5981002186194806,0.10834563953453014,0.34899556233610846,0.18114964041412782,0.018346039001838378
4348,train,test,3196,False,0.5959008518187888,0.10774931834074086,0.35348867214799784,0.18081752696253406,0.026202663039047003
4349,train,test,3197,False,0.5998211028990742,0.11050531910910104,0.34865851286715827,0.1842304623411935,0.019345369937360964
4350,test,test,3197,False,0.5998211028990742,0.11050531910910104,0.34865851286715827,0.1842304623411935,0.019345369937360964
4351,train,test,3198,False,0.6149643351622621,0.11186159191466755,0.356234207267818,0.18189931597440065,0.018654532619908175
4352,train,train,3199,False,0.6165035156471126,0.11084414817087261,0.3594452405296157,0.17979483548366323,0.01911635809438787
4353,train,test,3200,False,0.5996972033265378,0.10904659259067132,0.34983828746577866,0.18183608658800926,0.01757652732872248
4354,test,train,3201,False,0.6001433667634263,0.10836188251573019,0.35004581620697167,0.1805599936897177,0.019854172909162558
4355,train,train,3202,False,0.6019403025595027,0.10820839571676197,0.3532208717575967,0.1797659921700714,0.02531956128217297
4356,train,train,3203,False,0.5924523727566582,0.10955565804270759,0.350294760841938,0.18491892864391665,0.019719727009116762
4357,train,train,3204,False,0.5952739418674852,0.11068950952083949,0.3553265604187498,0.18594717782133363,0.020002306193891265
4358,train,train,3205,False,0.6062277144870226,0.11205392649653555,0.36066824758976096,0.18483801353646998,0.018091132097604164
4359,train,train,3206,False,0.6101999532767953,0.11275551285247114,0.3596778849092199,0.18478453209799517,0.01769036192495943
4360,train,test,3207,False,0.6073724073984003,0.11060110902804422,0.35277076295579807,0.18209768451910668,0.017662283303152424
4361,train,test,3208,False,0.5965287923945325,0.10878813189147067,0.34985089763067656,0.18236861871290921,0.016060018551716064
4362,train,train,3209,False,0.598745385502206,0.10805608159107463,0.35492078496535556,0.18047083820185283,0.022849831646059048
4363,train,test,3210,False,0.5967836006176189,0.11183917468558345,0.35703824708537435,0.18740323053421654,0.018582693934010047
4364,train,train,3211,False,0.6005258066741891,0.11292244093115236,0.36204075384001855,0.1880392810369557,0.01921927500922559
4365,train,train,3212,False,0.6147552900280708,0.11313413365064673,0.3603940460092834,0.1840311673373007,0.01628082079700239
4366,train,train,3213,False,0.605564599852516,0.10948200559255064,0.34924797338633073,0.18079327229368222,0.01648137497381039
4367,train,train,3214,False,0.5991939485174194,0.10763541208523067,0.3478051031875958,0.1796336767945539,0.019258603505073846
4368,train,train,3215,False,0.5940324918159067,0.1072715764081482,0.3544248674627675,0.18058200163467178,0.026993592162035167
4369,test,train,3216,False,0.5953592587842848,0.11182542617278432,0.35440155144342966,0.18782848258903417,0.021293778877264143
4370,train,train,3217,False,0.6116062007246665,0.11273684567751159,0.35434122826728465,0.18432914111062712,0.018318789958860323
4371,test,train,3218,False,0.6090930282020719,0.11105974470703046,0.35300165924326615,0.1823362599221632,0.018004794678997755
4372,train,train,3219,False,0.6097422405065864,0.11108614133949157,0.3525623078228446,0.18218541206395494,0.018145221397341198
4373,test,train,3220,False,0.60404037823967,0.10960369163523583,0.35063427750289883,0.18145093537397175,0.018361124514444972
4374,train,train,3221,False,0.5990244745426282,0.10881414842103856,0.34701987053185257,0.18165225803857377,0.017865360374330497
4375,train,train,3222,False,0.5944799768162584,0.10731121433538199,0.3534545472203458,0.18051274815022017,0.022890119277204694
4376,train,test,3223,False,0.5958856975835521,0.10759414401435004,0.35437813237021765,0.18056171586374367,0.024164401521281752
4377,test,train,3224,False,0.5934078785234759,0.11069466481946906,0.3562747094336139,0.18654060524929458,0.02101807890762388
4378,test,train,3225,False,0.6113286452919109,0.1108126773178605,0.3506324247193782,0.18126531150024416,0.018293870938250485
4379,train,test,3226,False,0.6001373570562571,0.10817381725798948,0.34344941947807484,0.1802484314400865,0.018634176864748886
4380,train,train,3227,False,0.5968523138952464,0.1076463104484151,0.3482210870617423,0.18035669451607106,0.019609678793435243
4381,train,train,3228,False,0.5954191698461767,0.10728342650247256,0.351224591582347,0.18018134439673592,0.0217349197189433
4382,test,train,3229,False,0.5934971069938735,0.10998537233082713,0.35275767959507565,0.18531745316824683,0.01869880311073803
4383,train,train,3230,False,0.6015380136758892,0.11137471045213054,0.3599639108605978,0.18514991225831262,0.019204283581883835
4384,train,test,3231,False,0.6005879926783235,0.10904823346312696,0.34675299653321184,0.18156912024968416,0.01884833463739779
4385,test,train,3232,False,0.5948901194552633,0.10865638824370288,0.34462912124521045,0.1826495090273121,0.017533736726885348
4386,train,train,3233,False,0.5910117481533936,0.10760723575900279,0.3402402389997979,0.1820729217231634,0.019290156464245048
4387,train,train,3234,False,0.5945447714254475,0.10678273030548928,0.3425141505550654,0.1796041869975123,0.023130093187446688
4388,train,train,3235,False,0.5954777634528118,0.1098088405909599,0.34888226150462687,0.1844046030438576,0.020792468545017487
4389,train,train,3236,False,0.6137775789831126,0.11131934796408027,0.35586495848622124,0.18136756990783318,0.018982883679416473
4390,train,train,3237,False,0.5939886632400851,0.11054208056027925,0.35273453955553175,0.18610133054946723,0.022799461200797507
4391,test,train,3237,False,0.5939886632400851,0.11054208056027925,0.35273453955553175,0.18610133054946723,0.022799461200797507
4392,train,train,3237,False,0.5939886632400851,0.11054208056027925,0.35273453955553175,0.18610133054946723,0.022799461200797507
4393,train,train,3237,False,0.5939886632400851,0.11054208056027925,0.35273453955553175,0.18610133054946723,0.022799461200797507
4394,train,train,3237,False,0.5939886632400851,0.11054208056027925,0.35273453955553175,0.18610133054946723,0.022799461200797507
4395,test,train,3238,False,0.597498951111403,0.10952612014756816,0.34179809414638657,0.18330763584411236,0.019694590381429098
4396,train,train,3239,False,0.5938129662699949,0.10912470116738049,0.3416606680440183,0.18376948191758358,0.02011707865486323
4397,train,train,3240,False,0.596337411822171,0.10824097347036966,0.3534185695091731,0.18150961406165697,0.02753239193932227
4398,test,test,3241,False,0.5899089008893977,0.10842815852160757,0.3473767209402887,0.18380492031588588,0.02337601015396789
4399,train,train,3242,False,0.5946944669630964,0.106751456399735,0.3424449743080011,0.17950638912932654,0.02356946956957919
4400,test,train,3243,False,0.5931737543997297,0.10654771158372105,0.3428034657082207,0.17962310502349088,0.023858289598873535
4401,train,train,3244,False,0.5936811535537565,0.1065695755932976,0.3410820377377076,0.17950641511083099,0.024666697525722467
4402,train,train,3245,False,0.59203183125416,0.10698332519350215,0.3496190749514481,0.18070535999199352,0.027100447260190796
4403,train,train,3246,False,0.5927765082433203,0.1071329253872506,0.3489605110166961,0.18073072042739444,0.026590284859847654
4404,test,train,3247,False,0.6064444002953667,0.11268438684237587,0.36576847726310535,0.18581157116380878,0.01841109071946969
4405,train,test,3248,False,0.6116100596397163,0.11354641681071191,0.37015439154567853,0.18565165013407264,0.01818547251874828
4406,test,train,3249,False,0.6103122423536774,0.11300254538407963,0.36680190942201174,0.18515529845556394,0.018607648362302494
4407,train,train,3250,False,0.611695849524046,0.11312378127821211,0.36571235273182,0.1849346883197467,0.017088366966747686
4408,train,train,3251,False,0.6076602916424737,0.11136654541624347,0.3557202600660408,0.18327105941911323,0.015415789969694699
4409,train,train,3252,False,0.6033049550640596,0.11021448912308864,0.35213649295908145,0.18268454153734895,0.016704520101633282
4410,train,train,3253,False,0.6009266635215349,0.10944363010968858,0.34699650298557766,0.182124769548966,0.017300617369546755
4411,train,test,3254,False,0.5958954329383334,0.10760778149760918,0.3479443820734848,0.18058165166160123,0.019766988891305202
4412,train,train,3255,False,0.5929697453809447,0.10974160971372916,0.34579044471417064,0.18507117870445022,0.020351525324889968
4413,train,train,3256,False,0.6062645499772681,0.11187003990660531,0.3496327441034672,0.18452347232045793,0.020570138142047813
4414,test,train,3257,False,0.6056905391020126,0.10927782015029236,0.3480107791452682,0.1804185687171306,0.01962489012083353
4415,train,train,821,False,0.6062133084395654,0.11422038096614899,0.3862271493401164,0.18841615546210966,0.011501789291905287
4416,test,train,3258,False,0.5978194548397788,0.10834682817710574,0.34102454526378073,0.18123670499506192,0.018302282914165195
4417,train,train,3259,False,0.5953155434690894,0.10785826100665265,0.3392923599118906,0.18117830483331396,0.01856928060194364
4418,test,train,3260,False,0.5938935745176278,0.10766173142570223,0.34054031153433034,0.18128118579687824,0.018613712227270773
4419,train,train,3261,False,0.604417545824044,0.11326179578695113,0.36756004377882157,0.18738998655727895,0.00680607607660275
4420,train,test,3262,False,0.6036846353507819,0.11304188995720903,0.3677036576458985,0.18725321689117363,0.006298882684304464
4421,train,train,3263,False,0.6071827384495032,0.11431864565371339,0.3723434835876701,0.18827716668236738,0.007793527684101996
4422,train,train,3264,False,0.6182474669639325,0.116447773640648,0.38018722678618405,0.18835139626611905,0.007406497865687895
4423,train,train,3265,False,0.6179108386144397,0.11606619362841335,0.37873943960547873,0.1878364747390936,0.006424817656229188
4424,test,train,3266,False,0.6202094370285876,0.11675731095129759,0.3804478921193945,0.18825465073649927,0.007974957309409638
4425,train,train,3267,False,0.6197425052098623,0.11677921884965968,0.37902308721683614,0.18843183720328324,0.007686911759430745
4426,train,train,3268,False,0.6195694818688768,0.11644299117356337,0.3791099756612397,0.18794177986676058,0.00784231116634675
4427,train,train,3269,False,0.6195009546662699,0.11665810145234075,0.3811122357615041,0.18830980093515015,0.007355486189645287
4428,train,train,3270,False,0.6205958798647004,0.1166582888261832,0.3807085574526049,0.187977865485695,0.007281286725100442
4429,train,train,3271,False,0.6206571310951242,0.1167183648034483,0.3791161284438632,0.1880561085272693,0.007614496643135845
4430,test,train,3272,False,0.6209526490769862,0.11680042812049203,0.380786216723073,0.18809876774679968,0.007515652864886905
4431,test,train,3273,False,0.6209702779826044,0.11686812460178085,0.3804478921193945,0.18820244502113634,0.0069282921597504
4432,train,train,3274,False,0.621015458446641,0.11694330810362683,0.379702812815505,0.18830981823888826,0.0073505338883001715
4433,train,test,3275,False,0.6200694265865692,0.11638061035249035,0.38046019768464173,0.18768964467923532,0.008661968147613764
4434,train,train,3276,False,0.6045238503709417,0.10890574865556898,0.3638854898263801,0.18015128532768948,0.016493712747725257
4435,train,train,3276,False,0.6045238503709417,0.10890574865556898,0.3638854898263801,0.18015128532768948,0.016493712747725257
4436,train,test,3277,False,0.5950805595262624,0.11167423286958826,0.36689971017790873,0.1876623779450819,0.007612852770716948
4437,train,test,3277,False,0.5950805595262624,0.11167423286958826,0.36689971017790873,0.1876623779450819,0.007612852770716948
4438,test,test,3277,False,0.5950805595262624,0.11167423286958826,0.36689971017790873,0.1876623779450819,0.007612852770716948
4439,train,test,3277,False,0.5950805595262624,0.11167423286958826,0.36689971017790873,0.1876623779450819,0.007612852770716948
4440,train,test,3277,False,0.5950805595262624,0.11167423286958826,0.36689971017790873,0.1876623779450819,0.007612852770716948
4441,train,test,3277,False,0.5950805595262624,0.11167423286958826,0.36689971017790873,0.1876623779450819,0.007612852770716948
4442,train,test,3278,False,0.5933401695424625,0.10665866804719323,0.36061648011954867,0.1797597289417301,0.019192469308227038
4443,train,test,3278,False,0.5933401695424625,0.10665866804719323,0.36061648011954867,0.1797597289417301,0.019192469308227038
4444,train,train,3279,False,0.5932029772301509,0.11045822260382243,0.36171302317621096,0.186206453513747,0.011489483349523669
4445,train,train,3280,False,0.5926101719652332,0.1114959915969009,0.36554938377251306,0.18814390449484567,0.009217683157239495
4446,train,test,3281,False,0.5894450304931853,0.10502575186364498,0.35681092246492824,0.17817734721721298,0.02419842878849771
4447,test,train,3282,False,0.5952617427356343,0.11215630438178176,0.36223435384263175,0.18841510604452244,0.00968154578145551
4448,train,train,3282,False,0.5952617427356343,0.11215630438178176,0.36223435384263175,0.18841510604452244,0.00968154578145551
4449,test,train,3283,False,0.602627659231566,0.11363918410776502,0.3676266280405671,0.1885727984219489,0.00893056131322791
4450,train,train,3284,False,0.6101412343546296,0.11358340636587648,0.36949895614795736,0.18615920375553394,0.008841103125170642
4451,train,train,3285,False,0.5982245501841896,0.10906441731159928,0.36201634156800183,0.18231350966458837,0.010573839768268204
4452,train,train,3286,False,0.5915291677857806,0.1061274775263728,0.3624416724606582,0.17941207856855226,0.02242522263186134
4453,test,train,3287,False,0.5945961572320176,0.11224727767131165,0.3646898892566211,0.1887790163223534,0.011761725771704546
4454,train,test,3288,False,0.598358045088117,0.11364836603280626,0.36926779824144584,0.18993371438010812,0.012854649849466817
4455,train,train,3289,False,0.6014133285875287,0.10980019922376659,0.36880719367731374,0.1825702790485902,0.010815579228622753
4456,train,train,3290,False,0.5939782635437666,0.10628618061813726,0.3554152713298498,0.1789395120016975,0.02022621814044531
4457,test,train,3291,False,0.5900082578608545,0.1046393760300389,0.35204672834102335,0.17735239233671315,0.026452107896920974
4458,train,train,3292,False,0.5963656030294289,0.11156804262451982,0.3638421648079324,0.1870799423336531,0.011876511477796252
4459,train,train,3292,False,0.5963656030294289,0.11156804262451982,0.3638421648079324,0.1870799423336531,0.011876511477796252
4460,train,train,3293,False,0.6112402480611129,0.1125523301910037,0.36783502065137125,0.1841376292677483,0.009058324135557209
4461,train,test,3294,False,0.5977133154669572,0.1084182014010228,0.35751062159121466,0.18138829869687986,0.010799014404455217
4462,test,test,3295,False,0.5960032682961959,0.10755611981782677,0.35664406571938945,0.18046229868050753,0.015531743562515517
4463,train,train,3296,False,0.5969534575290126,0.10699679276578691,0.3578794071769311,0.17923808199165467,0.019704913256918737
4464,train,train,3297,False,0.5931900642207681,0.10609350478322127,0.36052534668907654,0.17885246429841808,0.02350035638709289
4465,train,train,3298,False,0.5942614126811385,0.11019663313916662,0.3551806279248874,0.18543460973175213,0.009954072216780773
4466,train,train,3299,False,0.6037125991343706,0.11222904342848022,0.36162233565248963,0.1858981303179677,0.009333110052878266
4467,test,train,3300,False,0.6075392775468224,0.11192755875539538,0.36709652308817775,0.18423098372725252,0.008139572191203034
4468,test,train,3301,False,0.6114384582314973,0.11217115133897373,0.3690362371812609,0.18345452404713558,0.009162019051054491
4469,train,train,3302,False,0.5972840645644873,0.10814440339727975,0.3583187585973525,0.1810602522538983,0.012967830829367314
4470,train,train,3303,False,0.5932977622763254,0.10606272960775828,0.3562355553050055,0.17876812681852003,0.020413693861563564
4471,train,train,3304,False,0.5877116992647194,0.10371194458791055,0.35123812813900523,0.17646738140088683,0.02763452675126009
4472,train,train,3305,False,0.5970875952344283,0.11180690932679413,0.3631685919918873,0.18725378021443662,0.007671950742282749
4473,train,train,3306,False,0.6122814105462357,0.11420344894773639,0.37312597328390157,0.18652117634251195,0.005948103210904507
4474,train,train,3307,False,0.6124592433720789,0.1131378762877115,0.37633700654569924,0.18472719207370736,0.007164754207846023
4475,train,test,3308,False,0.5992021939451594,0.10896799248755845,0.35946060909456823,0.18185512935143142,0.011822423910692681
4476,train,train,3309,False,0.5930642302205625,0.10633391549369955,0.3592577538626301,0.17929578294437623,0.020217057763982114
4477,test,train,3310,False,0.5871488448191667,0.10502052676766357,0.3567445461683715,0.17886525315400792,0.023224949731533048
4478,test,train,3311,False,0.589222805694303,0.11020594539272137,0.3647533971270549,0.1870361166059444,0.011658046833795054
4479,train,train,3312,False,0.5932927929289847,0.11152715396955509,0.3718096068215762,0.187979957448943,0.01438674417615806
4480,train,train,3312,False,0.5932927929289847,0.11152715396955509,0.3718096068215762,0.187979957448943,0.01438674417615806
4481,train,train,3312,False,0.5932927929289847,0.11152715396955509,0.3718096068215762,0.187979957448943,0.01438674417615806
4482,train,train,3312,False,0.5932927929289847,0.11152715396955509,0.3718096068215762,0.187979957448943,0.01438674417615806
4483,train,train,3312,False,0.5932927929289847,0.11152715396955509,0.3718096068215762,0.187979957448943,0.01438674417615806
4484,test,test,3313,False,0.6136831326799528,0.11505680999239692,0.3804140518149645,0.18748569720328487,0.0129700629194117
4485,test,test,3313,False,0.6136831326799528,0.11505680999239692,0.3804140518149645,0.18748569720328487,0.0129700629194117
4486,train,test,3313,False,0.6136831326799528,0.11505680999239692,0.3804140518149645,0.18748569720328487,0.0129700629194117
4487,test,test,3313,False,0.6136831326799528,0.11505680999239692,0.3804140518149645,0.18748569720328487,0.0129700629194117
4488,train,test,3313,False,0.6136831326799528,0.11505680999239692,0.3804140518149645,0.18748569720328487,0.0129700629194117
4489,test,train,3314,False,0.6249181466678184,0.1160522994084271,0.3795597998398159,0.18570800036331137,0.010424326956984318
4490,train,train,3315,False,0.6194504289476496,0.11272472845532555,0.3729624004599771,0.1819753820282721,0.010772784329347905
4491,train,train,3316,False,0.6170190492937323,0.11066113095334217,0.3660542474234104,0.17934799756994516,0.016433851437809937
4492,train,test,3317,False,0.6185608998229319,0.11025247323329283,0.3687791941722369,0.17824028849035478,0.020167582231895645
4493,train,test,3318,False,0.611005437853843,0.11483922824038947,0.37443878491496174,0.18795123762525312,0.007952484230617854
4494,train,train,3319,False,0.6149270026907714,0.11502144810412193,0.3764095316144355,0.18704894662425944,0.010044945414944103
4495,train,train,3320,False,0.6329640996267833,0.11861802794870904,0.3834551473690861,0.18740087789915758,0.008584078191298118
4496,train,train,3321,False,0.6307061166791609,0.11734899867752943,0.38086146210995947,0.18605971239886462,0.008042515924032512
4497,test,train,3322,False,0.6176103192629494,0.11516345963841573,0.37299477217685967,0.18646621671712152,0.007891578417638951
4498,train,train,3323,False,0.6057224651196984,0.10983474844907003,0.36299602960416005,0.1813285040160518,0.012088795158757078
4499,train,train,3324,False,0.6023514073298026,0.1082390185334069,0.3647174575746733,0.17969414068977727,0.01876344880155958
4500,train,train,3325,False,0.59876130789057,0.10683431058236305,0.3630310809235724,0.17842554148787476,0.02259027131881671
4501,train,train,3326,False,0.5998952355592848,0.11260821544114398,0.36882990488428014,0.18771313517127516,0.00901335145221838
4502,train,train,3326,False,0.5998952355592848,0.11260821544114398,0.36882990488428014,0.18771313517127516,0.00901335145221838
4503,test,train,3327,False,0.6054441777409557,0.11305535474435402,0.3696645742800487,0.1867312609499165,0.009922766279332083
4504,train,train,3328,False,0.6158407111561899,0.114012691411947,0.3754583037048563,0.18513341087486346,0.008548395803175986
4505,train,train,3329,False,0.5995613674508063,0.10877640654270122,0.36350548366340624,0.18142664362314215,0.011978542442412695
4506,test,train,3330,False,0.5996565775068381,0.10836687586116461,0.36209581200056296,0.1807148957019968,0.013825270660138356
4507,train,train,3331,False,0.5983145221619008,0.1076233339808305,0.3604094353494624,0.1798775225979024,0.016054378143385846
4508,train,test,3332,False,0.5942590852555499,0.10689037898154465,0.3610502316389547,0.17987167825221964,0.01798216959421659
4509,test,train,3333,False,0.5955277799803667,0.10723647267134084,0.3616690707450395,0.18006963953029398,0.017364541265366365
4510,train,test,3334,False,0.5954053229478,0.10666842336308624,0.36225753204096656,0.17915261965576684,0.02325161740239768
4511,train,test,3335,False,0.6040512442258555,0.1132785366132534,0.37475311366640823,0.18753133562108584,0.011763028810502505
4512,test,train,3336,False,0.6063372342445299,0.11409902366774477,0.3810507079352681,0.18817749797257172,0.013316886936646115
4513,test,train,3337,False,0.6150475863268139,0.1127179022845822,0.37548167125113124,0.18326696143587173,0.008770950009797197
4514,train,train,3338,False,0.6043608075281592,0.10989600453729814,0.36961579387933186,0.18183840376210647,0.013600674889684375
4515,train,train,3339,False,0.6013531176114876,0.11263574478873006,0.36580507874434953,0.18730383445272156,0.009990642545462308
4516,train,train,3339,False,0.6013531176114876,0.11263574478873006,0.36580507874434953,0.18730383445272156,0.009990642545462308
4517,train,train,3340,False,0.6120309295077405,0.11473753349550854,0.37155550797241504,0.18747015545079151,0.00974306976570655
4518,train,train,3341,False,0.6202323356667147,0.11368994373822892,0.3794078345298475,0.18330218726184064,0.009302742722006976
4519,train,train,3342,False,0.61777427479038,0.11256886530411518,0.37538820106603155,0.1822168223859944,0.010668684025013002
4520,train,test,3343,False,0.6030102852153479,0.10908753549988158,0.36721336081955236,0.18090493342236125,0.01655465016491246
4521,train,train,1715,False,0.6116818481932681,0.11676694089519647,0.3850025652639517,0.19089489289259173,0.0062012225361329065
4522,test,test,3344,False,0.6006806742716073,0.11336820535560664,0.37131066670702617,0.18873289954446812,0.010456932112003929
4523,train,train,3345,False,0.610880313834807,0.11145634250790254,0.36741903677722465,0.18245201225790741,0.009308908846309628
4524,train,train,3346,False,0.6067751850409425,0.1110408235759878,0.36751250696232424,0.18300158990268406,0.00946862576543708
4525,test,train,3347,False,0.6074894541199712,0.11112868628364879,0.3674891394160495,0.18293105424296358,0.010110800906374687
4526,train,train,3348,False,0.6002517790886029,0.10791923745295985,0.3671666257270025,0.17978995017194266,0.02115035203225867
4527,train,test,3349,False,0.602941860523388,0.11439208384735829,0.3704065771926265,0.18972324089101958,0.009426206888312444
4528,train,test,3350,False,0.60777315351442,0.11532427275163694,0.3744673950914408,0.18974887601530227,0.00857167603715128
4529,train,train,3351,False,0.6103196957770467,0.11194325091516072,0.37435055736006617,0.1834173986022798,0.009485238854464307
4530,train,train,3352,False,0.5995947037154957,0.1084071967044138,0.36721336081955236,0.18080079098872828,0.018760079864894107
4531,train,test,3353,False,0.5979713310120471,0.10748694108122728,0.3652727203347087,0.17975266623453184,0.021413094348054745
4532,train,train,3354,False,0.5978899166797017,0.10739100943397337,0.3650301402741033,0.1796166927021522,0.022633819661911764
4533,train,train,3355,False,0.6081450000528431,0.1145953771542544,0.37282682714112964,0.18843429962311117,0.00928517444113473
4534,test,train,3356,False,0.614862283620788,0.11570746493311362,0.3760773597933804,0.18818435935237068,0.00934777229300737
4535,test,train,3357,False,0.6138824819997822,0.11511596811066735,0.3747198061416629,0.1875211811480038,0.009560017593373495
4536,test,train,3358,False,0.6158418367892416,0.11548202648644183,0.3771222392014424,0.1875189692998448,0.007564363917559644
4537,train,train,3359,False,0.6170823204212451,0.11336220428317785,0.38109513757270846,0.18370677708898267,0.008833304310879187
4538,train,train,3360,False,0.6150347362693042,0.11195228977448016,0.3762201688143246,0.1820259623928945,0.01137280703161358
4539,train,train,3361,False,0.6108263856742051,0.1115475410050074,0.3734952220654983,0.18261742390497063,0.011368155850092664
4540,train,train,3362,False,0.6028873543644717,0.10897953905661088,0.36326197721104053,0.18076268853157598,0.014837686494289798
4541,train,train,3363,False,0.5980933265348627,0.10663481087678105,0.3626959570696278,0.17829125680867355,0.024823405883963277
4542,test,train,3364,False,0.6013292775428976,0.11092182182638988,0.35933488754056386,0.18446103652167004,0.010646416818053193
4543,test,train,3364,False,0.6013292775428976,0.11092182182638988,0.35933488754056386,0.18446103652167004,0.010646416818053193
4544,train,test,3365,False,0.6175407267600606,0.11346940910315355,0.3705365998539226,0.18374400940076133,0.010864695421024521
4545,train,train,3366,False,0.6197153780056552,0.1135864833941059,0.37862260187410424,0.18328814714852754,0.010093767280769642
4546,test,train,3367,False,0.6148634596285347,0.11228067261218551,0.3770755041088926,0.18261074203371763,0.01120783326268281
4547,train,test,266,False,0.6093447880445458,0.11078162918292479,0.3694522210554075,0.1818045076555675,0.012383277717519084
4548,train,train,3368,False,0.5900531907697184,0.11046602597207067,0.36702450534015263,0.18721367446207496,0.005754602542440623
4549,train,train,3369,False,0.5905311031520545,0.11029777057496228,0.36877117441568774,0.18677724168334273,0.0067080933062587085
4550,test,train,3370,False,0.6220122556405998,0.11418774264897584,0.366183711649579,0.18357796267434606,0.01269441112495117
4551,train,train,3371,False,0.6212582482844384,0.11670226329843053,0.3867553389868356,0.18784823158597208,0.0047363474019374505
4552,train,train,3372,False,0.6206943784405754,0.11617340289666536,0.38633935511268913,0.18716683593709665,0.005221648328765818
4553,test,train,3373,False,0.6243090838305825,0.11719860738331792,0.39033562103023006,0.18772529572086424,0.005656635296234243
4554,test,test,3374,False,0.6243456538235358,0.11731287849955585,0.38994300470235843,0.1878973254336339,0.005101177601922927
4555,train,train,3375,False,0.6251326591829733,0.1174510003951851,0.38991963715608347,0.1878817218551491,0.005151103143728058
4556,train,train,3376,False,0.6250468431533844,0.11728007638205183,0.38911103695406535,0.18763405921765722,0.005405589089573656
4557,train,test,3377,False,0.6245516493084796,0.11728881463375129,0.38952702082821195,0.1877968215496935,0.005160094695094876
4558,train,train,3378,False,0.6245624933895481,0.11757158636134706,0.3895503883744869,0.188246312587996,0.004611636625343924
4559,train,train,3379,False,0.6269923181043808,0.11775678285919208,0.38989626960980867,0.18781216206159018,0.0038318249648276724
4560,train,train,3380,False,0.6267479867466641,0.11753084621362571,0.3878630853316257,0.1875248883107023,0.00432135507912826
4561,train,train,3381,False,0.6262877559379875,0.11764565980911144,0.39112085368597327,0.1878460159785724,0.005037821771153584
4562,train,train,3382,False,0.6264183859197829,0.11771518314309655,0.38911103695406535,0.18791782902453116,0.0038821910736129995
4563,train,train,3383,False,0.627306044901051,0.11760949228915195,0.38948028573566207,0.1874834353105959,0.004962514659753824
4564,train,train,3384,False,0.6259782950397502,0.11715125460202717,0.3858299010534429,0.1871490681551314,0.005493901784117759
4565,train,train,3385,False,0.6273727098456671,0.11755537145023498,0.38742373391120427,0.1873772473768479,0.005345897994164625
4566,train,test,3386,False,0.6257415731500013,0.11475491079604293,0.38532044699419676,0.1833902616033059,0.010877839291173842
4567,train,train,3387,False,0.615079786657203,0.11212420603503172,0.3742337196286917,0.18229213260997784,0.013498956899666794
4568,train,train,3388,False,0.6155618408558249,0.1107074698913572,0.3781598829074079,0.1798478439427612,0.02315520277871181
4569,train,train,3389,False,0.5852230316267343,0.11050091990300058,0.36378494705171827,0.1888184742077616,0.0048909756232676455
4570,train,train,3390,False,0.6177637850388676,0.11716983986802641,0.3860635765161921,0.18966770585403364,0.005477755864658398
4571,train,train,3391,False,0.6270570279687779,0.11432130391393544,0.38575979841461816,0.18231404611516078,0.01785292933950323
4572,train,train,3392,False,0.6251040062767098,0.1121184816397435,0.38287127884186734,0.17935972336435949,0.02484366106509355
4573,test,test,3393,False,0.5921738695426544,0.10997697324809395,0.36816309269098024,0.1857173693480109,0.008205078698280101
4574,train,test,3393,False,0.5921738695426544,0.10997697324809395,0.36816309269098024,0.1857173693480109,0.008205078698280101
4575,train,train,3394,False,0.6055970987474326,0.111133392884652,0.37640710918452397,0.18351044467437377,0.013401808474103837
4576,train,train,3395,False,0.5914050989896249,0.10783936211357655,0.3639116365479361,0.18234432252581642,0.016578909405574847
4577,train,train,3396,False,0.5916242274213924,0.10567096418361913,0.36194903887968466,0.17861162421320778,0.02540337836431091
4578,train,train,3397,False,0.6163061219746281,0.11556182784306822,0.37636037409197415,0.1875071879422701,0.010449905167707794
4579,train,train,3397,False,0.6163061219746281,0.11556182784306822,0.37636037409197415,0.1875071879422701,0.010449905167707794
4580,test,train,3398,False,0.6326526792966959,0.11670063017680501,0.39137326473619544,0.184462397767031,0.009226566174018227
4581,test,train,3399,False,0.6163058211929036,0.11342855460153918,0.38033327246324017,0.18404589199237187,0.00972056517597297
4582,train,train,3400,False,0.6114129301152447,0.1112479792038218,0.37227063798933346,0.1819522841671876,0.011311383405492145
4583,test,train,3401,False,0.6036585273781682,0.10930308211906431,0.36959242633305694,0.18106773475692203,0.017876996809714878
4584,train,train,3402,False,0.6008774472041435,0.11169739843786204,0.36877008868342065,0.18589048225654858,0.009375981857352644
4585,train,train,3402,False,0.6008774472041435,0.11169739843786204,0.36877008868342065,0.18589048225654858,0.009375981857352644
4586,test,train,3402,False,0.6008774472041435,0.11169739843786204,0.36877008868342065,0.18589048225654858,0.009375981857352644
4587,train,train,3403,False,0.6042034865354297,0.11245920457734133,0.36865882964294855,0.18612802985000135,0.009510812302025513
4588,train,train,3404,False,0.6166034488295427,0.11360157992506972,0.3831750569434412,0.1842376654569676,0.009285342526438332
4589,train,test,3405,False,0.6076053521467242,0.1110189372394658,0.37439729245261605,0.1827155354165758,0.012592892074790881
4590,test,train,3406,False,0.6061235030433428,0.10909720409534712,0.3699383075683787,0.17999170721407542,0.018578858207331315
4591,train,train,3407,False,0.6086744811438852,0.10862965063018445,0.3734952220654983,0.17846920479734285,0.02359877915501791
4592,test,train,3408,False,0.5851757612400689,0.11001194355999817,0.3645238704507989,0.18799812098653498,0.009438407461514609
4593,train,train,3408,False,0.5851757612400689,0.11001194355999817,0.3645238704507989,0.18799812098653498,0.009438407461514609
4594,train,train,3409,False,0.6181680323459163,0.11639503037603498,0.38446164149385914,0.18829027753881375,0.010835569489995617
4595,train,train,3410,False,0.6269529234753355,0.11804661765796935,0.3859325922660945,0.1882862544186116,0.005842217020266968
4596,train,train,3411,False,0.6226433986955437,0.11447627290764062,0.3802164347318657,0.18385527437931853,0.012486191013163297
4597,train,train,3412,False,0.6277389292335048,0.11539062630241673,0.3837499816827102,0.1838194525283201,0.012756945554360601
4598,train,train,3413,False,0.6345587810699513,0.11496326418730271,0.39120969191227106,0.1811703936922269,0.023539317991154763
4599,train,train,3414,False,0.6120882628656084,0.11050991257570672,0.37582755248645305,0.18054571420522494,0.024790891216405632
4600,train,train,3414,False,0.6120882628656084,0.11050991257570672,0.37582755248645305,0.18054571420522494,0.024790891216405632
4601,train,test,3415,False,0.6120929330255985,0.11513237982404007,0.3829226458932191,0.18809624096611663,0.007787552057173063
4602,train,test,3415,False,0.6120929330255985,0.11513237982404007,0.3829226458932191,0.18809624096611663,0.007787552057173063
4603,train,train,3416,False,0.6145267212812774,0.11597060927013235,0.38412386242310886,0.18871532392982956,0.008157810288841662
4604,train,train,3417,False,0.6289450539205388,0.11677821371583785,0.395463000838836,0.18567315696005404,0.00913811079207177
4605,train,train,3418,False,0.6257313752622957,0.11640964579124827,0.39107411859342356,0.1860377318341299,0.008627025228462884
4606,train,train,3419,False,0.6112802414543983,0.11166253664630667,0.375528406343681,0.18266995900379798,0.01279855010654797
4607,train,test,3420,False,0.6134852953805895,0.10929962856830273,0.372130432711684,0.17816177403322478,0.025274768488019635
4608,train,test,3421,False,0.6066816477851156,0.11218826047284296,0.37321944346900127,0.1849211376055661,0.00812864328560974
4609,test,train,3422,False,0.622997371346887,0.11486554234610814,0.38707785267588246,0.1843756452740322,0.009635022019800965
4610,train,train,3423,False,0.6134071073719548,0.11133221153229256,0.3738878383933698,0.1814980788358937,0.014241700999083583
4611,train,train,3424,False,0.6118881209584274,0.10930698497173837,0.3713919351484906,0.17863884136290473,0.0211846302447761
4612,train,train,3425,False,0.612750765637981,0.11411054159337083,0.3820205755061013,0.18622668137274662,0.008003081315057092
4613,train,train,3426,False,0.6212704491286685,0.11602693810979085,0.38714795531470725,0.18675753574392373,0.006880887963781587
4614,train,train,3427,False,0.6354366946851715,0.11582208644344791,0.3996883102603243,0.18227163683210365,0.017891308821554604
4615,train,test,3428,False,0.6211336436554917,0.112915788089682,0.3890409343152406,0.1817898438493055,0.01829423651298507
4616,train,test,3429,False,0.6148833142227845,0.1115302435378991,0.3814643863543054,0.18138440409441564,0.018489028665181085
4617,train,train,3430,False,0.601404907720926,0.10951741335425814,0.3696625289718817,0.18210262661354643,0.014158219708055055
4618,test,train,3431,False,0.6009394947907588,0.1089320034273977,0.36880719367731374,0.18126950278967227,0.016468278228876206
4619,train,train,3432,False,0.6048963829501571,0.10854902629622522,0.36947558860168245,0.1794506122963039,0.02172759987173873
4620,test,train,3433,False,0.6058999676733514,0.10810565107747722,0.3706300700390223,0.17842161552277616,0.025012419014818318
4621,train,train,3434,False,0.6074996930107119,0.1083167863893955,0.3726398867709303,0.17829932695535627,0.025969621899497225
4622,train,test,3435,False,0.6051828034960349,0.10716736761407518,0.36857351821456463,0.1770826384936718,0.029261913800260563
4623,train,train,3436,False,0.5967407422332348,0.11055269932562437,0.3699756748671921,0.18526085366970818,0.006864613288430696
4624,test,train,3437,False,0.6157400705098663,0.1120697752990477,0.37943120207612235,0.18200825423989025,0.012397994299916705
4625,train,train,3438,False,0.6003381008672635,0.10911986593921151,0.372486082610943,0.18176401894461508,0.01647941239517991
4626,train,train,3439,False,0.5988143435566623,0.10764264506570777,0.36721336081955236,0.17975963038287204,0.020346603293700156
4627,test,train,3440,False,0.598379548793229,0.10688552466939233,0.36541107282883734,0.1786249628433187,0.023502134444389432
4628,test,train,3441,False,0.5876541807477335,0.10905010685307265,0.3576774575615269,0.18556850342546166,0.006013366241558977
4629,train,train,3442,False,0.6070492862997986,0.11297707433202862,0.3691998100051854,0.18610856957046737,0.006826266837651886
4630,train,test,3443,False,0.6065722947790877,0.11277243144574897,0.37000841020720354,0.18591754423406437,0.0061828827837300876
4631,train,test,2720,False,0.6075514286207256,0.11652331538090364,0.383810968182932,0.19179169020380218,0.017663576051879622
4632,test,train,3444,False,0.615515398020938,0.1109196656586861,0.37374763311572035,0.18020615896097036,0.014216859067690806
4633,train,train,3445,False,0.6127756131078634,0.11011652299405528,0.3754349361585814,0.17970121629933744,0.02249065155885911
4634,train,train,3446,False,0.6071080103223913,0.11274198397542726,0.3670071997116096,0.18570333788802773,0.008121150893634093
4635,train,train,3446,False,0.6071080103223913,0.11274198397542726,0.3670071997116096,0.18570333788802773,0.008121150893634093
4636,train,test,3447,False,0.6231315269804444,0.11511077264683245,0.3773279151591149,0.18472949556032486,0.006798677893080049
4637,train,train,3448,False,0.6205773644715554,0.11310299556631558,0.37772053148698653,0.18225446502166084,0.010475969033594408
4638,train,train,3449,False,0.6163038947769022,0.11263095031781938,0.378669336966654,0.18275229358819972,0.010289138640831814
4639,train,test,3450,False,0.615539762164166,0.11240292223533245,0.375850920032728,0.18260871050821623,0.01056855302868798
4640,train,train,3451,False,0.6158735981702559,0.11254845230438985,0.37746812043676425,0.1827460255460996,0.01060226982095785
4641,test,train,3452,False,0.6124438883140539,0.10954526234270842,0.37019071861860087,0.17886579396565863,0.01850596399715133
4642,train,test,3453,False,0.6118647117257615,0.10903860262568213,0.3730325030988018,0.17820704566886897,0.021896759706047427
4643,train,test,3454,False,0.6137480671173922,0.10899619189298283,0.37453286577146366,0.177591095976739,0.026547112050063024
4644,train,train,3455,False,0.613392619824768,0.1085386261117501,0.37007388088722626,0.1769480469829537,0.02670051736963656
4645,train,test,3456,False,0.6092830249275208,0.11600961686476027,0.38088616022039656,0.19040349413732732,0.009837827348574914
4646,train,train,3457,False,0.6141666463999924,0.1162732479797557,0.38326673801139305,0.18931872751687928,0.009140567267815838
4647,train,train,3458,False,0.6180505159531409,0.11703249455637234,0.38655079003852727,0.18935749026256854,0.009190497271864282
4648,train,train,3459,False,0.6279045885752288,0.11660981599639116,0.3845585818847284,0.18571263551519693,0.00465690462250084
4649,train,test,3460,False,0.6236029174599412,0.1153714830547759,0.38298811657324194,0.18500792703906344,0.00634334637407987
4650,train,train,3461,False,0.6203020489537786,0.11463184827054823,0.3802164347318657,0.1848000477572015,0.006417044094098636
4651,train,train,3462,False,0.6170981244949654,0.11313995883089467,0.3741869845361419,0.1833419262511755,0.009057552831781184
4652,train,test,3463,False,0.6124280532051393,0.11128296672544515,0.37104605391316886,0.1817078204420034,0.014063127287870767
4653,train,train,3464,False,0.6107689620466791,0.1097962690075636,0.3697513671981794,0.17976727016323438,0.021014711979119985
4654,test,test,3465,False,0.610762069858033,0.11366712624885549,0.38079599142993653,0.18610704865034683,0.006907082879185895
4655,train,test,3466,False,0.6136348508694257,0.11453333064494192,0.38278244061556954,0.18664736933155915,0.005310340623172385
4656,train,test,3467,False,0.6220624461289413,0.11263110016400531,0.3800762294542161,0.18106076144750763,0.01724184950294989
4657,test,test,570,False,0.606303384090186,0.1100433235653747,0.3695690587867822,0.18149877842180417,0.01673299558508218
4658,train,train,3468,False,0.6104299760828918,0.1124085255745075,0.3714153026947656,0.18414647048598293,0.010229750018331634
4659,train,train,3468,False,0.6104299760828918,0.1124085255745075,0.3714153026947656,0.18414647048598293,0.010229750018331634
4660,train,train,3469,False,0.6131901433563929,0.11344546402192461,0.37300913555252696,0.18500862293865813,0.008936898781794213
4661,train,test,3470,False,0.6254244606167263,0.11304143470774528,0.3799827592691166,0.18074354590524966,0.015573529630128343
4662,train,test,3471,False,0.6226542682492519,0.11263285870288124,0.38046884578208784,0.18089149058525958,0.01628616002646506
4663,train,train,3472,False,0.6095235265510257,0.10913023234279486,0.37021408616487583,0.17904187055798432,0.02223795173855183
4664,train,test,3473,False,0.6043033407213572,0.11295928309152743,0.3675846549093161,0.1869248032895001,0.009292606827335608
4665,train,test,3473,False,0.6043033407213572,0.11295928309152743,0.3675846549093161,0.1869248032895001,0.009292606827335608
4666,train,test,3473,False,0.6043033407213572,0.11295928309152743,0.3675846549093161,0.1869248032895001,0.009292606827335608
4667,train,test,3473,False,0.6043033407213572,0.11295928309152743,0.3675846549093161,0.1869248032895001,0.009292606827335608
4668,test,train,3474,False,0.6108197626037158,0.11403257549090086,0.3719736455832006,0.18668776367814127,0.00924787677956966
4669,test,test,3475,False,0.6154930933869218,0.11586626587016903,0.377846642082241,0.1882494980286175,0.007800197639590545
4670,train,test,3476,False,0.621476541904262,0.11642853442284386,0.3773868392420562,0.18734180065122968,0.009062997196212234
4671,train,train,3477,False,0.6164794464775163,0.11137182980113977,0.37134520005594085,0.18065781501314274,0.013910179748354472
4672,train,train,3478,False,0.6124131281153395,0.10969393859724244,0.3685968857608395,0.179117549185822,0.01934215523915726
4673,train,train,3479,False,0.6040958027475325,0.11195550321650136,0.36492591270762653,0.18532739791819164,0.00832294074963689
4674,train,train,3479,False,0.6040958027475325,0.11195550321650136,0.36492591270762653,0.18532739791819164,0.00832294074963689
4675,train,train,3479,False,0.6040958027475325,0.11195550321650136,0.36492591270762653,0.18532739791819164,0.00832294074963689
4676,train,train,3479,False,0.6040958027475325,0.11195550321650136,0.36492591270762653,0.18532739791819164,0.00832294074963689
4677,train,train,3480,False,0.6125928024563079,0.11403756961651708,0.370036739188157,0.18615558191226156,0.007641803847764765
4678,train,train,3481,False,0.6226422111669153,0.11291708268709047,0.37765042884816175,0.18135147386726103,0.014696121009496507
4679,test,train,3482,False,0.6189761393065898,0.11292729054845005,0.37899185065570096,0.18244207389796518,0.013748682916320934
4680,train,train,3483,False,0.6108530893166604,0.11095548100014324,0.37351858961177314,0.18164020603426134,0.015414904680483248
4681,train,train,3484,False,0.6102977055806842,0.11056478032387278,0.37146203778731535,0.18116532196147278,0.016184314990493106
4682,train,train,3485,False,0.61096845665743,0.11082951419779835,0.3730792381913517,0.181399731835813,0.016517636521558667
4683,test,train,3486,False,0.6113494041857122,0.10963219228505769,0.3705833349464725,0.17932820664327379,0.021153477672862714
4684,train,train,3487,False,0.6073127016563469,0.11322683457986665,0.373289546107826,0.18643910175278539,0.006438181005800428
4685,train,test,3488,False,0.6113446503090527,0.11446519742709484,0.3756686116213306,0.1872351338467251,0.006457731553545299
4686,test,train,3489,False,0.6247892574081841,0.11652128198182583,0.3843061708345063,0.18649693572708267,0.006132338731432173
4687,train,train,3490,False,0.627693424029344,0.11480467524824892,0.38857821534854425,0.18289927989253862,0.012642852009501522
4688,test,train,3491,False,0.6139576072184468,0.11170598592888015,0.3754349361585814,0.1819441352554738,0.01404579217362928
4689,train,train,3491,False,0.6139576072184468,0.11170598592888015,0.3754349361585814,0.1819441352554738,0.01404579217362928
4690,train,train,3492,False,0.5959620052936545,0.10744660323800392,0.3610712624306022,0.1802910290985088,0.016181845617366176
4691,train,train,3493,False,0.5986137583726335,0.10692926985493542,0.36762934469369896,0.17862815272677476,0.024159119923538967
4692,train,train,3494,False,0.5995216139279852,0.11228461823279845,0.36580040523509466,0.18729035888652068,0.005794626737257161
4693,train,train,3495,False,0.6105030851956742,0.11531923126016988,0.37822263286933405,0.1888921351203468,0.006256190466690559
4694,test,train,3496,False,0.6116349136520239,0.11537897770967576,0.37731300585057287,0.1886402740169899,0.005679724998127244
4695,train,train,3497,False,0.6126208563196929,0.11423895823491827,0.37592102267155275,0.18647579013422175,0.006430217056448119
4696,train,train,3410,False,0.6269529234753355,0.11804661765796935,0.3859325922660945,0.1882862544186116,0.005842217020266968
4697,train,train,3498,False,0.661245312447767,0.12344862407918475,0.40244514414111887,0.18669111410742317,0.009388233014572747
4698,test,train,3499,False,0.6130351889702014,0.1146602716582222,0.37212281134151315,0.18703701471172096,0.009690649966880674
4699,train,train,3500,False,0.6212919904604425,0.1160781346383077,0.3795413414919452,0.1868334638472993,0.011570061036911885
4700,test,train,3501,False,0.6186613556579355,0.11617255384235294,0.3800226790713125,0.1877805244822597,0.009189783825316645
4701,test,train,3502,False,0.6241835756247497,0.11656287331664092,0.3821487443117222,0.18674453777476013,0.009705187203744433
4702,train,test,3503,False,0.6206150981675461,0.11631398233693371,0.38430939934423486,0.18741726181068943,0.010206763462550847
4703,test,test,3504,False,0.620809294841469,0.11590074784603799,0.38247168695884165,0.1866929970428916,0.010940270310805895
4704,train,train,3505,False,0.6247879246608692,0.11676057882400785,0.381319852954741,0.18688033845626056,0.010457018758911831
4705,test,train,3506,False,0.6070235403279006,0.11333577358755322,0.3732777217369257,0.18670737798130818,0.011589354040357724
4706,train,train,3507,False,0.6102988519691507,0.11418248729380913,0.3739512945529708,0.18709274468630463,0.011185478061821939
4707,train,train,3508,False,0.6147558333289829,0.11537731368149691,0.3789146640332501,0.18767990058217704,0.010438065382411163
4708,train,train,3509,False,0.6338771920100358,0.11793966793425431,0.3868137822753764,0.18606075344068704,0.009998850002384105
4709,train,test,3510,False,0.6332692421187863,0.11836005852468479,0.38931583830287914,0.18690321691398876,0.009297892342891443
4710,train,train,3511,False,0.6139084905270946,0.11448696162337466,0.376164248237784,0.18648864348671493,0.009992245563762539
4711,train,train,3512,False,0.6222550787432813,0.11605804670401611,0.3821395151377869,0.1865120119845534,0.008555564494565751
4712,test,train,3513,False,0.6246955550524609,0.116287503865045,0.3830022467991979,0.18615068239965205,0.009905416870830273
4713,train,test,3514,False,0.6138340534159712,0.11458810453536701,0.375645993962675,0.18667603059440424,0.010153113009547956
4714,train,train,3515,False,0.6239123558108424,0.11586685452838347,0.3787309084828347,0.18571014574282924,0.01109786806076339
4715,train,train,3516,False,0.6240189346981428,0.11582201763654076,0.3804848088151361,0.18560657569239855,0.009986359009107947
4716,train,test,3517,False,0.6209343912378796,0.11566786574454543,0.3768562794017,0.1862803339237706,0.008644983509807289
4717,train,train,3518,False,0.6206002715587456,0.11533405073743572,0.3765271839719569,0.18584273327459908,0.008971672526600187
4718,train,train,3519,False,0.620260448263072,0.11478707081740029,0.37310011896913403,0.18506269606395323,0.010250276884896325
4719,train,train,3520,False,0.6218652408638018,0.11562776809693445,0.3792091696708902,0.18593701737746546,0.008518327430745657
4720,train,train,3521,False,0.6209872484833056,0.11469261397995364,0.3690271686720721,0.1846939921231523,0.010573369355072975
4721,train,test,3522,False,0.6192961547627849,0.11248131399547442,0.3568429075729894,0.1816276641319681,0.019345038049377997
4722,test,train,3523,False,0.5953052014225357,0.1121502559676698,0.36940428369067474,0.18839119110613614,0.009344332110630732
4723,train,train,3524,False,0.6090027171744339,0.11491808388495385,0.3827607893015312,0.18869880321410518,0.012378933211660977
4724,train,train,3525,False,0.608741306389943,0.11520441802989219,0.37981506187807573,0.18925020664869324,0.009619616757077105
4725,train,train,3526,False,0.6071255422077387,0.1145341748320937,0.37687548723724373,0.1886499033060016,0.008889474906021651
4726,train,train,3527,False,0.6115187508777363,0.11561016226107977,0.3804947874767446,0.18905415753014942,0.009261781431273094
4727,test,test,3528,False,0.6103755217437675,0.11502557706333535,0.3773998942949763,0.18845050786886322,0.009167078626870287
4728,train,train,3529,False,0.6117050118832184,0.1156463749222722,0.38342513294364117,0.189055791068703,0.008745541260990537
4729,train,test,3530,False,0.6091722658197106,0.11504103285595041,0.37830644492242566,0.18884811294084375,0.008332354844096244
4730,train,train,3531,False,0.6087826885089735,0.11464295679417533,0.37654639180750066,0.1883150736019746,0.0078072203803308945
4731,train,train,3532,False,0.6099956171385338,0.115181153147738,0.37881547002359944,0.18882291923349942,0.008248775667774924
4732,test,train,3533,False,0.6096929697946218,0.11487017115274005,0.3795728548927362,0.18840658633711102,0.008781675221911362
4733,train,train,3534,False,0.6139003505957076,0.11606234074750543,0.3823509582100085,0.18905729673371674,0.008682820690763642
4734,test,train,3535,False,0.6130657737078488,0.1158136657334378,0.3802464277087812,0.1889090383124663,0.008090240676561574
4735,train,train,3536,False,0.617085818120418,0.11295490465803543,0.3717378163838125,0.1830456985741219,0.010648557651195623
4736,train,train,3537,False,0.6113895257649125,0.11111676993469398,0.36864362085338936,0.18174464110368138,0.015156232288550427
4737,train,test,3538,False,0.6151372124274898,0.11088978066712217,0.3729156653674273,0.1802683668405014,0.01925272143986039
4738,train,train,3539,False,0.6068001295771482,0.11296306723235419,0.36398996580030957,0.18616190360913912,0.010450698013706836
4739,train,train,3540,False,0.623496791463343,0.11515799022415936,0.37527136333465694,0.18469700534285716,0.008089442591965253
4740,train,train,3541,False,0.6103294709078654,0.11087007999646525,0.3706768051315721,0.18165611408465326,0.015935821333829106
4741,train,train,3184,False,0.59861948782485,0.10892092361559182,0.34563356641528425,0.18195352111132904,0.01877162762040717
4742,test,train,3542,False,0.6549800288789385,0.121097708257916,0.38819709511553535,0.18488763461259486,0.015436904647623201
4743,train,train,3543,False,0.6211519121913089,0.1147649680727814,0.3673386220449914,0.1847615145672044,0.016170103133309743
4744,train,train,3544,False,0.6281442274061303,0.11657820544915015,0.3768309187835326,0.1855914619012742,0.015832995758096328
4745,train,test,2471,False,0.5965502384536249,0.11050800004664392,0.3657307450169236,0.18524508569991072,0.010774154531194641
4746,train,train,3545,False,0.6256859210623337,0.11624891165894072,0.37455568778481024,0.18579435423697102,0.014840854485221967
4747,test,train,3546,False,0.6314664911307739,0.11712752880396309,0.3797051397191437,0.1854849472601809,0.015099360747550439
4748,train,train,3547,False,0.6176960274743349,0.11411395932995208,0.3692539937008527,0.18474128738782197,0.016945282960745246
4749,train,train,3548,False,0.6248865037351317,0.11580359742971988,0.37757599808742226,0.18531940878467928,0.015325672185736742
4750,train,train,3549,False,0.6186245460608298,0.11443929929793772,0.3692601464834763,0.18498991032063705,0.016925878265618227
4751,train,train,3550,False,0.6211536825712626,0.11533661342522182,0.37002676052654837,0.18568128413533103,0.016427528576881123
4752,train,train,3551,False,0.5984801576587403,0.11076685386288797,0.35366877770478744,0.18508024442482585,0.01765495491187146
4753,train,train,3552,False,0.6027622455980195,0.11184694892372761,0.36079280221757903,0.18555732337343178,0.015494692532653634
4754,test,train,3553,False,0.6102775474665311,0.11323484462092108,0.36652278574093045,0.18554646994797253,0.015069647212993018
4755,train,train,3554,False,0.6377858870163909,0.1181720700915254,0.38308838575592835,0.18528486204726635,0.014799228858973836
4756,train,train,3555,False,0.6374854377059614,0.11824588314921236,0.38266009631653464,0.18548797534062728,0.0141371040535953
4757,train,train,3556,False,0.6062380947927009,0.11196413788087789,0.35989855715537694,0.18468674080793832,0.016429256361667206
4758,train,train,3557,False,0.6176901769409594,0.11453735345132984,0.37099558846790687,0.18542848458196812,0.013536899045380425
4759,train,test,3558,False,0.617504332259232,0.11420368890023898,0.36832898472553255,0.18494394765200708,0.01530046401974072
4760,train,train,3559,False,0.607507801228463,0.11262398399478236,0.36165553387899024,0.1853868934144408,0.016068520130858254
4761,train,train,3560,False,0.6076760057881387,0.11239852335049981,0.36308649156417205,0.18496455723099034,0.016062841026588486
4762,test,train,3561,False,0.583539771592733,0.10740508370818379,0.34450164419198925,0.18405786363974602,0.017256454324319038
4763,train,train,3562,False,0.6104386542597345,0.1130768657006564,0.3624313770959978,0.18523870484214702,0.016712603525796385
4764,test,train,3563,False,0.5932122027674342,0.10977610376145007,0.35225111560695144,0.1850536844139857,0.01654127037656915
4765,train,train,3564,False,0.6065059673868723,0.11194778329958072,0.36049754709226595,0.18457820585328638,0.013612529755115276
4766,train,train,3565,False,0.602164820935968,0.11223549913892926,0.36389692457328254,0.18638667560233307,0.012806188946611294
4767,test,train,3566,False,0.609647600824246,0.11366477001418869,0.3697945322028174,0.18644339756363099,0.012044015082533863
4768,test,train,3567,False,0.6119827789683623,0.11437776876919814,0.37298554300292425,0.18689703811928854,0.012343684453469155
4769,test,train,3568,False,0.6103633529855285,0.11417667638676225,0.37239270584865897,0.1870634529879276,0.012407262894734107
4770,test,train,3569,False,0.6118754686093413,0.11423612481234381,0.37114475422621934,0.18669832453322155,0.01192404510273897
4771,train,train,3570,False,0.6168038236112495,0.1151512704134395,0.3737706153938673,0.18669026683274167,0.012949031390920731
4772,train,train,3571,False,0.6161593361908569,0.11491407223986862,0.3745187710890688,0.18650057783799237,0.011542996826268906
4773,test,train,3572,False,0.6129775164126958,0.1145376207058606,0.37365296303634576,0.18685452180393924,0.010497865963383883
4774,train,train,3573,False,0.6138714300722228,0.11469419838540454,0.373746004263373,0.18683749196783864,0.010413336596312696
4775,train,train,3574,False,0.6147950235994654,0.11491356082129463,0.37224354009034655,0.18691361577474316,0.011249483275129804
4776,test,train,3575,False,0.6124935190295084,0.1141687032061607,0.3698875734298444,0.18639985511530013,0.010965311990524631
4777,train,test,3576,False,0.6145882090134241,0.11364134145242867,0.3901533126188326,0.18490647849371034,0.018206204550573618
4778,train,train,3577,False,0.6161671693046606,0.11505728348746157,0.37401897516183047,0.18673062963952253,0.011725305146473844
4779,test,test,3578,False,0.6176155852578837,0.11522340034571411,0.3739320867174271,0.1865616786493542,0.011474036621828464
4780,train,train,3579,False,0.6176116646955632,0.11526907911780845,0.37711386834359856,0.18663682327733816,0.010945260382575619
4781,train,train,3580,False,0.6158987908861795,0.11483281873055072,0.37182755621619995,0.18644754695057078,0.010358577332406976
4782,test,train,3581,False,0.6181675135559063,0.11507945271810338,0.3716722376752638,0.18616224598430914,0.009975037748154714
4783,train,train,3582,False,0.617349815263138,0.11463031365545877,0.371088629694934,0.18568129579272483,0.01015609620445657
4784,train,train,3583,False,0.6147749190530258,0.11363854951972933,0.3697513671981794,0.18484578013490452,0.009752306112375243
4785,train,train,3584,False,0.616717055823993,0.11359757449642452,0.3672320964070253,0.18419723181588887,0.011801957629217118
4786,train,train,3585,False,0.6073023642247453,0.1088071723046128,0.35403039835137523,0.17916474348574474,0.016152823238361112
4787,train,train,3586,False,0.6053321308754633,0.11127071903033028,0.35872120591484097,0.18381763226314235,0.013426406312929797
4788,test,train,3586,False,0.6053321308754633,0.11127071903033028,0.35872120591484097,0.18381763226314235,0.013426406312929797
4789,train,train,3587,False,0.6110710097249918,0.11312109905709185,0.36296005189298736,0.18511940062088889,0.012086635461261541
4790,train,train,3588,False,0.6185630091149269,0.11358023008602988,0.36436694438054934,0.18361949940806607,0.013667469221857343
4791,train,train,3589,False,0.6198502111618176,0.11456396465880478,0.3668161125328788,0.18482524099503259,0.011750725446727742
4792,test,train,3590,False,0.6193073975600171,0.11152993120244264,0.36792385887766893,0.18008816242443523,0.01566061410905374
4793,train,train,3591,False,0.6558731318955852,0.1251328874706029,0.40870336060118767,0.1907882506315627,0.01034761835652411
4794,train,test,3592,False,0.6212395443878236,0.1188720407456511,0.3880002060715799,0.1913465454984662,0.010569195442888472
4795,train,train,3593,False,0.6273937315190217,0.1199350220704351,0.39599003863709464,0.1911638832923195,0.010849519773804871
4796,train,train,3594,False,0.6282345563403909,0.12056184938303403,0.3989203841039911,0.19190579086469584,0.011230729748014135
4797,train,test,3595,False,0.6268307190114727,0.11981106787846182,0.39263755651342785,0.19113783712994603,0.011287042254034686
4798,train,train,3596,False,0.6304535977031468,0.12031802198337078,0.3972687541726521,0.1908435805929421,0.011018969454009844
4799,train,train,3597,False,0.6270050167746306,0.11968468663417155,0.39682815916801134,0.1908831403771539,0.01082029288927807
4800,train,train,3598,False,0.6262978312188148,0.11930563978281375,0.392227725421905,0.19049345828108252,0.011280968158088166
4801,train,train,3599,False,0.6288083841830224,0.12057179920126715,0.39809456913832175,0.19174648785562828,0.011832242021262393
4802,train,train,3600,False,0.6084111464292842,0.11637051451329479,0.38384111681778765,0.1912695308037401,0.011940262847249587
4803,test,train,3601,False,0.6120787499205944,0.11718374991068717,0.3861163478165098,0.1914520801872137,0.011994574158587288
4804,train,test,3602,False,0.6173183682927413,0.11867356747878689,0.3909120931906056,0.19224046063458486,0.01308005711850427
4805,train,test,3603,False,0.6122342640172954,0.1174541027747881,0.3862808955313813,0.19184503331141567,0.012095277976924787
4806,train,test,3604,False,0.6348916998519613,0.1209751915264196,0.3998015741132731,0.19054461029279102,0.010587908781575731
4807,test,train,3605,False,0.6158608036895596,0.1179027255403211,0.3894842118967355,0.19144378865155537,0.01159533645712462
4808,test,train,3606,False,0.6202684320374396,0.11855338744134923,0.3921846559435398,0.19113238933009782,0.010776740683799383
4809,train,train,3607,False,0.6225292425429424,0.11858345068608706,0.3905268732295772,0.1904865548190005,0.010283931936935872
4810,test,train,3608,False,0.6103480011071143,0.11657123020865638,0.3834220565523293,0.19099141800613265,0.011497521037935988
4811,test,test,3609,False,0.6119137709596266,0.11664938595208826,0.3831021902965216,0.1906304310967773,0.011298753677857883
4812,train,train,3610,False,0.5890941924067598,0.11296148936101696,0.3700048789279248,0.19175454590633434,0.013005340174482924
4813,train,train,3611,False,0.6141543971279616,0.11713902980480725,0.3872243628545723,0.1907322170981719,0.011600914619883194
4814,train,train,3612,False,0.5947539894297856,0.113639056507261,0.3748967419203596,0.19106901093040385,0.012009967464628362
4815,train,train,3613,False,0.6018808388446931,0.11376705488951419,0.3731178557137271,0.18901923362087653,0.008056252630698734
4816,train,train,3614,False,0.611244780250346,0.11653147115765491,0.3851728804933189,0.19064616160800163,0.008355971660120358
4817,test,train,3615,False,0.6145961529766628,0.11727381810120358,0.3846884665226396,0.19081443567977663,0.009658155262152565
4818,train,train,3616,False,0.6121081091284691,0.11647361326405002,0.3835896806585126,0.19028274830386957,0.008597875779313618
4819,test,train,3617,False,0.613704379902566,0.11714341440236854,0.3838441932090995,0.19087922172067057,0.009415754422784464
4820,train,train,3618,False,0.6172687564526846,0.11809975002261842,0.38888522195984676,0.1913263044468882,0.009478045773189595
4821,train,train,3619,False,0.6149641059682022,0.11711739138655493,0.38603253576341817,0.19044589797995576,0.007918820062793902
4822,train,train,3620,False,0.6136793023280963,0.1167930653961956,0.38426325347455786,0.1903161226932721,0.00740998567073533
4823,train,train,3621,False,0.6128095988760526,0.11700952024643577,0.3821617993646425,0.19093943773244032,0.008048976412468389
4824,test,test,3622,False,0.6171758172003726,0.11816334230342222,0.3908098227896431,0.19145815343095215,0.009283468603736736
4825,train,train,3623,False,0.6124837583308946,0.11695944009754008,0.38576264125627235,0.19095925158288474,0.007844732674050068
4826,train,train,3624,False,0.6153194537272854,0.11759736630589047,0.3888821455685349,0.19111595707489298,0.009111381327824356
4827,train,train,3625,False,0.615142109635368,0.11760708104445228,0.38527515089428127,0.19118684805071323,0.009057365013153754
4828,train,train,3626,False,0.6182205000586611,0.11849369085594844,0.39114507100200985,0.19166897707970687,0.009148907626228484
4829,train,train,3627,False,0.6186847681134118,0.11818144023503706,0.3888106390806905,0.19102044583288189,0.008653553902252907
4830,test,train,3628,False,0.6147636015381774,0.11467694707676367,0.38442300856588074,0.18653828364241912,0.00823889872313249
4831,train,test,3629,False,0.611566408200168,0.11413331508162643,0.3844931112047055,0.18662456529867177,0.012809078037041045
4832,train,train,3630,False,0.6144394204463407,0.11229967277246433,0.3847688898012027,0.18276768878352184,0.021545898131747763
4833,train,test,3631,False,0.6085569857794331,0.11618237808019007,0.3777485309920632,0.19091454176864794,0.010967880283024697
4834,train,train,3632,False,0.6233001375804127,0.11818290247218587,0.3842594357419564,0.18960833689361883,0.009969622174631078
4835,train,test,3633,False,0.6125908812891252,0.11435303973524216,0.3787628071517537,0.18667114256516468,0.009609972751756492
4836,test,train,3634,False,0.6168051127877464,0.11227729896144344,0.38188037022845184,0.18203042846708706,0.01996167180109612
4837,train,train,3635,False,0.6100769297498312,0.11653150520486977,0.38366118714635705,0.19101116518642133,0.008483037013860687
4838,train,train,3636,False,0.6292667480907141,0.11806029828128455,0.3918827187954417,0.18761566321356798,0.004743369875035699
4839,train,test,3637,False,0.6164507602326228,0.11423530220474636,0.3831516893971664,0.1853113169357415,0.013248254862505356
4840,train,train,3638,False,0.6101167489327357,0.11589624895917654,0.3767047867397488,0.1899574944662827,0.006322160539059954
4841,train,test,3639,False,0.6118011887547441,0.11632241589529166,0.3793121895595258,0.19013107204327848,0.00749794528929133
4842,train,train,3640,False,0.6154003076953165,0.11374586061419867,0.3819972079598263,0.18483231027325717,0.012906873770063632
4843,train,train,3641,False,0.6113917026727023,0.11618393299010929,0.38091384774220294,0.19003190995594244,0.007995080304710708
4844,test,train,3642,False,0.6202073060467934,0.11816128324965097,0.38664383126555424,0.19051901210711622,0.008011650269621674
4845,train,train,3643,False,0.6158594968586195,0.11544039063216999,0.3861103116087418,0.1874459860098109,0.007865486283356413
4846,train,train,3644,False,0.6133031633738173,0.11407000217660906,0.38694227935703496,0.18599284821735335,0.014329112188539321
4847,train,test,3576,False,0.6145882090134241,0.11364134145242867,0.3901533126188326,0.18490647849371034,0.018206204550573618
