observation_index,primary_split,grouped_sensitivity_split,target_profile_group,all_zero_output,pc1_score,pc2_score,t2,q,t2_limit,q_limit,t2_ratio,q_ratio,t2_alarm,q_alarm,alarm_category
0,train,train,0,False,-4.737504816252322,2.7441276475002097,13.217783078881563,11.129189000782588,419.90525547763235,60.56772930496717,0.03147801297187063,0.18374783285576932,False,False,normal
1,train,train,1,False,-4.593767453161758,2.967852855699958,18.42435690234069,20.325732786031775,419.90525547763235,60.56772930496717,0.0438774143976441,0.33558683839192327,False,False,normal
2,train,train,2,False,-7.143861091262536,-0.2593950852642888,24.94795850494917,14.562462243676157,419.90525547763235,60.56772930496717,0.05941330378580629,0.2404326926365702,False,False,normal
3,train,train,3,False,2.5735919954186777,-3.6279056910841727,93.60532509865678,21.167016028178494,419.90525547763235,60.56772930496717,0.22292010847109528,0.3494767968202926,False,False,normal
4,train,train,4,False,0.9899924075357583,1.001360587940912,46.86190691634475,19.662766552628725,419.90525547763235,60.56772930496717,0.11160114407961014,0.32464097264772607,False,False,normal
5,train,train,5,False,-1.560094317609018,-1.672268027405358,18.82172161896319,12.942205030512683,419.90525547763235,60.56772930496717,0.04482373433872344,0.2136815294056482,False,False,normal
6,train,train,6,False,0.7561518218764748,1.2745869334390216,40.5934554181742,42.90468534268162,419.90525547763235,60.56772930496717,0.09667289201227096,0.7083753317983971,False,False,normal
7,train,train,7,False,-0.7529897554496833,1.304505343982301,18.185878209637,11.39385591822334,419.90525547763235,60.56772930496717,0.04330947987052696,0.18811760072519224,False,False,normal
8,train,train,8,False,-2.3988715107267433,-1.6132755134889816,17.88875247103836,9.346332647800898,419.90525547763235,60.56772930496717,0.042601878013387384,0.1543120859086656,False,False,normal
9,train,train,9,False,-0.7580343594940181,0.9340612209174733,46.617226995029235,28.152585782994066,419.90525547763235,60.56772930496717,0.11101844139103055,0.46481164319768,False,False,normal
10,train,train,10,False,-2.468014597923655,-3.514858880272437,18.345676493282934,21.886458600487668,419.90525547763235,60.56772930496717,0.043690037821544195,0.3613551118993783,False,False,normal
11,train,train,11,False,-1.4544343583661796,1.4769951433318604,41.02771271549586,38.04196829921262,419.90525547763235,60.56772930496717,0.09770707125069869,0.6280897226254905,False,False,normal
12,train,train,12,False,-3.3835913314886614,-2.3481220630793485,23.764016842432273,13.535872646681923,419.90525547763235,60.56772930496717,0.0565937590264291,0.22348324432845865,False,False,normal
13,train,train,13,False,-1.2305420000536182,1.2608370367488768,38.029116711312874,5.512784324205055,419.90525547763235,60.56772930496717,0.09056594604431814,0.09101850750335047,False,False,normal
14,train,train,14,False,-1.4513353502948851,1.338846793752732,40.016241686165166,43.1113080506698,419.90525547763235,60.56772930496717,0.09529826351100948,0.7117867640967387,False,False,normal
15,test,test,15,False,2.1269224696917943,0.7591592171773753,175.95868274827313,93.10524930788544,419.90525547763235,60.56772930496717,0.41904377345342886,1.5372088466299803,False,True,q alarm only
16,train,train,16,False,-2.7644334388086453,1.6334101348044554,14.825684550216696,13.223973372495314,419.90525547763235,60.56772930496717,0.03530721360787168,0.21833364935823693,False,False,normal
17,train,train,17,False,-2.199917115188188,2.468425874095487,48.89269188079028,14.241762867102262,419.90525547763235,60.56772930496717,0.1164374373575677,0.23513780408363916,False,False,normal
18,train,train,18,False,-3.0241350623695555,1.5239608231962891,32.620507905820304,21.441061170615093,419.90525547763235,60.56772930496717,0.07768540040946914,0.35400140333239644,False,False,normal
19,train,train,19,False,-5.973073472950171,-1.473441778462588,24.61788515269037,10.392242529428492,419.90525547763235,60.56772930496717,0.05862723752930433,0.1715805206614576,False,False,normal
20,train,train,20,False,-3.551651620737453,2.2899960669958594,44.84855473904016,10.85262769310952,419.90525547763235,60.56772930496717,0.10680636680297317,0.1791816833427086,False,False,normal
21,train,train,21,False,-3.5904262930825914,3.3038064964194547,28.416892051619953,8.21656898165546,419.90525547763235,60.56772930496717,0.06767453295933723,0.13565918808486052,False,False,normal
22,train,train,22,False,-3.4836049380921503,1.9099432693513312,53.033335933118735,16.52602332358199,419.90525547763235,60.56772930496717,0.12629833811628427,0.27285195455109607,False,False,normal
23,test,test,23,False,-3.3767016065216735,2.6359346073202,42.61098699470409,22.73531246949856,419.90525547763235,60.56772930496717,0.10147762248470812,0.3753700647257719,False,False,normal
24,train,train,24,False,-2.7880443332024263,6.153318787285743,46.53990702864662,30.623613028007828,419.90525547763235,60.56772930496717,0.11083430469501641,0.505609395950995,False,False,normal
25,train,train,25,False,-5.049145404573757,1.9293066266240522,42.68613998092477,36.87985809641126,419.90525547763235,60.56772930496717,0.10165659853999753,0.6089027691745864,False,False,normal
26,train,train,26,False,-5.274308836828087,2.5057505609286634,20.660449023614273,11.71639825334102,419.90525547763235,60.56772930496717,0.04920264453492847,0.19344291733882377,False,False,normal
27,train,train,27,False,-7.0439413420642785,-0.9897846324803055,17.589522806294266,10.378749896197215,419.90525547763235,60.56772930496717,0.04188926567800776,0.17135775131900233,False,False,normal
28,train,train,28,False,4.452604790036509,-0.40744323913440766,139.62360537423908,76.22429347989446,419.90525547763235,60.56772930496717,0.3325121644772474,1.2584967994440446,False,True,q alarm only
29,test,test,29,False,3.1625440217523906,-1.590224831324754,64.87705310511056,45.81855284106132,419.90525547763235,60.56772930496717,0.15450402741760028,0.7564845730035273,False,False,normal
30,test,test,30,False,-0.3707807044151991,-3.4810889520754134,46.105834801665814,8.225946688337906,419.90525547763235,60.56772930496717,0.10980056619968119,0.13581401816995795,False,False,normal
31,train,train,31,False,0.9556509105154503,2.9305667562912014,37.289154430569226,23.801494227405843,419.90525547763235,60.56772930496717,0.08880373356640581,0.39297319712221535,False,False,normal
32,test,test,32,False,0.09647990305008608,0.8687056941131264,12.676534813874262,9.94436517410494,419.90525547763235,60.56772930496717,0.03018903585632669,0.1641858674284063,False,False,normal
33,train,train,33,False,-0.9592135941131688,-1.7002555163667838,51.45119846737131,14.062547509901721,419.90525547763235,60.56772930496717,0.12253049419171186,0.2321788792691036,False,False,normal
34,train,train,34,False,-0.38812434787597355,0.4333121782708915,84.95183291457413,55.98294427829603,419.90525547763235,60.56772930496717,0.20231190680846187,0.9243031713540705,False,False,normal
35,train,train,35,False,-2.51944367601758,-2.2450535760777526,59.62517672870416,16.498581700907135,419.90525547763235,60.56772930496717,0.14199673843301133,0.2723988812232735,False,False,normal
36,train,train,36,False,-1.0976029139064007,1.0590362098695276,35.449996083436396,26.40180837633691,419.90525547763235,60.56772930496717,0.08442379708516118,0.43590553384294844,False,False,normal
37,train,train,37,False,-2.852472607222947,-1.0845592459450157,40.67426440041552,9.662203975522015,419.90525547763235,60.56772930496717,0.0968653377632759,0.1595272612395858,False,False,normal
38,train,train,38,False,-1.0744824509289403,2.080190498201199,13.334843032477757,8.717120263943983,419.90525547763235,60.56772930496717,0.03175679003424162,0.1439235111498408,False,False,normal
39,train,train,39,False,-1.6822091649842226,1.5219467399909314,102.07672003218354,71.07550372568058,419.90525547763235,60.56772930496717,0.24309464742486653,1.1734880032864574,False,True,q alarm only
40,train,train,40,False,-1.5407770429896215,1.6993157024266872,64.17252903246532,29.578868235277483,419.90525547763235,60.56772930496717,0.15282621066380933,0.48836019733121666,False,False,normal
41,train,train,41,False,-3.6080790593605423,-0.5594716365502191,37.37944407688701,12.98410841384503,419.90525547763235,60.56772930496717,0.08901875742033467,0.21437337279837895,False,False,normal
42,train,train,42,False,-3.29954068133063,2.0330009155059248,34.76513586124324,26.002180103486502,419.90525547763235,60.56772930496717,0.08279280958676907,0.42930749430215237,False,False,normal
43,train,test,43,False,-3.5315424113242013,2.0756242234239064,36.95579413623212,31.70476612265086,419.90525547763235,60.56772930496717,0.08800983949152,0.5234597117387847,False,False,normal
44,test,test,44,False,-2.5598483144869686,1.981612944906794,36.92164017118825,11.091107383260264,419.90525547763235,60.56772930496717,0.08792850217888022,0.18311908850693334,False,False,normal
45,train,train,45,False,-5.07214084686067,-3.0016241891458098,67.19826878733306,33.682265101199036,419.90525547763235,60.56772930496717,0.16003197843022138,0.556109094524644,False,False,normal
46,train,train,46,False,-4.72683399985755,-0.5075342116154131,38.455141138196,30.142757506018725,419.90525547763235,60.56772930496717,0.09158051878739688,0.49767025860001507,False,False,normal
47,train,train,47,False,-2.7815360119231447,1.3148824837326565,108.45995286346773,42.67287545982512,419.90525547763235,60.56772930496717,0.2582962500435892,0.7045480481026636,False,False,normal
48,train,train,48,False,-5.0934787706970805,-0.5700623301811589,41.56203123166339,25.958502517909885,419.90525547763235,60.56772930496717,0.09897954524143204,0.42858635804563705,False,False,normal
49,test,test,49,False,-6.1983827258451605,-0.08263787352398363,41.62806151939764,44.00733006230015,419.90525547763235,60.56772930496717,0.0991367956851283,0.7265804838203023,False,False,normal
50,train,train,50,False,6.433629468025223,-1.3993715194915326,125.65088121041111,42.8985193858181,419.90525547763235,60.56772930496717,0.2992362671609961,0.7082735291233707,False,False,normal
51,test,test,51,False,4.540399088221612,-3.787672302305446,94.59943553830267,70.63595111241145,419.90525547763235,60.56772930496717,0.225287572146955,1.1662307952267674,False,True,q alarm only
52,train,train,52,False,2.839405778407307,-2.335715331438179,75.78702431481432,40.75792979678598,419.90525547763235,60.56772930496717,0.18048601041825105,0.6729314482232606,False,False,normal
53,train,train,53,False,2.3513371696435255,-3.8788580104592523,54.19630397820323,6.527144488485108,419.90525547763235,60.56772930496717,0.12906793442381714,0.10776604246825901,False,False,normal
54,train,train,54,False,2.4876896179458274,-0.5693662695804769,40.59892903583825,50.23545589033676,419.90525547763235,60.56772930496717,0.09668592737582654,0.8294095959482658,False,False,normal
55,train,train,55,False,0.7738304876884653,-2.4632817816606236,40.81763400327028,19.165661540461183,419.90525547763235,60.56772930496717,0.0972067709818044,0.3164335490267323,False,False,normal
56,test,test,56,False,4.678535626111515,2.1973787729956364,23.801241408498534,10.435403601695189,419.90525547763235,60.56772930496717,0.05668240894347745,0.17229312905477173,False,False,normal
57,train,train,57,False,2.452998125154347,-0.4792911031516474,20.078867939803153,11.954576510290622,419.90525547763235,60.56772930496717,0.047817615230759405,0.19737534570757342,False,False,normal
58,train,train,58,False,-0.4101207639679844,-2.618753383772916,26.6253448328568,8.89797739127973,419.90525547763235,60.56772930496717,0.06340798188527337,0.1469095423154654,False,False,normal
59,test,test,59,False,2.1169927537159703,0.11083871152832088,24.239130151484257,7.239971655770422,419.90525547763235,60.56772930496717,0.057725236431996584,0.1195351342843997,False,False,normal
60,train,train,60,False,2.665079594063564,-2.143674261202908,499.26925093803936,60.37683505318048,419.90525547763235,60.56772930496717,1.1890045300103051,0.9968482514702588,True,False,t2 alarm only
61,train,train,61,False,1.4000448149122862,0.9205453481673399,25.505676698363544,7.657040945924397,419.90525547763235,60.56772930496717,0.06074150386460735,0.1264211327350593,False,False,normal
62,train,train,62,False,0.5097023101542796,0.03147782551299548,26.208020487890085,8.51576108661909,419.90525547763235,60.56772930496717,0.06241412829682038,0.14059898207081556,False,False,normal
63,train,test,63,False,-1.9279881325261157,-4.432954204633219,33.78574185290709,6.553973593137203,419.90525547763235,60.56772930496717,0.08046039293906097,0.10820900285260836,False,False,normal
64,train,train,64,False,-1.7391329449889419,-0.9855580147000995,30.8341714331667,24.612874062192123,419.90525547763235,60.56772930496717,0.07343125867308699,0.406369437068753,False,False,normal
65,test,test,65,False,-1.9066903750582307,-1.5712198022784591,25.425067129683637,11.688496307857584,419.90525547763235,60.56772930496717,0.06054953301492552,0.19298224387783028,False,False,normal
66,train,train,66,False,-2.845697302969972,-1.2630889275184483,23.720358979100123,8.357064205211229,419.90525547763235,60.56772930496717,0.05648978827883155,0.13797882636696213,False,False,normal
67,test,test,67,False,-0.6128977067736975,0.4946154812599323,25.47249163066477,12.6049581340521,419.90525547763235,60.56772930496717,0.060662473970920915,0.20811343398040127,False,False,normal
68,train,train,68,False,1.801614115736982,6.671765482292707,36.84138472290501,12.914412794727637,419.90525547763235,60.56772930496717,0.08773737466324112,0.21322266730029985,False,False,normal
69,test,train,68,False,0.8740341516574511,3.886097116651495,38.14807086810664,9.892654681901613,419.90525547763235,60.56772930496717,0.09084923413190937,0.16333210433052034,False,False,normal
70,test,train,68,False,0.8722892183124403,3.8805010469705117,38.44934969726669,9.927528905799585,419.90525547763235,60.56772930496717,0.09156672653103963,0.16390789319198443,False,False,normal
71,train,train,68,False,-0.6444866771512604,0.3239996558813604,24.173866741393766,9.07607581251092,419.90525547763235,60.56772930496717,0.057569812299435405,0.14985002602312497,False,False,normal
72,train,test,69,False,-0.3993737034324242,-0.13604715269447382,23.265527636343734,9.077781370569884,419.90525547763235,60.56772930496717,0.05540661216511745,0.14987818554104873,False,False,normal
73,test,test,70,False,-0.13101444469519802,0.43241327856443806,19.638756102040457,8.328836420502135,419.90525547763235,60.56772930496717,0.04676949346514331,0.13751277315623398,False,False,normal
74,train,train,71,False,-1.5115229825854202,-1.2194207340971692,18.935455097821634,7.711968240278034,419.90525547763235,60.56772930496717,0.045094589436093145,0.1273280066592421,False,False,normal
75,train,train,72,False,-1.2739028247804434,-0.5171003641501238,21.702614229335772,7.54320625899699,419.90525547763235,60.56772930496717,0.051684550136552966,0.12454167170467739,False,False,normal
76,test,test,73,False,-1.7259933144369428,-1.5424736034662931,22.815566888978438,11.183209323406146,419.90525547763235,60.56772930496717,0.054335035323685735,0.18463973227553387,False,False,normal
77,train,train,74,False,-1.6940967795582305,0.6550186290032007,24.714552245468642,7.346468955200114,419.90525547763235,60.56772930496717,0.05885744920567003,0.12129345180185959,False,False,normal
78,test,train,75,False,9.108020344629779,4.685368921645483,48.26370238643835,9.619337684275536,419.90525547763235,60.56772930496717,0.11493950541661957,0.15881951981129747,False,False,normal
79,train,test,76,False,4.824284036264762,-3.3371625921861163,26.562356071529436,10.752850809065155,419.90525547763235,60.56772930496717,0.06325797480509117,0.17753432285570778,False,False,normal
80,train,train,77,False,2.8319287608049803,-1.523291207022163,28.461170065017075,3.4842008619977762,419.90525547763235,60.56772930496717,0.06777998058786658,0.057525697297554725,False,False,normal
81,train,test,78,False,3.126613031254138,-1.0469995401644623,27.989284101023593,6.408846173708001,419.90525547763235,60.56772930496717,0.06665618907099993,0.10581288496781091,False,False,normal
82,train,train,79,False,1.1057803297227513,-3.871668226953916,19.676521770611586,6.0629571409967875,419.90525547763235,60.56772930496717,0.04685943201218095,0.10010210405063943,False,False,normal
83,train,train,80,False,0.7538165255512832,-3.563210883884451,19.34909145188162,7.576738066933098,419.90525547763235,60.56772930496717,0.04607966011254725,0.125095296684859,False,False,normal
84,train,train,81,False,0.8580231596869402,-2.2709338471538083,21.557632767181815,8.160562789362316,419.90525547763235,60.56772930496717,0.051339278291862564,0.1347345010784987,False,False,normal
85,train,train,82,False,-0.32959843799571265,-5.096719182990065,23.701103791442797,6.9239709311945985,419.90525547763235,60.56772930496717,0.05644393224962938,0.11431782255417593,False,False,normal
86,train,train,83,False,2.860840034181875,1.676578943502055,23.219431679892736,6.3197882903443166,419.90525547763235,60.56772930496717,0.05529683512410717,0.1043424999230742,False,False,normal
87,train,train,84,False,2.255477519171476,1.0839643920765154,26.12461431476472,3.6044678022501504,419.90525547763235,60.56772930496717,0.06221549736272909,0.059511357675324755,False,False,normal
88,train,train,85,False,-0.1553772885823506,-2.4844017813259374,19.922309144964075,14.533313482548762,419.90525547763235,60.56772930496717,0.04744477208865347,0.23995143369782695,False,False,normal
89,train,train,86,False,-1.336152257012055,-3.9780435766150135,19.360479531490487,3.705981896891257,419.90525547763235,60.56772930496717,0.04610678070572943,0.06118740027764799,False,False,normal
90,train,train,87,False,-1.8435315400897088,-3.6127649504156123,22.515072616232466,7.056485117447416,419.90525547763235,60.56772930496717,0.053619411337498264,0.116505690380384,False,False,normal
91,train,train,88,False,3.2280582822555646,6.922063332130404,37.77960683356498,7.4593102411915275,419.90525547763235,60.56772930496717,0.0899717408647138,0.1231565113434059,False,False,normal
92,train,train,88,False,1.0338342364587165,3.561502731755739,39.30995277638908,10.592422311922716,419.90525547763235,60.56772930496717,0.09361624381594114,0.17488557741018085,False,False,normal
93,train,train,88,False,1.8861124692812177,5.427253447982182,40.47032751060052,56.268363308911724,419.90525547763235,60.56772930496717,0.09637966418059349,0.9290155657906948,False,False,normal
94,train,train,88,False,-0.6966753379654999,-0.552417320400977,19.085398738604276,11.115141664540372,419.90525547763235,60.56772930496717,0.045451678657594044,0.18351590512125765,False,False,normal
95,train,train,89,False,-0.3575290628161703,-2.3785842470097847,39.62128673979484,7.350799699608158,419.90525547763235,60.56772930496717,0.09435768241273036,0.12136495430752953,False,False,normal
96,train,train,90,False,-2.348125216659646,-2.769519110867942,20.914914112130628,5.274444913166403,419.90525547763235,60.56772930496717,0.049808650497456634,0.08708341840931198,False,False,normal
97,train,train,91,False,-2.403878878651801,-2.0118212982845565,21.5241139052431,5.427497593565358,419.90525547763235,60.56772930496717,0.0512594534706643,0.08961038585807192,False,False,normal
98,train,train,92,False,-1.1129542988133108,0.5109399509570752,25.905275331814284,8.963459799314016,419.90525547763235,60.56772930496717,0.06169314385538624,0.14799068583505443,False,False,normal
99,test,train,93,False,-3.9458477521049167,-4.087778715557651,26.72367122813353,10.177370406914514,419.90525547763235,60.56772930496717,0.06364214517328673,0.1680328868805697,False,False,normal
100,train,train,94,False,-3.5502180788095337,-1.5179527449009391,21.889787853854855,6.4218080484742135,419.90525547763235,60.56772930496717,0.052130302177227424,0.1060268912532529,False,False,normal
101,train,train,95,False,-2.8218174878007956,0.1441143112053632,47.0978322358202,3.5048097133308724,419.90525547763235,60.56772930496717,0.11216299777493265,0.057865958548382335,False,False,normal
102,train,train,96,False,-2.4472789569932014,0.5117405949244626,25.857085722778148,8.762106279016157,419.90525547763235,60.56772930496717,0.06157838080251299,0.14466625015604762,False,False,normal
103,train,train,97,False,-4.2981918037659455,-2.0350212250776525,23.212438478915818,5.125910494852705,419.90525547763235,60.56772930496717,0.0552801808886917,0.08463104946601205,False,False,normal
104,train,train,98,False,4.773836816755343,-1.425913644655437,46.44728915566027,7.318056922398656,419.90525547763235,60.56772930496717,0.11061373619348387,0.12082435657363334,False,False,normal
105,train,test,99,False,0.36811210211955653,-1.7396101122582293,22.644136273038505,6.892421412967862,419.90525547763235,60.56772930496717,0.05392677509425628,0.11379692605386502,False,False,normal
106,train,test,100,False,0.011434955079528662,-2.6789256672907897,22.272351827646744,14.599128530648319,419.90525547763235,60.56772930496717,0.05304137430314481,0.24103806925202065,False,False,normal
107,train,test,101,False,0.6099247410740265,-0.866264478205683,19.957963523469928,6.490568940774338,419.90525547763235,60.56772930496717,0.04752968262035257,0.10716216399814818,False,False,normal
108,train,train,102,False,1.064782529106535,-0.2689305016100424,19.95861768149659,7.475369378339944,419.90525547763235,60.56772930496717,0.04753124049089153,0.12342165480070073,False,False,normal
109,test,train,103,False,0.1028807480777792,-1.9035069259326163,20.944080669142604,8.21889603463854,419.90525547763235,60.56772930496717,0.049878110349724496,0.13569760875886933,False,False,normal
110,train,train,104,False,-1.1188622479874921,-2.763969146464923,23.80594437904863,9.211487608540164,419.90525547763235,60.56772930496717,0.05669360901894387,0.15208573466835792,False,False,normal
111,train,train,105,False,-0.3273729020125155,-1.6986066120544814,24.316676779678296,8.924567583727846,419.90525547763235,60.56772930496717,0.057909912920757915,0.14734855815365594,False,False,normal
112,train,train,106,False,1.015087964294171,2.9554896505163457,40.82367687132586,15.514593085220554,419.90525547763235,60.56772930496717,0.0972211620092487,0.2561527939590134,False,False,normal
113,train,test,107,False,-0.4647971990486885,-0.8674091654532107,16.014140752448608,9.458009070030354,419.90525547763235,60.56772930496717,0.03813750969664073,0.15615591303428145,False,False,normal
114,train,train,108,False,-1.8573239962647843,-2.0945249578417604,12.705970698615475,11.815679662427748,419.90525547763235,60.56772930496717,0.030259137109781425,0.19508209731512488,False,False,normal
115,test,test,109,False,-2.1291710895664417,-1.1498165908319236,11.462298839179791,7.764014734618306,419.90525547763235,60.56772930496717,0.027297345507480482,0.12818731730102317,False,False,normal
116,train,train,110,False,-1.739762525329123,0.8390693543168859,12.295237999237443,5.312557019882034,419.90525547763235,60.56772930496717,0.029280981456761952,0.08771266614821484,False,False,normal
117,train,train,111,False,-2.5297888183279342,-0.708582507037466,11.461837078576055,5.9207158517626075,419.90525547763235,60.56772930496717,0.02729624582940379,0.09775363745190045,False,False,normal
118,train,train,112,False,1.8498999097961841,7.503309987159218,28.17992191572066,8.222173278716824,419.90525547763235,60.56772930496717,0.06711019104456471,0.13575171750813053,False,False,normal
119,train,train,112,False,0.7070787009550832,1.917887071846838,25.912667484865686,5.793621831588126,419.90525547763235,60.56772930496717,0.06171074819101904,0.09565525896499127,False,False,normal
120,train,train,113,False,-0.44484019332770214,3.6417845641396767,14.034205219178444,4.979349958024085,419.90525547763235,60.56772930496717,0.033422313810325774,0.08221127017908078,False,False,normal
121,train,train,114,False,-3.2312638309786372,-2.056792942365447,17.5127851088053,12.807492452158625,419.90525547763235,60.56772930496717,0.04170651564930979,0.21145736515349733,False,False,normal
122,train,test,115,False,-3.0712600160922663,0.5900877916112716,14.710663896392688,6.136319694188773,419.90525547763235,60.56772930496717,0.03503329311670475,0.10131335225217916,False,False,normal
123,test,train,116,False,-3.8951229070375244,-0.4537866921870731,12.250249533125682,7.598018078188838,419.90525547763235,60.56772930496717,0.029173841892479558,0.12544663908286427,False,False,normal
124,test,train,117,False,-3.5540685972734454,0.6657483136425407,15.475792897745865,4.432390916940852,419.90525547763235,60.56772930496717,0.03685543987808039,0.07318073449019577,False,False,normal
125,train,train,118,False,-2.9053911937083647,1.4598511807581815,13.028916309352566,6.173189506623329,419.90525547763235,60.56772930496717,0.03102822872395936,0.10192208916303329,False,False,normal
126,train,train,119,False,-3.0497488849812364,0.19805820764137422,15.426314289490582,13.904681528934027,419.90525547763235,60.56772930496717,0.03673760708696897,0.22957244209902553,False,False,normal
127,train,train,120,False,-4.07690632714749,0.3874553136171383,11.25928095062923,6.7705971160575835,419.90525547763235,60.56772930496717,0.026813860516754103,0.11178555302885237,False,False,normal
128,train,train,121,False,-4.54165256634174,0.49043263932862213,38.37603022015043,6.366528220453393,419.90525547763235,60.56772930496717,0.09139211695861868,0.10511419684229886,False,False,normal
129,train,train,122,False,-4.981012878619296,0.21280009319564938,12.047059562467748,7.370971110092411,419.90525547763235,60.56772930496717,0.028689947090003675,0.12169799321646214,False,False,normal
130,train,test,123,False,-5.980816692053773,0.0004387685437154391,14.776346974053006,4.07438482062129,419.90525547763235,60.56772930496717,0.035189716683220025,0.06726989549345956,False,False,normal
131,train,test,124,False,-1.5012277926097646,9.063247150842955,32.58987292721416,7.447807019540119,419.90525547763235,60.56772930496717,0.07761244352644252,0.12296658806605323,False,False,normal
132,train,test,124,False,-0.39857214082998094,1.1297861884710654,18.886236057784696,8.00095536843934,419.90525547763235,60.56772930496717,0.044977374803994885,0.13209931196451805,False,False,normal
133,train,train,125,False,-6.357820297489054,-0.4132174703805587,13.562180773622927,6.605999101425141,419.90525547763235,60.56772930496717,0.032298192501058996,0.1090679670053832,False,False,normal
134,train,train,126,False,-6.119753917477882,1.6482027890073638,15.133974105831978,5.401146143878659,419.90525547763235,60.56772930496717,0.036041401979161794,0.08917531176846859,False,False,normal
135,test,train,127,False,-7.6917233140120205,-0.6996211877476873,19.968659863267295,8.092313880698246,419.90525547763235,60.56772930496717,0.04755515584236595,0.1336076814098856,False,False,normal
136,train,test,128,False,6.5419787675444905,6.923614791012098,54.82191268069798,7.780547650724543,419.90525547763235,60.56772930496717,0.1305578150441088,0.12846028305846457,False,False,normal
137,train,test,128,False,2.1922178866612954,4.209059423006066,25.94599992616774,122.30595371519682,419.90525547763235,60.56772930496717,0.06179012905340938,2.019325391899189,False,True,q alarm only
138,train,train,129,False,1.351102072592526,-6.349857760852002,56.06301661043812,36.49593394054989,419.90525547763235,60.56772930496717,0.13351349114853958,0.602564011551228,False,False,normal
139,train,train,130,False,-0.7601185918991709,-1.4064785891115104,11.398778811474509,11.053658206096166,419.90525547763235,60.56772930496717,0.027146073221943047,0.1825007860281408,False,False,normal
140,train,train,131,False,-0.9244862345207395,-1.693635336020945,12.154395913257458,10.335271038714078,419.90525547763235,60.56772930496717,0.028945567493391142,0.17063989615120803,False,False,normal
141,test,train,132,False,-0.920090608201955,-0.447795708653418,16.90438138442747,12.730230438223922,419.90525547763235,60.56772930496717,0.04025760850551664,0.21018173513035948,False,False,normal
142,train,train,133,False,-0.7014457625398203,0.1538567266463151,13.770581401316898,11.06941568578793,419.90525547763235,60.56772930496717,0.03279449642908895,0.18276094898740286,False,False,normal
143,train,train,134,False,3.1727997356170117,7.805695484365936,28.483392273265547,6.8894166356945306,419.90525547763235,60.56772930496717,0.06783290254575727,0.11374731585206593,False,False,normal
144,train,test,135,False,-1.147762606336862,-0.43955541684022137,11.933670018861282,12.577208111149636,419.90525547763235,60.56772930496717,0.02841991107086053,0.20765526882841515,False,False,normal
145,train,train,136,False,-1.2135027853870843,0.2808984761833918,8.59162915355467,4.08335744170686,419.90525547763235,60.56772930496717,0.02046087549864527,0.06741803743618274,False,False,normal
146,train,train,137,False,-1.7484992011073546,-0.6438131915640978,15.899932631980626,7.428152565982915,419.90525547763235,60.56772930496717,0.03786552424521295,0.1226420843446368,False,False,normal
147,train,train,138,False,-2.756079568075593,-0.8789486846605992,11.693400834543212,9.319277976415679,419.90525547763235,60.56772930496717,0.027847712506580188,0.15386540131778398,False,False,normal
148,train,train,139,False,-4.026748507499001,-2.649318879185637,15.11432664723511,8.078955740056761,419.90525547763235,60.56772930496717,0.03599461176079571,0.13338713259957402,False,False,normal
149,train,train,140,False,-2.682751321385602,0.7979295681403614,21.574476977080938,6.367563154927005,419.90525547763235,60.56772930496717,0.05137939260260146,0.10513128406821089,False,False,normal
150,train,test,141,False,-1.6984747638507092,1.0780046969468315,16.961531223057673,9.48580186477053,419.90525547763235,60.56772930496717,0.04039371025200513,0.1566147843682262,False,False,normal
151,train,train,142,False,-2.2539316856973874,0.6670024021996512,15.428230765614096,7.30050183523435,419.90525547763235,60.56772930496717,0.03674217115493076,0.1205345143199158,False,False,normal
152,train,train,143,False,-2.1017800751819498,0.7681279885325377,9.923255392304878,7.064139507024005,419.90525547763235,60.56772930496717,0.0236321295407875,0.11663206773783863,False,False,normal
153,train,train,144,False,-4.562351767365095,-2.7629258237875627,16.651200371990218,6.298471557797823,419.90525547763235,60.56772930496717,0.03965466055681982,0.10399055124031675,False,False,normal
154,train,train,145,False,-3.746112309395301,0.11520786568078135,16.318168531474342,7.611595615140782,419.90525547763235,60.56772930496717,0.038861548691294205,0.12567081022330076,False,False,normal
155,train,train,146,False,-3.4797345233966306,0.2269056885512349,11.436348752925811,7.694822249110348,419.90525547763235,60.56772930496717,0.027235545646879872,0.1270449187613724,False,False,normal
156,train,train,147,False,-4.308982379140582,0.3492461808371083,16.824592311174904,8.22370888177219,419.90525547763235,60.56772930496717,0.04006759165716401,0.1357770709937736,False,False,normal
157,train,test,148,False,-3.240828704766037,1.3365136932346737,16.248204347270907,6.532387708902478,419.90525547763235,60.56772930496717,0.03869492971405884,0.1078526103564321,False,False,normal
158,train,train,149,False,-3.9065682440755283,0.9941029543641762,10.273482930710877,8.154527677124118,419.90525547763235,60.56772930496717,0.024466192782048018,0.13463485870610908,False,False,normal
159,train,train,150,False,-4.658168719819461,0.724166257089357,12.606513011169852,12.391449247399963,419.90525547763235,60.56772930496717,0.03002227966123034,0.20458830782655307,False,False,normal
160,train,train,151,False,-6.688462088940711,-2.4792175017549796,20.397673068375727,8.715691895016061,419.90525547763235,60.56772930496717,0.04857684632971277,0.14389992814707164,False,False,normal
161,train,train,152,False,-7.000500267601035,-2.0277533307958273,19.313768206400646,9.506246146826179,419.90525547763235,60.56772930496717,0.04599553817070398,0.156952328507494,False,False,normal
162,test,train,153,False,-6.58837039594566,-2.1344206857255426,35.56353934165875,14.986784505276303,419.90525547763235,60.56772930496717,0.08469419917406383,0.24743844085380354,False,False,normal
163,train,train,153,False,-1.2706861380504264,-0.19998248845636912,11.83618416942763,12.272997637326243,419.90525547763235,60.56772930496717,0.02818774953403298,0.2026326193529552,False,False,normal
164,train,train,153,False,-1.269646853981576,-0.36414223758176456,25.224493828440448,12.432858103041958,419.90525547763235,60.56772930496717,0.060071869783454315,0.20527198634838598,False,False,normal
165,train,train,153,False,-1.0990350202455812,-0.07021883817146407,20.11350364859135,9.234843598615495,419.90525547763235,60.56772930496717,0.047900099811117425,0.15247135239488238,False,False,normal
166,train,train,153,False,-0.9515638848265446,0.2100796435215382,15.621904605138468,9.022151991836644,419.90525547763235,60.56772930496717,0.037203403390055026,0.14895971989322596,False,False,normal
167,train,train,153,False,-0.9610049777227376,0.2197256878473557,13.355848732500833,9.42905803083659,419.90525547763235,60.56772930496717,0.031806814890442056,0.1556779185721151,False,False,normal
168,test,train,153,False,1.1903943087488387,5.329533842381564,47.67205246977067,35.3784262556395,419.90525547763235,60.56772930496717,0.11353049729169222,0.5841134653984479,False,False,normal
169,train,train,153,False,1.136610205898159,5.2502337376259245,60.713105633907546,25.607990472125778,419.90525547763235,60.56772930496717,0.14458762980912876,0.4227992491378682,False,False,normal
170,test,train,153,False,1.073597782034824,5.03803512724835,52.24181648093248,35.35382470084773,419.90525547763235,60.56772930496717,0.12441334277064153,0.5837072828475404,False,False,normal
171,train,train,153,False,1.0899583636412677,5.076244788505707,52.92461262248078,35.889120823479495,419.90525547763235,60.56772930496717,0.12603941468243895,0.5925452585942697,False,False,normal
172,train,train,154,False,-7.001561334544701,-3.064999783372109,19.50650073366784,32.015683673828576,419.90525547763235,60.56772930496717,0.04645452868047496,0.5285930980279124,False,False,normal
173,test,train,155,False,-5.247986545383164,1.4049252007962316,12.051135025817713,7.160839219597433,419.90525547763235,60.56772930496717,0.02869965276359742,0.11822862276281787,False,False,normal
174,train,train,156,False,-6.8496894610539965,-1.0948882470466377,13.63570471274167,6.4634952958002465,419.90525547763235,60.56772930496717,0.03247328899761299,0.10671516614492223,False,False,normal
175,test,train,157,False,-7.566142861947143,-1.3866671797167662,15.4449826069073,7.077087770369932,419.90525547763235,60.56772930496717,0.03678206549079505,0.11684584929271137,False,False,normal
176,train,train,158,False,-8.12423951588237,-1.8265330999971667,20.997806529867795,8.300963010239641,419.90525547763235,60.56772930496717,0.05000605792843265,0.1370525708243594,False,False,normal
177,train,train,159,False,4.970844823584468,-0.6373321836976703,50.36862288450172,9.073511539401172,419.90525547763235,60.56772930496717,0.11995235169707175,0.14980768873990216,False,False,normal
178,train,train,160,False,3.8420156441355213,-2.359673592068819,30.1561432545893,17.474492299590178,419.90525547763235,60.56772930496717,0.07181654161553037,0.28851159685388916,False,False,normal
179,train,train,161,False,2.394517771572661,-0.33041508322052526,11.28056560965544,4.866331491916054,419.90525547763235,60.56772930496717,0.026864549710920053,0.08034528531544215,False,False,normal
180,train,test,162,False,2.997291606655512,1.2187099548050364,17.811437539034973,10.808708863195418,419.90525547763235,60.56772930496717,0.04241775330669506,0.17845656403547877,False,False,normal
181,train,test,163,False,0.7831319734748468,-1.2133999209161708,21.802722408738433,6.1564615818208495,419.90525547763235,60.56772930496717,0.05192295672493632,0.10164590372576435,False,False,normal
182,train,train,164,False,0.4389535261601504,-1.6481710630992907,17.122117995821373,10.373070273075005,419.90525547763235,60.56772930496717,0.040776145981658095,0.17126397822915093,False,False,normal
183,train,train,165,False,4.488805230146579,6.807713095069234,38.90838697615545,10.079402254277333,419.90525547763235,60.56772930496717,0.09265991903792219,0.1664153893491054,False,False,normal
184,test,train,165,False,0.5362662910863192,2.2052942342203177,25.073650291009997,11.223447024558974,419.90525547763235,60.56772930496717,0.05971263746744324,0.18530407451874767,False,False,normal
185,test,train,166,False,-1.4939046205714634,-4.558289758145012,17.287698521711555,13.782290734512669,419.90525547763235,60.56772930496717,0.04117047428245975,0.22755171594954246,False,False,normal
186,train,train,167,False,0.8476103281014299,0.6884348412954308,17.043107157033,9.630052489131915,419.90525547763235,60.56772930496717,0.04058798249059033,0.15899642597864655,False,False,normal
187,train,test,168,False,0.22813531999086525,0.2485885667312464,15.778324793793674,13.693173147266162,419.90525547763235,60.56772930496717,0.03757591644297521,0.22608034516729325,False,False,normal
188,test,train,169,False,-0.5204669402567091,-0.37298312612866424,23.008929451271964,13.27466127656949,419.90525547763235,60.56772930496717,0.05479552625532121,0.2191705290738187,False,False,normal
189,train,test,170,False,0.5477597898675868,-0.05695202633567226,18.836095609540763,3.7703400043191215,419.90525547763235,60.56772930496717,0.04485796584783191,0.06224998109694555,False,False,normal
190,train,train,171,False,-1.8467821498567383,-3.310461998864448,13.544857160238621,7.04006474782674,419.90525547763235,60.56772930496717,0.032256936495904685,0.11623458281519863,False,False,normal
191,train,train,172,False,-1.208898647270556,-2.038696415572457,11.36314827765972,9.79770597227835,419.90525547763235,60.56772930496717,0.02706121947612779,0.16176445913871892,False,False,normal
192,train,test,173,False,-0.8904030249603823,0.07736253962146249,10.231119900584453,6.922821209492661,419.90525547763235,60.56772930496717,0.02436530566626701,0.11429884014035374,False,False,normal
193,train,train,174,False,-2.8635268142806796,-3.7979212866786405,16.362265529866047,8.555686072951017,419.90525547763235,60.56772930496717,0.03896656523447022,0.14125816125402219,False,False,normal
194,train,test,175,False,-1.5876346080193273,-0.019223447783783428,31.999187903442866,17.083334263965664,419.90525547763235,60.56772930496717,0.07620573328391554,0.2820534046760881,False,False,normal
195,train,train,176,False,0.9100544036641597,4.734353031981554,18.28288664551699,7.998214842114359,419.90525547763235,60.56772930496717,0.04354050445194032,0.1320540646627547,False,False,normal
196,train,train,177,False,-0.7964159894729068,-0.705886800836136,13.9835247734306,14.769819840441365,419.90525547763235,60.56772930496717,0.0333016188557218,0.2438562582736627,False,False,normal
197,train,train,178,False,-2.5290265907957368,-0.10736086865552977,17.215530378092893,11.836662335642636,419.90525547763235,60.56772930496717,0.04099860659879247,0.19542853053056272,False,False,normal
198,test,train,179,False,-5.016222543261668,-3.065835587826696,18.780017825207317,8.48540441723723,419.90525547763235,60.56772930496717,0.04472441718750457,0.14009778003253195,False,False,normal
199,test,train,180,False,0.990173563566952,1.7813204408442513,24.88903654899922,25.018410239940078,419.90525547763235,60.56772930496717,0.05927298176034621,0.4130650187324806,False,False,normal
200,train,train,181,False,-2.7942479887743055,-4.034786390623567,17.284541904305627,20.666000981700254,419.90525547763235,60.56772930496717,0.041162956830928125,0.34120481680341663,False,False,normal
201,train,train,182,False,-3.672758308490107,1.6347221485149666,1358.597349024166,17.545231871216064,419.90525547763235,60.56772930496717,3.235485460830428,0.28967953846962485,True,False,t2 alarm only
202,train,train,183,False,-4.567081783929057,0.18409886549684484,12.511886287931302,7.972544557934737,419.90525547763235,60.56772930496717,0.02979692710370897,0.1316302369169535,False,False,normal
203,test,test,184,False,-4.44584261815945,1.4266662785667847,12.870212682628312,7.675520940922014,419.90525547763235,60.56772930496717,0.030650277687019535,0.1267262456261926,False,False,normal
204,train,test,185,False,6.029095620637887,2.272909971842949,38.93420828908414,8.262677375217459,419.90525547763235,60.56772930496717,0.09272141222618753,0.1364204580563636,False,False,normal
205,train,train,186,False,0.9840499404364076,-5.000478177501608,19.954814827712788,11.705829617514189,419.90525547763235,60.56772930496717,0.04752218403414517,0.19326842448680326,False,False,normal
206,train,train,187,False,0.6343216907167903,-0.7471342980313528,694.5832209309939,6.315997372671261,419.90525547763235,60.56772930496717,1.6541427187924138,0.1042799101955649,True,False,t2 alarm only
207,train,train,188,False,5.041696359691912,-0.4660420907140435,22.861531343779845,11.770540145238918,419.90525547763235,60.56772930496717,0.05444449919488479,0.19433682392107796,False,False,normal
208,train,train,189,False,4.657826449407613,-1.7049561073706245,16.626686956222496,18.008091403768518,419.90525547763235,60.56772930496717,0.03959628211204461,0.29732155407535926,False,False,normal
209,train,train,190,False,2.2678830948173014,-0.5526333882579334,20.15470986404085,7.32389683076427,419.90525547763235,60.56772930496717,0.04799823198477319,0.12092077604374771,False,False,normal
210,test,train,191,False,1.6148950122684136,-1.1358062205706443,17.897435424005426,10.364868303611035,419.90525547763235,60.56772930496717,0.042622556375598385,0.17112856008556043,False,False,normal
211,train,test,192,False,0.04924908424368813,-3.712206354195827,17.639677284190377,10.28884410148157,419.90525547763235,60.56772930496717,0.04200870804564153,0.16987336688281263,False,False,normal
212,test,train,193,False,-0.9222371905893392,-4.011143412180009,23.092276273664016,8.770980191671985,419.90525547763235,60.56772930496717,0.05499401584625821,0.14481276237893692,False,False,normal
213,train,train,194,False,-0.1185282427161194,-0.9187875474478043,24.20005054291733,5.433575955753776,419.90525547763235,60.56772930496717,0.057632168750520504,0.08971074230626915,False,False,normal
214,train,train,195,False,4.424682354014295,7.021990646855066,30.124778010018158,12.308606233742077,419.90525547763235,60.56772930496717,0.07174184561170098,0.203220533029503,False,False,normal
215,train,train,195,False,-0.24145743545457954,0.027587559269145044,20.735244323931717,7.68918863203252,419.90525547763235,60.56772930496717,0.04938076876495833,0.12695190525166225,False,False,normal
216,train,train,196,False,0.7377266272652632,0.2989586384385758,10.862705243041827,6.555295040351653,419.90525547763235,60.56772930496717,0.025869419592488202,0.1082308205305965,False,False,normal
217,train,train,197,False,-0.16127662667156104,-2.2364601964992197,16.4435272427736,7.473748688606841,419.90525547763235,60.56772930496717,0.039160089158849595,0.1233948964963743,False,False,normal
218,train,test,198,False,-0.2460967954063126,-0.9004957132661005,11.040434071334957,9.109845412558265,419.90525547763235,60.56772930496717,0.02629267894915181,0.15040757705623883,False,False,normal
219,train,test,199,False,0.4803543946861046,1.1409580033237603,10.826249099350385,5.455147044183865,419.90525547763235,60.56772930496717,0.025782599665335887,0.09006689051716665,False,False,normal
220,test,train,200,False,-0.827949465066514,0.5998548152450879,11.044693058937197,6.806969286185593,419.90525547763235,60.56772930496717,0.026302821683844176,0.11238607364511768,False,False,normal
221,train,train,201,False,-1.1710303096995671,0.686556882174516,13.068007313158576,7.5735423092264345,419.90525547763235,60.56772930496717,0.03112132354307884,0.12504253331163476,False,False,normal
222,train,train,202,False,-2.7757662965613075,-2.4195349178784884,17.731664565621323,8.483456667493058,419.90525547763235,60.56772930496717,0.04222777479994141,0.14006562182276378,False,False,normal
223,train,test,203,False,-1.8862475592078785,1.174379181534908,20.403326756929697,10.629453159911105,419.90525547763235,60.56772930496717,0.04859031053022043,0.175496973089255,False,False,normal
224,train,train,204,False,-0.8795106727696408,0.8364203120748642,15.07782212794562,3.3233663134225027,419.90525547763235,60.56772930496717,0.03590767662765962,0.054870247763274704,False,False,normal
225,train,train,205,False,0.3287293759489925,1.5963734114686041,10.821182516827694,5.380841086941312,419.90525547763235,60.56772930496717,0.02577053365173735,0.08884006629748341,False,False,normal
226,train,train,206,False,-1.109031861754932,1.6839007884419057,9.793779348922035,5.594900015472395,419.90525547763235,60.56772930496717,0.023323783689684574,0.09237427388603713,False,False,normal
227,train,train,207,False,-2.972040141421507,-1.2435678353618687,10.180307306886508,8.001575207704988,419.90525547763235,60.56772930496717,0.024244296002693864,0.1321095457849495,False,False,normal
228,train,train,208,False,-2.8520444969363665,-0.8354144327216045,28.38546137631494,10.29505670845733,419.90525547763235,60.56772930496717,0.06759968113289543,0.1699759397718255,False,False,normal
229,train,train,209,False,-2.450478543042547,1.9151852175812203,6.01692701406818,6.649853708467281,419.90525547763235,60.56772930496717,0.014329249123648304,0.10979202596459109,False,False,normal
230,train,train,210,False,-4.039604507345544,-0.25268811198759444,17.571227809622822,6.6544173971905725,419.90525547763235,60.56772930496717,0.041845696333654994,0.10986737448393731,False,False,normal
231,train,train,211,False,-3.200911852503152,2.1784996181893446,16.24001251669293,6.785462744128232,419.90525547763235,60.56772930496717,0.03867542095471107,0.11203099112338284,False,False,normal
232,train,test,212,False,-3.0487482317769063,1.9095189758169508,11.887326410943881,4.43430461957292,419.90525547763235,60.56772930496717,0.028309544250457945,0.07321233056708404,False,False,normal
233,train,train,213,False,-3.9505715839288253,0.16691374668992512,14.856557151735384,5.3489284907563,419.90525547763235,60.56772930496717,0.03538073638739386,0.08831317521949157,False,False,normal
234,train,train,214,False,-3.1883946698922516,2.173266173240235,22.12531209043782,8.463598959830744,419.90525547763235,60.56772930496717,0.0526912006978117,0.13973776228617246,False,False,normal
235,train,train,215,False,-3.328509360686928,2.2138278270658804,21.64721165097786,6.129634991951462,419.90525547763235,60.56772930496717,0.05155260947223598,0.1012029848615898,False,False,normal
236,train,train,216,False,-4.186295022543284,2.3912198049820446,24.068795378499523,10.824220649533794,419.90525547763235,60.56772930496717,0.05731958594117102,0.17871267048880596,False,False,normal
237,test,train,217,False,0.012179738930253816,8.689577292796761,31.11994413550417,6.710460806831743,419.90525547763235,60.56772930496717,0.07411182339241257,0.11079267596517633,False,False,normal
238,train,train,217,False,0.6323559519544926,3.087994778053845,41.33298146540304,22.906738815799557,419.90525547763235,60.56772930496717,0.09843406560460345,0.3782003895252677,False,False,normal
239,test,train,217,False,-1.075044076997487,0.2545650269776725,20.372383667739125,12.656205660916422,419.90525547763235,60.56772930496717,0.04851661988504054,0.20895955331577015,False,False,normal
240,test,train,218,False,-2.250639474763511,2.5746746740471567,20.36450794283999,11.230075619543998,419.90525547763235,60.56772930496717,0.048497863928080254,0.18541351555378544,False,False,normal
241,train,train,219,False,-3.64026710920256,2.427378571225158,10.217963757481494,13.985154830999488,419.90525547763235,60.56772930496717,0.024333974448256905,0.23090109190955854,False,False,normal
242,train,test,220,False,-3.8819178523358953,2.663374516638777,15.425560426212693,9.094610313684237,419.90525547763235,60.56772930496717,0.03673581176941089,0.15015603883532722,False,False,normal
243,train,train,221,False,5.122406721341377,-0.596577153369481,44.91026584263317,4.762925161893613,419.90525547763235,60.56772930496717,0.10695333115454533,0.07863800107003524,False,False,normal
244,test,train,222,False,2.3338642682971513,-4.242862459912632,26.06067948941764,14.762288980753421,419.90525547763235,60.56772930496717,0.06206323724092053,0.24373192044930703,False,False,normal
245,train,train,223,False,2.5594821108073313,-0.3482412501549986,14.685171841885651,12.279592655087942,419.90525547763235,60.56772930496717,0.03497258405394715,0.20274150601318464,False,False,normal
246,train,train,224,False,2.6700449917442795,0.4325179390469981,21.92608707628463,9.440818646057995,419.90525547763235,60.56772930496717,0.052216748398026654,0.1558720915311539,False,False,normal
247,test,train,225,False,1.774112233746519,0.22084827380887215,12.339089842579673,7.048637080185051,419.90525547763235,60.56772930496717,0.02938541416573662,0.11637611581398662,False,False,normal
248,train,test,226,False,0.22138441271677142,-2.940652904113113,17.555808998600632,5.944750098962217,419.90525547763235,60.56772930496717,0.04180897659552108,0.09815045350354065,False,False,normal
249,train,train,227,False,1.9679263718389723,0.11380125873408188,21.289366903417125,8.042465815482522,419.90525547763235,60.56772930496717,0.05070040592657258,0.13278466780531853,False,False,normal
250,test,train,228,False,3.5752178689728384,0.38412386221159256,102.43047963376247,14.977493925534342,419.90525547763235,60.56772930496717,0.24393712223784914,0.24728504927302986,False,False,normal
251,test,train,229,False,-0.02221980903986489,0.4048956159926275,21.839397602525747,5.586358608044661,419.90525547763235,60.56772930496717,0.0520102983176144,0.0922332514715311,False,False,normal
252,train,train,230,False,0.5267266972102741,0.9007652922200355,17.5527060623878,5.470346804385107,419.90525547763235,60.56772930496717,0.041801586985192665,0.09031784528096025,False,False,normal
253,train,test,231,False,0.1602899813874068,0.9174874553154317,19.362557121641498,4.728955694075795,419.90525547763235,60.56772930496717,0.04611172846507254,0.07807715013162912,False,False,normal
254,test,train,232,False,0.2534733054363357,0.3283363504891728,19.762875550277837,8.18574120030603,419.90525547763235,60.56772930496717,0.04706508264060194,0.13515020777961895,False,False,normal
255,train,train,233,False,-1.9878734071298823,-2.4739088786928614,21.633601753880324,7.7461124300366295,419.90525547763235,60.56772930496717,0.05152019764380565,0.12789174233417017,False,False,normal
256,train,train,234,False,-2.803299542055132,-2.484224018228001,23.19094794914796,3.689792148713897,419.90525547763235,60.56772930496717,0.055229001415495034,0.0609201003744959,False,False,normal
257,train,train,235,False,-2.839188239434039,-1.6598188546682817,18.121714470274796,5.860051042189409,419.90525547763235,60.56772930496717,0.04315667459237149,0.09675203461373323,False,False,normal
258,train,train,236,False,-3.5342654093383636,-2.692626054186371,22.25852352063206,5.218229961687321,419.90525547763235,60.56772930496717,0.05300844233376768,0.08615528469645588,False,False,normal
259,test,test,237,False,-0.775554507456805,1.6200186127749971,21.964439458713127,3.7961025925392486,419.90525547763235,60.56772930496717,0.05230808419801532,0.06267533282328168,False,False,normal
260,train,train,238,False,1.6912488026029047,6.719657390427073,33.033749278644905,6.138370226159075,419.90525547763235,60.56772930496717,0.07866953044221796,0.10134720744196143,False,False,normal
261,test,test,239,False,-0.6700272933472657,1.8698173991312608,28.644886123162586,9.225845218134069,419.90525547763235,60.56772930496717,0.06821749847017204,0.1523227851531402,False,False,normal
262,train,test,240,False,-2.228351182494305,1.285930775870551,18.227729464947366,12.895318837206066,419.90525547763235,60.56772930496717,0.04340914819990465,0.21290741761633977,False,False,normal
263,train,train,241,False,-1.700137921491041,1.4281339379289066,16.94947675768103,4.981799975085976,419.90525547763235,60.56772930496717,0.04036500266804567,0.08225172104441791,False,False,normal
264,train,train,242,False,-2.844138156394297,-0.603642401764908,17.882026459275625,3.231669187662281,419.90525547763235,60.56772930496717,0.04258586008630742,0.05335628765923128,False,False,normal
265,test,train,243,False,-2.5990624261907174,1.8942369720889376,17.254876401372098,5.979026741056004,419.90525547763235,60.56772930496717,0.04109230874413582,0.09871637602510654,False,False,normal
266,train,test,244,False,-2.143455347258153,1.9889731497835719,21.453998068448755,3.813696154124995,419.90525547763235,60.56772930496717,0.051092473334360476,0.06296581030671448,False,False,normal
267,train,train,245,False,-1.875750278850915,1.1358686633874877,21.426864121389563,7.225743291646235,419.90525547763235,60.56772930496717,0.05102785412156133,0.11930021769948787,False,False,normal
268,train,train,246,False,-2.2420342361927337,1.311087503114303,16.3453962074344,4.805669903433041,419.90525547763235,60.56772930496717,0.03892639111849624,0.07934373565889859,False,False,normal
269,train,test,247,False,-1.7520073969893948,1.622632597084011,15.985391554930237,6.98130670552812,419.90525547763235,60.56772930496717,0.038069043781667436,0.11526446154810004,False,False,normal
270,test,train,248,False,-2.00099672040639,0.887245869432319,622.7114725232083,8.9410379896736,419.90525547763235,60.56772930496717,1.4829808972380891,0.14762049184069945,True,False,t2 alarm only
271,test,train,249,False,-2.5536989460351704,1.5226888342834415,14.554658095876077,4.3905286508505394,419.90525547763235,60.56772930496717,0.034661766924828065,0.0724895699613172,False,False,normal
272,train,train,250,False,-3.492572412644197,1.916860805229214,30.458041938243813,5.984747587604555,419.90525547763235,60.56772930496717,0.07253551019169432,0.09881082973196,False,False,normal
273,train,test,251,False,-4.405385708744659,-0.322083456625175,17.721730601064287,4.233949358015825,419.90525547763235,60.56772930496717,0.04220411716663616,0.06990437658141821,False,False,normal
274,train,train,252,False,-4.339942944241,2.307316060859893,17.995150442686846,5.385234183901959,419.90525547763235,60.56772930496717,0.04285526367660673,0.08891259827137543,False,False,normal
275,test,train,253,False,-6.548526324172209,-1.0768073082165823,23.71273512736485,5.879193095834311,419.90525547763235,60.56772930496717,0.05647163215519218,0.09706807838596249,False,False,normal
276,train,train,254,False,6.784964411170414,3.643513925860912,49.378923965316176,7.193476662168505,419.90525547763235,60.56772930496717,0.11759539401132003,0.11876748137524394,False,False,normal
277,train,train,255,False,4.192106577437207,-0.5808925557401934,21.1577892023517,2.9122105996195713,419.90525547763235,60.56772930496717,0.050387054999550346,0.04808188507375231,False,False,normal
278,train,train,256,False,0.7402366681979545,-4.3205394128662125,30.449364662364697,4.552767367147783,419.90525547763235,60.56772930496717,0.07251484534940926,0.0751682029257519,False,False,normal
279,train,train,257,False,0.15738559473618632,-3.932880465256404,23.957325786397096,10.47069580242391,419.90525547763235,60.56772930496717,0.057054122266572256,0.1728758188985831,False,False,normal
280,train,train,258,False,2.6212893028657254,0.03639006545418769,21.136203905193458,4.569603767438175,419.90525547763235,60.56772930496717,0.05033564983879881,0.07544617934130513,False,False,normal
281,train,test,259,False,1.470606337220054,0.0682532956952829,22.091687311767487,8.106745516845866,419.90525547763235,60.56772930496717,0.05261112363701834,0.13384595410581174,False,False,normal
282,train,train,260,False,3.8022793953206464,3.271987323097864,23.761671086720234,3.5334531127212974,419.90525547763235,60.56772930496717,0.056588172633590623,0.05833887374132611,False,False,normal
283,train,test,261,False,1.8007985834181124,0.0384909442816361,20.22998400283444,7.434705698435461,419.90525547763235,60.56772930496717,0.04817749656365531,0.12275027945988622,False,False,normal
284,train,train,262,False,-0.11362741125293133,-2.9697340473059146,21.759886417179917,3.4646170929226363,419.90525547763235,60.56772930496717,0.05182094325642235,0.05720236060820101,False,False,normal
285,train,train,263,False,1.8870194388584642,0.525005330759852,15.393762910794232,3.6280916727096852,419.90525547763235,60.56772930496717,0.03666008631705309,0.05990139822547623,False,False,normal
286,train,train,264,False,1.5988308630263495,0.47532835840887705,19.230871535375368,5.9619082543122675,419.90525547763235,60.56772930496717,0.04579812061056655,0.09843374223744145,False,False,normal
287,train,train,265,False,1.182122423976319,0.5505618157294156,17.217397980518854,4.264976385496648,419.90525547763235,60.56772930496717,0.04100305427455169,0.07041664652841585,False,False,normal
288,train,test,266,False,0.2287921517095279,0.19597264295780603,19.209202767653835,2.819836252999082,419.90525547763235,60.56772930496717,0.04574651666553642,0.04655674375377032,False,False,normal
289,test,train,267,False,-1.0938123154554624,-2.4886447228945157,20.17814913308767,9.69913085882218,419.90525547763235,60.56772930496717,0.04805405236030089,0.16013694041567367,False,False,normal
290,train,train,268,False,0.6319649479320905,0.04395292373243699,19.015383942371443,10.70009564541754,419.90525547763235,60.56772930496717,0.04528493914833691,0.17666331177021727,False,False,normal
291,train,train,269,False,0.7074001692889044,0.9135845101170775,18.198534877777995,7.085300548715163,419.90525547763235,60.56772930496717,0.04333962159410839,0.11698144589571226,False,False,normal
292,train,test,270,False,0.6637463307589682,0.8059900986446344,15.370895845470615,2.4457026072077115,419.90525547763235,60.56772930496717,0.03660562863874276,0.04037963178202124,False,False,normal
293,train,test,271,False,0.2669499321888373,0.8846937960725095,18.926447109767835,4.421852236035781,419.90525547763235,60.56772930496717,0.04507313700620262,0.07300673620718258,False,False,normal
294,train,train,272,False,-2.2073985066965536,-2.6573917218871084,22.38236942327311,5.091328007459119,419.90525547763235,60.56772930496717,0.05330338006323282,0.08406007730327078,False,False,normal
295,train,train,273,False,-2.198790809830849,-2.7470158211876408,23.904316579534445,4.674094342639791,419.90525547763235,60.56772930496717,0.05692788139158641,0.07717136495418309,False,False,normal
296,train,test,274,False,-0.5361553826483529,1.1826134079882913,18.197474462643047,7.601895162631342,419.90525547763235,60.56772930496717,0.04333709622649006,0.12551065146184884,False,False,normal
297,test,test,275,False,-0.2877689808542191,1.3404206033461998,26.58081593864476,6.248830957414818,419.90525547763235,60.56772930496717,0.06330193678669181,0.1031709629718998,False,False,normal
298,test,train,276,False,-1.9577899754334962,-2.8193210157401487,28.112879217797445,7.952560493749832,419.90525547763235,60.56772930496717,0.06695052955652986,0.1313002911782866,False,False,normal
299,train,train,277,False,-0.6119156599316108,0.812691507821724,21.941520770526434,10.586140833182835,419.90525547763235,60.56772930496717,0.05225350358039332,0.1747818674178803,False,False,normal
300,test,train,278,False,-0.0931143683675815,1.5120239058689213,30.933194799382,6.341345431027959,419.90525547763235,60.56772930496717,0.07366708179014388,0.10469841785050878,False,False,normal
301,train,train,279,False,-0.9165990770405783,0.7199137920105553,19.977753686043037,6.897520088853246,419.90525547763235,60.56772930496717,0.04757681268675433,0.11388110744788278,False,False,normal
302,train,train,280,False,-0.19199401779905065,3.4261691054663355,24.18549801944428,6.909579283238226,419.90525547763235,60.56772930496717,0.05759751206717774,0.11408021008097409,False,False,normal
303,test,train,281,False,0.054783560582057744,1.76222658388215,65.09822030695098,13.779533970916766,419.90525547763235,60.56772930496717,0.15503073480922092,0.22750620056325446,False,False,normal
304,train,train,282,False,-1.3784768058852421,1.2567889947036466,17.655818588064147,4.013001661251062,419.90525547763235,60.56772930496717,0.04204714839298943,0.06625643238241646,False,False,normal
305,train,train,283,False,-0.5622296921896413,1.901245127630532,22.5453109304307,10.607946758433405,419.90525547763235,60.56772930496717,0.05369142356836172,0.17514189288855253,False,False,normal
306,train,train,284,False,-1.143418155343346,1.73637733814627,20.638571911242337,7.155338415219106,419.90525547763235,60.56772930496717,0.04915054441927965,0.11813780204951971,False,False,normal
307,train,train,285,False,-0.8749599470288596,1.419367422595652,17.34375481111073,3.0962825381513914,419.90525547763235,60.56772930496717,0.04130397175282462,0.0511209941941387,False,False,normal
308,train,train,286,False,-2.025916784967955,1.0103715526784558,16.66791453093106,3.1425763081273943,419.90525547763235,60.56772930496717,0.03969446515255376,0.05188532481222919,False,False,normal
309,train,train,287,False,-2.6019850315552606,1.3594171322138093,18.290566001092433,7.907727887954031,419.90525547763235,60.56772930496717,0.04355879275739796,0.1305600850270858,False,False,normal
310,test,train,288,False,-2.9394856835425416,1.307499572584592,18.91778712067928,6.144698598698273,419.90525547763235,60.56772930496717,0.04505251333222953,0.10145169167162991,False,False,normal
311,train,test,289,False,-2.545830566242465,2.266017279728177,36.497517032231926,11.185914821961415,419.90525547763235,60.56772930496717,0.0869184573332307,0.1846844012533264,False,False,normal
312,train,train,290,False,-2.445024572469651,1.1210643884482805,22.07577601317898,4.644917326308514,419.90525547763235,60.56772930496717,0.05257323104486584,0.07668963950952645,False,False,normal
313,train,train,291,False,-1.8429722310864058,1.5550736360024104,41.226619408986,10.143764728458349,419.90525547763235,60.56772930496717,0.09818076547313438,0.1674780422654289,False,False,normal
314,train,train,292,False,-2.1870143278103096,1.948215080187625,19.397843945438012,7.3805152960022395,419.90525547763235,60.56772930496717,0.04619576366905297,0.12185557194723762,False,False,normal
315,train,train,293,False,-3.422484135285972,1.8380408084486957,27.715217875479805,7.195899270675277,419.90525547763235,60.56772930496717,0.06600350320444168,0.1188074797132132,False,False,normal
316,test,train,294,False,-4.1117597425695935,1.7558977135838008,17.421202450454686,4.625404562278604,419.90525547763235,60.56772930496717,0.041488412500668696,0.0763674751448751,False,False,normal
317,train,train,295,False,-4.920112942386056,0.37443929072948967,18.39332217435838,5.652085761460739,419.90525547763235,60.56772930496717,0.0438035055156345,0.09331843584562466,False,False,normal
318,train,train,296,False,4.69951011849594,-0.9530672063524076,62.98483557984427,8.461045553630145,419.90525547763235,60.56772930496717,0.14999773105530795,0.1396956044204261,False,False,normal
319,train,test,297,False,10.450721343699538,-1.1044377154855638,52.56084835490736,69.09808412635157,419.90525547763235,60.56772930496717,0.12517311386141292,1.140839931086616,False,True,q alarm only
320,train,test,298,False,7.849598424038578,-0.8253257005003678,29.539343707725433,20.232416105331666,419.90525547763235,60.56772930496717,0.0703476399077814,0.33404613871949135,False,False,normal
321,train,train,299,False,5.299313093569997,-2.229036567096004,28.544645349763385,8.67026606252948,419.90525547763235,60.56772930496717,0.06797877611056456,0.14314992756082123,False,False,normal
322,test,test,300,False,7.646894256576797,2.4976367548646996,33.42787449777758,9.387899869802851,419.90525547763235,60.56772930496717,0.0796081355537076,0.15499837912914705,False,False,normal
323,train,train,301,False,6.38342640349134,-1.381732446209965,26.465989203078934,17.57854878883388,419.90525547763235,60.56772930496717,0.0630284781098405,0.2902296155156053,False,False,normal
324,test,train,302,False,8.21791588532787,-0.21319942657299257,35.824034008837636,19.618480882127763,419.90525547763235,60.56772930496717,0.0853145645154849,0.3239097966401532,False,False,normal
325,train,test,303,False,8.350976334806017,2.5455681619087613,33.904869300863055,8.138571397236781,419.90525547763235,60.56772930496717,0.08074409371775322,0.13437141346768855,False,False,normal
326,train,train,304,False,5.727215531700458,-1.361007520864458,20.716838711121703,12.770284206659792,419.90525547763235,60.56772930496717,0.049336935989421675,0.21084304056306263,False,False,normal
327,train,train,305,False,11.472782994243788,-2.060051687432056,230.8122225296312,39.7266600743023,419.90525547763235,60.56772930496717,0.5496769081089203,0.6559047289732935,False,False,normal
328,train,test,306,False,14.718197627170378,-4.862553122972987,609.9053347524589,18.787734786215967,419.90525547763235,60.56772930496717,1.4524832132874972,0.3101938111567141,True,False,t2 alarm only
329,train,train,307,False,12.718486254213824,-4.4451820095818935,412.05606911342414,20.547762277228987,419.90525547763235,60.56772930496717,0.9813072442847138,0.3392526434954837,False,False,normal
330,train,train,308,False,5.284349240419651,-0.25718525216628896,22.07117443634763,5.087693442117353,419.90525547763235,60.56772930496717,0.052562272437486374,0.08400006902190586,False,False,normal
331,test,test,309,False,5.704770626009958,-4.8062286090617325,1015.5139736374874,144.88883438548197,419.90525547763235,60.56772930496717,2.418435969519753,2.3921787401991907,True,True,both alarms
332,test,train,310,False,7.91586707714015,5.415527531134354,44.10644792311019,12.7595498395201,419.90525547763235,60.56772930496717,0.10503904713681218,0.21066581141376364,False,False,normal
333,train,train,310,False,1.3488441059185103,-0.8122820339559406,43.952880101326045,64.9437601779319,419.90525547763235,60.56772930496717,0.10467332696593826,1.072250205236039,False,True,q alarm only
334,train,train,311,False,6.063146559604116,-0.35012006239999655,29.309993714656688,6.822917792061745,419.90525547763235,60.56772930496717,0.0698014452839302,0.11264939053117509,False,False,normal
335,train,train,312,False,6.0864481689271015,-0.6889663425829773,30.706571328092956,6.427619148434071,419.90525547763235,60.56772930496717,0.07312738034956232,0.10612283508384622,False,False,normal
336,train,train,313,False,5.344533915692496,-0.3830976276147476,24.869088438339617,7.7902773794904245,419.90525547763235,60.56772930496717,0.059225475542218714,0.12862092518385929,False,False,normal
337,train,train,314,False,5.628684114667754,-1.1050258206853574,64.97193632690873,5.062309737926731,419.90525547763235,60.56772930496717,0.15472999082377448,0.08358097283847771,False,False,normal
338,train,train,315,False,6.080627954429253,-0.8312114466090907,47.36486388924281,3.867653886825927,419.90525547763235,60.56772930496717,0.11279893088112554,0.06385667633917291,False,False,normal
339,test,test,316,False,6.294287271017526,-0.9368896647362236,30.302884658907374,8.917255030102163,419.90525547763235,60.56772930496717,0.07216600474418582,0.14722782465894518,False,False,normal
340,train,train,317,False,10.786406600696642,5.072090224828715,46.77923110324459,17.76814902204691,419.90525547763235,60.56772930496717,0.11140425249032503,0.29335999922634937,False,False,normal
341,train,train,317,False,0.3399666728694715,-0.0702658307449606,12.606534386782172,16.678414032635697,419.90525547763235,60.56772930496717,0.03002233056702883,0.27536799256015526,False,False,normal
342,test,train,318,False,10.222208560028433,4.118441943945009,38.51812867552289,9.920063179407697,419.90525547763235,60.56772930496717,0.09173052295263469,0.16378463074715516,False,False,normal
343,train,train,319,False,11.110922795440162,4.508492729277744,61.237259676683706,18.372346350987534,419.90525547763235,60.56772930496717,0.14583589721216458,0.30333556436431924,False,False,normal
344,test,train,319,False,1.2673289472431972,2.2016284962190484,31.968481758420857,16.96887049714796,419.90525547763235,60.56772930496717,0.07613260691880949,0.2801635572584746,False,False,normal
345,train,train,319,False,1.3613619923029867,1.857038538217169,19.295755412617627,116.19668627264424,419.90525547763235,60.56772930496717,0.04595264088959582,1.9184586842867646,False,True,q alarm only
346,train,train,320,False,8.019763518105437,-1.4047296446719855,46.820839153413274,9.29083440377578,419.90525547763235,60.56772930496717,0.1115033416291865,0.15339578535287496,False,False,normal
347,train,train,321,False,5.348329799497358,-3.2927444872312783,24.446375010256983,5.370956300635277,419.90525547763235,60.56772930496717,0.05821878790835758,0.08867686410351863,False,False,normal
348,train,train,322,False,7.054392249380727,-1.4144841530560923,22.265467691052905,6.275084271652297,419.90525547763235,60.56772930496717,0.053024979803423654,0.10360441680183106,False,False,normal
349,train,train,323,False,7.46440932066488,-1.7923119898764461,28.619134130363808,5.975071442178454,419.90525547763235,60.56772930496717,0.06815617036707534,0.09865107229120502,False,False,normal
350,test,test,324,False,11.06841027909544,4.9434431789288125,46.4576413417036,9.751376778269098,419.90525547763235,60.56772930496717,0.11063838981691031,0.16099954365417138,False,False,normal
351,test,test,324,False,1.1835083836669595,2.101070285509049,32.34852224534921,17.98643893167788,419.90525547763235,60.56772930496717,0.07703766938699903,0.29696406218423,False,False,normal
352,test,test,324,False,0.1900536389296741,-0.1491906717106624,25.086139850443978,10.256656002870418,419.90525547763235,60.56772930496717,0.05974238122337641,0.1693419271379102,False,False,normal
353,test,train,325,False,6.456267104966675,-1.416212450614226,26.71383063457012,6.935584744349628,419.90525547763235,60.56772930496717,0.06361870990203199,0.11450957174616812,False,False,normal
354,train,train,326,False,6.971182484215461,-2.00486141153508,27.747632631254127,5.643257293567296,419.90525547763235,60.56772930496717,0.06608069860828926,0.0931726739358626,False,False,normal
355,train,train,327,False,7.616845986660216,-1.4754336957856846,27.524982789613425,5.680509231776052,419.90525547763235,60.56772930496717,0.06555046032539984,0.09378771991226345,False,False,normal
356,train,train,328,False,8.271420570438158,-0.5153581372964938,26.63361192693811,8.960843119457758,419.90525547763235,60.56772930496717,0.06342766988387179,0.14794748329326715,False,False,normal
357,train,train,329,False,5.468761653021092,-3.4974995653768572,21.376158564194352,4.578919102108113,419.90525547763235,60.56772930496717,0.050907099364306534,0.07559997963688883,False,False,normal
358,train,train,330,False,10.466977062807606,5.004838271493376,40.65932119457255,12.374084415160857,419.90525547763235,60.56772930496717,0.09682975067393126,0.20430160676580053,False,False,normal
359,train,train,330,False,1.3463686020425711,2.2773196484406335,31.061960857666943,17.24142396049233,419.90525547763235,60.56772930496717,0.07397373681911815,0.2846635354889944,False,False,normal
360,train,train,330,False,1.3655402562178258,2.316269995716982,31.254078228653473,17.428082326979137,419.90525547763235,60.56772930496717,0.07443126234060275,0.28774534767889764,False,False,normal
361,train,train,330,False,0.8440268855340705,1.099912373373541,22.360172159076715,9.449471949505615,419.90525547763235,60.56772930496717,0.05325051750934278,0.15601496139843996,False,False,normal
362,train,test,331,False,7.536303987836994,-1.3420140701272285,26.380766652613328,8.461976720045195,419.90525547763235,60.56772930496717,0.06282552149199902,0.13971097838979454,False,False,normal
363,train,test,332,False,4.694382961665193,-4.065934586001302,21.536307927334494,7.207154634106007,419.90525547763235,60.56772930496717,0.051288493407488915,0.1189933107417145,False,False,normal
364,train,train,333,False,7.338853454579002,-1.2838970770972409,22.615072063789807,8.20369815049589,419.90525547763235,60.56772930496717,0.053857558982122515,0.13544668496963289,False,False,normal
365,test,train,334,False,6.662177006104708,-3.358091822602145,27.989169641859366,4.030299901248686,419.90525547763235,60.56772930496717,0.06665591648769041,0.0665420339758083,False,False,normal
366,test,train,335,False,8.53585416174534,3.374786641203644,46.03226586452059,4.478986143171114,419.90525547763235,60.56772930496717,0.109625362540795,0.07395004228437851,False,False,normal
367,test,train,335,False,1.1191909133640876,1.9857702367077597,15.683880137003928,66.24021137111555,419.90525547763235,60.56772930496717,0.037350997474808655,1.0936551878573262,False,True,q alarm only
368,train,train,336,False,9.752133599597316,3.994427977828826,35.17382315842227,8.96108767743779,419.90525547763235,60.56772930496717,0.08376609413571849,0.14795152105368575,False,False,normal
369,train,train,336,False,0.9574180000443848,1.156008401035582,22.664738225308554,21.32780185755208,419.90525547763235,60.56772930496717,0.05397583842938081,0.35213144197900415,False,False,normal
370,train,train,337,False,6.4563582338964345,1.0310157665921122,21.171041014667956,9.80612764322039,419.90525547763235,60.56772930496717,0.05041861405279721,0.16190350465088657,False,False,normal
371,train,train,338,False,2.696728581102442,-4.100247296930106,22.31936096616908,5.536205047398926,419.90525547763235,60.56772930496717,0.053153326077763255,0.09140519400229358,False,False,normal
372,train,test,339,False,0.5026561949730255,-9.206593569748271,92.35850327433623,15.521940544557744,419.90525547763235,60.56772930496717,0.21995081526017246,0.25627410376245996,False,False,normal
373,train,train,340,False,3.4571884842218648,-3.626956994663776,23.11264116324815,5.608927088142739,419.90525547763235,60.56772930496717,0.05504251461906106,0.09260586706001457,False,False,normal
374,test,train,341,False,2.2470663203187082,-5.901940866629594,24.844347007742805,6.962828458909223,419.90525547763235,60.56772930496717,0.05916655408249879,0.11495937752347271,False,False,normal
375,train,test,342,False,3.238269473252535,-2.568243189340584,24.007293699344334,5.485800393433458,419.90525547763235,60.56772930496717,0.057173120331720076,0.09057299087128838,False,False,normal
376,train,train,343,False,3.4352312641583853,-1.9776252913352454,22.6467935934091,6.03070363484259,419.90525547763235,60.56772930496717,0.05393310347508965,0.09956958439827149,False,False,normal
377,train,test,344,False,7.497028312486918,2.083843812758328,141.0159665295436,41.38218603033268,419.90525547763235,60.56772930496717,0.3358280580916789,0.6832381947483529,False,False,normal
378,train,train,345,False,3.0017135835345026,-6.494591053584407,99.97369697986024,30.912765572077387,419.90525547763235,60.56772930496717,0.23808631989171583,0.5103834323460797,False,False,normal
379,train,train,346,False,2.9177130640631534,-4.734791174961863,64.10925838782732,12.086579772681764,419.90525547763235,60.56772930496717,0.1526755322814537,0.19955477795484305,False,False,normal
380,train,train,347,False,2.1226522083259085,-5.508220054643654,66.56965689258746,9.97008673039673,419.90525547763235,60.56772930496717,0.1585349457388097,0.16461054169945713,False,False,normal
381,test,train,348,False,2.4250995208935278,-4.517098065659357,84.45340176456276,22.990085765492292,419.90525547763235,60.56772930496717,0.20112489820709437,0.3795764845291446,False,False,normal
382,test,train,349,False,1.8504392770644118,-4.851325992521031,107.46823097556656,18.44548743048979,419.90525547763235,60.56772930496717,0.2559344746788748,0.3045431559372835,False,False,normal
383,test,test,350,False,5.010006885062443,2.0233963524802365,24.586559944438232,8.502108599680417,419.90525547763235,60.56772930496717,0.05855263687155236,0.1403735734729477,False,False,normal
384,train,test,351,False,2.3897959652153777,-3.234579967688466,23.283959323548494,4.087282639398766,419.90525547763235,60.56772930496717,0.05545050703655409,0.06748284418619549,False,False,normal
385,train,test,352,False,0.2843101038071879,-5.921214537449835,35.42054820250796,4.902131362498539,419.90525547763235,60.56772930496717,0.0843536672629113,0.08093635701308212,False,False,normal
386,train,test,353,False,1.824295088347253,-2.104721418609309,23.558773888077635,4.137760240331511,419.90525547763235,60.56772930496717,0.056104975064625195,0.06831625170389494,False,False,normal
387,train,train,354,False,-0.3168246142493097,-5.870483732551496,25.442789783854032,9.019556610493682,419.90525547763235,60.56772930496717,0.06059173933156292,0.14891686899931356,False,False,normal
388,train,train,355,False,-0.37760469112491596,-4.691265748142714,21.824923563569005,6.033148187675949,419.90525547763235,60.56772930496717,0.05197582854433119,0.09960994504677873,False,False,normal
389,train,train,356,False,1.9724365516953228,0.8964956068122755,30.042676370441686,7.277938280686046,419.90525547763235,60.56772930496717,0.07154632141069263,0.12016198005443768,False,False,normal
390,train,train,357,False,1.5220175433357064,-0.5427526225000084,26.76087139349505,5.66957399047374,419.90525547763235,60.56772930496717,0.06373073698031045,0.09360717424169271,False,False,normal
391,train,train,358,False,-0.2803503638561168,-4.485334352996553,25.627724117815806,6.478647931835978,419.90525547763235,60.56772930496717,0.061032158525057924,0.10696534286790016,False,False,normal
392,train,train,359,False,4.525696778424646,5.097661434683623,37.430319205302354,7.127662174240851,419.90525547763235,60.56772930496717,0.0891399160096871,0.11768085506973612,False,False,normal
393,train,train,359,False,-0.14530788773966752,1.0842574798619822,21.678214380356124,7.506819214849104,419.90525547763235,60.56772930496717,0.05162644214990276,0.12394090551176512,False,False,normal
394,test,train,360,False,3.7994080402503307,4.937832356736869,31.398855382387065,8.109790683034708,419.90525547763235,60.56772930496717,0.07477604762691432,0.13389623114646998,False,False,normal
395,train,train,361,False,-1.1819577827025345,-3.3306054109691425,23.691754076417034,9.612626319755854,419.90525547763235,60.56772930496717,0.056421666000508186,0.15870871221463342,False,False,normal
396,train,train,362,False,-2.296362142354234,-4.3113295731615136,23.595747518965446,8.330527155467816,419.90525547763235,60.56772930496717,0.05619302738215515,0.13754068793833135,False,False,normal
397,train,train,363,False,-2.8899214033127842,-5.408307112802396,28.027728172888622,8.31303968602734,419.90525547763235,60.56772930496717,0.06674774322842837,0.1372519620831416,False,False,normal
398,test,train,364,False,3.4788380180991094,6.083755705832634,36.37129233931551,9.187493240368594,419.90525547763235,60.56772930496717,0.086617854539458,0.1516895770371092,False,False,normal
399,train,train,364,False,0.08683440297579766,1.4606219419754956,24.15175745749946,30.965575134576287,419.90525547763235,60.56772930496717,0.057517159269720036,0.5112553415806657,False,False,normal
400,train,train,365,False,-3.31766778332799,-5.614358297978453,28.314303936461172,11.087914835085297,419.90525547763235,60.56772930496717,0.06743022042973555,0.18306637812449697,False,False,normal
401,train,test,366,False,-3.3577864511008952,-3.868687979931246,27.456992508653883,6.314430803663529,419.90525547763235,60.56772930496717,0.06538854217821637,0.10425404544835201,False,False,normal
402,train,test,367,False,-3.3078350884697545,-2.6496746763911485,25.18497016657624,10.429880199869809,419.90525547763235,60.56772930496717,0.059977744593667746,0.17220193524762784,False,False,normal
403,train,train,368,False,7.907916146600011,-2.208738623166052,51.08966454823693,4.197612106779465,419.90525547763235,60.56772930496717,0.12166950492230358,0.0693044324914987,False,False,normal
404,train,train,369,False,3.0609241939997793,-6.832216964070998,25.30015324982932,5.000284131384425,419.90525547763235,60.56772930496717,0.06025205190883118,0.08255690264046849,False,False,normal
405,test,train,370,False,3.908509744826297,-5.678305582509073,529.2658938479325,31.372252808389703,419.90525547763235,60.56772930496717,1.2604412232133293,0.5179697698493191,True,False,t2 alarm only
406,train,test,371,False,4.955323677462386,-3.604496750011069,535.0026838787634,24.449033201768522,419.90525547763235,60.56772930496717,1.2741033290240924,0.40366435199616196,True,False,t2 alarm only
407,train,train,372,False,5.440630606391939,-2.8289134594703325,524.5482393135751,29.721846868168928,419.90525547763235,60.56772930496717,1.2492061779910657,0.49072083779986503,True,False,t2 alarm only
408,test,train,373,False,2.106453176130661,-6.325812032042287,23.440089622148022,7.242699439313565,419.90525547763235,60.56772930496717,0.05582232971932078,0.11958017119719873,False,False,normal
409,train,test,374,False,7.691091988296137,4.127594847671815,34.324183496495166,10.558342779499354,419.90525547763235,60.56772930496717,0.08174268611487659,0.17432290925645552,False,False,normal
410,train,test,374,False,1.0802442005453121,2.135709150001348,33.40024497913462,18.629141256518963,419.90525547763235,60.56772930496717,0.07954233614233436,0.3075753618353195,False,False,normal
411,test,test,374,False,0.8633535354120113,0.6769555213913846,23.76212391257366,41.300062146598414,419.90525547763235,60.56772930496717,0.05658925103365235,0.6818822931044137,False,False,normal
412,train,train,375,False,2.868040140521106,-4.322450445911462,23.737349273939813,9.186371669627555,419.90525547763235,60.56772930496717,0.0565302504893375,0.15167105940810263,False,False,normal
413,test,train,376,False,2.8104486567946694,-4.009347486645349,23.240603805930267,9.617189831206696,419.90525547763235,60.56772930496717,0.05534725632213063,0.1587840578071331,False,False,normal
414,test,train,377,False,2.8396296384728856,-2.9407438395815055,21.269499598458232,4.174185808057327,419.90525547763235,60.56772930496717,0.050653092146381154,0.06891765393811786,False,False,normal
415,test,train,378,False,3.48217291634287,-1.3821745739462412,23.935260024643817,2.9314188299141426,419.90525547763235,60.56772930496717,0.05700157288438322,0.048399021451737606,False,False,normal
416,test,train,379,False,1.9838560683015758,-3.885519905870042,18.87013544737418,4.135847940113104,419.90525547763235,60.56772930496717,0.04493903136770662,0.0682846787814765,False,False,normal
417,train,train,380,False,1.1574331221602412,-4.7047642117966,20.67463711038508,2.8958165363568584,419.90525547763235,60.56772930496717,0.04923643331605404,0.047811211838172246,False,False,normal
418,train,train,381,False,1.8227315118591179,-3.348644310463512,23.288020700921354,2.987837600458668,419.90525547763235,60.56772930496717,0.05546017916453982,0.04933052030751357,False,False,normal
419,train,train,382,False,1.12817716939154,-1.3806996191529475,11.098324549945842,5.386129799444797,419.90525547763235,60.56772930496717,0.02643054452205357,0.08892738528011944,False,False,normal
420,train,test,383,False,-0.07760436524095721,-3.9255593828446282,13.611823310178826,8.301767813654525,419.90525547763235,60.56772930496717,0.032416415685713906,0.13706585848470457,False,False,normal
421,train,train,384,False,2.5426164547573835,-0.6953458441877148,16.848892464340913,6.04499835609981,419.90525547763235,60.56772930496717,0.040125462219270616,0.09980559656879952,False,False,normal
422,test,train,385,False,0.11631230728705404,-3.012635575050014,12.649216789002336,5.405785801823835,419.90525547763235,60.56772930496717,0.03012397826413044,0.08925191457326938,False,False,normal
423,train,train,386,False,0.5606293220909909,-1.4641673126522474,15.505843713000393,3.828408337914091,419.90525547763235,60.56772930496717,0.03692700558215891,0.06320871496828795,False,False,normal
424,train,train,387,False,-0.5257114854513616,-2.583500479715891,11.744205935719013,3.5174144098804794,419.90525547763235,60.56772930496717,0.027968704326789752,0.05807406766348785,False,False,normal
425,test,train,388,False,-0.66929157683783,-1.6103033861320872,15.834707192501758,3.0251052293299074,419.90525547763235,60.56772930496717,0.03771019053926856,0.049945825343692025,False,False,normal
426,test,train,389,False,0.5061875344408505,0.02940284990112984,14.803926616557312,3.861107997278481,419.90525547763235,60.56772930496717,0.03525539731508765,0.06374860080749024,False,False,normal
427,train,train,390,False,3.0315534845280423,-2.3686488456047177,157.16803424452047,40.1244802629496,419.90525547763235,60.56772930496717,0.3742940394154999,0.6624729162441786,False,False,normal
428,train,train,391,False,-1.0317961553880692,-1.3092017934143105,13.826027917008274,3.152791668650853,419.90525547763235,60.56772930496717,0.03292654172970875,0.052053984932736976,False,False,normal
429,test,train,392,False,-2.001933627912666,-2.263165011162922,15.66567344048105,3.4169738875520665,419.90525547763235,60.56772930496717,0.0373076384163416,0.056415750214889426,False,False,normal
430,train,train,393,False,-1.2717603564703566,-0.7249753082517387,15.348271822076102,5.271449050050283,419.90525547763235,60.56772930496717,0.03655174976225959,0.0870339553841912,False,False,normal
431,train,test,394,False,-2.850437784500938,-2.6000473338642305,11.773174539232867,7.223989915576964,419.90525547763235,60.56772930496717,0.028037692754860042,0.11927126868506399,False,False,normal
432,test,train,395,False,-0.9337595936867331,0.5415299725374302,18.701665642889008,6.590348268199171,419.90525547763235,60.56772930496717,0.04453782227997195,0.10880956482644125,False,False,normal
433,test,train,396,False,-1.1800809029860981,-1.1332394053831254,21.79086853597003,7.221802030619531,419.90525547763235,60.56772930496717,0.05189472685018774,0.11923514573671279,False,False,normal
434,train,train,397,False,-2.3164612348813938,-0.8920524583087478,15.208331063954748,3.322286798094554,419.90525547763235,60.56772930496717,0.036218482301812654,0.05485242448773942,False,False,normal
435,train,test,398,False,-1.6431394324417552,2.1188932969556165,15.07955011517971,8.6547514233804,419.90525547763235,60.56772930496717,0.03591179181129104,0.14289377400632752,False,False,normal
436,train,train,399,False,-4.611311438595783,-2.630950525709802,11.685963417422647,7.233695606981276,419.90525547763235,60.56772930496717,0.02783000037503731,0.11943151394298744,False,False,normal
437,train,train,400,False,6.961213115125779,-1.7450753416918316,40.56829285387631,3.0858044081379874,419.90525547763235,60.56772930496717,0.0966129676270206,0.05094799563312868,False,False,normal
438,test,train,401,False,2.327407347170378,-4.857386678184451,14.681075778446694,7.365765720224805,419.90525547763235,60.56772930496717,0.03496282932145566,0.12161204992739816,False,False,normal
439,test,train,402,False,2.9305238602683494,-2.5641715558855696,16.25106173200946,5.7822565251088,419.90525547763235,60.56772930496717,0.03870173454610436,0.09546761272812973,False,False,normal
440,train,train,403,False,1.0602499776151837,-4.293516409192634,16.395538167981858,6.602715547925106,419.90525547763235,60.56772930496717,0.039045803676194334,0.10901375408477822,False,False,normal
441,train,train,404,False,3.747125493357872,-0.9048359789442016,13.193084101774657,6.28571054973655,419.90525547763235,60.56772930496717,0.03141919261469551,0.10377986135301688,False,False,normal
442,train,test,405,False,2.520111812312671,-2.9180281374634696,20.36020753100649,6.34047863476578,419.90525547763235,60.56772930496717,0.04848762254201185,0.10468410666083525,False,False,normal
443,train,train,406,False,0.7387305880880365,-3.5023894938723488,9.659042096249696,5.151946365947884,419.90525547763235,60.56772930496717,0.02300290832336157,0.08506091321348862,False,False,normal
444,train,train,407,False,1.1017113304589226,-1.7530731543244744,17.34112713753665,5.5141233599855015,419.90525547763235,60.56772930496717,0.041297713975528894,0.09104061557634269,False,False,normal
445,train,test,408,False,1.02289553827755,-0.6544977348909695,14.698451462520243,5.542081685063118,419.90525547763235,60.56772930496717,0.035004209332415,0.09150221988937285,False,False,normal
446,train,train,409,False,2.468312730842846,-0.42537994750497016,16.13467354434904,3.6477347642682614,419.90525547763235,60.56772930496717,0.0384245572873248,0.060225714355269876,False,False,normal
447,train,train,410,False,0.945480590159218,-0.7674127126389413,13.66397507421836,5.483270541173955,419.90525547763235,60.56772930496717,0.03254061456953167,0.09053122189152749,False,False,normal
448,train,test,411,False,0.3336902619314377,-1.3914714171056985,10.417234531040414,8.21490066674572,419.90525547763235,60.56772930496717,0.02480853572359092,0.13563164346780315,False,False,normal
449,train,train,412,False,0.23506377729123445,-0.6586488340839735,13.997699265170475,5.633164100644945,419.90525547763235,60.56772930496717,0.033335375260422545,0.09300603085648396,False,False,normal
450,train,test,413,False,1.8157737800260978,3.210965496354934,29.68480125475912,11.220509431943489,419.90525547763235,60.56772930496717,0.07069404554366283,0.18525557356536548,False,False,normal
451,train,test,414,False,-2.6681898212347854,-4.928377918729239,16.676236605021025,11.877993540940615,419.90525547763235,60.56772930496717,0.03971428408547113,0.19611092701087107,False,False,normal
452,train,test,415,False,0.8085495250889705,0.11668077902219033,17.538626570992967,3.806162091258058,419.90525547763235,60.56772930496717,0.04176805682282588,0.06284141959645685,False,False,normal
453,test,test,416,False,0.2627635564826696,-0.2798021816913339,14.419613303947692,3.8030580392375213,419.90525547763235,60.56772930496717,0.0343401591569644,0.06279017032467207,False,False,normal
454,train,train,417,False,-0.15319641034518036,-0.8263488319011386,13.76586816004869,6.794885353109834,419.90525547763235,60.56772930496717,0.032783271894014136,0.11218656256529966,False,False,normal
455,train,train,418,False,-2.4865350592074513,-4.599828924639922,15.032475831551645,6.179856519194131,419.90525547763235,60.56772930496717,0.035799684894280634,0.10203216448940443,False,False,normal
456,train,train,419,False,-1.8335254410655746,-0.7054158974801876,12.539188334223944,7.999588536323549,419.90525547763235,60.56772930496717,0.029861946643084787,0.13207674496173494,False,False,normal
457,train,test,420,False,-1.8581400472425456,-0.3456134401543423,9.575861059453839,7.844382128459135,419.90525547763235,60.56772930496717,0.02280481354909817,0.1295142185199242,False,False,normal
458,train,train,421,False,-2.497649861519054,-1.5735065856465686,14.781086806792388,4.658113541881052,419.90525547763235,60.56772930496717,0.035201004545606956,0.0769075148653301,False,False,normal
459,train,test,422,False,-2.210363413315144,-0.8794186098911972,14.568604415452842,7.874758569161891,419.90525547763235,60.56772930496717,0.03469497993989477,0.13001574699146068,False,False,normal
460,train,train,423,False,-0.9398833442390544,0.7049970178092987,16.00706791882899,10.907483827001967,419.90525547763235,60.56772930496717,0.038120665816914645,0.18008738237620278,False,False,normal
461,train,train,424,False,-1.8467980442597098,-0.1837083210317847,16.12507128944587,7.705899548700209,419.90525547763235,60.56772930496717,0.038401689617111316,0.1272278098771031,False,False,normal
462,test,test,425,False,-4.671687483079849,-4.6835474815015035,21.0970712369915,10.154119909431865,419.90525547763235,60.56772930496717,0.05024245579635358,0.16764901088340986,False,False,normal
463,train,test,426,False,-4.561633816129977,-4.408359666817572,18.55246781538307,7.381516804923929,419.90525547763235,60.56772930496717,0.04418250920503502,0.12187210730250324,False,False,normal
464,test,train,427,False,-3.4939613919832686,-0.45284187000725973,16.844229543777338,6.6798556942884035,419.90525547763235,60.56772930496717,0.04011435752243068,0.11028737202041,False,False,normal
465,train,train,428,False,-3.607359690312044,0.19643673972086748,15.734971285868331,11.34594811036197,419.90525547763235,60.56772930496717,0.037472670514614476,0.18732662162772357,False,False,normal
466,train,train,429,False,6.598569675254093,-1.5903234821325172,41.39120616996291,4.985038434892016,419.90525547763235,60.56772930496717,0.09857272713312766,0.08230518944819006,False,False,normal
467,train,train,430,False,3.5975801197410924,-5.667063392295966,21.307644381464467,9.421468570779524,419.90525547763235,60.56772930496717,0.0507439335505042,0.1555526132297462,False,False,normal
468,train,train,431,False,1.9003894128800116,-5.630772254335639,18.953941422098293,8.084359311635751,419.90525547763235,60.56772930496717,0.04513861442514843,0.13347634795634894,False,False,normal
469,train,train,432,False,1.2617142117972613,-4.8775085279320125,15.71889245067984,6.5535424396080515,419.90525547763235,60.56772930496717,0.03743437893579105,0.10820188431714237,False,False,normal
470,train,test,433,False,2.938046317054014,-2.6001539068324444,18.89893485611831,6.780936282773502,419.90525547763235,60.56772930496717,0.04500761686019199,0.11195625724435729,False,False,normal
471,train,train,434,False,3.637747209266928,-1.1388770789835487,13.293397702907882,7.334737090081038,419.90525547763235,60.56772930496717,0.03165808841279434,0.12109975351972646,False,False,normal
472,train,train,435,False,3.3598663373574422,-1.8972163927136343,14.736481186336338,10.988817599162163,419.90525547763235,60.56772930496717,0.035094776724273045,0.18143023892858678,False,False,normal
473,train,train,436,False,1.9642356560818293,-2.825674989436616,15.75097172004956,4.7160596593376365,419.90525547763235,60.56772930496717,0.037510775382254266,0.07786423089417142,False,False,normal
474,train,train,437,False,1.0783527655555718,-2.760485676759965,13.75995870570654,6.222062195071898,419.90525547763235,60.56772930496717,0.03276919858994123,0.1027289988657644,False,False,normal
475,train,test,438,False,5.512082434489573,5.890167779987478,29.542308752418418,9.302010145030366,419.90525547763235,60.56772930496717,0.070354701130889,0.15358030178403115,False,False,normal
476,train,test,438,False,0.8622293643141119,2.3435751460834826,31.75547969195587,16.79238229070453,419.90525547763235,60.56772930496717,0.07562534471218932,0.27724965890916076,False,False,normal
477,train,test,438,False,0.9702661641035845,2.821703478897121,581.8367283182463,33.35229053890687,419.90525547763235,60.56772930496717,1.385638118904753,0.5506610685530792,True,False,t2 alarm only
478,test,test,438,False,-0.16356595307160263,-0.5561072329688468,19.729979330040404,20.232614111126725,419.90525547763235,60.56772930496717,0.046986740634141426,0.33404940788274595,False,False,normal
479,train,train,439,False,-0.04277409869870333,-6.444784983292563,24.54629897734132,11.13914867988028,419.90525547763235,60.56772930496717,0.058456755797020164,0.1839122715628495,False,False,normal
480,train,train,440,False,1.93286330005141,-0.017149304990357134,14.612530710407702,6.027653366676939,419.90525547763235,60.56772930496717,0.03479958995461081,0.09951922312171954,False,False,normal
481,test,train,441,False,-1.1095168774244604,-5.274754721759352,24.057863927392024,10.070969280653355,419.90525547763235,60.56772930496717,0.05729355280401711,0.16627615722465977,False,False,normal
482,test,train,442,False,0.7699741121949644,-0.793854949432127,16.878067114617732,5.344289953176096,419.90525547763235,60.56772930496717,0.040194941345564554,0.088236590912412,False,False,normal
483,test,train,443,False,3.70340763138245,5.8928113817597705,27.586059456105886,12.438907557730143,419.90525547763235,60.56772930496717,0.06569591377161353,0.20537186552096853,False,False,normal
484,train,train,443,False,0.6731294161973264,2.046241557569294,34.018349470295405,32.23622336753682,419.90525547763235,60.56772930496717,0.08101434556135843,0.5322343059159909,False,False,normal
485,test,train,444,False,0.6047716769075804,-0.5694783764665997,17.019247782467847,10.503256381099275,419.90525547763235,60.56772930496717,0.04053116163813871,0.17341340845409406,False,False,normal
486,test,train,445,False,-2.056046313884643,-4.357900743934763,17.199121614808067,10.973079780898365,419.90525547763235,60.56772930496717,0.04095952929963801,0.18117040058819672,False,False,normal
487,train,train,446,False,-0.6947550994898497,-0.7647261617157785,14.744890878836335,8.313603765136724,419.90525547763235,60.56772930496717,0.03511480431952291,0.1372612752787304,False,False,normal
488,train,train,447,False,-3.0299547727516956,-4.7015913660208195,16.62555695849744,8.578682883102642,419.90525547763235,60.56772930496717,0.03959359103421142,0.14163784876114058,False,False,normal
489,train,train,448,False,-0.8308726948647341,-0.9249221349180564,17.37070324186013,7.913709664530883,419.90525547763235,60.56772930496717,0.04136814916046089,0.13065884680411616,False,False,normal
490,train,train,449,False,-2.0253805214191845,-0.6069989118514336,17.73038992229871,8.949980919868826,419.90525547763235,60.56772930496717,0.042224739250121573,0.14776814357369075,False,False,normal
491,train,test,450,False,0.727913161851589,4.001374164629055,17.754321276843253,8.007732735759927,419.90525547763235,60.56772930496717,0.042281731522145705,0.13221120929661814,False,False,normal
492,train,test,451,False,-2.0530664129535947,-0.7160635015221518,15.524986539085228,6.189126233181177,419.90525547763235,60.56772930496717,0.03697259402344446,0.10218521156733551,False,False,normal
493,train,train,452,False,-5.164476157445018,-3.864243746914213,18.869882089633826,6.1567427770843715,419.90525547763235,60.56772930496717,0.04493842799888222,0.10165054638393808,False,False,normal
494,test,train,453,False,6.574929804615663,-1.1441456353088706,37.38537814980076,2.7930556216329245,419.90525547763235,60.56772930496717,0.08903288935327987,0.0461145836848116,False,False,normal
495,test,train,454,False,2.2113879904678257,-6.5948700772127555,17.088339242615223,9.2154647744248,419.90525547763235,60.56772930496717,0.04069570223210862,0.15215139943621822,False,False,normal
496,train,train,455,False,3.534908947318013,-2.340412437196379,15.61637554957585,4.63220666163586,419.90525547763235,60.56772930496717,0.03719023600172041,0.07647978081383962,False,False,normal
497,train,train,456,False,2.498414742055921,-2.7092264295345347,16.50555018577422,5.820357897156962,419.90525547763235,60.56772930496717,0.039307796152728655,0.09609668323292471,False,False,normal
498,train,train,457,False,2.639060912008239,-2.2297096708869946,14.933105013888156,9.144106568168203,419.90525547763235,60.56772930496717,0.03556303432521248,0.15097324388910668,False,False,normal
499,train,train,458,False,3.3881809373767755,-0.992249306056886,14.193202171549506,5.694126259359424,419.90525547763235,60.56772930496717,0.033800963399243655,0.09401254306049159,False,False,normal
500,train,train,459,False,0.0031804293468486043,-6.663887198942392,21.440292700541228,7.165098949718183,419.90525547763235,60.56772930496717,0.0510598341431888,0.11829895279119489,False,False,normal
501,train,train,460,False,0.42101674809587125,-2.7234713533775565,693.0426154288614,7.929854859357893,419.90525547763235,60.56772930496717,1.6504737828073661,0.130925411111748,True,False,t2 alarm only
502,train,train,461,False,2.058314301419309,-0.11113984386611482,14.749077669323981,4.337615828801197,419.90525547763235,60.56772930496717,0.03512477511753753,0.07161595586588167,False,False,normal
503,train,train,462,False,0.9914104614192374,-1.4237633043707045,17.6434177311904,5.932689437400204,419.90525547763235,60.56772930496717,0.04201761588128119,0.0979513266467076,False,False,normal
504,train,train,463,False,0.3054176301446002,-0.8173800461037518,10.387497210658896,9.723949440661823,419.90525547763235,60.56772930496717,0.024737716604292942,0.16054670617913291,False,False,normal
505,train,test,464,False,-0.9052015903148546,-1.8794857849098587,16.251343490214587,6.048203869281749,419.90525547763235,60.56772930496717,0.03870240555034032,0.09985852100923542,False,False,normal
506,train,train,465,False,0.6710661451151932,0.6892502834705418,14.644380001842084,8.108195875855987,419.90525547763235,60.56772930496717,0.034875438711012195,0.1338699001745643,False,False,normal
507,train,train,466,False,-1.295608316984405,-3.9422362523088372,17.484367438342392,17.892622385719978,419.90525547763235,60.56772930496717,0.041638839262572065,0.2954151095153009,False,False,normal
508,train,train,467,False,-2.9533428164344446,-3.483613466832756,14.270989989078789,11.498499110155613,419.90525547763235,60.56772930496717,0.03398621427789913,0.1898453061077959,False,False,normal
509,train,train,468,False,-2.0556989752548964,-0.1336806950724599,12.040690779398346,9.207930685891405,419.90525547763235,60.56772930496717,0.028674779899342636,0.152027008302196,False,False,normal
510,train,train,469,False,-0.7664557484259656,1.285727473978864,19.797630286020436,5.747261795647703,419.90525547763235,60.56772930496717,0.04714785068241429,0.0948898342665187,False,False,normal
511,train,train,470,False,-0.9925803133388618,-1.512694798645858,33.34476435705791,12.176418757562477,419.90525547763235,60.56772930496717,0.07941020961771252,0.20103805933110797,False,False,normal
512,train,test,471,False,-3.7885300016843786,-1.153685931172892,26.12978983963179,8.351653890795077,419.90525547763235,60.56772930496717,0.06222782282138805,0.1378894996829633,False,False,normal
513,test,train,472,False,-3.2124246672806094,0.4517263532653173,16.639210313190958,4.558343945405317,419.90525547763235,60.56772930496717,0.039626106356454735,0.07526027469931065,False,False,normal
514,test,train,473,False,-2.2996633143037863,2.7526237610041275,19.15170054874652,4.754085903782411,419.90525547763235,60.56772930496717,0.045609575729081815,0.07849206100900545,False,False,normal
515,train,train,474,False,-3.079110802384224,2.2454544965099084,18.49500043700499,5.228051076904957,419.90525547763235,60.56772930496717,0.04404565124093853,0.0863174356525894,False,False,normal
516,train,train,475,False,6.6485878196125245,-1.3295876257377521,41.002774810354545,5.518646758780856,419.90525547763235,60.56772930496717,0.09764768188889385,0.09111529889115838,False,False,normal
517,train,train,476,False,4.44903226689443,-0.957123237626265,10.37878809714986,5.6220062344714785,419.90525547763235,60.56772930496717,0.02471697594102325,0.09282180955082324,False,False,normal
518,test,train,477,False,2.618808586902787,-3.79991432980372,13.916383447612803,5.411839344953158,419.90525547763235,60.56772930496717,0.03314172248638147,0.08935186124782346,False,False,normal
519,train,train,478,False,3.7892509999093846,0.03899150607041596,13.379354954598163,3.835185735765758,419.90525547763235,60.56772930496717,0.03186279471396342,0.06332061280446968,False,False,normal
520,train,test,479,False,4.712374819955351,2.4247403231057927,61.95061646102611,20.329549425932978,419.90525547763235,60.56772930496717,0.14753474897702515,0.33564985280479626,False,False,normal
521,train,train,480,False,3.3410055429823977,0.14814615276943283,19.528178388680537,5.9555904864734694,419.90525547763235,60.56772930496717,0.04650615379049661,0.09832943309606705,False,False,normal
522,test,test,481,False,4.918590736216739,2.442031602411456,16.26290215737559,7.663641790450956,419.90525547763235,60.56772930496717,0.03872993239600424,0.1265301155977538,False,False,normal
523,train,test,482,False,1.8898076197619944,-3.913396327476337,16.720251444303933,6.380175995800021,419.90525547763235,60.56772930496717,0.0398191049675838,0.10533952764969812,False,False,normal
524,train,test,483,False,2.697270081127032,-2.413284768542947,18.08722368619806,8.842304657280453,419.90525547763235,60.56772930496717,0.04307453514870699,0.1459903608530243,False,False,normal
525,train,train,484,False,2.5912768200363554,-0.16462897668065155,9.046126324748705,4.456209406066118,419.90525547763235,60.56772930496717,0.02154325578625814,0.07357398828059851,False,False,normal
526,test,train,485,False,0.9082854704654456,-1.9442920487969744,8.821249914340346,5.304736373470785,419.90525547763235,60.56772930496717,0.021007714952999055,0.0875835438168844,False,False,normal
527,test,test,486,False,2.1187083522708283,0.6081388457290422,9.592508130316617,7.567834427980866,419.90525547763235,60.56772930496717,0.022844458375271735,0.12494829366766812,False,False,normal
528,train,train,487,False,1.989703059086289,0.3991115834376993,11.193578614347595,5.076416525150006,419.90525547763235,60.56772930496717,0.026657391086032402,0.08381388213498188,False,False,normal
529,train,train,488,False,0.42080361787628534,-1.5627868233189581,9.459061073770805,5.09900903580482,419.90525547763235,60.56772930496717,0.02252665559760938,0.0841868944785858,False,False,normal
530,train,train,489,False,2.018530727473312,0.968389886363619,16.017450351262163,3.9738373836063636,419.90525547763235,60.56772930496717,0.03814539147180401,0.06560981283609832,False,False,normal
531,train,test,490,False,2.0542704201996336,-0.5222356507937179,17.035603486645382,5.518744601584118,419.90525547763235,60.56772930496717,0.04057011257758082,0.09111691431911621,False,False,normal
532,test,train,491,False,2.4678333316402754,0.5593330772023467,15.261653223337202,5.923166764472035,419.90525547763235,60.56772930496717,0.03634546846997052,0.09779410310477456,False,False,normal
533,train,train,492,False,1.2488433329311366,0.0344865296970573,12.017855744468347,7.152515123991916,419.90525547763235,60.56772930496717,0.028620398501081678,0.1180911882626139,False,False,normal
534,train,test,493,False,1.661244738804602,0.8877870877482875,12.75722816554687,6.228992602037036,419.90525547763235,60.56772930496717,0.03038120623433451,0.10284342295008565,False,False,normal
535,test,test,494,False,1.2886501472910212,1.1222875151708371,15.442858246051541,3.840766621882324,419.90525547763235,60.56772930496717,0.03677700634750487,0.06341275570268641,False,False,normal
536,train,train,495,False,0.634095390208208,1.3133377885329045,12.036797317461033,5.483312790964549,419.90525547763235,60.56772930496717,0.02866550766022078,0.09053191945425731,False,False,normal
537,train,train,496,False,-0.6212004337165392,-0.21591200535569635,11.643132482268179,5.8626016718103875,419.90525547763235,60.56772930496717,0.027727998948297014,0.09679414663692196,False,False,normal
538,test,test,497,False,0.7739051967825057,-0.15669676214330325,17.735844917853196,5.061642955200262,419.90525547763235,60.56772930496717,0.04223773026531685,0.08356996396074494,False,False,normal
539,train,train,498,False,-0.38819935164614255,0.6075734416592214,9.042659013129182,9.160595669300022,419.90525547763235,60.56772930496717,0.021534998419687246,0.15124548624194106,False,False,normal
540,train,train,499,False,-0.06896512726494264,1.5613496219515821,11.849433567519132,2.7972821723513457,419.90525547763235,60.56772930496717,0.02821930283782869,0.046184365906580885,False,False,normal
541,train,train,500,False,-0.8126033619492509,0.9177841044069186,9.154855634195739,6.782732553793031,419.90525547763235,60.56772930496717,0.021802193506204885,0.11198591447338241,False,False,normal
542,train,train,501,False,-2.661076362630234,-2.0835929450515036,12.39245964726345,6.934645898052003,419.90525547763235,60.56772930496717,0.029512513800684204,0.11449407097854156,False,False,normal
543,test,train,502,False,0.23065424747055394,1.931948283263789,110.35054733249024,21.386576597365785,419.90525547763235,60.56772930496717,0.26279868111431254,0.3531018389294622,False,False,normal
544,train,train,503,False,1.895008154774818,6.846153461709466,30.350765540828043,9.179824002288345,419.90525547763235,60.56772930496717,0.07228003256664355,0.15156295452429164,False,False,normal
545,train,train,503,False,0.2470437688763734,2.478909954468639,31.915316880901948,18.75437256346442,419.90525547763235,60.56772930496717,0.07600599531577433,0.3096429861029373,False,False,normal
546,train,train,503,False,0.29731004252734317,2.6587612471433775,32.52314538836173,18.682324335287166,419.90525547763235,60.56772930496717,0.07745353258645792,0.30845343798871827,False,False,normal
547,train,train,503,False,-0.9284014446927695,-0.28980914066286234,17.116914365790095,12.01851285496774,419.90525547763235,60.56772930496717,0.04076375359084279,0.19843096303731003,False,False,normal
548,test,train,504,False,-2.254849870017719,1.2068552804909045,11.154269421816341,3.841807135360332,419.90525547763235,60.56772930496717,0.026563776652732345,0.06342993504042861,False,False,normal
549,train,train,505,False,-1.7579402570506675,2.3474876044553876,16.13192101357374,4.93921324148985,419.90525547763235,60.56772930496717,0.03841800216390257,0.08154859523658557,False,False,normal
550,train,train,506,False,-1.8951743707038877,2.2878747263167276,17.212295136907034,3.729630634481651,419.90525547763235,60.56772930496717,0.04099090190554641,0.06157785139512871,False,False,normal
551,test,train,507,False,-4.965282146446686,-2.2566790465798596,21.149296013440328,5.121757611001243,419.90525547763235,60.56772930496717,0.050366828558464936,0.08456248351679921,False,False,normal
552,test,train,508,False,6.704342244003646,-1.7844590609006592,39.6346301034831,3.6523372532011305,419.90525547763235,60.56772930496717,0.09438945949461774,0.06030170348323759,False,False,normal
553,train,train,509,False,5.703186822871194,-2.9869580786280783,17.238299442320628,7.814216197477159,419.90525547763235,60.56772930496717,0.0410528308885119,0.12901616565698648,False,False,normal
554,test,train,510,False,2.4808210051376154,-3.8961073457786624,15.394775559876976,6.494125265428727,419.90525547763235,60.56772930496717,0.03666249793031474,0.10722088049115856,False,False,normal
555,test,train,511,False,1.6598890278658165,-4.400443098359438,18.523394164399992,5.091254798772108,419.90525547763235,60.56772930496717,0.04411327060750899,0.08405886859546793,False,False,normal
556,train,train,512,False,4.790304738403011,0.37447145649614866,15.058733415538578,3.2262843403274633,419.90525547763235,60.56772930496717,0.03586221705753509,0.053267381448009396,False,False,normal
557,test,train,513,False,4.31916528327747,0.3232203194022671,18.441489356729953,3.735672190766242,419.90525547763235,60.56772930496717,0.04391821515963927,0.06167760016157447,False,False,normal
558,train,train,514,False,2.656764265773385,-0.5535727739784656,11.102522186938087,6.078146370571802,419.90525547763235,60.56772930496717,0.026440541150906122,0.1003528849491363,False,False,normal
559,train,train,515,False,2.85995623874095,-0.019828074120299657,15.606049678116666,3.8579483959555425,419.90525547763235,60.56772930496717,0.03716564504620251,0.0636964343921533,False,False,normal
560,train,train,516,False,3.3735714978390585,-1.0776340494317709,15.647739725910276,6.035752393938158,419.90525547763235,60.56772930496717,0.03726492946155518,0.09965294164401116,False,False,normal
561,train,train,517,False,4.006119771558456,-1.8216825271861135,20.137352025291523,8.906913551161024,419.90525547763235,60.56772930496717,0.04795689447226794,0.1470570822675792,False,False,normal
562,train,train,518,False,3.3413940270591067,0.4889530568491809,14.756865760973826,6.226841783426276,419.90525547763235,60.56772930496717,0.035143322376825784,0.10280791198351251,False,False,normal
563,train,train,519,False,3.471425055774003,0.43175771095498855,14.543445213542537,5.087416429249701,419.90525547763235,60.56772930496717,0.034635063562135485,0.08399549541693782,False,False,normal
564,train,train,520,False,2.3215011784104544,0.3998148565689741,15.70298668140467,4.349953037262747,419.90525547763235,60.56772930496717,0.03739649951164077,0.07181964863434308,False,False,normal
565,train,train,521,False,2.1230555179347537,0.291787500750913,13.506255423124701,4.538078307029423,419.90525547763235,60.56772930496717,0.03216500686032532,0.07492568004620992,False,False,normal
566,train,train,522,False,2.4279677544590292,-0.3685442874382229,1347.426214503114,6.038246889776561,419.90525547763235,60.56772930496717,3.208881520119219,0.0996941268736215,True,False,t2 alarm only
567,test,train,523,False,1.7444003475976746,0.33826227246356455,14.730708272211846,4.18035992800571,419.90525547763235,60.56772930496717,0.035081028589308824,0.06901959138928587,False,False,normal
568,train,train,524,False,1.4229132178765513,0.44489766981039786,14.652467993449841,4.859136742731087,419.90525547763235,60.56772930496717,0.03489470017893204,0.08022649682415266,False,False,normal
569,train,train,525,False,1.0112512384614976,-1.871466416123956,18.40286124276545,5.401956647500321,419.90525547763235,60.56772930496717,0.04382622270786449,0.0891886935417489,False,False,normal
570,test,test,526,False,2.1345042686473628,-0.4407408578203637,14.085299991340538,6.3078859779365155,419.90525547763235,60.56772930496717,0.03354399547897737,0.1041459874808152,False,False,normal
571,train,test,527,False,4.863248054043726,5.686571298882891,28.87543437640055,7.713530252255786,419.90525547763235,60.56772930496717,0.06876654673815745,0.12735379616787446,False,False,normal
572,train,test,527,False,0.011508900586536431,0.49366357727219295,24.221494189235262,8.036314744272175,419.90525547763235,60.56772930496717,0.057683236571268635,0.13268311089900997,False,False,normal
573,train,train,528,False,2.1181676769324285,0.6810453073777686,14.354778467013636,3.7035321410386746,419.90525547763235,60.56772930496717,0.034185755666919226,0.061146953724992084,False,False,normal
574,train,test,529,False,-0.33883174155950824,-3.065106397632588,21.190287190315424,5.483956123543167,419.90525547763235,60.56772930496717,0.0504644486199916,0.09054254115967703,False,False,normal
575,test,train,530,False,1.9941216274317204,1.0793516426562524,16.233192793163774,4.759199351712969,419.90525547763235,60.56772930496717,0.038659179854033734,0.07857648629602275,False,False,normal
576,test,train,531,False,-1.183096614904209,-3.0727111633713937,21.712349725188297,5.175697316853859,419.90525547763235,60.56772930496717,0.051707735118701977,0.08545305191801865,False,False,normal
577,train,train,532,False,-1.704161713771239,-3.3565429936573605,16.161066635725582,8.100206238895842,419.90525547763235,60.56772930496717,0.03848741216001869,0.13373798773452683,False,False,normal
578,train,train,533,False,0.6380788418479598,1.2387339029014777,13.370250923175089,4.529516814512465,419.90525547763235,60.56772930496717,0.03184111355778756,0.07478432601799714,False,False,normal
579,train,test,534,False,0.19708051089647224,-0.2972319111061446,16.73504429259965,9.418242933892625,419.90525547763235,60.56772930496717,0.039854333981992986,0.15549935653804067,False,False,normal
580,train,train,535,False,1.1121498853929626,1.1895670816293347,15.590205116987539,5.282950115286541,419.90525547763235,60.56772930496717,0.037127911388615625,0.08722384305817595,False,False,normal
581,train,train,536,False,-0.27989227519902976,1.4249699400464093,16.802861147740074,5.577067016567296,419.90525547763235,60.56772930496717,0.040015839117391414,0.09207984318655842,False,False,normal
582,test,train,537,False,-2.3501366174296976,-2.963707860826159,17.349682505393446,4.635542419027631,419.90525547763235,60.56772930496717,0.04131808849512634,0.07653485564378702,False,False,normal
583,test,test,538,False,-0.4996747269601393,1.631747151996493,12.305021670898489,3.50554500370735,419.90525547763235,60.56772930496717,0.029304281169098053,0.057878098517717746,False,False,normal
584,test,train,539,False,-0.2698986790471614,1.6675996179497976,14.755820849962548,1.6378880511399887,419.90525547763235,60.56772930496717,0.03514083393211678,0.02704225616405377,False,False,normal
585,test,train,540,False,-0.6232869460929034,1.7256257663892156,16.68401785444584,2.463981187628106,419.90525547763235,60.56772930496717,0.039732815050071625,0.040681419229398684,False,False,normal
586,train,train,541,False,-1.7135421894199463,1.088800246616159,11.95833380935569,4.112756571733869,419.90525547763235,60.56772930496717,0.028478647631483837,0.06790343007619705,False,False,normal
587,train,train,542,False,-3.201912621078131,-1.4631604489772025,14.300818681293165,5.458520698979885,419.90525547763235,60.56772930496717,0.03405725099826703,0.09012259105002027,False,False,normal
588,test,test,543,False,-1.1913741333374819,0.4982989057111487,17.358047202518435,7.372738686049127,419.90525547763235,60.56772930496717,0.041338008934358454,0.12172717667730837,False,False,normal
589,test,train,544,False,0.03056735807078052,1.863819342960198,18.452406936797914,5.592061404168799,419.90525547763235,60.56772930496717,0.043944215263056745,0.09232740715789378,False,False,normal
590,test,train,545,False,-1.040834609853938,1.7725145901187493,16.25366391215325,4.467004289134147,419.90525547763235,60.56772930496717,0.038707931611060904,0.07375221657464064,False,False,normal
591,train,train,546,False,-1.3014349094056996,1.9207505533662603,15.69014910196159,2.1614797883806443,419.90525547763235,60.56772930496717,0.03736592694967443,0.03568698733111299,False,False,normal
592,train,train,547,False,-3.893272695818988,-2.588679477595764,32.68160701575381,3.769995861538559,419.90525547763235,60.56772930496717,0.07783090730450433,0.06224429914742372,False,False,normal
593,test,train,548,False,-4.347428011306279,-2.2630360720249185,27.79958052257753,8.470128588153333,419.90525547763235,60.56772930496717,0.0662044119713533,0.13984556933784037,False,False,normal
594,train,train,549,False,-2.4281878399093886,2.089800547394687,13.986583585680338,5.58901123205237,419.90525547763235,60.56772930496717,0.033308903385290876,0.09227704746715698,False,False,normal
595,train,train,232,False,-1.8205103140583685,4.410423401395218,109.8620190825538,59.48822170091,419.90525547763235,60.56772930496717,0.2616352561665091,0.9821768519895852,False,False,normal
596,test,train,550,False,-3.2768715996088793,-1.5390685572059766,57.78775821094045,18.001863232955046,419.90525547763235,60.56772930496717,0.13762094533731958,0.29721872422050183,False,False,normal
597,train,test,551,False,-2.635350748314645,2.1396772702060707,19.9260552989005,3.678760181385482,419.90525547763235,60.56772930496717,0.04745369351530283,0.06073795771445218,False,False,normal
598,train,test,552,False,6.486875269393617,-1.759031137941919,36.55841887374849,5.91878460722316,419.90525547763235,60.56772930496717,0.087063494435582,0.09772175175036253,False,False,normal
599,train,train,553,False,7.364366069596481,-0.5536757387230061,26.16411212132273,11.991220176351082,419.90525547763235,60.56772930496717,0.06230956097837277,0.19798034884176646,False,False,normal
600,train,test,554,False,7.0117758159033725,-1.177036421986498,21.179980947734595,14.944288707550909,419.90525547763235,60.56772930496717,0.05043990441044341,0.24673681643741802,False,False,normal
601,train,train,555,False,5.2833796843319645,-1.8804706325485219,14.87936142229612,10.75468410952823,419.90525547763235,60.56772930496717,0.03543504452062929,0.177564591457224,False,False,normal
602,train,train,556,False,7.894649542605435,-0.22368530348703208,26.14429867271532,4.646137585258667,419.90525547763235,60.56772930496717,0.06226237545652243,0.07670978652451539,False,False,normal
603,train,train,557,False,7.897254247662642,-0.4433777394767833,24.375617480594528,8.081728874271086,419.90525547763235,60.56772930496717,0.05805027958716029,0.1334329182720129,False,False,normal
604,train,train,558,False,5.4362399165586766,-1.2874045022163045,15.905392103429872,7.130175090009659,419.90525547763235,60.56772930496717,0.03787852591970506,0.11772234442054462,False,False,normal
605,train,train,257,False,5.222456670546709,-0.5129290685399929,12.402527584968201,4.784258056648833,419.90525547763235,60.56772930496717,0.029536490489647762,0.07899021659800733,False,False,normal
606,train,train,559,False,5.64479981753693,-0.1330263568422072,15.058056033289542,3.2744695430656416,419.90525547763235,60.56772930496717,0.03586060387875203,0.054062940457586244,False,False,normal
607,train,test,560,False,5.156357514165777,-0.21044082200605563,14.94292822444357,5.172091324201385,419.90525547763235,60.56772930496717,0.03558642819901442,0.08539351538439167,False,False,normal
608,train,test,561,False,5.480577396985626,-0.18205086797654338,14.604132763879143,3.4986513802649224,419.90525547763235,60.56772930496717,0.0347795903322698,0.05776428174562584,False,False,normal
609,train,train,562,False,3.724748493694376,-0.43614193936226536,10.875698515256522,6.055426004843176,419.90525547763235,60.56772930496717,0.025900362935171343,0.09997776166171331,False,False,normal
610,test,train,563,False,3.3096390436408973,-0.6540092228144794,9.814086792032189,8.690234184613109,419.90525547763235,60.56772930496717,0.023372145654306935,0.14347961008834487,False,False,normal
611,test,train,564,False,3.4158147859686596,-0.46350518764115745,11.337374467438023,5.442236007671043,419.90525547763235,60.56772930496717,0.026999839415065254,0.08985372359377394,False,False,normal
612,train,train,565,False,3.803060526697826,0.21620065865395674,13.802283860824433,4.453307292938926,419.90525547763235,60.56772930496717,0.03286999550678321,0.07352607310926067,False,False,normal
613,test,train,566,False,3.6336558739068656,0.1244381883782949,16.333930854720748,3.672976726319766,419.90525547763235,60.56772930496717,0.03889908650021845,0.0606424703132885,False,False,normal
614,test,test,567,False,5.097828462931166,1.3751213455658364,15.460375835996391,8.702919359612691,419.90525547763235,60.56772930496717,0.03681872430582127,0.14368904793825518,False,False,normal
615,train,train,568,False,2.9143989468148086,0.010778708381336464,13.80467992134797,5.503620969299962,419.90525547763235,60.56772930496717,0.03287570170000723,0.09086721646090518,False,False,normal
616,train,train,569,False,1.72020489474626,-0.46519959419081885,8.148992280011939,7.387344626196602,419.90525547763235,60.56772930496717,0.019406740386572804,0.12196832720936698,False,False,normal
617,test,train,570,False,1.2433693422425534,-1.1599497467908852,13.290040695702778,7.18905350662889,419.90525547763235,60.56772930496717,0.03165009373503951,0.11869445312091821,False,False,normal
618,train,train,571,False,4.692517947088688,4.934568379431946,26.011256728393835,8.96897593405366,419.90525547763235,60.56772930496717,0.061945537449410205,0.14808175965939854,False,False,normal
619,train,train,571,False,-0.2694709476055754,-0.6700594565980077,18.953601575146056,16.122532067021247,419.90525547763235,60.56772930496717,0.0451378050831652,0.26619013544064024,False,False,normal
620,train,train,572,False,-0.27654713729463104,0.2896711588169882,81.61168934863298,26.052839364305733,419.90525547763235,60.56772930496717,0.1943573896349585,0.43014390110492606,False,False,normal
621,test,train,573,False,-0.4097427152577915,1.0090896716743731,12.967713152848708,8.608002617720036,419.90525547763235,60.56772930496717,0.030882474043098695,0.14212193054782543,False,False,normal
622,train,train,574,False,-1.7131364302247651,-1.0754467915636368,8.825825379035246,7.139570450796466,419.90525547763235,60.56772930496717,0.021018611374597054,0.11787746598271347,False,False,normal
623,train,test,575,False,-1.2905391439930707,-0.48369187662133845,14.86736391629858,8.759338089788105,419.90525547763235,60.56772930496717,0.035406472584838936,0.14462054612751926,False,False,normal
624,train,train,576,False,-0.12866844381681464,2.2676074277888674,21.910066124928104,29.929040350330776,419.90525547763235,60.56772930496717,0.05217859466894721,0.494141693832268,False,False,normal
625,train,train,577,False,-0.550245130449003,1.1462912391651556,8.110846950650444,10.018754804800363,419.90525547763235,60.56772930496717,0.019315897681310385,0.1654140731338053,False,False,normal
626,train,train,578,False,-1.571658249270649,0.43506696723081506,13.923966691066266,7.4040193526999944,419.90525547763235,60.56772930496717,0.033159781901819924,0.12224363431918835,False,False,normal
627,train,train,579,False,-0.3604994840509994,2.1966938899707276,26.364592285414872,45.140057017204796,419.90525547763235,60.56772930496717,0.06278700240468714,0.7452823068521879,False,False,normal
628,test,train,580,False,-0.866127409269004,2.062307964456103,29.39398729211375,29.244741279541028,419.90525547763235,60.56772930496717,0.07000147511532996,0.4828436135072784,False,False,normal
629,test,train,581,False,-1.4018895963512732,1.076902067437102,26.539959351114362,9.804580887603272,419.90525547763235,60.56772930496717,0.06320463724829017,0.1618779670315162,False,False,normal
630,train,test,582,False,-2.2120448151447514,0.9173748368141058,33.77853187970626,8.683415562010367,419.90525547763235,60.56772930496717,0.08044322246284813,0.14336703161328912,False,False,normal
631,train,train,583,False,-3.645032859939386,-2.0458812772530597,17.475533852565935,6.733710980209735,419.90525547763235,60.56772930496717,0.04161780216989169,0.11117654661122489,False,False,normal
632,train,test,584,False,-1.8885136130471813,1.3532244176057218,18.863997532016256,4.49765061643422,419.90525547763235,60.56772930496717,0.04492441398610004,0.07425820099326998,False,False,normal
633,train,test,585,False,-3.8028462752075742,-1.5205450590046632,18.068898517982163,4.038596713657051,419.90525547763235,60.56772930496717,0.043030893951134803,0.06667901801835989,False,False,normal
634,train,train,586,False,-2.3336634469869044,1.535395876201511,23.336437944620936,2.9733427958423007,419.90525547763235,60.56772930496717,0.05557548432699726,0.04909120467222892,False,False,normal
635,train,train,587,False,-4.264520405089552,-1.9455138410710702,26.061600560823198,6.963514170166025,419.90525547763235,60.56772930496717,0.06206543076289612,0.11497069891961338,False,False,normal
636,train,test,588,False,-3.118438191889784,0.3862227935319472,26.40462243373305,11.969586073822528,419.90525547763235,60.56772930496717,0.06288233378669769,0.19762316024023208,False,False,normal
637,train,test,589,False,-2.652079390687239,1.5524475942784834,23.387732071731637,7.462259547853867,419.90525547763235,60.56772930496717,0.055697640757386195,0.12320520570088278,False,False,normal
638,train,test,590,False,-2.5639285649249515,0.46837250752771525,20.01991668779384,14.155602979989894,419.90525547763235,60.56772930496717,0.04767722343703857,0.2337152662387987,False,False,normal
639,train,test,591,False,-0.44342738430980033,-1.5402699109400493,167.40033067782244,475.8263843717065,419.90525547763235,60.56772930496717,0.39866214698220076,7.856104064523414,False,True,q alarm only
640,train,train,592,False,-3.467967262618206,-0.5398396485463482,16.46523056472275,5.634590546645616,419.90525547763235,60.56772930496717,0.03921177539441352,0.09302958211087373,False,False,normal
641,train,train,593,False,-3.5462233764650684,-0.06016589379349111,16.436185364969074,4.082006507312543,419.90525547763235,60.56772930496717,0.0391426045531945,0.06739573291181276,False,False,normal
642,train,train,594,False,-2.670827744343453,1.5803668423108876,19.152304571329495,4.392321372564577,419.90525547763235,60.56772930496717,0.045611014202582914,0.0725191685897388,False,False,normal
643,train,train,595,False,-2.870591806103372,2.4870546889123544,29.784335995592965,5.343152042343851,419.90525547763235,60.56772930496717,0.07093108649405681,0.08821780350127238,False,False,normal
644,train,train,596,False,-3.512600038881082,1.3368278388092472,80.85247658127005,6.98537223587536,419.90525547763235,60.56772930496717,0.19254933232331722,0.11533158525232162,False,False,normal
645,train,test,597,False,-3.201769495402528,1.853437020423827,22.349600463744313,4.084414423252008,419.90525547763235,60.56772930496717,0.05322534112682674,0.06743548866899728,False,False,normal
646,train,train,598,False,-3.634021579368981,1.2359701100891405,13.968881493061984,3.4116666144348184,419.90525547763235,60.56772930496717,0.03326674603577588,0.05632812478831078,False,False,normal
647,train,train,599,False,-2.7280252709366914,2.6893164205161804,26.858597613589122,24.19750338441368,419.90525547763235,60.56772930496717,0.06396347095736656,0.39951148345971155,False,False,normal
648,train,train,600,False,-4.86999322004819,-0.7071480770444749,26.849068903107494,27.338220779181494,419.90525547763235,60.56772930496717,0.0639407784324283,0.45136611679017463,False,False,normal
649,train,train,601,False,-3.663180752963128,1.2037857676153225,26.321726790241783,8.212113740397077,419.90525547763235,60.56772930496717,0.06268491867362183,0.1355856300811264,False,False,normal
650,train,train,602,False,-4.833889167193161,-1.1711862754745184,18.125077729125536,3.4729354088247404,419.90525547763235,60.56772930496717,0.04316468415835541,0.05733969968294526,False,False,normal
651,test,train,603,False,-3.362009788695753,1.9436259468769876,21.62495624385805,4.818155906372841,419.90525547763235,60.56772930496717,0.051499608451578374,0.07954988509000786,False,False,normal
652,train,train,604,False,-3.870889769025371,1.9729261435971899,18.742893491058133,5.271841422098852,419.90525547763235,60.56772930496717,0.04463600597172458,0.08704043362025968,False,False,normal
653,train,train,605,False,-4.555134957418003,1.221134796768132,17.85389313860715,3.0058621196638775,419.90525547763235,60.56772930496717,0.04251886087564865,0.04962811309185676,False,False,normal
654,test,train,606,False,-4.161691408240936,1.4231660823090784,21.385188141969596,2.791285654433563,419.90525547763235,60.56772930496717,0.050928603209894216,0.046085360743491656,False,False,normal
655,train,train,607,False,-3.9400096215111895,2.833956373537084,20.943838729353665,5.665912661498911,419.90525547763235,60.56772930496717,0.04987753417263268,0.09354672408090835,False,False,normal
656,train,train,608,False,-5.086581136492305,2.0125967510237293,24.480493694035726,3.4930445692070213,419.90525547763235,60.56772930496717,0.05830004119903129,0.05767171081516104,False,False,normal
657,train,train,609,False,-5.198287366510836,1.479962822600341,21.60532068638694,2.8683878433049506,419.90525547763235,60.56772930496717,0.05145284657561953,0.04735835198414337,False,False,normal
658,train,test,610,False,-5.166668407907593,1.7601832330296807,24.114112201839568,3.255780411194842,419.90525547763235,60.56772930496717,0.05742750748477852,0.05375437462417523,False,False,normal
659,train,train,611,False,-7.345600997341409,-1.7647992978044413,24.625230195035304,4.330465870842752,419.90525547763235,60.56772930496717,0.0586447296712795,0.07149790689755327,False,False,normal
660,test,train,612,False,14.478631967398131,-4.594044249000893,8230.438791298662,57396.72408333351,419.90525547763235,60.56772930496717,19.600704406370745,947.6453012516417,True,True,both alarms
661,train,test,613,False,-4.634303362951591,1.0896973173366669,28.22348689979804,15.478946095098522,419.90525547763235,60.56772930496717,0.06721394060118273,0.2555642463853947,False,False,normal
662,train,test,614,False,-4.926972498259827,2.3982392391150626,22.763156849732628,5.758578771404652,419.90525547763235,60.56772930496717,0.05421022136014962,0.09507668254177708,False,False,normal
663,train,train,615,False,-5.673115488266241,1.8972580060581905,32.78588645349696,5.260660547868968,419.90525547763235,60.56772930496717,0.07807924770125532,0.086855832441411,False,False,normal
664,train,train,616,False,-6.105459347218946,2.5108792688099575,18.088133263235882,6.6085773704998365,419.90525547763235,60.56772930496717,0.04307670129696532,0.10911053536817775,False,False,normal
665,train,test,617,False,5.694956397550162,-4.681601389648054,144.41887817519617,14.132822556271542,419.90525547763235,60.56772930496717,0.34393205679439065,0.2333391513674016,False,False,normal
666,train,train,618,False,3.832824554560753,-2.119394336027038,91.85823363826363,9.463060806675644,419.90525547763235,60.56772930496717,0.2187594283233656,0.156239319440684,False,False,normal
667,train,test,619,False,2.9496757165156273,-1.846638097136458,81.6297097379179,2.27264497635259,419.90525547763235,60.56772930496717,0.19440030500467548,0.03752237375301785,False,False,normal
668,train,test,620,False,4.325070284064951,1.258538400941357,82.04232586317357,5.235957689478423,419.90525547763235,60.56772930496717,0.1953829460168398,0.08644797732328098,False,False,normal
669,test,test,621,False,4.439879204173689,0.8806541863054406,82.72782826158267,3.6218061656630285,419.90525547763235,60.56772930496717,0.1970154628512132,0.05979762172404907,False,False,normal
670,train,train,622,False,2.3886189339438433,0.7726445467714215,82.87206209037409,5.254139346079112,419.90525547763235,60.56772930496717,0.19735895421482416,0.08674816451552558,False,False,normal
671,train,train,623,False,3.3456930401272866,-0.03863705929523616,83.39680305667513,5.411341414611718,419.90525547763235,60.56772930496717,0.19860861937013202,0.08934364019765113,False,False,normal
672,train,train,624,False,1.1830499069441722,-4.17790710888129,85.21415130769066,7.274402855342165,419.90525547763235,60.56772930496717,0.20293661533424145,0.12010360861828759,False,False,normal
673,train,train,625,False,1.6648678580151268,-1.0405122950978585,79.57069961996687,3.507634344601535,419.90525547763235,60.56772930496717,0.18949679381711257,0.057912594459998565,False,False,normal
674,test,train,626,False,2.973822590078003,1.1655644443477335,78.46009245379776,8.54374595055418,419.90525547763235,60.56772930496717,0.18685189439830002,0.1410610245521208,False,False,normal
675,train,train,627,False,1.60528630030273,1.7062174110543737,82.08240423958016,5.865822075386893,419.90525547763235,60.56772930496717,0.19547839225354147,0.09684731692435819,False,False,normal
676,train,train,628,False,1.573595098228224,-1.3317832291557292,88.44801077085481,15.5195043250733,419.90525547763235,60.56772930496717,0.21063801802205898,0.25623388070122916,False,False,normal
677,train,test,629,False,1.266120231722856,1.4905588499625801,78.69147113555921,4.980377361115972,419.90525547763235,60.56772930496717,0.18740292032317984,0.08222823305854937,False,False,normal
678,train,train,630,False,2.3727247276669186,2.1670300308729176,17.604383489410754,10.863273147396042,419.90525547763235,60.56772930496717,0.04192465624033732,0.1793574445014755,False,False,normal
679,train,train,631,False,-1.4084162676144283,-5.990338029348626,21.776971496932884,11.954944529149227,419.90525547763235,60.56772930496717,0.05186163119621375,0.19738142186170415,False,False,normal
680,train,train,632,False,-1.2110925313526282,-2.146012690737366,14.981760088632418,5.671394945064674,419.90525547763235,60.56772930496717,0.035678905879830004,0.0936372390073993,False,False,normal
681,train,train,633,False,-1.3722212888242982,-2.3304922386610825,15.7979813861478,8.327411345699506,419.90525547763235,60.56772930496717,0.03762272841328925,0.13748924454093037,False,False,normal
682,train,train,634,False,0.8365304484982002,1.7380482476787247,18.867819476515503,17.050757132168563,419.90525547763235,60.56772930496717,0.044933515907186736,0.2815155418212158,False,False,normal
683,train,train,635,False,-1.108128734074827,0.31561357914443733,14.228681283316748,6.929451852070184,419.90525547763235,60.56772930496717,0.033885456535027066,0.11440831498204934,False,False,normal
684,train,train,636,False,-1.474125377889215,0.7974811574972369,27.031324897539445,5.82011128273523,419.90525547763235,60.56772930496717,0.06437481918818079,0.09609261151974408,False,False,normal
685,train,train,637,False,2.7406637465869927,6.128549322524821,88.69048105751773,5.101443380459768,419.90525547763235,60.56772930496717,0.21121545848868786,0.08422708658555238,False,False,normal
686,train,train,638,False,0.13862411161305674,-1.0407563994498297,89.04827287364381,7.471331324058107,419.90525547763235,60.56772930496717,0.21206753597869,0.12335498473847163,False,False,normal
687,train,train,639,False,-2.412391286633087,-1.4487835585858289,76.34448703669548,10.275116544079083,419.90525547763235,60.56772930496717,0.181813602094252,0.16964671883838342,False,False,normal
688,train,train,640,False,-0.8217802704169922,1.2525952525887425,148.6668247661677,149.34628006958073,419.90525547763235,60.56772930496717,0.35404849743321903,2.4657731399769154,False,True,q alarm only
689,train,train,641,False,-1.6866814615668972,0.9760169019466128,14.047043228247386,4.98897039548685,419.90525547763235,60.56772930496717,0.03345288739544163,0.08237010785672137,False,False,normal
690,train,train,642,False,-4.447853720299088,-1.7939764802577745,14.509514562103247,5.278606785355979,419.90525547763235,60.56772930496717,0.034554258068523136,0.08715213275996264,False,False,normal
691,train,train,643,False,-2.7080088632593053,1.739246126584002,31.157683020422937,7.749580822255582,419.90525547763235,60.56772930496717,0.0742016981544606,0.12794900702377887,False,False,normal
692,test,train,644,False,-4.729292910140676,-0.7211861671905484,11.953340360724168,4.942663296210605,419.90525547763235,60.56772930496717,0.028466755785486714,0.08160555716598833,False,False,normal
693,test,train,645,False,-5.599806398127007,-0.8603285023241725,18.008360478375366,4.440954038392522,419.90525547763235,60.56772930496717,0.042886723239249004,0.07332211541284112,False,False,normal
694,train,train,646,False,5.252983689792966,3.51372005920731,29.299633025284564,10.950915528237262,419.90525547763235,60.56772930496717,0.06977677140991465,0.18080445897348796,False,False,normal
695,train,train,647,False,0.3866963496495596,-3.1373239484648443,20.770016166060113,16.0287157405738,419.90525547763235,60.56772930496717,0.0494635775454506,0.26464118639592593,False,False,normal
696,train,train,648,False,-0.9192223330797584,-2.6152508550336204,21.17185807825994,9.357526010800708,419.90525547763235,60.56772930496717,0.05042055988124619,0.15449689328262955,False,False,normal
697,train,train,649,False,-1.7632090492857957,-2.994782039802625,17.662039407320247,7.41548722062433,419.90525547763235,60.56772930496717,0.04206196320936753,0.12243297389087004,False,False,normal
698,train,train,650,False,-1.982542593741937,-2.0226316153351904,27.377851843675238,12.176576570722899,419.90525547763235,60.56772930496717,0.06520006950742632,0.20104066489618747,False,False,normal
699,train,test,651,False,3.7260889080464588,7.225836192975366,31.006274015688774,8.527845939169326,419.90525547763235,60.56772930496717,0.07384111918394512,0.14079850833156388,False,False,normal
700,train,test,651,False,-0.10856870261999164,0.0805166408778584,15.551519651745362,8.421638306382029,419.90525547763235,60.56772930496717,0.03703578235536937,0.1390449733384898,False,False,normal
701,test,train,652,False,0.47457881780931105,1.3455898914302051,29.528338746922792,10.118582266692734,419.90525547763235,60.56772930496717,0.07032143170805281,0.16706226868344734,False,False,normal
702,train,train,653,False,-1.7127655066159926,-1.9556715596155914,13.753459924869949,6.333278314535147,419.90525547763235,60.56772930496717,0.032753721810949266,0.10456522618911773,False,False,normal
703,train,test,654,False,-1.7349365853184475,-0.5970131892007614,9.467863684961985,6.10093996996429,419.90525547763235,60.56772930496717,0.02254761892463697,0.100729217356741,False,False,normal
704,train,train,655,False,-2.729513294621865,-1.5529426814109015,12.674855778188697,7.337770789889926,419.90525547763235,60.56772930496717,0.03018503725029911,0.12114984124538004,False,False,normal
705,test,train,656,False,-3.134754764244746,-1.895542490480342,13.339858454911337,4.089073318760072,419.90525547763235,60.56772930496717,0.031768734210619876,0.06751240909447015,False,False,normal
706,test,train,657,False,-1.009840735071326,0.9528786266421102,19.212924743337815,4.7371731443106295,419.90525547763235,60.56772930496717,0.04575538051192897,0.07821282386959376,False,False,normal
707,train,train,658,False,0.5297184101832135,2.729689671558376,75.14971264393213,12.98732147686113,419.90525547763235,60.56772930496717,0.17896825930042506,0.21442642188991617,False,False,normal
708,train,train,659,False,-3.9573050760430877,-1.4656254695705329,17.585920845260816,4.734631335357312,419.90525547763235,60.56772930496717,0.041880687645257604,0.07817085747952951,False,False,normal
709,train,train,660,False,-2.480329437776822,1.0620120337067278,13.879366283501477,3.602328386717514,419.90525547763235,60.56772930496717,0.03305356649493235,0.059476034978615026,False,False,normal
710,train,train,661,False,-5.014526582179555,-4.237642114465355,19.797475050314226,8.142676172199556,419.90525547763235,60.56772930496717,0.047147480990194,0.13443918511787056,False,False,normal
711,train,train,662,False,-3.1371241580463756,1.2420093613396754,7.921982228788125,6.62514280750642,419.90525547763235,60.56772930496717,0.01886611830989602,0.10938403806006791,False,False,normal
712,train,train,663,False,-1.1648560575772924,3.2360962685260404,24.40245032546459,24.641039319245685,419.90525547763235,60.56772930496717,0.0581141817282267,0.40683445792023226,False,False,normal
713,train,train,664,False,-6.009653408634592,-1.118087867555942,11.173586140232787,3.7725252082481187,419.90525547763235,60.56772930496717,0.026609779216797597,0.06228605978033146,False,False,normal
714,train,train,665,False,-4.762852256833158,1.810659938093115,15.129943552078423,7.5919178105721326,419.90525547763235,60.56772930496717,0.036031803257304956,0.12534592096635722,False,False,normal
715,train,train,666,False,-6.890501866607273,-1.5143516414082379,18.68492043226061,5.024980110965421,419.90525547763235,60.56772930496717,0.04449794373496696,0.08296464418641036,False,False,normal
716,train,train,667,False,-7.113352039011391,-1.1036312490955926,14.587692749289774,6.20493382146844,419.90525547763235,60.56772930496717,0.03474043860845851,0.10244620184167234,False,False,normal
717,train,test,668,False,-6.5475237699659345,0.9115942636620963,13.502044792633702,11.08584232465771,419.90525547763235,60.56772930496717,0.03215497928759059,0.1830321600606638,False,False,normal
718,train,test,669,False,7.840595465684559,3.515023193277077,248.4057861697345,14.397585314761999,419.90525547763235,60.56772930496717,0.5915757969906301,0.2377105016149458,False,False,normal
719,train,train,670,False,4.203818993245772,-2.488801568899821,22.86655256565612,4.2056891389790945,419.90525547763235,60.56772930496717,0.054456457182575524,0.06943778786559504,False,False,normal
720,test,train,671,False,1.6341454468211718,-2.8562626348170697,11.757238682735197,3.6905765280561256,419.90525547763235,60.56772930496717,0.027999741678302204,0.06093305082436796,False,False,normal
721,test,train,672,False,0.5312416885319543,-3.4047479338409925,15.17090644512368,5.134885703650824,419.90525547763235,60.56772930496717,0.03612935596118494,0.08477923413301398,False,False,normal
722,train,train,673,False,3.659937589060094,-1.0397973018109679,27.676566167295658,7.893926907652142,419.90525547763235,60.56772930496717,0.06591145456327813,0.13033222473811248,False,False,normal
723,train,test,674,False,2.057954589225209,-2.895536505984858,19.612235817738856,9.850343802344474,419.90525547763235,60.56772930496717,0.04670633568382086,0.16263353299488223,False,False,normal
724,train,train,675,False,-0.37805678780829255,-3.441435577926895,13.015176406244287,4.664167380640325,419.90525547763235,60.56772930496717,0.030995507287566167,0.07700746642086541,False,False,normal
725,train,train,676,False,0.2103604064893009,-0.42235020907043347,12.54884665229408,5.71999787424147,419.90525547763235,60.56772930496717,0.029884947827147488,0.0944396948652386,False,False,normal
726,train,train,677,False,1.3449177292589003,0.3044974246750557,542.5096145599248,32.731231400138874,419.90525547763235,60.56772930496717,1.2919810063887693,0.5404071074768619,True,False,t2 alarm only
727,test,train,678,False,0.08819897858491565,-3.283635117567918,19.14255278527723,7.063205297263895,419.90525547763235,60.56772930496717,0.04558779042549259,0.11661664352149718,False,False,normal
728,train,test,679,False,-0.5578644592864332,-0.42389152373398403,8.78241790958204,5.816592491686313,419.90525547763235,60.56772930496717,0.020915236937418768,0.09603451472316121,False,False,normal
729,train,test,680,False,-1.069600335993646,0.43708881160811947,9.085329113385136,7.353451125605608,419.90525547763235,60.56772930496717,0.021636616819788998,0.12140873052347614,False,False,normal
730,test,train,681,False,3.0921601467863127,7.163791273314492,27.99592899261311,6.702352759121905,419.90525547763235,60.56772930496717,0.06667201381123082,0.11065880851128827,False,False,normal
731,train,train,681,False,-0.23177699858583334,0.6610124108127969,22.60433030986976,5.079861450155849,419.90525547763235,60.56772930496717,0.05383197760684816,0.08387075937052255,False,False,normal
732,train,test,682,False,-2.007306656988337,-6.154694354792121,26.379831039790574,12.157136652979151,419.90525547763235,60.56772930496717,0.06282329333978956,0.20071970325594066,False,False,normal
733,train,train,683,False,-1.2307261052219012,-0.08474454552679755,15.161773182735523,6.694458774851411,419.90525547763235,60.56772930496717,0.03610760519176966,0.11052847533946425,False,False,normal
734,train,train,684,False,-2.2248249725474065,-2.929660469155792,17.421613346921013,3.8260125503972837,419.90525547763235,60.56772930496717,0.04148939104633101,0.06316915945672594,False,False,normal
735,train,train,685,False,-2.5329320786430554,-1.3424338480853524,16.604445111571124,7.275538008699065,419.90525547763235,60.56772930496717,0.03954331339026457,0.12012235050228962,False,False,normal
736,train,train,686,False,-3.7082210464444696,-4.492795576776896,17.61447066920943,4.269353336446422,419.90525547763235,60.56772930496717,0.04194867875414749,0.07048891192452696,False,False,normal
737,train,train,687,False,-4.674534028968483,-3.9613380404956047,14.275829882992868,9.667141428161456,419.90525547763235,60.56772930496717,0.03399774043493323,0.15960878076650384,False,False,normal
738,train,train,688,False,-3.80055681702545,-1.0304008939506704,11.977706196780831,6.725826407355979,419.90525547763235,60.56772930496717,0.028524782770714484,0.11104636882605391,False,False,normal
739,train,train,689,False,6.091836890691222,-1.7712243368693132,37.81169118766095,6.79176485871029,419.90525547763235,60.56772930496717,0.0900481494203997,0.11213504182256501,False,False,normal
740,train,train,690,False,5.357457348226583,-3.7518386913799002,20.52786976817289,9.782037839187945,419.90525547763235,60.56772930496717,0.048886908416573456,0.16150577133136337,False,False,normal
741,train,train,691,False,3.486423411847176,-3.245070706846399,17.201843288166522,5.5325893057319195,419.90525547763235,60.56772930496717,0.040966010936442865,0.09134549650812468,False,False,normal
742,train,train,692,False,1.622641004290147,-4.638387091744887,20.351251794280124,4.747349545925192,419.90525547763235,60.56772930496717,0.04846629454811432,0.07838084076128408,False,False,normal
743,train,train,693,False,2.334007258656976,-2.8178857820467225,16.438364010394658,3.8114765337846226,419.90525547763235,60.56772930496717,0.0391477929746233,0.06292916339315435,False,False,normal
744,test,test,694,False,2.0482245894826914,-2.9606039211295645,20.683396325858503,5.0322964798114205,419.90525547763235,60.56772930496717,0.04925729329663099,0.083085440672096,False,False,normal
745,train,train,695,False,2.9498002601152007,-0.7942677815954613,15.005232060347808,3.594355714937552,419.90525547763235,60.56772930496717,0.035734804136422896,0.059344402641206134,False,False,normal
746,train,train,696,False,0.2797357457800456,-4.2559815384842326,10.24416828131888,3.339551282552478,419.90525547763235,60.56772930496717,0.024396380249316906,0.055137468762240696,False,False,normal
747,train,train,697,False,1.3399868476391195,-2.939642707783061,24.40108911817946,5.908302052609781,419.90525547763235,60.56772930496717,0.058110940027230176,0.09754868013724992,False,False,normal
748,train,train,698,False,-0.7844504618637094,-4.649394412763183,9.436889306925012,3.4208370200879847,419.90525547763235,60.56772930496717,0.0224738537653947,0.05647953224172532,False,False,normal
749,train,train,699,False,4.623212741792377,6.323264095645936,31.53203760717229,7.587989132974843,419.90525547763235,60.56772930496717,0.0750932197104924,0.12528105676156742,False,False,normal
750,train,train,699,False,-0.5421284608807478,-0.38756114710864015,18.639213350700317,9.197289492293136,419.90525547763235,60.56772930496717,0.04438909279546561,0.15185131748927666,False,False,normal
751,train,train,700,False,-0.7964540150317098,-5.194646932753012,30.091733563659616,8.873405944868594,419.90525547763235,60.56772930496717,0.0716631506062742,0.1465038568672391,False,False,normal
752,test,train,701,False,4.6652943398720135,6.33153183203906,27.931421794439302,5.668922593454183,419.90525547763235,60.56772930496717,0.0665183905894866,0.09359641938878618,False,False,normal
753,train,train,701,False,1.2962592178709857,3.3328584197474855,37.35224742451261,8.890643263819028,419.90525547763235,60.56772930496717,0.08895398887547933,0.1467884526271964,False,False,normal
754,train,train,701,False,1.1348581457063533,3.0176721673385156,33.12317338637359,5.856129358254681,419.90525547763235,60.56772930496717,0.07888249302499621,0.09668728587740566,False,False,normal
755,train,train,702,False,-0.6002464313962376,-5.829400217060941,12.078212176274535,9.42945519345471,419.90525547763235,60.56772930496717,0.028764136715878567,0.15568447590260576,False,False,normal
756,train,train,703,False,0.28403329252843873,-2.1751552686075666,22.351320510121752,7.563322235792856,419.90525547763235,60.56772930496717,0.05322943739939061,0.12487379537889637,False,False,normal
757,test,train,704,False,-2.103214642807621,-5.134149078214281,10.811238593198928,6.423680380353787,419.90525547763235,60.56772930496717,0.025746852301006325,0.10605780428071916,False,False,normal
758,train,train,705,False,-0.7844642048610345,-1.9852110459391132,8.395261161180729,4.666695511326801,419.90525547763235,60.56772930496717,0.019993227166521927,0.07704920697669418,False,False,normal
759,test,test,706,False,-0.7910678428863608,-1.79650202026076,12.674217811082823,4.364824668178208,419.90525547763235,60.56772930496717,0.030183517938269667,0.07206518583849647,False,False,normal
760,train,test,707,False,-0.9481647622359297,-2.2700485523507647,11.47097726588016,6.18896140005387,419.90525547763235,60.56772930496717,0.027318013090434395,0.10218249009949779,False,False,normal
761,train,train,708,False,-2.611944909095341,-3.1898986847909074,10.308100477872628,3.3772843816026548,419.90525547763235,60.56772930496717,0.024548634110681485,0.05576045891695139,False,False,normal
762,train,train,709,False,3.0771018774868106,7.0047357551024145,27.48646669326626,5.318655202291424,419.90525547763235,60.56772930496717,0.06545873464241606,0.08781334983702682,False,False,normal
763,train,train,709,False,-0.34717379371055695,0.4595181855060447,20.85462123546041,5.0213357668960725,419.90525547763235,60.56772930496717,0.049665063638555246,0.08290447445392791,False,False,normal
764,test,train,710,False,-2.6289842491984086,-4.34766696539502,11.307026092938335,5.248801575674353,419.90525547763235,60.56772930496717,0.026927565076738224,0.08666003556524113,False,False,normal
765,train,train,711,False,-2.0439811543277906,-2.0166200483482744,9.979097975082574,7.173614407999876,419.90525547763235,60.56772930496717,0.023765118071055302,0.11843954677382246,False,False,normal
766,train,train,712,False,-2.888191312625505,-3.3828943736717543,12.986953479680368,3.010769667638572,419.90525547763235,60.56772930496717,0.030928294681399054,0.04970913887953297,False,False,normal
767,train,train,713,False,-2.598506596777519,-1.3359698317824227,10.93070542136969,5.654067983521929,419.90525547763235,60.56772930496717,0.02603136131015143,0.09335116320859395,False,False,normal
768,train,train,714,False,-2.5987081637824065,-1.3340268761519127,16.798341441484894,9.779105221029518,419.90525547763235,60.56772930496717,0.04000507548393786,0.16145735250846743,False,False,normal
769,train,train,715,False,0.0432181101852677,4.741790268385385,16.586166678696525,5.550976175109001,419.90525547763235,60.56772930496717,0.03949978349242176,0.09164907185407337,False,False,normal
770,train,train,716,False,-5.009189058673237,-5.96354379450451,21.559298537738922,8.599800196325521,419.90525547763235,60.56772930496717,0.05134324530712464,0.14198650494266177,False,False,normal
771,train,train,717,False,-2.6133031445481287,-0.1449826587620154,11.398972438856276,6.024250570694127,419.90525547763235,60.56772930496717,0.027146534343539506,0.0994630414549828,False,False,normal
772,test,train,718,False,-5.953628713346953,-4.656151602360382,19.98691706631066,5.175408918365556,419.90525547763235,60.56772930496717,0.047598635181586406,0.08544829033141778,False,False,normal
773,train,train,719,False,8.903411741125879,5.230214790020276,53.72254664775112,11.75890226953795,419.90525547763235,60.56772930496717,0.1279396862671866,0.1941446774458094,False,False,normal
774,test,train,719,False,0.2350100056798409,-0.19845514316729612,22.481043897784282,13.533121404245849,419.90525547763235,60.56772930496717,0.05353837229832387,0.22343782009896143,False,False,normal
775,train,test,720,False,4.01638489940614,-4.708398936281548,22.929004049967585,15.994876442872746,419.90525547763235,60.56772930496717,0.05460518474313064,0.2640824846237219,False,False,normal
776,train,train,721,False,0.7053453093609928,-6.373426588356916,16.34437081495688,7.101883660512933,419.90525547763235,60.56772930496717,0.03892394915697243,0.1172552404062225,False,False,normal
777,train,train,722,False,1.1098146894358998,-3.7645430102751063,16.653954893964276,7.105541890845109,419.90525547763235,60.56772930496717,0.039661220422261195,0.11731563940704613,False,False,normal
778,test,train,723,False,1.022012775340108,-3.73241866517958,22.427756931169277,9.936163139323249,419.90525547763235,60.56772930496717,0.05341146994137578,0.16405044820639134,False,False,normal
779,train,test,724,False,1.5201939832520646,-3.692959507695019,28.951859072986082,8.560696542840956,419.90525547763235,60.56772930496717,0.06894855135845829,0.14134088632804154,False,False,normal
780,train,train,725,False,6.479675292949064,5.831983156289598,29.66486596313698,5.613199812792808,419.90525547763235,60.56772930496717,0.07064656985393977,0.09267641163381815,False,False,normal
781,train,train,725,False,0.8499237720096767,1.472715688055732,24.205724561997627,3.9286024126736976,419.90525547763235,60.56772930496717,0.05764568136796522,0.06486296345852134,False,False,normal
782,train,train,726,False,2.3629592768565004,-0.8184746463740926,28.870017678341245,4.300890345532646,419.90525547763235,60.56772930496717,0.06875364692804875,0.07100960189339521,False,False,normal
783,train,test,727,False,0.4795408842825838,-3.8827857875785408,10.435114830145936,5.060118733376951,419.90525547763235,60.56772930496717,0.024851117470002224,0.08354479838427704,False,False,normal
784,train,train,728,False,-0.6554559418866592,-5.100603233167743,11.05530810835206,4.6756789533398475,419.90525547763235,60.56772930496717,0.026328101313656833,0.07719752757771611,False,False,normal
785,test,train,729,False,-0.43053333169702235,-4.226374834948956,11.972757838760398,5.301337913168494,419.90525547763235,60.56772930496717,0.028512998307538846,0.08752743373415074,False,False,normal
786,test,test,730,False,1.4890969706610995,-1.121884135566791,14.351135001936163,4.057521822980309,419.90525547763235,60.56772930496717,0.034177078792719764,0.06699147994388409,False,False,normal
787,test,train,731,False,0.6787094377594864,-2.749987481890867,12.555271594537421,5.323210720639439,419.90525547763235,60.56772930496717,0.029900248760297357,0.08788856345986346,False,False,normal
788,train,train,732,False,-1.7327165718123816,-5.015297611593952,25.60045140334052,8.600840122047455,419.90525547763235,60.56772930496717,0.060967208839100166,0.1420036745762912,False,False,normal
789,train,train,733,False,0.2621907641341227,-0.38634665665859114,11.870783083233654,4.2359602834679455,419.90525547763235,60.56772930496717,0.028270146487523518,0.06993757785006732,False,False,normal
790,train,train,734,False,-2.625643202490019,-4.511495038640868,13.872681254355609,4.321537123000668,419.90525547763235,60.56772930496717,0.03303764616752834,0.07135048932148522,False,False,normal
791,train,train,735,False,1.5624605104429383,3.45219532358496,14.568915802909219,4.444337456120448,419.90525547763235,60.56772930496717,0.034695721505884514,0.07337797713601865,False,False,normal
792,test,train,736,False,-0.08944003023526619,-2.59665543584574,22.29056509113477,7.013448043714883,419.90525547763235,60.56772930496717,0.053084749000771085,0.11579512925771361,False,False,normal
793,train,train,737,False,-0.9713583587763245,-1.8379230438190217,10.420381127185271,4.410229369631475,419.90525547763235,60.56772930496717,0.0248160293095935,0.07281483754204057,False,False,normal
794,train,train,738,False,-3.124566496782431,-4.341086455062483,9.978923805821005,5.985617776680821,419.90525547763235,60.56772930496717,0.02376470328876978,0.09882519693849476,False,False,normal
795,train,train,739,False,-1.7273593678320553,-1.141623502381464,11.081166367140954,7.53166774287356,419.90525547763235,60.56772930496717,0.026389682488104103,0.12435116569998086,False,False,normal
796,train,train,740,False,-3.9504334938745265,-4.87246322573861,10.500713508158025,6.709408213202008,419.90525547763235,60.56772930496717,0.025007340039632776,0.11077529717878606,False,False,normal
797,train,test,741,False,-1.8440204070159765,0.4130268133962263,13.857247523642933,4.3220934988921105,419.90525547763235,60.56772930496717,0.03300089089830666,0.07135967533353862,False,False,normal
798,test,train,742,False,-2.373716376712362,-1.6519051152204538,12.44006736857977,7.009843525653066,419.90525547763235,60.56772930496717,0.029625891094002828,0.11573561707023061,False,False,normal
799,test,train,743,False,-2.4307191197079074,-1.0139773454722774,14.314421884303052,6.878178354568027,419.90525547763235,60.56772930496717,0.03408964688479722,0.11356176685996293,False,False,normal
800,train,test,744,False,-4.289987839690467,-3.079870087157585,12.43430560155712,4.4925236608944745,419.90525547763235,60.56772930496717,0.029612169505745745,0.07417355268965055,False,False,normal
801,train,train,745,False,-3.3337936287233463,-1.0182731038376,14.04671757051865,8.034917404553322,419.90525547763235,60.56772930496717,0.03345211184494664,0.13266004020220679,False,False,normal
802,test,train,746,False,-4.424639000753705,-1.1705231747136746,18.559202653734598,6.1192773004058285,419.90525547763235,60.56772930496717,0.04419854815254441,0.10103197479295274,False,False,normal
803,train,train,747,False,6.269941504100805,0.07950220472457178,245.04613719218534,9.557637031284887,419.90525547763235,60.56772930496717,0.5835748278821876,0.15780081474015345,False,False,normal
804,train,train,748,False,6.047743772524372,1.6589398053409554,235.8627017344922,19.148590167032143,419.90525547763235,60.56772930496717,0.5617045718234793,0.31615169310073116,False,False,normal
805,train,train,749,False,0.9200090333464414,-4.845819901761577,15.592452241169918,4.917062418470973,419.90525547763235,60.56772930496717,0.03713326289149173,0.0811828753512099,False,False,normal
806,test,train,750,False,-0.1600068740716115,-6.07587066532551,21.51477654561859,9.53829337322946,419.90525547763235,60.56772930496717,0.051237216645802726,0.15748144238993655,False,False,normal
807,train,train,751,False,1.6429513514277694,-2.453789879057464,13.911545670626928,8.703804303781483,419.90525547763235,60.56772930496717,0.033130201370789876,0.14370365875789373,False,False,normal
808,test,test,752,False,2.074531522313215,-2.0256763841299668,16.26121282895673,7.205191112920037,419.90525547763235,60.56772930496717,0.038725909277939334,0.11896089213846651,False,False,normal
809,train,train,753,False,1.509061219494014,-2.586157496238582,16.293465312312616,4.718955757784646,419.90525547763235,60.56772930496717,0.03880271823170963,0.07791204676047915,False,False,normal
810,test,test,754,False,2.789485579552129,-1.1804184458691345,19.72237471514737,3.741955003015005,419.90525547763235,60.56772930496717,0.046968630322841834,0.06178133217069649,False,False,normal
811,train,train,755,False,3.9012228967095646,-6.636674216666847,165.4614286568197,47.3992941804262,419.90525547763235,60.56772930496717,0.3940446719787091,0.782583311680119,False,False,normal
812,train,train,756,False,1.5820292242238978,-1.9124464109857142,14.876584025325505,4.431032645327738,419.90525547763235,60.56772930496717,0.03542843017862146,0.07315830882509819,False,False,normal
813,train,train,757,False,-0.020792847329596437,-5.015650973673605,14.590235443717457,6.225666618061386,419.90525547763235,60.56772930496717,0.034746494008800644,0.1027885094835612,False,False,normal
814,train,train,758,False,-0.19397208437430824,-3.380097090199402,14.435365909029722,4.633187276650302,419.90525547763235,60.56772930496717,0.03437767382218122,0.07649597120145518,False,False,normal
815,train,train,759,False,-2.083935231388066,-5.537393847699971,34.66977267935149,12.695758383399628,419.90525547763235,60.56772930496717,0.08256570316062235,0.20961258625818166,False,False,normal
816,train,train,760,False,0.668704032578019,-1.909915233728176,20.6241047531257,9.474431241037427,419.90525547763235,60.56772930496717,0.0491160910326456,0.156427050341153,False,False,normal
817,test,train,761,False,0.5037440549166979,-2.147681874418701,16.154865388951432,10.61150668951363,419.90525547763235,60.56772930496717,0.03847264395530285,0.17520066892524858,False,False,normal
818,train,train,762,False,1.2730979181158741,-0.2439141508932454,13.260394446857719,4.884025189514573,419.90525547763235,60.56772930496717,0.03157949150165871,0.0806374160887361,False,False,normal
819,train,train,763,False,-1.83960818896293,-5.962431329920477,18.392159530228138,4.627907313521325,419.90525547763235,60.56772930496717,0.04380073669072679,0.07640879667486213,False,False,normal
820,test,test,764,False,1.20410113960048,-0.19694122928874763,14.023138019045573,5.764658238739195,419.90525547763235,60.56772930496717,0.03339595738827937,0.09517705723642564,False,False,normal
821,train,test,765,False,0.150149642124624,-1.6915757482983689,16.54033057158941,7.793767834416379,419.90525547763235,60.56772930496717,0.039390625279922195,0.12867855413851895,False,False,normal
822,train,train,766,False,-1.4486031517883229,-3.3168043236929754,11.047102701351548,6.735964502476536,419.90525547763235,60.56772930496717,0.026308560222199955,0.11121375326058522,False,False,normal
823,train,test,767,False,-3.0380055615454937,-5.290820027631812,14.589816817989215,5.051052385914649,419.90525547763235,60.56772930496717,0.034745497055981456,0.08339510897761873,False,False,normal
824,train,train,768,False,-1.626947861949202,-1.6960550913986379,15.893548964296972,6.721491685844123,419.90525547763235,60.56772930496717,0.03785032160699783,0.11097480065664096,False,False,normal
825,train,train,769,False,-1.9817010513689302,-4.378116306154434,39.97267583957519,20.60971915122925,419.90525547763235,60.56772930496717,0.09519451190032668,0.34027557888882326,False,False,normal
826,train,train,770,False,-0.7563720622410203,-1.8882853414919678,22.139998549059626,14.355316020620965,419.90525547763235,60.56772930496717,0.05272617634631865,0.23701261687292083,False,False,normal
827,train,train,771,False,-4.454505782073189,-5.5315575734753235,21.501472503062768,6.248149129181893,419.90525547763235,60.56772930496717,0.051205533206783393,0.10315970568620081,False,False,normal
828,train,test,772,False,-1.4924672917981552,1.0530763738144084,11.632711831809893,4.660972780350622,419.90525547763235,60.56772930496717,0.027703182277578203,0.07695472215710708,False,False,normal
829,train,train,773,False,-4.067689866320758,-4.79986499956722,17.452486902665875,8.303988041937926,419.90525547763235,60.56772930496717,0.0415629160983329,0.137102515435673,False,False,normal
830,train,train,774,False,-4.0094823960039445,-1.9214914153560145,13.69122750641374,6.296685475349624,419.90525547763235,60.56772930496717,0.032605515953450716,0.1039610622291107,False,False,normal
831,train,train,775,False,-1.649744811713031,1.5239286409753565,20.588390591155857,3.188268496952747,419.90525547763235,60.56772930496717,0.0490310381272486,0.052639723059442416,False,False,normal
832,train,train,776,False,-3.5297757234433536,-0.9690115545661192,14.456165893778534,7.869310774502067,419.90525547763235,60.56772930496717,0.03442720876959491,0.1299258014920613,False,False,normal
833,train,train,777,False,-3.59225641022713,0.2599721264831115,16.33425601306238,6.559869378807329,419.90525547763235,60.56772930496717,0.03889986086142825,0.10830634488173477,False,False,normal
834,test,train,778,False,-3.869139705740295,1.2880294255497744,14.45434444059386,4.104488131186079,419.90525547763235,60.56772930496717,0.03442287099777397,0.06776691446561245,False,False,normal
835,train,train,779,False,3.8808565554628034,-0.6127194507703004,27.304410235350748,4.590703973552072,419.90525547763235,60.56772930496717,0.06502516908080282,0.07579455307689052,False,False,normal
836,train,test,780,False,2.588477264976047,1.6393337692069003,28.498596623115695,9.151427972077101,419.90525547763235,60.56772930496717,0.0678691115468398,0.1510941235059078,False,False,normal
837,train,train,781,False,4.103908748842609,0.632775613233439,22.77750937272913,9.95929810552915,419.90525547763235,60.56772930496717,0.05424440174443697,0.16443241673107242,False,False,normal
838,train,train,782,False,0.19074314322772387,-1.3449898872372272,13.430201631743074,6.890818422444539,419.90525547763235,60.56772930496717,0.03198388554691114,0.11377045997132043,False,False,normal
839,test,train,783,False,-1.0576353138498236,-2.769274741108649,18.90229981846906,5.620299993875592,419.90525547763235,60.56772930496717,0.04501563048304347,0.09279363876391301,False,False,normal
840,train,train,784,False,0.7789978344968785,-0.17598308170124652,35.51785117233474,6.8661109179219,419.90525547763235,60.56772930496717,0.08458539327385654,0.11336252814349454,False,False,normal
841,train,train,785,False,-0.9014886051939565,-0.18941681049259382,15.555568926914052,8.30549931577217,419.90525547763235,60.56772930496717,0.037045425662081695,0.1371274672351145,False,False,normal
842,train,train,786,False,0.10245737997861944,0.628311200430511,11.546402190742802,6.076966728843319,419.90525547763235,60.56772930496717,0.02749763676477219,0.10033340854244217,False,False,normal
843,test,train,787,False,0.2880378295708222,0.4768867893050594,112.43521359017262,53.26462128432613,419.90525547763235,60.56772930496717,0.2677632921318887,0.879422456406301,False,False,normal
844,test,train,788,False,3.7132896687655035,6.978932477260744,25.6671853989334,11.419394165231747,419.90525547763235,60.56772930496717,0.061126135155745026,0.1885392484788965,False,False,normal
845,test,train,789,False,0.3929482516775643,1.2674327463437614,9.571899664495259,5.414280759450554,419.90525547763235,60.56772930496717,0.02279537952819249,0.08939217008101585,False,False,normal
846,test,train,790,False,0.6702319298512648,1.4045176697249269,9.4513575648108,4.311400674069857,419.90525547763235,60.56772930496717,0.022508309771117542,0.07118313206627473,False,False,normal
847,train,train,791,False,1.0662936257648334,0.9125015239068719,57.56979177624821,77.34644158719397,419.90525547763235,60.56772930496717,0.1371018605393827,1.2770239610229333,False,True,q alarm only
848,train,test,792,False,-0.2181573892633379,2.4797673486692458,34.25436052928344,15.893300258570234,419.90525547763235,60.56772930496717,0.0815764034444387,0.26240541689362656,False,False,normal
849,train,test,247,False,-0.5220965495292035,1.3053395410793647,10.61905437306022,5.922607558370564,419.90525547763235,60.56772930496717,0.025289167578960867,0.09778487036470178,False,False,normal
850,train,train,793,False,-1.3547215028488588,1.3135108340148927,7.264251117727992,7.9884220658158425,419.90525547763235,60.56772930496717,0.017299738507595187,0.1318923815947102,False,False,normal
851,train,train,794,False,5.23707402924789,7.770290485317912,68.09922963211416,43.341991173507424,419.90525547763235,60.56772930496717,0.16217760731442354,0.7155954444861934,False,False,normal
852,train,train,795,False,-1.3120557925006833,1.2764561548874636,16.121702233812478,7.229541606199608,419.90525547763235,60.56772930496717,0.03839366624614979,0.11936292955276287,False,False,normal
853,train,train,796,False,-1.588548889909346,1.5347787001200948,7.566586039470895,8.533262134262591,419.90525547763235,60.56772930496717,0.0180197459802309,0.14088793210814288,False,False,normal
854,train,train,797,False,-1.7800422483938911,1.2776989836473636,6.168041545619497,6.318735607966833,419.90525547763235,60.56772930496717,0.014689126809340584,0.10432511967141934,False,False,normal
855,train,test,798,False,-1.7518525027485998,1.411536543233633,13.929129602370033,6.001846536087978,419.90525547763235,60.56772930496717,0.033172077321409026,0.0990931409343055,False,False,normal
856,train,train,799,False,-3.5100278761384867,-1.527192993610256,11.742076504926695,7.741115141508712,419.90525547763235,60.56772930496717,0.027963633109498377,0.1278092348902679,False,False,normal
857,test,train,800,False,-4.004182585784077,-1.6870698107417008,21.5067361804512,4.381674499593357,419.90525547763235,60.56772930496717,0.05121806859975542,0.07234338400786003,False,False,normal
858,train,train,801,False,-3.671506892912947,0.30374117980676135,8.351925177092832,6.7261370913348175,419.90525547763235,60.56772930496717,0.01989002297099786,0.11105149835596041,False,False,normal
859,test,test,802,False,-3.358504966203125,1.2354440055471982,10.785223617631031,5.635331605060112,419.90525547763235,60.56772930496717,0.025684897907179306,0.09304181731306801,False,False,normal
860,train,test,803,False,-2.4244874604433524,1.5544447190834596,15.7242354606806,3.836687121823293,419.90525547763235,60.56772930496717,0.037447103258554486,0.06334540135234433,False,False,normal
861,train,train,804,False,-1.8858841804227844,1.2925648578761855,13.870488688422064,8.444418051299618,419.90525547763235,60.56772930496717,0.03303242459455457,0.13942107700258607,False,False,normal
862,train,train,805,False,-3.6241086305578505,2.093390703529413,8.20361378158295,8.566804172533676,419.90525547763235,60.56772930496717,0.019536820924642945,0.14144172599567986,False,False,normal
863,train,train,806,False,-3.5697077256284437,2.2067079372505747,10.979044436436382,4.93083774165046,419.90525547763235,60.56772930496717,0.026146480171933016,0.0814103120297442,False,False,normal
864,train,train,807,False,-6.27067505235102,-1.1648448532996212,11.978589724132654,7.568605300993728,419.90525547763235,60.56772930496717,0.028526886881916468,0.12496102112206847,False,False,normal
865,test,train,808,False,-5.304748479994086,2.068273024840737,21.122930188503958,8.022831467217289,419.90525547763235,60.56772930496717,0.050304038620514815,0.13246049603116514,False,False,normal
866,train,test,809,False,-1.4604699949645743,8.195008386796916,28.841042053418693,9.802996888788035,419.90525547763235,60.56772930496717,0.06868464177856666,0.16185181451047215,False,False,normal
867,train,test,810,False,-5.688465151338634,0.46660969942651465,20.44061434511754,17.70605366198476,419.90525547763235,60.56772930496717,0.04867911053379607,0.2923347773668755,False,False,normal
868,train,train,811,False,-5.29120157123964,2.7720661805336744,13.491919686757567,11.052455315225306,419.90525547763235,60.56772930496717,0.03213086645322128,0.18248092576782288,False,False,normal
869,train,train,812,False,-5.946680152759256,3.1172474110824115,31.71235459574266,7.711451003177168,419.90525547763235,60.56772930496717,0.07552264274394614,0.12731946684593226,False,False,normal
870,train,test,813,False,8.089574179540632,6.046223016744951,81.18828338745445,24.854677133694505,419.90525547763235,60.56772930496717,0.19334905274073,0.4103617127290286,False,False,normal
871,train,test,813,False,-0.26006092496781635,0.0931584243864667,24.05024396145259,32.33793462860654,419.90525547763235,60.56772930496717,0.05727540593436013,0.5339136038232574,False,False,normal
872,train,train,814,False,1.517297713239754,-4.207300411935723,25.07756823112348,21.381386087275963,419.90525547763235,60.56772930496717,0.05972196800108714,0.35301614131211073,False,False,normal
873,train,train,815,False,5.165097228145884,-0.18334290065943193,106.58181348607818,15.935842382338468,419.90525547763235,60.56772930496717,0.25382348064408927,0.26310780617346946,False,False,normal
874,train,test,816,False,5.036627377521393,1.5159416999936444,54.091316333101574,11.997818191219382,419.90525547763235,60.56772930496717,0.12881790743860536,0.1980892849855515,False,False,normal
875,train,train,817,False,2.7995450464214646,-0.4651917098780525,17.210919805036497,4.468986245371405,419.90525547763235,60.56772930496717,0.040987626566996595,0.07378493954873924,False,False,normal
876,train,test,818,False,5.809041040135875,6.477283370298204,36.79125067251204,9.918092149739255,419.90525547763235,60.56772930496717,0.0876179809434937,0.16375208817554054,False,False,normal
877,train,train,819,False,3.1032960100710905,-0.1960245860841988,18.80934106464911,13.657118837047394,419.90525547763235,60.56772930496717,0.044794250177349955,0.22548507255871933,False,False,normal
878,train,train,820,False,2.578934852822128,0.39361253223470233,15.562847762124028,2.1778091658665732,419.90525547763235,60.56772930496717,0.03706276013245334,0.035956592575907755,False,False,normal
879,test,train,821,False,4.097643156291863,4.612979138674902,237.90527942087436,12.77726554131342,419.90525547763235,60.56772930496717,0.5665689493461155,0.21095830548604624,False,False,normal
880,train,train,822,False,3.2688619939325823,0.6332571826831825,16.256750850778747,4.473035939033975,419.90525547763235,60.56772930496717,0.038715283123301414,0.07385180178229235,False,False,normal
881,train,train,823,False,1.9440665840674864,0.42849640558217544,21.655693631114694,5.348752225552366,419.90525547763235,60.56772930496717,0.051572809219741375,0.08831026500301233,False,False,normal
882,train,train,824,False,2.3047429742208383,0.5195553675112793,17.584417639721657,3.517341416081761,419.90525547763235,60.56772930496717,0.04187710777689552,0.058072862503585766,False,False,normal
883,train,train,825,False,1.2488674610203065,0.010205801475935973,18.15404377919442,4.774890231912031,419.90525547763235,60.56772930496717,0.04323366650542305,0.07883554966820328,False,False,normal
884,train,train,826,False,1.3059899848391976,0.5249043730176609,33.457584208521865,10.215108080321142,419.90525547763235,60.56772930496717,0.07967888892094158,0.16865595255992863,False,False,normal
885,train,train,827,False,1.7112477476719563,0.7479599814350212,19.88207631363972,5.995893457871665,419.90525547763235,60.56772930496717,0.04734895801917107,0.09899485297990097,False,False,normal
886,test,train,828,False,3.9579354518197736,5.247620419113298,26.472148149543493,6.06429234939617,419.90525547763235,60.56772930496717,0.06304314557680886,0.10012414893187742,False,False,normal
887,train,train,829,False,0.9877641116543133,0.8456569666393889,14.399091535952689,5.098709519944524,419.90525547763235,60.56772930496717,0.03429128677985719,0.08418194933925612,False,False,normal
888,test,train,830,False,0.9296654537361467,1.2792012190134057,17.271450576759676,2.491350008976516,419.90525547763235,60.56772930496717,0.041131779970493124,0.041133290575121495,False,False,normal
889,train,train,831,False,-0.91749568465364,-1.0735549642208917,36.26658024516691,10.293035648868852,419.90525547763235,60.56772930496717,0.0863684837759759,0.16994257118410278,False,False,normal
890,train,train,832,False,-0.25379861857829866,-1.1647300629596977,17.62943285086058,2.32955097536738,419.90525547763235,60.56772930496717,0.04198431103418202,0.038461916966339584,False,False,normal
891,train,train,833,False,-0.293598049874484,0.29547970025536474,14.917441679661717,3.1984685443418606,419.90525547763235,60.56772930496717,0.03552573225761006,0.05280813035332915,False,False,normal
892,train,train,834,False,-0.28657282396528694,0.4585965166227378,19.2361691313384,5.9351840120003745,419.90525547763235,60.56772930496717,0.045810736780271324,0.09799251317670958,False,False,normal
893,test,train,835,False,-2.296305260629866,-2.5921681690342027,34.62528898224646,13.676194182772203,419.90525547763235,60.56772930496717,0.08245976569848122,0.22580001495368285,False,False,normal
894,train,train,836,False,0.3736349459066233,1.2605269120440497,18.404466507904203,2.104682853390159,419.90525547763235,60.56772930496717,0.04383004563010186,0.03474924481307166,False,False,normal
895,train,train,837,False,0.45144438720172914,0.2689617404896293,30.779588245047066,7.842115036995442,419.90525547763235,60.56772930496717,0.07330126937810294,0.12947678783712152,False,False,normal
896,train,test,838,False,-2.7454675573593037,-2.831398153691219,20.369701658065097,5.1719929900320585,419.90525547763235,60.56772930496717,0.04851023270688775,0.08539189184376278,False,False,normal
897,train,train,839,False,3.458089889565489,8.479995012035234,240.97462471157866,16.184070221675164,419.90525547763235,60.56772930496717,0.5738785632427383,0.26720615759237165,False,False,normal
898,train,train,840,False,-2.289163956499834,-2.234327343391033,18.978631255490466,6.713175487360444,419.90525547763235,60.56772930496717,0.04519741300666199,0.11083749654141145,False,False,normal
899,train,train,841,False,-1.366160907615175,1.1882177787409827,20.910987425527985,4.029874997542142,419.90525547763235,60.56772930496717,0.049799299134139746,0.06653501862767787,False,False,normal
900,test,test,842,False,-2.1859745224027365,0.7618648682028784,18.70499487885062,8.083259688647274,419.90525547763235,60.56772930496717,0.04454575082079915,0.1334581926944447,False,False,normal
901,train,train,843,False,-1.072279932248971,3.8549411069757546,19.757396170799105,6.3973801501384235,419.90525547763235,60.56772930496717,0.047052033555344604,0.10562357584724202,False,False,normal
902,train,test,844,False,-1.9221911890828605,1.6195873979846767,20.630867260372206,4.357481975075654,419.90525547763235,60.56772930496717,0.049132195873340716,0.07194395472769186,False,False,normal
903,test,test,845,False,-1.6619382677996228,0.9831506794925291,23.389697233759442,4.475966685537191,419.90525547763235,60.56772930496717,0.05570232077032285,0.07390018970333292,False,False,normal
904,train,train,846,False,-2.358454982322517,1.5529978944564695,33.14949534429847,5.583889798380769,419.90525547763235,60.56772930496717,0.07894517849411459,0.09219249033202294,False,False,normal
905,test,test,847,False,-2.6182408951440457,1.5519335018414022,17.66906458056034,5.54247525275284,419.90525547763235,60.56772930496717,0.04207869358639533,0.09150871786600559,False,False,normal
906,test,train,848,False,-1.8270798597307754,1.5682140113662397,117.72927786773862,21.04465205126337,419.90525547763235,60.56772930496717,0.280371051164445,0.34745651343969886,False,False,normal
907,train,train,849,False,-4.515945623538644,-2.0373150674159715,30.761779247811326,3.713193323204135,419.90525547763235,60.56772930496717,0.07325885743635317,0.061306464115695604,False,False,normal
908,train,train,850,False,-5.967485312910694,-3.0409661030843793,31.922943384499533,4.236489673253128,419.90525547763235,60.56772930496717,0.07602415775479622,0.06994631830957038,False,False,normal
909,train,train,851,False,-5.324651155477726,-1.9226521849325116,26.778789091400366,11.144193798904285,419.90525547763235,60.56772930496717,0.06377340779157462,0.18399556870939765,False,False,normal
910,train,train,852,False,6.234515009169003,-1.666533725801703,46.44301245198225,5.356891709661102,419.90525547763235,60.56772930496717,0.11060355126814123,0.08844465148575055,False,False,normal
911,train,train,853,False,5.2694087450863245,-1.2926191752744984,22.586575982073064,8.989336925805953,419.90525547763235,60.56772930496717,0.05378969585979905,0.14841792863891853,False,False,normal
912,train,train,854,False,4.7414215535421524,-1.2817774411420975,18.297310567007425,12.153415266621206,419.90525547763235,60.56772930496717,0.04357485487099862,0.2006582615211976,False,False,normal
913,train,test,855,False,4.131065232646766,-0.016765133172088123,21.818892617723286,3.49073418347812,419.90525547763235,60.56772930496717,0.051961465909505726,0.05763356532489066,False,False,normal
914,train,train,856,False,3.6736752355599838,-0.4368702443218196,19.662733442826568,3.0648793221056745,419.90525547763235,60.56772930496717,0.04682659525292359,0.05060251320754604,False,False,normal
915,test,train,857,False,2.6491436586221697,-3.2298996098140176,24.486028349181495,8.3449842004363,419.90525547763235,60.56772930496717,0.05831322192271496,0.1377793801451283,False,False,normal
916,train,train,858,False,4.309748295482011,0.05063438013898926,17.93644293363039,6.774627460099508,419.90525547763235,60.56772930496717,0.04271545235419382,0.11185209579161025,False,False,normal
917,test,train,859,False,4.653986398380794,0.8237082228701349,40.83126697916103,6.524104466507687,419.90525547763235,60.56772930496717,0.09723923777214082,0.10771585036080664,False,False,normal
918,train,train,860,False,4.810228908451717,1.168128442508451,50.93394067462371,8.99319593630157,419.90525547763235,60.56772930496717,0.12129865013641603,0.14848164260904587,False,False,normal
919,train,test,861,False,3.064537990875693,-0.5168926154250554,19.028350988512585,6.649386726421883,419.90525547763235,60.56772930496717,0.04531582003389856,0.1097843158844749,False,False,normal
920,train,train,862,False,3.8526080051342144,0.03780679034838975,17.00651727418173,3.7290080714899236,419.90525547763235,60.56772930496717,0.040500844065019415,0.06156757260477498,False,False,normal
921,test,train,863,False,2.657598234983944,-0.004328481406270789,16.327353343158723,4.240588276289766,419.90525547763235,60.56772930496717,0.03888342222482246,0.07001398805852202,False,False,normal
922,train,train,864,False,-0.04853849767825884,-3.6354947978030223,19.0584111325302,10.124323093421504,419.90525547763235,60.56772930496717,0.04538740795432938,0.1671570522719135,False,False,normal
923,test,test,865,False,1.2718714179622412,-0.09041520024732093,6.750649749529325,9.775133281865266,419.90525547763235,60.56772930496717,0.016076602189345354,0.16139177403607247,False,False,normal
924,train,train,866,False,-1.0034650887376182,-3.1456057163267235,14.42783488176435,7.455012060448309,419.90525547763235,60.56772930496717,0.034359738759051794,0.12308554647824518,False,False,normal
925,train,test,867,False,-0.17120456926219443,-3.00489750306337,12.498016693253577,11.287766598183529,419.90525547763235,60.56772930496717,0.02976389680819159,0.18636601912790904,False,False,normal
926,test,train,868,False,0.6321964128994892,0.3020013372423017,6.040291583553899,8.846225829840208,419.90525547763235,60.56772930496717,0.014384891602947932,0.14605510114632492,False,False,normal
927,train,train,869,False,0.946160328489491,1.3280682495291962,19.80083381907141,33.880792041704915,419.90525547763235,60.56772930496717,0.0471554798630668,0.5593868621210857,False,False,normal
928,train,train,870,False,-0.07368159427373974,-0.23723602440152128,10.284376709016863,8.767237612026525,419.90525547763235,60.56772930496717,0.02449213620181683,0.14475097073364318,False,False,normal
929,train,train,871,False,1.2663361196178438,0.5594331706864869,7.549489017039501,8.845366512105548,419.90525547763235,60.56772930496717,0.017979029599075,0.14604091343044848,False,False,normal
930,train,train,872,False,-0.21966684851079427,0.15942806800706433,8.69760543782442,9.051669120563538,419.90525547763235,60.56772930496717,0.020713256917756596,0.14944706074396633,False,False,normal
931,train,test,873,False,-0.23167422023025325,0.10575628018748928,8.895031927405334,8.254700781797633,419.90525547763235,60.56772930496717,0.021183426049972736,0.136288760970946,False,False,normal
932,train,test,874,False,-0.9452161015141278,-0.140359570385713,21.009049309419833,2.56300956398695,419.90525547763235,60.56772930496717,0.05003283249104023,0.04231642152344577,False,False,normal
933,train,train,875,False,-2.066001128845821,-2.2998352206610946,19.50533054147224,3.7962893643140982,419.90525547763235,60.56772930496717,0.04645174187992809,0.06267841650789381,False,False,normal
934,train,train,876,False,-1.163266069620004,0.32075570132197934,37.46257521691407,7.090896518556141,419.90525547763235,60.56772930496717,0.08921673336596198,0.11707383783289058,False,False,normal
935,train,train,877,False,-1.9412707588120466,-1.8673498110519835,19.13284151463352,4.360210589452917,419.90525547763235,60.56772930496717,0.045564663135426495,0.0719890053579297,False,False,normal
936,test,train,878,True,5.425910126220564,11.439196284533214,1003.7599756901182,2613.1848061758146,419.90525547763235,60.56772930496717,2.3904439456190296,43.144836964550144,True,True,both alarms
937,train,test,879,False,-0.16819168382591848,-0.5693623633279833,86.7884160245588,71.77034492362786,419.90525547763235,60.56772930496717,0.2066857103892139,1.1849601387936126,False,True,q alarm only
938,train,train,880,False,-0.5887197591002035,0.16580180390894442,16.526003865947743,3.5595244863570508,419.90525547763235,60.56772930496717,0.03935650637939695,0.058769323651450364,False,False,normal
939,test,train,881,False,0.0050855241136564255,0.9909099854340156,11.833978194187164,6.789864637465123,419.90525547763235,60.56772930496717,0.0281824960269342,0.1121036683293373,False,False,normal
940,test,train,882,False,-1.1568903378118076,-2.423443045077786,18.54985770068675,12.773617138227483,419.90525547763235,60.56772930496717,0.04417629324402412,0.2108980687374046,False,False,normal
941,test,train,883,False,-0.20038429140780936,0.6759432677294851,10.626199025747702,7.670209757516653,419.90525547763235,60.56772930496717,0.025306182495050344,0.12663855563902768,False,False,normal
942,train,train,884,False,-1.876731655729997,-0.7527559798594471,35.151572858733104,6.321312062018503,419.90525547763235,60.56772930496717,0.08371310527835385,0.10436765806738095,False,False,normal
943,train,train,885,False,-1.7585164487214189,-0.6092628937966924,14.255551767655387,3.951147387499133,419.90525547763235,60.56772930496717,0.03394944831409655,0.06523519096455707,False,False,normal
944,test,train,886,False,-1.0183862783461035,0.7220468492197252,25.63833259959807,4.013222746516853,419.90525547763235,60.56772930496717,0.06105742251412183,0.06626008259794093,False,False,normal
945,train,test,887,False,-0.9570863872754239,1.38762371867088,15.665040351164205,2.2598786953148493,419.90525547763235,60.56772930496717,0.03730613072071601,0.037311596806544244,False,False,normal
946,test,test,888,False,-1.4625161915633564,1.4522473479162226,16.996543117522933,3.817552794629824,419.90525547763235,60.56772930496717,0.04047709071464172,0.06302948514724566,False,False,normal
947,train,test,889,False,-1.3757110492190219,0.525765899816947,12.21840331781243,5.053429844781935,419.90525547763235,60.56772930496717,0.029098000461828664,0.08343436187507035,False,False,normal
948,train,train,890,False,-1.815389427167037,0.9575833520927435,17.003184209206648,4.378801578099756,419.90525547763235,60.56772930496717,0.04049290640543645,0.07229595080330425,False,False,normal
949,test,train,891,False,-1.3497579423338086,0.9509308948981159,13.673157579124268,12.39450841020868,419.90525547763235,60.56772930496717,0.032562482609490975,0.20463881595759614,False,False,normal
950,test,train,892,False,-1.9804957943087989,-0.35370527718392325,11.764189835959105,6.2296518443131355,419.90525547763235,60.56772930496717,0.028016295777431068,0.10285430733164765,False,False,normal
951,train,test,893,False,-2.1463384420810376,0.18549730799302505,14.588511324082043,3.2269764903431613,419.90525547763235,60.56772930496717,0.03474238803581526,0.0532788091509073,False,False,normal
952,train,train,894,False,-3.2144232961567707,-1.0976728279323555,12.69853650039918,3.1484069049097165,419.90525547763235,60.56772930496717,0.0302414326440256,0.051981590543984865,False,False,normal
953,train,train,895,False,-1.9564651818295031,1.072991444130193,13.91124508060636,4.207184718108952,419.90525547763235,60.56772930496717,0.03312948551878125,0.06946248053852531,False,False,normal
954,train,train,896,False,-1.9721455554609935,0.8915910128990502,14.61981981071585,3.0794350716946894,419.90525547763235,60.56772930496717,0.034816948871207024,0.05084283507128513,False,False,normal
955,train,train,897,False,-2.9318093470180493,0.45069684019892714,18.03912812931229,4.086599655160632,419.90525547763235,60.56772930496717,0.042959996080051924,0.06747156781433919,False,False,normal
956,train,train,898,False,-2.543378945888723,0.6720507217067637,16.151083171319197,3.461885691304433,419.90525547763235,60.56772930496717,0.038463636643336886,0.057157263959382455,False,False,normal
957,train,test,899,False,-5.289393959308756,-3.7043144600121964,42.20981908301832,11.000509272365864,419.90525547763235,60.56772930496717,0.1005222452741289,0.18162327362442016,False,False,normal
958,train,train,900,False,-3.4085357306144513,0.5450514798098216,20.694545105304552,2.8186094746414323,419.90525547763235,60.56772930496717,0.04928384399896352,0.04653648910048007,False,False,normal
959,train,test,901,False,-3.114653496253727,0.7224819605114005,21.496874819744576,3.3655657975756914,419.90525547763235,60.56772930496717,0.051194583871765044,0.05556697991152329,False,False,normal
960,train,train,902,False,-2.943063460396722,-1.3141112672963935,22.817241174057855,10.60583813002647,419.90525547763235,60.56772930496717,0.05433902261619417,0.17510707850090532,False,False,normal
961,train,train,903,False,-3.4972222560172677,0.745955255550262,22.9241849870452,5.052965452256764,419.90525547763235,60.56772930496717,0.05459370819488668,0.08342669454907845,False,False,normal
962,train,train,904,False,-2.5879426989383876,-1.5552428242978464,19.65872302172605,8.39385344913453,419.90525547763235,60.56772930496717,0.04681704447677064,0.1385862330560599,False,False,normal
963,train,test,905,False,-2.744413154267584,1.2882570944231453,14.089736924951072,4.918537543501244,419.90525547763235,60.56772930496717,0.03355456199023832,0.08120723031790913,False,False,normal
964,test,test,906,False,-5.233575417831426,-1.0960633879899604,14.694589288456406,3.1999801138465944,419.90525547763235,60.56772930496717,0.03499501160503851,0.0528330870344212,False,False,normal
965,test,test,907,False,-4.0813347326427625,1.7879881545914744,14.32382373055503,2.8472415501389032,419.90525547763235,60.56772930496717,0.03411203728389162,0.047009217330942606,False,False,normal
966,train,train,908,False,-4.434755310512402,1.2315299829947857,17.790420028288203,5.71257897265811,419.90525547763235,60.56772930496717,0.04236770032337894,0.0943172055187088,False,False,normal
967,train,train,909,False,-5.510244372450086,1.561579307142786,18.414291038333918,5.845457365566046,419.90525547763235,60.56772930496717,0.04385344264717072,0.09651108655788188,False,False,normal
968,train,train,910,False,4.894062819284216,-3.112744605418736,30.075503531842664,16.796850862922042,419.90525547763235,60.56772930496717,0.07162449895425216,0.27732343701292644,False,False,normal
969,train,train,911,False,5.534540435685944,-1.689598651474244,25.237222561363453,18.81608591003865,419.90525547763235,60.56772930496717,0.060102183128564815,0.31066190075076067,False,False,normal
970,train,train,912,False,7.271626320619027,6.076294687778389,36.81848321178408,9.558506820914475,419.90525547763235,60.56772930496717,0.08768283495262263,0.15781517535164688,False,False,normal
971,train,train,912,False,1.593051949833299,-0.4596682479698612,38.15891837169497,62.4978822952568,419.90525547763235,60.56772930496717,0.09087506734891923,1.0318676795785267,False,True,q alarm only
972,train,train,913,False,4.069662721594773,-0.7742843586938019,16.14223966533103,6.879945220501659,419.90525547763235,60.56772930496717,0.03844257592577548,0.11359093859801399,False,False,normal
973,train,train,914,False,3.658688372049523,-0.8416232549896757,17.751390437836147,6.031043501765963,419.90525547763235,60.56772930496717,0.04227475175952337,0.0995751957514999,False,False,normal
974,test,test,915,False,1.8219078651305214,-0.4107380979666353,26.789621736977914,4.438290560468768,419.90525547763235,60.56772930496717,0.06379920562438626,0.07327814021426064,False,False,normal
975,train,test,916,False,1.6292998478609242,-0.789605429276333,28.15051898120393,4.594565985002866,419.90525547763235,60.56772930496717,0.06704016826172698,0.07585831659411515,False,False,normal
976,test,test,917,False,0.682032279998126,-3.397204915035619,25.971074732146146,7.754765475568344,419.90525547763235,60.56772930496717,0.06184984444313434,0.12803460794315058,False,False,normal
977,train,train,918,False,4.967352565966181,6.214979661427325,33.608434563631256,8.652507888663916,419.90525547763235,60.56772930496717,0.08003813747318417,0.14285673225584042,False,False,normal
978,test,train,918,False,1.8511083275451075,1.4584000491957883,42.90762923814331,63.60523694858722,419.90525547763235,60.56772930496717,0.10218407290315261,1.050150594689224,False,True,q alarm only
979,test,train,919,False,0.8754247250334928,-1.9710641033331395,11.915655137774772,8.937462288179661,419.90525547763235,60.56772930496717,0.028377008818860804,0.14756145542749774,False,False,normal
980,train,train,920,False,1.6562124774719653,0.361830029847886,16.639530630470535,11.343853884277323,419.90525547763235,60.56772930496717,0.039626869188725586,0.1872920450287875,False,False,normal
981,train,train,921,False,0.8019833763562015,0.17480395600349283,15.159248981056825,4.508913935505258,419.90525547763235,60.56772930496717,0.036101593831716954,0.07444416337291153,False,False,normal
982,train,train,922,False,0.4631029108126418,-1.4154972509641122,16.536182367403264,10.055897479858341,419.90525547763235,60.56772930496717,0.03938074637478339,0.1660273151272596,False,False,normal
983,train,train,923,False,0.05234035608749028,0.3259475287094411,11.333557583687217,7.574429063069592,419.90525547763235,60.56772930496717,0.02699074954609835,0.12505717400979752,False,False,normal
984,train,train,924,False,-0.28800037890473307,-1.1292883100639124,16.48635433218857,10.892187864990252,419.90525547763235,60.56772930496717,0.03926208142700126,0.17983483927796812,False,False,normal
985,train,test,925,False,-1.3592964509104815,-1.722276956887554,14.36648829072601,6.7708641414654025,419.90525547763235,60.56772930496717,0.034213642490338605,0.1117899617364411,False,False,normal
986,test,test,926,False,0.9091968003590091,-0.41411203663553486,21.201101529944868,12.249647772158484,419.90525547763235,60.56772930496717,0.05049020285737818,0.2022471027513638,False,False,normal
987,train,train,927,False,-0.7496092105983047,-1.617076865028302,17.539045294144966,5.2124189148083016,419.90525547763235,60.56772930496717,0.04176905400765874,0.08605934174225069,False,False,normal
988,train,train,928,False,0.5019070141662516,0.794313149620788,23.7882568060132,6.577818274780777,419.90525547763235,60.56772930496717,0.056651486247664654,0.10860268909307334,False,False,normal
989,train,train,929,False,-1.0553714107271335,-0.032818497397683735,18.644301253838666,5.694412015933653,419.90525547763235,60.56772930496717,0.044401209583888664,0.09401726102792256,False,False,normal
990,train,train,930,False,-0.9893705284616674,0.5841046221704334,12.486535939533935,6.027191376437592,419.90525547763235,60.56772930496717,0.029736555512578176,0.09951159545852913,False,False,normal
991,train,train,931,False,-3.433527549914307,-2.8909716266220147,15.046546434603751,6.636295992108126,419.90525547763235,60.56772930496717,0.035833193889151634,0.10956818207090821,False,False,normal
992,train,train,932,False,0.4368296398891622,2.592183393766403,19.528920761023485,25.322195829326336,419.90525547763235,60.56772930496717,0.0465079217425126,0.41808065317795656,False,False,normal
993,train,train,933,False,-2.5728425285847116,-1.6372381668289806,13.748216020369407,11.43747642215654,419.90525547763235,60.56772930496717,0.03274123350690416,0.18883779453852745,False,False,normal
994,train,train,934,False,-1.9900657626766698,-0.28700515030235674,95.10897069939026,180.44921679036045,419.90525547763235,60.56772930496717,0.22650102483524776,2.979296382100984,False,True,q alarm only
995,train,train,935,False,-2.9960478872942002,1.424783211758788,15.716702823238673,5.008168254460269,419.90525547763235,60.56772930496717,0.03742916436080633,0.0826870729996072,False,False,normal
996,train,train,936,False,8.649265179483299,5.122374233081261,43.62815918804649,6.968316884779084,419.90525547763235,60.56772930496717,0.10390000748721395,0.11504999386212109,False,False,normal
997,test,train,936,False,1.5512990907088056,2.479424299272224,29.024237697678977,13.677761181907908,419.90525547763235,60.56772930496717,0.06912092030061541,0.22582588680249882,False,False,normal
998,train,train,936,False,1.3129511852431228,1.988963608793312,25.692458392056253,9.844009542899101,419.90525547763235,60.56772930496717,0.06118632252609386,0.16252895156978903,False,False,normal
999,test,train,937,False,3.574914669034754,-0.32518035583947436,9.975068239559691,4.874022965986518,419.90525547763235,60.56772930496717,0.023755521297806302,0.08047227495429317,False,False,normal
1000,test,train,938,False,3.5520390661208987,-0.742043800333726,9.908450281138238,6.314559241051566,419.90525547763235,60.56772930496717,0.02359687132247871,0.1042561660064365,False,False,normal
1001,train,test,939,False,1.4517367995906645,-2.755708833996508,21.631997984929825,6.724441846046064,419.90525547763235,60.56772930496717,0.05151637828472505,0.11102350910643419,False,False,normal
1002,train,train,940,False,1.2635923146765715,-2.4930930892955008,13.370645422813894,2.918859257317123,419.90525547763235,60.56772930496717,0.03184205305457561,0.04819165735304769,False,False,normal
1003,train,train,941,False,1.3346155820275574,-2.1935437277384104,16.28127807454887,4.129042831999092,419.90525547763235,60.56772930496717,0.03877369445169077,0.06817232343660716,False,False,normal
1004,train,test,942,False,5.8946744280395915,5.539485489024407,26.263957679981573,5.505581553215126,419.90525547763235,60.56772930496717,0.06254734213818529,0.09089958656851302,False,False,normal
1005,test,test,942,False,0.2389793381545569,0.2830346139407869,20.931773581141236,6.225186783107936,419.90525547763235,60.56772930496717,0.04984880114761087,0.10278058719624819,False,False,normal
1006,test,train,943,False,0.8148693903902838,-3.109950946394644,9.74546787871006,7.652907759049948,419.90525547763235,60.56772930496717,0.0232087304256881,0.12635289199164895,False,False,normal
1007,train,train,944,False,-0.20347680098496418,-3.2063960283894835,14.941726928964574,4.642498476388066,419.90525547763235,60.56772930496717,0.03558356732632153,0.07664970322747981,False,False,normal
1008,train,train,945,False,0.1908549091658943,-1.749961088543191,7.965684214865529,5.814975869593314,419.90525547763235,60.56772930496717,0.01897019413535263,0.09600782357737203,False,False,normal
1009,test,train,946,False,1.4318143945375645,0.21322496999609336,13.320324660902935,3.9659370498989324,419.90525547763235,60.56772930496717,0.031722214683289396,0.06547937483226211,False,False,normal
1010,train,train,947,False,4.7051843614163165,6.735760865769751,28.86977313631688,9.08524211306108,419.90525547763235,60.56772930496717,0.06875306455376033,0.15000136569947317,False,False,normal
1011,train,train,947,False,0.9344734055923083,2.743079276848445,28.7608808913975,10.378597174593338,419.90525547763235,60.56772930496717,0.0684937388046803,0.1713552298177734,False,False,normal
1012,train,train,947,False,0.9737774784364791,2.4341375216295966,26.607242682153608,13.610008906986549,419.90525547763235,60.56772930496717,0.0633648718015889,0.22470726677663957,False,False,normal
1013,train,train,947,False,0.8717589578599547,2.458068060301069,28.588900047714674,12.930317294336058,419.90525547763235,60.56772930496717,0.06808416821360207,0.213485257623413,False,False,normal
1014,train,train,947,False,0.07963574175622207,0.6481155798459306,17.92426582374474,8.573952823974226,419.90525547763235,60.56772930496717,0.04268645269361135,0.14155975339281993,False,False,normal
1015,train,train,948,False,4.730130397247216,6.3669268860476835,24.920808946385527,5.304135832214158,419.90525547763235,60.56772930496717,0.0593486473943716,0.08757362861511739,False,False,normal
1016,train,train,948,False,-0.280170572489818,-0.0966170924899273,18.143171061337487,6.268928346968546,419.90525547763235,60.56772930496717,0.04320777324089468,0.10350277976252992,False,False,normal
1017,train,train,949,False,-0.3258313724157752,-5.287842997922389,15.572931860075636,3.9567049847257607,419.90525547763235,60.56772930496717,0.03708677530687677,0.06532694935290022,False,False,normal
1018,test,train,950,False,-0.2706682322717062,-1.3769202828774014,11.4982261093538,5.6328559046783155,419.90525547763235,60.56772930496717,0.027382905927849935,0.09300094240475949,False,False,normal
1019,train,train,951,False,-0.5072244255861281,-1.363755330498173,9.961677986573894,4.59289108234299,419.90525547763235,60.56772930496717,0.02372363254954435,0.07583066321038927,False,False,normal
1020,train,train,952,False,-1.0550725142137094,-1.9626374160915743,12.878601406852138,4.045984737072308,419.90525547763235,60.56772930496717,0.030670255346537712,0.06680099755267688,False,False,normal
1021,train,train,953,False,0.7424174076461375,0.4742724488346167,20.742827059988247,3.369892427164642,419.90525547763235,60.56772930496717,0.04939882697203627,0.05563841447971001,False,False,normal
1022,test,train,954,False,2.7642375911901365,6.498112964530161,28.284299671630038,7.992392638893619,419.90525547763235,60.56772930496717,0.06735876558500634,0.13195793751241325,False,False,normal
1023,test,train,955,False,-1.6047030519520866,-2.553509818706906,10.626264025884138,12.864884186486774,419.90525547763235,60.56772930496717,0.025306337292199433,0.2124049280716839,False,False,normal
1024,train,train,956,False,-1.9113367459331088,-2.1704548233262146,13.128120626566105,6.244779530250339,419.90525547763235,60.56772930496717,0.031264482773937126,0.10310407211746343,False,False,normal
1025,train,train,957,False,-3.265444101469853,-2.5280788223869477,16.508628472013143,8.181283368501655,419.90525547763235,60.56772930496717,0.0393151270594005,0.13507660700482468,False,False,normal
1026,train,train,958,False,-2.4041702627403447,0.5359785417476776,16.947546799949222,6.6617996414800436,419.90525547763235,60.56772930496717,0.040360406493773905,0.10998925860233146,False,False,normal
1027,test,train,959,False,-0.8628285068316491,0.8109604988926066,29.772757286068497,7.492370610696136,419.90525547763235,60.56772930496717,0.07090351191771269,0.12370235266656571,False,False,normal
1028,train,train,960,False,-1.9753273371302162,0.39860081149044224,16.366955276189287,3.9676321431119654,419.90525547763235,60.56772930496717,0.03897773381657789,0.06550736157095094,False,False,normal
1029,train,train,961,False,-3.3471039276852754,-3.7091607154197628,17.423440014570037,5.302867244378138,419.90525547763235,60.56772930496717,0.041493741236344577,0.08755268366884689,False,False,normal
1030,train,train,962,False,-3.420019345485404,-1.1403397717949444,12.452635849455477,4.570770699617574,419.90525547763235,60.56772930496717,0.029655822800528888,0.07546544590772242,False,False,normal
1031,train,train,963,False,5.396951274686912,-0.7234002848582601,17.482519317550064,16.224216941161508,419.90525547763235,60.56772930496717,0.04163443798212078,0.26786899768803046,False,False,normal
1032,train,test,964,False,0.9363324919269681,-4.880110347992574,20.400986754452152,7.068342693483052,419.90525547763235,60.56772930496717,0.048584737838650076,0.1167014642053516,False,False,normal
1033,train,train,965,False,0.8093578189765926,-4.001680453095681,31.143534039340558,10.632583579111698,419.90525547763235,60.56772930496717,0.07416800250312543,0.1755486576948447,False,False,normal
1034,test,test,966,False,-0.29453058960633377,-6.429059785354161,23.614595056049072,7.548415996360657,419.90525547763235,60.56772930496717,0.05623791259575455,0.12462768677282425,False,False,normal
1035,train,train,967,False,2.6849141779461125,-1.1263258915684489,16.516949250084696,4.654642736482228,419.90525547763235,60.56772930496717,0.0393349429058635,0.07685021033305436,False,False,normal
1036,train,train,968,False,-0.4166110650164639,-7.73239309396217,23.254929540439335,13.665398042324783,419.90525547763235,60.56772930496717,0.05538137290991369,0.22562176589975086,False,False,normal
1037,train,train,969,False,0.7890982073781331,-2.5621628855866105,12.29053036516379,5.958190246750951,419.90525547763235,60.56772930496717,0.029269770275162667,0.09837235628812518,False,False,normal
1038,train,train,970,False,-0.28586561923213055,-3.341470136833056,17.54126993282773,3.8345651498025326,419.90525547763235,60.56772930496717,0.0417743519615513,0.06331036665573096,False,False,normal
1039,train,train,971,False,3.9108187331595943,1.4253198286139637,40.845453944405016,13.169652986361365,419.90525547763235,60.56772930496717,0.09727302388236192,0.21743679575719738,False,False,normal
1040,train,train,972,False,-0.5582123353140485,-5.148902875787983,13.933430046923698,7.148081297501093,419.90525547763235,60.56772930496717,0.03318231878540017,0.11801798382616396,False,False,normal
1041,train,train,973,False,-1.3006301840119763,-3.5442739715499285,13.084687160689079,3.9708158857975464,419.90525547763235,60.56772930496717,0.031161046426545803,0.06555992657086286,False,False,normal
1042,train,train,974,False,-1.009647357785232,-0.28333256177362,12.890180003466892,6.628052787246947,419.90525547763235,60.56772930496717,0.03069782965398853,0.10943208311267133,False,False,normal
1043,train,train,975,False,0.1858710652217465,-0.30598879063739287,21.963844684745425,6.120050423982132,419.90525547763235,60.56772930496717,0.05230666774999534,0.10104473940515095,False,False,normal
1044,train,train,976,False,-0.8402720920328034,-0.4739201921351924,11.09797977885106,5.467168631749846,419.90525547763235,60.56772930496717,0.02642972345327607,0.09026537224504275,False,False,normal
1045,train,train,977,False,-2.5179401327730138,-0.6976471179640873,11.122960334500732,5.66317218835322,419.90525547763235,60.56772930496717,0.02648921438682311,0.09350147765715862,False,False,normal
1046,test,train,978,False,-3.0717261511187868,0.1888436565710131,12.081081683524058,3.264865455801504,419.90525547763235,60.56772930496717,0.028770970417557912,0.0539043727289567,False,False,normal
1047,train,train,979,False,-1.9608074178101922,0.2534464865889024,17.345059104296666,2.962933020190719,419.90525547763235,60.56772930496717,0.041307077913485674,0.04891933467196579,False,False,normal
1048,train,train,980,False,-3.2283233326768688,-0.9909622582717117,8.961344685779753,8.805141107296908,419.90525547763235,60.56772930496717,0.021341349194561602,0.14537677420531592,False,False,normal
1049,train,train,981,False,-2.975571954965011,0.36575483726223956,10.992198392606966,8.450925308240965,419.90525547763235,60.56772930496717,0.02617780618178641,0.13952851469285482,False,False,normal
1050,train,test,982,False,-3.6713192185405252,-2.4115424557001566,13.491160191452364,3.8417855856868632,419.90525547763235,60.56772930496717,0.03212905772304871,0.0634295792457882,False,False,normal
1051,train,train,983,False,-4.0267963773808,-1.6501733885991943,14.471018991414166,7.196630299605342,419.90525547763235,60.56772930496717,0.03446258126718067,0.11881954932418351,False,False,normal
1052,train,train,984,False,-4.194653963018427,-1.8833102920540723,16.629411809974677,6.246911711883426,419.90525547763235,60.56772930496717,0.03960277132292405,0.10313927537929204,False,False,normal
1053,train,train,985,False,-5.78234614165148,-3.6953400432644212,18.10827087245864,10.377348364384535,419.90525547763235,60.56772930496717,0.04312465880395069,0.17133461140887588,False,False,normal
1054,train,train,986,False,1.9613788343879561,-2.7476330134324285,13.403612594998616,7.567130211340782,419.90525547763235,60.56772930496717,0.031920564032360876,0.1249366667394645,False,False,normal
1055,train,test,987,False,2.6880049546516944,-1.4972861696279287,13.40594156746131,14.582520787810646,419.90525547763235,60.56772930496717,0.03192611045606554,0.24076386807214728,False,False,normal
1056,train,test,988,False,1.976628119066843,-4.040756711439255,14.436599609463585,6.667568371799788,419.90525547763235,60.56772930496717,0.0343806118669372,0.11008450289142635,False,False,normal
1057,train,train,989,False,1.7525870985671868,-2.9879288470793197,11.875552111374557,4.945437096641591,419.90525547763235,60.56772930496717,0.028281503878455617,0.08165135383795896,False,False,normal
1058,train,train,990,False,-0.29301284565412306,-5.169922981161661,15.18988433877005,5.625504388464176,419.90525547763235,60.56772930496717,0.036174551617583144,0.09287956562048012,False,False,normal
1059,train,train,991,False,0.8584062059362972,-3.1189529934583127,14.622671887405103,6.2052566719409805,419.90525547763235,60.56772930496717,0.03482374106218832,0.10245153224577111,False,False,normal
1060,train,train,992,False,0.3483426453156792,-3.2469013256852994,16.133758604751755,4.62568585279951,419.90525547763235,60.56772930496717,0.03842237836818685,0.07637211937579037,False,False,normal
1061,train,test,993,False,1.7211146442160128,-1.179530626586852,15.50929085732458,4.299231440997234,419.90525547763235,60.56772930496717,0.03693521492052564,0.07098221264578022,False,False,normal
1062,train,train,994,False,0.294956846702075,-3.3682443464399645,11.60586349377766,7.571472294579881,419.90525547763235,60.56772930496717,0.027639243239707165,0.12500835645425035,False,False,normal
1063,train,train,995,False,-1.4679545071751272,-5.1259409833770055,11.140671312741238,7.331218319078341,419.90525547763235,60.56772930496717,0.026531392897354872,0.12104165705411556,False,False,normal
1064,train,train,996,False,-0.36092818722594694,-2.6168575026902037,13.863186919726262,7.691844610845624,419.90525547763235,60.56772930496717,0.03301503550832488,0.12699575663660903,False,False,normal
1065,train,train,997,False,-2.59547339956665,-5.026322313356823,12.706502477786378,5.772531387811297,419.90525547763235,60.56772930496717,0.03026040353634781,0.09530704640990875,False,False,normal
1066,train,train,998,False,-0.0943384948066041,-0.335406972670739,19.507672133609777,7.764896878103761,419.90525547763235,60.56772930496717,0.04645731835725719,0.12820188188014106,False,False,normal
1067,train,train,999,False,-2.578539805079907,-6.423607682357055,18.68464800210282,6.945006290235458,419.90525547763235,60.56772930496717,0.04449729494537874,0.11466512563590354,False,False,normal
1068,train,train,1000,False,-1.7462022087389635,-2.258780792806109,11.458666416298422,7.5345681858118985,419.90525547763235,60.56772930496717,0.02728869493015623,0.12439905329576202,False,False,normal
1069,train,train,1001,False,-4.342609411885468,-4.332894213394518,15.363497572904912,5.428795503957175,419.90525547763235,60.56772930496717,0.036588009729550286,0.08963181493270804,False,False,normal
1070,train,train,1002,False,-1.8788436529028756,0.06316268278084212,13.469150030792745,3.339921412644831,419.90525547763235,60.56772930496717,0.032076640754286116,0.055143579773774404,False,False,normal
1071,train,train,1003,False,-4.432320890550228,-3.682077665332738,13.378141867206116,7.824999448153154,419.90525547763235,60.56772930496717,0.03185990575895221,0.1291942018950911,False,False,normal
1072,train,train,1004,False,-3.0231069007999527,-1.4199668595561459,11.3289143836685,8.02866392414113,419.90525547763235,60.56772930496717,0.02697969181353095,0.13255679247468002,False,False,normal
1073,train,train,1005,False,-5.635650252656546,-4.5676309807331235,17.797978745878865,4.683529526306364,419.90525547763235,60.56772930496717,0.04238570133073015,0.07732714400971057,False,False,normal
1074,train,test,1006,False,-3.9842970520090204,-1.915645795437013,21.85691809489244,5.3129243550790735,419.90525547763235,60.56772930496717,0.052052023188018236,0.08771873101479073,False,False,normal
1075,test,test,1007,False,-4.418493780832549,-1.2891595769350395,17.222988285156447,7.068140530723549,419.90525547763235,60.56772930496717,0.041016367526921525,0.1166981264087754,False,False,normal
1076,train,train,1008,False,5.745461617001553,-1.6626144239871226,34.16856677996272,5.988147165815956,419.90525547763235,60.56772930496717,0.08137208652246274,0.0988669582718675,False,False,normal
1077,train,train,1009,False,5.47650945865061,-7.037550991024032,138.45067070918319,38.50529583173907,419.90525547763235,60.56772930496717,0.3297188327678795,0.6357394651177923,False,False,normal
1078,train,train,1010,False,1.2374530033888222,-2.58937227338665,26.445299214292717,13.019004531475362,419.90525547763235,60.56772930496717,0.06297920511666807,0.21494952313504795,False,False,normal
1079,test,train,1011,False,3.5855792473546173,-0.49018992163372455,17.07800243959928,3.035879665802093,419.90525547763235,60.56772930496717,0.040671085243201954,0.05012371605539321,False,False,normal
1080,train,train,1012,False,5.944691799870782,3.674963619664658,30.4056409346109,9.519220905897424,419.90525547763235,60.56772930496717,0.07241071774637638,0.1571665475185108,False,False,normal
1081,train,train,1012,False,0.003458130094819187,-0.3347360648295815,20.24453779317441,7.692232512181728,419.90525547763235,60.56772930496717,0.04821215626402847,0.1270021610592373,False,False,normal
1082,train,train,1013,False,2.0840941604407055,-3.2719286515435217,11.34355502502776,5.99842217151746,419.90525547763235,60.56772930496717,0.027014558348703525,0.09903660316064596,False,False,normal
1083,train,train,1014,False,1.6597078246967827,-3.154703495668022,12.451964593341232,7.946589876061072,419.90525547763235,60.56772930496717,0.02965422421107213,0.13120171363943423,False,False,normal
1084,test,train,1015,False,-1.1420281672492738,-6.894535550055673,17.91882184299822,7.656574689037795,419.90525547763235,60.56772930496717,0.04267348791006672,0.12641343462763557,False,False,normal
1085,train,train,1016,False,0.8009417885454079,-2.2909655155119384,14.905622107868405,4.909519254433166,419.90525547763235,60.56772930496717,0.03549758407027702,0.08105833437659574,False,False,normal
1086,train,train,1017,False,7.224218027557189,5.317214059288374,91.41547285899533,31.0563759893362,419.90525547763235,60.56772930496717,0.21770499813109598,0.5127545038540723,False,False,normal
1087,test,train,1017,False,-0.038496821314792436,0.2243377911328459,20.982263913435833,4.344520751279192,419.90525547763235,60.56772930496717,0.04996904334900262,0.07172995919004836,False,False,normal
1088,train,test,1018,False,-1.723534154907513,-5.832070715723093,14.107027605083177,6.045770245097619,419.90525547763235,60.56772930496717,0.033595739565194925,0.09981834079756072,False,False,normal
1089,train,train,1019,False,-2.6477641745576204,-4.962370531735335,15.015503054681764,5.799439973461946,419.90525547763235,60.56772930496717,0.035759264402637644,0.09575131906069877,False,False,normal
1090,test,train,1020,False,3.2338468035383,6.5793246081449075,26.310665389425797,4.384069174769439,419.90525547763235,60.56772930496717,0.06265857606258829,0.07238292115418467,False,False,normal
1091,train,train,1020,False,0.17765801181732277,1.6403072702794093,22.06558316537872,13.135228122237285,419.90525547763235,60.56772930496717,0.052548956883808555,0.21686842602435258,False,False,normal
1092,train,train,1021,False,-3.1249808484202988,-4.769416909853956,12.397101491397333,8.632984771113671,419.90525547763235,60.56772930496717,0.029523568304225964,0.14253439694998898,False,False,normal
1093,train,train,1022,False,-2.854387802367065,-3.5310676080993595,12.286100581491421,3.0595302140232836,419.90525547763235,60.56772930496717,0.029259220791405124,0.05051419706718922,False,False,normal
1094,train,train,1023,False,-2.3086312169296903,-2.176066621919237,15.571882407669877,5.618074326032223,419.90525547763235,60.56772930496717,0.037084276046884024,0.09275689200340359,False,False,normal
1095,train,train,1024,False,1.3238110239377459,6.420088219670243,24.040134452651703,3.416030747790592,419.90525547763235,60.56772930496717,0.057251330244263356,0.0564001785602757,False,False,normal
1096,train,train,1025,False,-2.6865704950160345,-2.6441734287066354,16.48028402229772,10.508190234076732,419.90525547763235,60.56772930496717,0.0392476250471116,0.17349486854900062,False,False,normal
1097,train,train,1026,False,-2.5037958500928315,-0.17680889113149015,13.367668472557906,6.982999400419863,419.90525547763235,60.56772930496717,0.031834963478493496,0.11529240868944357,False,False,normal
1098,train,test,1027,False,-5.41341473930307,-5.096645390793161,15.235171645705403,6.957630846388408,419.90525547763235,60.56772930496717,0.03628240286817976,0.11487356264184419,False,False,normal
1099,train,train,1028,False,-4.58211105537622,-4.20858541433381,18.443391652149266,9.42853709181617,419.90525547763235,60.56772930496717,0.04392274545640145,0.15566931763847605,False,False,normal
1100,test,test,1029,False,5.430413640978972,-2.2227054380749056,31.0871792543515,3.2403811007106817,419.90525547763235,60.56772930496717,0.07403379416861684,0.05350012519694935,False,False,normal
1101,train,test,1030,False,2.532337764498737,-3.942776135617747,11.028819049351544,6.860820888581745,419.90525547763235,60.56772930496717,0.02626501789506426,0.11327518741930265,False,False,normal
1102,train,test,1031,False,0.3234177266401188,-5.406863742882371,12.168535987739862,5.652012959845313,419.90525547763235,60.56772930496717,0.028979241933751076,0.09331723385875372,False,False,normal
1103,train,train,1032,False,2.2867046552918606,-1.5692708306881273,11.53839804291064,6.577660724244634,419.90525547763235,60.56772930496717,0.027478574969932165,0.10860008786403684,False,False,normal
1104,train,train,1033,False,-0.7416192038329705,-7.02765039700925,16.428822628388538,5.647634266644807,419.90525547763235,60.56772930496717,0.039125070272581226,0.09324493969731243,False,False,normal
1105,train,train,1034,False,5.690594789220286,4.973604116428297,30.977719523706956,3.8362325832577757,419.90525547763235,60.56772930496717,0.0737731169581827,0.06333789671958472,False,False,normal
1106,train,train,1034,False,-0.20558088177928355,-0.8303391019000496,12.060772016681975,14.63240119811811,419.90525547763235,60.56772930496717,0.02872260315714108,0.24158741570848527,False,False,normal
1107,train,train,1035,False,1.6742603815938728,-3.074714810466429,11.382945100980486,5.784556345207459,419.90525547763235,60.56772930496717,0.02710836540503084,0.09550558377517161,False,False,normal
1108,train,test,1036,False,1.108882718142132,-3.6330351142157764,10.933888550192057,4.304212252635862,419.90525547763235,60.56772930496717,0.026038941898345654,0.07106444804895258,False,False,normal
1109,train,test,1037,False,-0.7549467834352923,-5.889736472139494,20.110931916980782,10.104530555419279,419.90525547763235,60.56772930496717,0.04789397525902616,0.16683026871523488,False,False,normal
1110,train,train,1038,False,1.0260906749884098,-3.302332025729721,12.90261552920119,4.699748930827718,419.90525547763235,60.56772930496717,0.030727444729227713,0.07759493355221904,False,False,normal
1111,test,train,1039,False,-1.73721230632446,-6.221179572340789,14.684521759749225,5.652022044976713,419.90525547763235,60.56772930496717,0.034971035890098416,0.0933173838582915,False,False,normal
1112,test,train,1040,False,4.106492280315045,5.476001538569895,26.5653642761116,4.836634303762349,419.90525547763235,60.56772930496717,0.0632651388130261,0.07985497160392466,False,False,normal
1113,train,train,1040,False,-0.49139714722855216,-0.6496712006774646,19.441180150422003,9.734195281027338,419.90525547763235,60.56772930496717,0.04629896839063878,0.16071586953531433,False,False,normal
1114,train,train,1041,False,-1.848000810033087,-6.1783469560144075,15.57436437953047,6.652060242412816,419.90525547763235,60.56772930496717,0.037090186837063985,0.10982845681598433,False,False,normal
1115,train,train,1042,False,-0.007193268140751655,-2.6727740856333844,11.115225233976911,4.370855370929973,419.90525547763235,60.56772930496717,0.02647079332535051,0.07216475540831474,False,False,normal
1116,test,test,1043,False,-1.7329236374308938,-5.070037552413934,9.743215897983248,2.965060433076781,419.90525547763235,60.56772930496717,0.023203367357001924,0.04895445919967179,False,False,normal
1117,train,train,1044,False,-0.5571547774759787,-2.537127635392783,8.744422062661478,3.840942589221421,419.90525547763235,60.56772930496717,0.0208247502230352,0.06341566100128546,False,False,normal
1118,train,train,1045,False,-1.8023061544938042,-2.4213718918244718,11.751576947423072,6.330618170991141,419.90525547763235,60.56772930496717,0.027986258314523664,0.10452130604262169,False,False,normal
1119,train,train,1046,False,-0.44618728634557925,-0.38505901673398746,13.56901353062267,3.5751586742842454,419.90525547763235,60.56772930496717,0.03231446464081102,0.0590274510091473,False,False,normal
1120,test,train,1047,False,-1.1180857883099966,-2.087652748081121,10.998195021123411,5.145119597315769,419.90525547763235,60.56772930496717,0.026192087090249023,0.08494820024388493,False,False,normal
1121,train,train,1048,False,-3.824645487891697,-4.649597195605188,15.20551126432786,6.462007049263842,419.90525547763235,60.56772930496717,0.036211766978319786,0.10669059453635306,False,False,normal
1122,train,train,1049,False,-4.866287972515226,-5.661672171015876,21.45779709019546,4.172589406192072,419.90525547763235,60.56772930496717,0.051101520665150335,0.06889129663723215,False,False,normal
1123,train,train,1050,False,-3.0401108131152244,-2.4667539148148547,16.55090504862908,5.788099314227828,419.90525547763235,60.56772930496717,0.03941580828704517,0.09556407976075709,False,False,normal
1124,test,train,1051,False,-2.888880502263572,-2.121926499798094,12.595762806413509,4.761725759494155,419.90525547763235,60.56772930496717,0.029996678160377214,0.07861819840592314,False,False,normal
1125,test,train,1052,False,-3.4743476387264725,-1.888413149696072,14.130725072544456,8.272120259787213,419.90525547763235,60.56772930496717,0.03365217483756208,0.13657636425720873,False,False,normal
1126,train,train,1053,False,-1.2125006163490757,2.466367311967437,13.81734789344632,4.064239410771739,419.90525547763235,60.56772930496717,0.03290587034384557,0.06710239028951726,False,False,normal
1127,train,train,1054,False,-5.177677871440689,-4.733648844352318,14.101812984171634,9.234696092754543,419.90525547763235,60.56772930496717,0.03358332099971255,0.15246891700787607,False,False,normal
1128,train,test,1055,False,-3.374037996952539,-1.9691073737111555,15.169243620777259,7.525158275455043,419.90525547763235,60.56772930496717,0.03612539596229297,0.12424369151375637,False,False,normal
1129,train,train,1056,False,-4.9005990414787135,-4.493316222125173,12.393743346084737,5.635812894516972,419.90525547763235,60.56772930496717,0.029515570916079974,0.09304976361487564,False,False,normal
1130,train,train,1057,False,-4.599250434990546,-2.10414742956759,14.193696812740143,5.656108775472531,419.90525547763235,60.56772930496717,0.033802141382096175,0.09338485758634298,False,False,normal
1131,train,test,1058,False,-4.3952080097418245,-1.654749028775419,19.709352255011602,7.873135533300581,419.90525547763235,60.56772930496717,0.046937617469428136,0.12998894995151986,False,False,normal
1132,test,train,1059,False,-3.969416869919008,-1.8307395895341254,15.715754439371786,6.812686085842622,419.90525547763235,60.56772930496717,0.037426905794488055,0.11248046053600216,False,False,normal
1133,train,train,1060,False,-4.0379355908262085,-1.6269348419906489,17.271261500262913,10.500393867552756,419.90525547763235,60.56772930496717,0.04113132968678199,0.17336614708934805,False,False,normal
1134,train,train,1061,False,5.215645191409326,-5.033215525793812,87.49295825120947,10.661726239723738,419.90525547763235,60.56772930496717,0.20836357037658004,0.17602981591138117,False,False,normal
1135,train,train,1062,False,7.451454346010331,3.0848747677115345,34.18747500309818,11.796739224828341,419.90525547763235,60.56772930496717,0.08141711625926361,0.19476938231298177,False,False,normal
1136,train,test,1063,False,5.319824559558652,-6.032676546344704,46.80008110763888,17.66873681697428,419.90525547763235,60.56772930496717,0.11145390655900433,0.29171865975046984,False,False,normal
1137,test,train,1064,False,6.185655616577289,1.0800784134182042,44.34817055823205,20.49028710702245,419.90525547763235,60.56772930496717,0.10561470707906966,0.3383037030140411,False,False,normal
1138,train,train,1065,False,2.4862933819882236,-3.7258361617856783,18.479845632615408,7.881608164324378,419.90525547763235,60.56772930496717,0.044009560231855205,0.13012883683717702,False,False,normal
1139,train,train,1066,False,2.484142074260361,-3.362727278568143,42.21933286428271,9.503813676381402,419.90525547763235,60.56772930496717,0.10054490224529153,0.1569121673445663,False,False,normal
1140,test,train,1067,False,-0.22414834833505215,-7.888695700953933,41.108981778987,10.922839868265388,419.90525547763235,60.56772930496717,0.09790061268041644,0.18034091740945626,False,False,normal
1141,train,train,1068,False,3.154106020946663,-2.4085622330355947,59.48104040987737,7.97706499126626,419.90525547763235,60.56772930496717,0.1416534792883673,0.1317048712706497,False,False,normal
1142,train,train,1069,False,-1.3034070673783484,-6.517548259916742,16.643865040245448,5.800435313682299,419.90525547763235,60.56772930496717,0.03963719154053798,0.09576775256797689,False,False,normal
1143,train,train,1070,False,0.49639033524016424,-4.181295449031658,75.50900624897793,6.071323329579107,419.90525547763235,60.56772930496717,0.1798239132851248,0.10024023352450817,False,False,normal
1144,train,train,1071,False,1.701948265932687,-2.2493252232016516,90.55354160071461,8.022688576122814,419.90525547763235,60.56772930496717,0.2156523178013385,0.13245813683599447,False,False,normal
1145,test,train,1072,False,-0.1706219755940581,-4.976679826310754,31.4206073443403,13.348701912113487,419.90525547763235,60.56772930496717,0.07482784969814225,0.22039297271490674,False,False,normal
1146,train,train,1073,False,-0.5635941311719004,-4.883757708562501,29.643325605118388,5.861561853940446,419.90525547763235,60.56772930496717,0.07059527171528207,0.0967769787839766,False,False,normal
1147,train,test,1074,False,-0.009056946119724943,-2.3160754702642277,10.578051111770245,9.072682182549809,419.90525547763235,60.56772930496717,0.025191518738525816,0.14979399569146065,False,False,normal
1148,train,train,1075,False,-0.22163065551486733,-3.2464015777441912,26.157860175489756,11.198295571157097,419.90525547763235,60.56772930496717,0.06229467203437548,0.18488881289856646,False,False,normal
1149,test,train,1076,False,-1.574160348043136,-1.8815726542586944,14.572508167816338,7.90527316786782,419.90525547763235,60.56772930496717,0.03470427668555959,0.130519556512737,False,False,normal
1150,train,train,1077,False,5.781411904729257,-2.4191938952505105,31.63410318512762,7.056311584251435,419.90525547763235,60.56772930496717,0.0753362878231771,0.11650282527056442,False,False,normal
1151,train,train,1078,False,7.300244962535196,-2.1375969986387857,26.550116107254993,13.54270316469158,419.90525547763235,60.56772930496717,0.0632288254574353,0.2235960192019439,False,False,normal
1152,train,train,1079,False,5.525985638805349,1.5818455237314915,25.04049144374663,14.801737757119533,419.90525547763235,60.56772930496717,0.05963367001745111,0.24438323719534982,False,False,normal
1153,train,train,1080,False,4.587947774286708,-1.8182170865824787,23.85775131632317,6.298357816806715,419.90525547763235,60.56772930496717,0.05681698670140611,0.10398867332624578,False,False,normal
1154,train,train,1081,False,3.5458509990565927,-0.9441173871134636,14.267027337391394,6.586989775836905,419.90525547763235,60.56772930496717,0.03397677726410684,0.10875411463207528,False,False,normal
1155,train,train,1082,False,2.963905101653194,-0.8119183367427502,14.406506916333456,4.432049601862608,419.90525547763235,60.56772930496717,0.03430894643113336,0.07317509922728992,False,False,normal
1156,train,train,1083,False,0.06254354427041581,-4.57378452355073,16.917341025494963,9.200424807234922,419.90525547763235,60.56772930496717,0.040288471755972395,0.15190308292571889,False,False,normal
1157,train,train,1084,False,3.68047170761417,-1.77926884505234,58.04603189036814,8.372840700981058,419.90525547763235,60.56772930496717,0.13823602141950367,0.13823930329008388,False,False,normal
1158,train,train,1085,False,1.6302040793861419,-6.789661555863415,152.39050509001987,15.909001505728446,419.90525547763235,60.56772930496717,0.3629164034079051,0.26266465142888795,False,False,normal
1159,train,train,1086,False,1.5634253702039642,-1.7288405193233793,8.609925688999738,7.151664889442015,419.90525547763235,60.56772930496717,0.020504448507571427,0.11807715051413535,False,False,normal
1160,train,test,1087,False,2.6542874392451044,-1.1804706890615284,48.165171368370444,8.991087211658728,419.90525547763235,60.56772930496717,0.11470485482155658,0.14844682663250125,False,False,normal
1161,test,train,1088,False,1.533350739655722,-2.9071940445819946,16.999787358153664,3.6107142905162903,419.90525547763235,60.56772930496717,0.04048481683997217,0.05961448995942753,False,False,normal
1162,train,test,1089,False,1.8873712536826042,1.2535658046852076,55.71338820692229,18.618887047402353,419.90525547763235,60.56772930496717,0.13268085474079055,0.307406060307356,False,False,normal
1163,test,train,1090,False,1.8447844564505056,1.622899518183545,57.116025402499105,23.097093188338047,419.90525547763235,60.56772930496717,0.13602122063828653,0.38134322440983187,False,False,normal
1164,test,train,1091,False,0.8685038529387031,-0.4369584407035792,13.77755620310937,6.839577153663428,419.90525547763235,60.56772930496717,0.03281110684703797,0.1129244439596733,False,False,normal
1165,test,train,1092,False,1.2713016082472925,-0.6370374580807069,12.530352679218613,10.96773759273803,419.90525547763235,60.56772930496717,0.029840904622557368,0.18108219869881376,False,False,normal
1166,train,test,1093,False,1.197710810501425,-0.3379778383299152,10.903761087478482,5.72301071098127,419.90525547763235,60.56772930496717,0.025967193659140346,0.09448943813239379,False,False,normal
1167,test,train,1094,False,1.0185901521729168,-0.9807847118462151,35.60393687797353,7.4328307480300095,419.90525547763235,60.56772930496717,0.08479040548676842,0.12271932319939954,False,False,normal
1168,train,train,1095,False,-1.8981981718166518,-4.119402551133042,15.116014929595474,4.698169571566889,419.90525547763235,60.56772930496717,0.03599863238768317,0.07756885763227038,False,False,normal
1169,train,test,1096,False,-0.5634334056653932,0.06271484487603862,15.584770056516824,8.605150055067243,419.90525547763235,60.56772930496717,0.03711496784861507,0.14207483347673616,False,False,normal
1170,train,train,1097,False,-0.5813353122663306,-0.31877545974431387,11.454788582283259,8.543618594737007,419.90525547763235,60.56772930496717,0.027279459908768483,0.14105892185124963,False,False,normal
1171,train,train,1098,False,-0.5147851166933095,-0.44017756387332546,13.071925107091598,5.876026477473968,419.90525547763235,60.56772930496717,0.03113065372859549,0.09701579611623436,False,False,normal
1172,train,train,1099,False,-2.3984077282743046,-3.2907761381154526,20.50874319716526,7.310449889197934,419.90525547763235,60.56772930496717,0.048841358686585255,0.12069876109089007,False,False,normal
1173,train,test,1100,False,1.6874399618211835,3.5976671705832515,17.382630096926974,9.505774904207057,419.90525547763235,60.56772930496717,0.04139655284179437,0.15694454808342115,False,False,normal
1174,train,test,1101,False,0.23849912822840183,-1.3434631218313924,12.450718050948684,18.385005821151704,419.90525547763235,60.56772930496717,0.029651255583325063,0.3035445778160276,False,False,normal
1175,test,test,1102,False,-1.8143659842757198,-1.5217512072828308,14.093622688965262,10.17548919674656,419.90525547763235,60.56772930496717,0.03356381589683629,0.16800182726863536,False,False,normal
1176,train,train,1103,False,-1.7794368738903803,-0.37693804885958787,14.388278563839826,7.8786467105636095,419.90525547763235,60.56772930496717,0.034265535799197125,0.13007994192573238,False,False,normal
1177,test,train,1104,False,-2.2380203102037743,-0.046186769751829886,10.806806744545689,9.19682000057836,419.90525547763235,60.56772930496717,0.02573629789951831,0.15184356597340898,False,False,normal
1178,train,train,1105,False,-2.7578797608377617,0.7192598333045015,15.108749651169452,9.747989002536443,419.90525547763235,60.56772930496717,0.03598133020265156,0.16094360997840823,False,False,normal
1179,train,train,1106,False,1.254168404191646,7.078508706045069,30.470058933965042,9.723484698978478,419.90525547763235,60.56772930496717,0.07256412854205901,0.1605390330883851,False,False,normal
1180,train,train,1106,False,-0.042108300835461285,1.2192671657761607,26.620248062855367,12.669482946655425,419.90525547763235,60.56772930496717,0.06339584398050808,0.20917876717587955,False,False,normal
1181,test,train,1107,False,-0.20619365456012428,0.869163071116757,17.35688102409876,12.570654730353937,419.90525547763235,60.56772930496717,0.04133523169257722,0.20754706961291042,False,False,normal
1182,test,train,1108,False,-4.352952586571025,-2.8964266736311948,13.500246921657629,8.758220098667225,419.90525547763235,60.56772930496717,0.03215069767655424,0.14460208759962478,False,False,normal
1183,train,train,1109,False,-3.0295418944570125,0.9978403969943084,9.378535709434773,8.833728149627769,419.90525547763235,60.56772930496717,0.022334885279696987,0.14584875891827948,False,False,normal
1184,train,train,1110,False,-3.4979277715688037,-0.6782516315799068,8.981367254528095,6.59207355153509,419.90525547763235,60.56772930496717,0.02138903273385326,0.10883805001741204,False,False,normal
1185,train,train,1111,False,-3.8278236897327735,1.215450484098229,14.113475732621541,5.772936972776474,419.90525547763235,60.56772930496717,0.03361109571388383,0.09531374279707452,False,False,normal
1186,train,test,1112,False,3.8788431279929796,-0.9429731725534273,15.767952099639134,5.132860186309199,419.90525547763235,60.56772930496717,0.03755121397969516,0.08474579194581515,False,False,normal
1187,train,train,1113,False,0.3305203638564127,-4.8990560232070655,28.302834434849977,6.059473515976177,419.90525547763235,60.56772930496717,0.06740290593090141,0.10004458786073789,False,False,normal
1188,train,test,1114,False,4.1556738953773715,0.39801364814879886,124.1853620484882,20.348570630226984,419.90525547763235,60.56772930496717,0.2957461485144554,0.33596390130079046,False,False,normal
1189,train,train,1115,False,4.137570826561759,-0.67213559405713,39.73484642968253,11.134230574166997,419.90525547763235,60.56772930496717,0.09462812363347316,0.18383107146223948,False,False,normal
1190,test,test,1116,False,1.7258335944491972,-1.2392459829429319,14.333833443740273,10.47683446975183,419.90525547763235,60.56772930496717,0.03413587531176735,0.17297717101130655,False,False,normal
1191,train,test,1117,False,5.333008273391063,4.4820936328873655,30.144947693751032,7.246038398246548,419.90525547763235,60.56772930496717,0.0717898795037987,0.11963529888600759,False,False,normal
1192,train,train,1118,False,0.7324340663561237,-0.44685978448927294,21.48761533791055,15.454704320673137,419.90525547763235,60.56772930496717,0.05117253251205178,0.2551640039674674,False,False,normal
1193,train,train,1119,False,1.282993774793312,-0.4604334673496444,16.55086099221573,3.5851167757068,419.90525547763235,60.56772930496717,0.039415703367154845,0.05919186366811317,False,False,normal
1194,train,test,1120,False,1.6499191777356939,-1.0613565553793163,40.360044295609306,3.2996536309035007,419.90525547763235,60.56772930496717,0.09611702585074984,0.054478740886739756,False,False,normal
1195,train,train,1121,False,2.1243642173488935,0.4420485891820963,47.25716799803335,5.798060527827848,419.90525547763235,60.56772930496717,0.11254245423596672,0.09572854380314944,False,False,normal
1196,test,train,1122,False,0.729293808392665,-0.6569666205596483,19.133896859382954,5.382428433781891,419.90525547763235,60.56772930496717,0.04556717642797444,0.08886627409590667,False,False,normal
1197,train,train,1123,False,1.1179507857225635,-1.1306865418482135,17.092817173404022,6.479859198693736,419.90525547763235,60.56772930496717,0.04070636637772334,0.10698534141946645,False,False,normal
1198,train,train,1124,False,1.7979145602833861,-0.05563445628338456,16.26526383782954,5.931254405297546,419.90525547763235,60.56772930496717,0.038735556713450005,0.0979276336319764,False,False,normal
1199,train,test,1125,False,0.30492761568386156,-0.3018980630955391,17.654517111817658,7.308599433728483,419.90525547763235,60.56772930496717,0.04204404894084038,0.1206682092526309,False,False,normal
1200,train,train,1126,False,0.2884256312724888,0.1473704387700199,15.727503557679581,2.8146833713461064,419.90525547763235,60.56772930496717,0.03745488619757787,0.04647166739855432,False,False,normal
1201,train,train,1127,False,0.5760852364220691,0.15968632302183297,15.870660779310032,4.672454219379582,419.90525547763235,60.56772930496717,0.03779581363242889,0.07714428579372866,False,False,normal
1202,train,train,1128,False,-0.9988086933978225,0.08162130631614031,18.747253678602902,5.92244425976377,419.90525547763235,60.56772930496717,0.04464638971302787,0.09778217423247645,False,False,normal
1203,train,train,1129,False,-0.04381430196546836,-0.4263081468738952,21.61818913652088,9.421967821782632,419.90525547763235,60.56772930496717,0.05148349265581517,0.1555608560846268,False,False,normal
1204,train,train,1130,False,-0.34227343845782243,0.48533353902038806,17.420910317317517,3.2755743307388743,419.90525547763235,60.56772930496717,0.04148771678863995,0.054081180990720144,False,False,normal
1205,train,train,1131,False,-2.6879109239686994,-2.3281157968943162,16.719832989768534,5.2098702195597095,419.90525547763235,60.56772930496717,0.03981810842245858,0.08601726165640565,False,False,normal
1206,train,train,1132,False,-1.8709743504863248,-1.5112602016203354,17.034228973512977,4.537160760221979,419.90525547763235,60.56772930496717,0.040566839188847355,0.07491053094258703,False,False,normal
1207,train,train,1133,False,-2.805218891739951,0.2639625811828057,30.38591800414366,8.98397646246757,419.90525547763235,60.56772930496717,0.07236374779253571,0.14832942501826285,False,False,normal
1208,train,test,1134,False,-2.4914938365039476,0.3662275332505778,21.09924902336833,7.107170038566637,419.90525547763235,60.56772930496717,0.0502476421719667,0.11734252084606012,False,False,normal
1209,test,train,1135,False,-4.566194506451505,-3.6204389288770047,27.654241605956315,4.253541006690561,419.90525547763235,60.56772930496717,0.06585828885256571,0.07022784336644641,False,False,normal
1210,train,train,1136,False,-2.153791447525263,0.17544520941151878,20.462268306649467,4.925944755842995,419.90525547763235,60.56772930496717,0.0487306792180396,0.08132952666988982,False,False,normal
1211,test,train,1137,False,-0.8297157449039041,1.0891540092568328,23.976548361894338,5.61691870459277,419.90525547763235,60.56772930496717,0.05709990063025427,0.09273781218230556,False,False,normal
1212,train,train,1138,False,-1.2991043412253913,-0.018539667685583117,38.12684898326413,8.724574222502458,419.90525547763235,60.56772930496717,0.09079869443380921,0.1440465793025355,False,False,normal
1213,train,train,1139,False,-4.352458127375748,-4.051590671085565,53.97696417201161,3.3677867268360506,419.90525547763235,60.56772930496717,0.12854557895593396,0.05560364843593134,False,False,normal
1214,train,train,1140,False,-4.4306177427571,-2.736856393925587,36.92977935242233,7.821042334210787,419.90525547763235,60.56772930496717,0.0879478855543629,0.12912886819366665,False,False,normal
1215,train,train,1141,False,-3.9646153983490806,1.1110218583953333,18.940725154992997,6.636691924975981,419.90525547763235,60.56772930496717,0.04510714002245189,0.10957471909767805,False,False,normal
1216,train,train,1142,False,-4.420892096740621,0.20382938737228953,18.367540213589873,10.131252628678451,419.90525547763235,60.56772930496717,0.043742106044129474,0.16727146196394696,False,False,normal
1217,train,train,1143,False,8.383076288186775,4.810780552704344,52.869887576796614,14.650177559909888,419.90525547763235,60.56772930496717,0.12590908755513994,0.2418809113041724,False,False,normal
1218,train,train,1143,False,0.4627855804119388,-0.5248748085791972,22.959737561356494,13.41357148184549,419.90525547763235,60.56772930496717,0.054678376280954934,0.221463998003066,False,False,normal
1219,train,test,1144,False,5.051698355067823,-6.50118356838877,49.89461602486358,21.29057939750671,419.90525547763235,60.56772930496717,0.11882350928927915,0.3515168827001191,False,False,normal
1220,train,train,1145,False,4.4784611755482695,-1.4115367808764587,17.95823099729775,11.463558605588592,419.90525547763235,60.56772930496717,0.04276734040127858,0.18926842292316978,False,False,normal
1221,train,test,1146,False,4.344016286349519,-2.5714328149152124,100.00849731193895,6.099637904758522,419.90525547763235,60.56772930496717,0.23816919652072857,0.10070771968428886,False,False,normal
1222,test,train,1147,False,2.7753757128667575,-0.9957367287857655,18.521389060674974,5.149078386527362,419.90525547763235,60.56772930496717,0.04410849547383571,0.08501356160474527,False,False,normal
1223,test,train,1148,False,2.594055525491106,-1.5133984323792131,24.349877790504948,6.3066740926648714,419.90525547763235,60.56772930496717,0.05798898078283763,0.10412597871896213,False,False,normal
1224,train,train,1149,False,0.1940336507516966,-4.871123700252872,26.301305332438947,5.364562921208115,419.90525547763235,60.56772930496717,0.0626362851841943,0.08857130658137725,False,False,normal
1225,test,train,1150,False,2.556667036975922,-1.5978755356126577,22.95880278050977,6.968346995454287,419.90525547763235,60.56772930496717,0.054676150110087744,0.11505049100268666,False,False,normal
1226,test,train,1151,False,3.5111737488295685,-2.940863828367634,77.02594256107766,9.408611705732936,419.90525547763235,60.56772930496717,0.18343648134020724,0.15534034070122113,False,False,normal
1227,train,train,1152,False,0.21494061751958513,-4.709749147843349,21.559431553688515,3.767391725685763,419.90525547763235,60.56772930496717,0.05134356208322558,0.06220130371268184,False,False,normal
1228,train,train,1153,False,2.058353478633484,-0.773501150935781,16.399011682022067,2.703890964943225,419.90525547763235,60.56772930496717,0.0390540758137656,0.044642435765236424,False,False,normal
1229,train,train,1154,False,0.07278719001475786,-3.6787138333961606,20.377968204738643,5.9192672765177266,419.90525547763235,60.56772930496717,0.04852991940184027,0.097729720833901,False,False,normal
1230,train,train,1155,False,0.8766020713223629,-0.5144398237362007,17.313351710076574,6.19591976121575,419.90525547763235,60.56772930496717,0.04123156708382476,0.10229737571997141,False,False,normal
1231,test,test,1156,False,0.626429851477364,-0.4926572673239995,17.227926353428032,6.176577081743873,419.90525547763235,60.56772930496717,0.04102812748516727,0.10197801952660178,False,False,normal
1232,train,train,1157,False,-0.9166227672656017,-4.304181370588386,23.25672988106498,4.286891696578729,419.90525547763235,60.56772930496717,0.055385660402394815,0.07077847800754782,False,False,normal
1233,train,train,1158,False,1.1372194678111063,1.0101294672804872,57.57264699346306,12.678981197731597,419.90525547763235,60.56772930496717,0.13710866020949303,0.2093355875022343,False,False,normal
1234,train,test,1159,False,1.592344016341622,-0.23208826349834497,23.797716088140533,5.695762504367459,419.90525547763235,60.56772930496717,0.056674013429699015,0.09403955818928725,False,False,normal
1235,train,test,1160,False,1.391835657070919,-0.3090845327444849,19.631563481662482,4.989249544692727,419.90525547763235,60.56772930496717,0.04675236431449766,0.08237471673357842,False,False,normal
1236,train,test,1161,False,0.8708638763300884,-0.6838908196509752,22.558962451732405,4.940400554283888,419.90525547763235,60.56772930496717,0.0537239345244015,0.08156819829596491,False,False,normal
1237,train,train,1162,False,0.16386610752620534,-0.9241878782064058,17.91564051548745,4.348209759808652,419.90525547763235,60.56772930496717,0.04266591161167733,0.0717908663525224,False,False,normal
1238,train,train,1163,False,0.9249226995122527,1.625006399871154,14.634635775220248,4.818394845991256,419.90525547763235,60.56772930496717,0.03485223293662684,0.07955383008879117,False,False,normal
1239,test,train,1164,False,-1.2019544320698692,-0.32560400459081973,18.3048602370645,5.639857114436292,419.90525547763235,60.56772930496717,0.04359283433174265,0.09311653547450664,False,False,normal
1240,train,test,1165,False,2.893935005239623,0.2645644419696573,20.14836470507466,53.80350026015374,419.90525547763235,60.56772930496717,0.047983121054668315,0.8883195866439937,False,False,normal
1241,train,train,1166,False,7.944007557464665,-1.5310057941539796,121.21573315524955,58.796178713756525,419.90525547763235,60.56772930496717,0.2886740081816064,0.9707509161802874,False,False,normal
1242,test,train,1167,False,3.3878638297032544,-0.2670867540230921,35.00354610064973,47.505854551110424,419.90525547763235,60.56772930496717,0.08336058109307067,0.7843426705318877,False,False,normal
1243,train,train,1168,False,3.617328478904525,0.38072012015195184,25.615247220752725,31.90222270905159,419.90525547763235,60.56772930496717,0.061002444924429404,0.5267198073155317,False,False,normal
1244,train,train,1169,False,1.179535283004725,-3.709094580210215,23.84617099410967,20.95686048869786,419.90525547763235,60.56772930496717,0.056789408284459816,0.34600703591143517,False,False,normal
1245,train,train,1170,False,2.410646797029576,-1.146713270005493,26.774703355935277,32.89938875963747,419.90525547763235,60.56772930496717,0.0637636776550455,0.5431834598583735,False,False,normal
1246,train,train,1171,False,2.7606196823416917,1.0485955654885977,12.547078742245121,12.394985829879136,419.90525547763235,60.56772930496717,0.029880737567747548,0.20464669836751864,False,False,normal
1247,train,test,1172,False,2.6355822506322673,-0.7337747918948454,28.324018378733797,33.208692523381636,419.90525547763235,60.56772930496717,0.06745335527300293,0.5482902018031933,False,False,normal
1248,train,train,1173,False,2.082986422914165,1.0476657186168299,12.882648244784376,9.730493118059188,419.90525547763235,60.56772930496717,0.030679892848996772,0.16065474518723932,False,False,normal
1249,train,train,1174,False,2.1826602135754696,-0.8787744955921095,14.188508170216226,11.267821831953158,419.90525547763235,60.56772930496717,0.03378978468387382,0.18603672221585302,False,False,normal
1250,train,test,1175,False,3.471513764769467,2.136277262705518,144.9669203968341,86.9422260734841,419.90525547763235,60.56772930496717,0.345237213647011,1.4354546071178855,False,True,q alarm only
1251,train,train,1176,False,2.4944915524514477,-1.271137971748033,43.39381061522635,27.650125566730537,419.90525547763235,60.56772930496717,0.103341908797657,0.45651580278844867,False,False,normal
1252,train,train,1177,False,1.6381670244754747,-1.1210909482403077,14.659277373675225,8.393601188525366,419.90525547763235,60.56772930496717,0.03491091664713899,0.13858206812182747,False,False,normal
1253,train,train,1178,False,2.1854397675215322,-0.8781031570102353,12.600596922944607,14.619092587068248,419.90525547763235,60.56772930496717,0.030008190558633817,0.24136768465363836,False,False,normal
1254,train,test,1179,False,1.752067256472517,-0.1988004037709362,18.12131628576055,12.501431694166396,419.90525547763235,60.56772930496717,0.0431557263200909,0.20640416666802713,False,False,normal
1255,train,train,1180,False,2.095648423653952,-0.8623365677670994,19.751404219988398,11.424780711990442,419.90525547763235,60.56772930496717,0.047037763786789574,0.18862818274835827,False,False,normal
1256,train,test,1181,False,2.6296026542171647,-1.5885219686109833,33.9722118390658,22.64560130275065,419.90525547763235,60.56772930496717,0.08090446927229622,0.37388889368341366,False,False,normal
1257,train,test,1182,False,0.019305600767744426,-1.705325851776482,11.654801463261899,2.4907736635756352,419.90525547763235,60.56772930496717,0.027755788505206578,0.04112377485763473,False,False,normal
1258,train,train,1183,False,-0.015746599154043667,-0.12443001165121334,11.987481735671881,2.5115080843886277,419.90525547763235,60.56772930496717,0.0285480631149434,0.04146610931611495,False,False,normal
1259,test,train,1184,False,-0.7903751928436603,-1.1359055421896946,11.784911835534897,5.330812719295299,419.90525547763235,60.56772930496717,0.028065645003966043,0.08801407582004428,False,False,normal
1260,train,train,1185,False,0.819820113507367,2.491369408749624,12.19089047582377,10.989109140782517,419.90525547763235,60.56772930496717,0.0290324789146945,0.18143505240968805,False,False,normal
1261,test,train,1186,False,0.08107338824728451,-2.147284536058366,16.719552931222204,19.82217721933641,419.90525547763235,60.56772930496717,0.03981744146594237,0.3272729132625877,False,False,normal
1262,train,test,1187,False,-1.0971124518310011,-0.9941926417662388,8.941615014199266,2.2190281523608104,419.90525547763235,60.56772930496717,0.021294363186829823,0.03663713627413183,False,False,normal
1263,train,train,1188,False,-1.2491217812253048,-0.6844938298589854,14.258449970643579,7.201690490225977,419.90525547763235,60.56772930496717,0.033956350354379175,0.11890309530945822,False,False,normal
1264,train,train,1189,False,-0.939811848288684,0.6390352529791488,10.500051853333183,3.5305703651379017,419.90525547763235,60.56772930496717,0.025005764315546897,0.05829127830368174,False,False,normal
1265,train,test,1190,False,-1.2414953249783214,0.37332809921913385,11.68960270905421,2.872070630810288,419.90525547763235,60.56772930496717,0.027838667310218734,0.04741915643475755,False,False,normal
1266,train,train,1191,False,-1.616771682789736,-0.7863538795136658,16.982244619161357,4.716741156782673,419.90525547763235,60.56772930496717,0.040443038989460736,0.07787548271841606,False,False,normal
1267,train,train,1192,False,2.5728705544302137,10.64503062717094,92.56952198746859,15.611012369926863,419.90525547763235,60.56772930496717,0.22045335413145267,0.2577447189958729,False,False,normal
1268,train,train,1192,False,-0.34429273308098984,0.3644245468475576,24.475550254398765,10.106075825946338,419.90525547763235,60.56772930496717,0.058288268448934755,0.16685578181511151,False,False,normal
1269,test,train,1193,False,-0.3525586015293609,1.5489824765877693,17.43618986927703,14.258521759420537,419.90525547763235,60.56772930496717,0.04152410488276403,0.23541450080829088,False,False,normal
1270,test,train,1194,False,52.14041660971545,-16.461621455573482,56290.99297002313,227441.8309945924,419.90525547763235,60.56772930496717,134.05641447853148,3755.165227499124,True,True,both alarms
1271,test,train,1195,False,-1.0852748528990677,0.6014146221320478,16.726552440387632,7.9400954563421555,419.90525547763235,60.56772930496717,0.03983411072424319,0.13109448789738576,False,False,normal
1272,train,test,1196,False,-1.4333432600303826,0.2598843910796969,9.660507551744097,2.4743088012926946,419.90525547763235,60.56772930496717,0.023006398290384568,0.04085193269891622,False,False,normal
1273,train,train,1197,False,-1.7784684211625885,2.0119024885682184,56.826899301075784,23.24105698531438,419.90525547763235,60.56772930496717,0.1353326698339046,0.3837201303732609,False,False,normal
1274,train,test,1198,False,-3.493048496765171,-1.6280298685046142,10.61772299583491,5.356928876382695,419.90525547763235,60.56772930496717,0.025285996917941644,0.08844526512476293,False,False,normal
1275,train,train,1199,False,-1.5285372179090981,1.9755908771251527,11.75226347496772,8.519628577892043,419.90525547763235,60.56772930496717,0.027987893272733145,0.14066283606232777,False,False,normal
1276,train,train,1200,False,0.5811609077230969,-1.043125986058246,84.65170069743604,26.42456485810901,419.90525547763235,60.56772930496717,0.20159714505394014,0.4362812534222234,False,False,normal
1277,train,train,1201,False,-3.2374646265334426,0.5334107815821355,11.075237206310874,4.349387371205672,419.90525547763235,60.56772930496717,0.026375562253235084,0.07181030923754603,False,False,normal
1278,train,train,1202,False,-3.0530503634955584,2.4389200143986804,12.305493247643053,8.652244116106584,419.90525547763235,60.56772930496717,0.029305404224212062,0.14285237725425198,False,False,normal
1279,train,train,1203,False,-3.1224660783138014,3.87979699300464,84.24637953035123,18.924320170611935,419.90525547763235,60.56772930496717,0.20063187690881115,0.31244889626496114,False,False,normal
1280,train,train,1204,False,-4.723572683524806,-0.9626582796373166,28.198447886643223,9.631374328368006,419.90525547763235,60.56772930496717,0.067154310451695,0.1590182501290854,False,False,normal
1281,train,train,1205,False,-3.8145282422802356,1.4082956284223835,9.733524445551076,3.3483133326614976,419.90525547763235,60.56772930496717,0.023180287263800548,0.055282134085005256,False,False,normal
1282,train,train,1206,False,-5.143652004330922,-0.3922768980427129,10.835608742297774,4.220639828017859,419.90525547763235,60.56772930496717,0.02580488955769921,0.06968463035433166,False,False,normal
1283,train,train,1207,False,-4.608913304419338,2.0552141340691352,9.955289892124547,4.753840647763429,419.90525547763235,60.56772930496717,0.023708419369032757,0.07848801172365505,False,False,normal
1284,test,train,1208,False,-4.459534207723738,1.5257959878526963,10.849818854185466,3.3420124780921143,419.90525547763235,60.56772930496717,0.02583873079141163,0.055178104189189656,False,False,normal
1285,train,test,1209,False,-4.951008490964204,1.5147736477399214,12.448255795629422,2.299351226753722,419.90525547763235,60.56772930496717,0.029645391747883276,0.037963305759345214,False,False,normal
1286,train,train,1210,False,-4.23355619944228,2.8407196324870077,14.105799834159964,6.3474474738463265,419.90525547763235,60.56772930496717,0.03359281564150691,0.10479916527638045,False,False,normal
1287,train,train,1211,False,-4.30367809083969,1.7105942169233948,18.473656799406406,5.560503436750171,419.90525547763235,60.56772930496717,0.043994821589915696,0.09180637115768764,False,False,normal
1288,test,train,1212,False,-4.961520825763252,0.3653570475781736,19.27810250957397,3.7352604423655063,419.90525547763235,60.56772930496717,0.04591060068454152,0.06167080201336154,False,False,normal
1289,train,train,1213,False,-5.872740177464757,-0.7590781313107686,20.800005351912482,4.559112268814389,419.90525547763235,60.56772930496717,0.04953499647974866,0.07527296005862474,False,False,normal
1290,test,test,1214,False,-8.0019027065764,-1.852526169490081,20.113858109952805,7.651814918560388,419.90525547763235,60.56772930496717,0.04790094395716425,0.12633484871180173,False,False,normal
1291,train,train,1215,False,3.988681084862643,0.5446161750607059,45.33083915226871,6.616899368639262,419.90525547763235,60.56772930496717,0.10795492211857635,0.10924793523828884,False,False,normal
1292,train,train,1216,False,1.289349400979036,-1.9011006454538282,15.108531566033651,6.253424868408721,419.90525547763235,60.56772930496717,0.035980810835168166,0.10324681047430113,False,False,normal
1293,train,test,1217,False,0.5013033390658097,-0.7594671190961225,12.717667591049175,4.042903531495238,419.90525547763235,60.56772930496717,0.030286993137495093,0.06675012548577876,False,False,normal
1294,train,train,1218,False,0.6166487156578738,-0.5662851793455671,17.106067289823727,13.57345295721049,419.90525547763235,60.56772930496717,0.0407379213922102,0.22410371187709902,False,False,normal
1295,train,train,1219,False,0.5472668662119536,-0.9465493493250678,10.06954955225092,3.914406110078666,419.90525547763235,60.56772930496717,0.023980527561621123,0.06462857622363671,False,False,normal
1296,train,train,1220,False,-0.4319544676863296,-0.5416739095049923,10.939807033739346,4.401531549596627,419.90525547763235,60.56772930496717,0.02605303670537672,0.07267123268620963,False,False,normal
1297,train,train,1221,False,0.5560815380064675,1.3688745818839312,12.757199433463022,7.564937645629297,419.90525547763235,60.56772930496717,0.030381137809175566,0.12490046650979361,False,False,normal
1298,train,train,1222,False,-1.9543588562678473,-4.5153115035147815,21.34358714136781,5.436303046602802,419.90525547763235,60.56772930496717,0.05082953085950301,0.08975576778238192,False,False,normal
1299,train,train,1223,False,-0.8767949423311608,-0.004830046097605945,8.994519477443005,4.926741086819217,419.90525547763235,60.56772930496717,0.021420354615976286,0.08134267444652535,False,False,normal
1300,train,train,1224,False,-1.1433047207639881,-1.472483385890934,20.37882570637065,8.055801788564063,419.90525547763235,60.56772930496717,0.048531961533061115,0.1330048506194107,False,False,normal
1301,train,train,1225,False,-1.542765203920125,0.043869599050699475,13.244474168435334,7.982816470202634,419.90525547763235,60.56772930496717,0.03154157752412519,0.13179983073177487,False,False,normal
1302,train,train,1226,False,-0.7235047013365951,2.0474395260852236,11.563935717482027,6.166973166384966,419.90525547763235,60.56772930496717,0.027539392676398683,0.10181945463620362,False,False,normal
1303,train,test,1227,False,-3.6018829896757354,-4.162915527230355,20.624451284520838,3.2476006120357632,419.90525547763235,60.56772930496717,0.0491169162935601,0.053619322522124445,False,False,normal
1304,test,train,1228,False,-2.491261450310503,-0.04394392930496871,13.373186886967282,4.002325059251746,419.90525547763235,60.56772930496717,0.0318481055250323,0.06608015696113465,False,False,normal
1305,train,train,1229,False,-2.709812787039849,0.66286790371427,9.994931309913545,4.366419946531663,419.90525547763235,60.56772930496717,0.023802824993329853,0.07209152458970543,False,False,normal
1306,train,train,1230,False,-3.0051437297723504,-0.22748504559750934,15.990702332338811,7.021556829157363,419.90525547763235,60.56772930496717,0.038081691342847716,0.1159290088918939,False,False,normal
1307,train,test,1231,False,-3.1095610705349266,0.13548623296232606,10.087114181447236,8.478124003061223,419.90525547763235,60.56772930496717,0.02402235754342579,0.13997757717435066,False,False,normal
1308,train,train,1232,False,-2.363047043233335,2.6283986282605785,15.52982766553434,4.993658567516259,419.90525547763235,60.56772930496717,0.036984123115747926,0.08244751165051069,False,False,normal
1309,train,test,1233,False,-3.3724770185686865,-0.19718315196830383,12.421218480110255,5.527839205807933,419.90525547763235,60.56772930496717,0.02958100266209198,0.0912670702574051,False,False,normal
1310,train,train,1234,False,-3.469322315688915,0.7126873173575358,9.217556255013552,3.5197280514363483,419.90525547763235,60.56772930496717,0.021951514382759506,0.05811226690890151,False,False,normal
1311,train,test,1235,False,-5.50393361175913,-1.4308274892898496,52.93345983312295,14.200944894680294,419.90525547763235,60.56772930496717,0.1260604842225954,0.23446388130511722,False,False,normal
1312,test,test,1236,False,-6.074337330013159,-2.4287521099225597,19.662462009824242,6.5248028783799015,419.90525547763235,60.56772930496717,0.04682594883805075,0.10772738144972525,False,False,normal
1313,test,train,1237,False,-5.061186873216131,1.3797405708364159,13.55800147704337,5.347856107652459,419.90525547763235,60.56772930496717,0.03228823954970857,0.08829546970013089,False,False,normal
1314,test,train,1238,False,-4.073268480892184,2.636183647446365,15.199519796111002,7.695165872984043,419.90525547763235,60.56772930496717,0.03619749835905699,0.1270505921435123,False,False,normal
1315,train,train,1239,False,-2.355297001150289,0.3383209043168035,82.7623758958589,10.859287164484034,419.90525547763235,60.56772930496717,0.1970977376830367,0.17929163416059352,False,False,normal
1316,train,train,1240,False,-5.873571898524506,-1.0699202117931546,15.660773165883434,4.213393151467011,419.90525547763235,60.56772930496717,0.03729596846333746,0.06956498451926396,False,False,normal
1317,train,train,1241,False,-5.081204042688936,2.2276120962899513,13.806176887673487,7.548320106930892,419.90525547763235,60.56772930496717,0.032879266709746904,0.12462610359592682,False,False,normal
1318,train,test,1242,False,-5.231160711194234,2.121156742266358,22.735174118228777,9.352174608450094,419.90525547763235,60.56772930496717,0.054143580776020654,0.1544085392628896,False,False,normal
1319,train,train,1243,False,-5.337774426336344,2.360347768517806,12.756888879702679,7.466188381830465,419.90525547763235,60.56772930496717,0.030380398228624258,0.12327007248756412,False,False,normal
1320,train,train,1244,False,-5.8369270277305665,1.7574627155251947,13.574599809491048,4.043790659253079,419.90525547763235,60.56772930496717,0.03232776830585333,0.06676477235743832,False,False,normal
1321,train,test,1245,False,4.05824812325922,0.3187144811315912,45.67414820402251,6.1229918172567395,419.90525547763235,60.56772930496717,0.10877250905580889,0.10109330310909627,False,False,normal
1322,train,train,1246,False,7.17413946244841,-2.1442716054613244,370.5133184274952,178.1585097483332,419.90525547763235,60.56772930496717,0.882373615462481,2.941475795654805,False,True,q alarm only
1323,test,train,1247,False,-0.7928278737258129,-3.810471445594159,19.75513714582195,6.720934678181449,419.90525547763235,60.56772930496717,0.047046653710849484,0.1109656042137651,False,False,normal
1324,train,train,1248,False,0.31953601961377415,-0.7387743202546736,11.966691191180251,9.53980343739361,419.90525547763235,60.56772930496717,0.028498550649404045,0.15750637421718977,False,False,normal
1325,train,train,1249,False,-1.885845838728035,-2.948902898354414,20.14535944028858,8.178380078327335,419.90525547763235,60.56772930496717,0.04797596404782719,0.13502867239991814,False,False,normal
1326,train,train,1250,False,-0.7562424955552303,0.11032544529277098,14.176062993961333,4.627227234664931,419.90525547763235,60.56772930496717,0.033760146626020185,0.0763975682721434,False,False,normal
1327,train,train,1251,False,3.155260337586598,7.257599047300907,26.036176327265647,9.519809522574871,419.90525547763235,60.56772930496717,0.062004883215024564,0.1571762658402013,False,False,normal
1328,test,train,1251,False,0.9557799483393107,2.806757009827444,33.854520170976336,16.139150692216507,419.90525547763235,60.56772930496717,0.0806241877884277,0.2664645162930507,False,False,normal
1329,train,train,1251,False,0.9641281636602838,2.824182866101825,34.331520351816586,14.988891901570058,419.90525547763235,60.56772930496717,0.08176015875954039,0.2474732348987172,False,False,normal
1330,train,train,1251,False,0.9501107427308102,2.705595034534078,33.43875088897426,13.077527561252738,419.90525547763235,60.56772930496717,0.0796340375662564,0.2159157642414745,False,False,normal
1331,train,test,1252,False,-0.7507395816586869,-4.4064515359105805,41.64017514661431,28.07366798927105,419.90525547763235,60.56772930496717,0.09916564416239466,0.46350867551788383,False,False,normal
1332,train,train,1253,False,-0.949345031960214,-0.8083463537690202,16.71641496778356,6.274181445638158,419.90525547763235,60.56772930496717,0.03980996843863988,0.10358951074501667,False,False,normal
1333,test,train,1254,False,-2.77952743653252,-2.8835162753688075,17.877551400255953,7.027478487826312,419.90525547763235,60.56772930496717,0.042575202779781024,0.11602677809567458,False,False,normal
1334,train,train,1255,False,-3.7504818476056494,-3.454302442301274,26.110331055656985,5.818763018854936,419.90525547763235,60.56772930496717,0.062181481929672676,0.09607035108674179,False,False,normal
1335,train,train,1256,False,1.8038768164452346,7.295266269807957,22.63259684997495,6.191256845578106,419.90525547763235,60.56772930496717,0.05389929407821034,0.10222038892038107,False,False,normal
1336,train,train,1257,False,-1.6758117651469997,-0.0865059507013739,14.942163769465965,7.574077728426132,419.90525547763235,60.56772930496717,0.03558460765743359,0.12505137331943827,False,False,normal
1337,train,train,1258,False,-2.342708657797291,0.3256588708575621,13.67546848591913,2.772101727909094,419.90525547763235,60.56772930496717,0.03256798600999553,0.045768625631500325,False,False,normal
1338,test,train,1259,False,-2.3284228703380396,0.44374634094713833,13.71394166950416,6.0444308523400245,419.90525547763235,60.56772930496717,0.03265960949668247,0.09979622683071791,False,False,normal
1339,train,train,1260,False,-4.263119355269085,-2.637034739634188,11.456872672558774,9.253461195153683,419.90525547763235,60.56772930496717,0.027284423148090514,0.15277873714831183,False,False,normal
1340,train,train,1261,False,-3.431275783764651,-0.9443286386000501,9.219272070079048,5.400248159427546,419.90525547763235,60.56772930496717,0.021955600578497984,0.08916048564800118,False,False,normal
1341,train,train,1262,False,-3.2953707304069133,0.6562099724341658,9.716667210012846,5.812156842327114,419.90525547763235,60.56772930496717,0.023140141932637553,0.09596128019034812,False,False,normal
1342,train,train,1263,False,-2.37968338892479,2.2636159836449,20.4479057060495,6.188794748496497,419.90525547763235,60.56772930496717,0.04869647483404438,0.10217973860857539,False,False,normal
1343,test,train,1264,False,-2.9974146225100182,0.007609674430892253,13.512260137109788,9.550728023169134,419.90525547763235,60.56772930496717,0.032179307024247435,0.15768674396030027,False,False,normal
1344,train,test,1265,False,-3.155808401114549,1.0280626778177444,12.309953686305406,3.097579943566586,419.90525547763235,60.56772930496717,0.029316026712509522,0.051142414931387443,False,False,normal
1345,test,train,1266,False,-3.985203755014364,0.8931975040072477,11.612178927350763,6.443434265759415,419.90525547763235,60.56772930496717,0.027654283379097467,0.10638394966593188,False,False,normal
1346,train,train,1267,False,-3.946461142480139,1.01722257128749,11.44047336133859,4.1644592180214355,419.90525547763235,60.56772930496717,0.027245368358929732,0.06875706363454354,False,False,normal
1347,train,train,1268,False,-3.953880302945371,2.9434406901118453,29.119123337788825,5.371514414536139,419.90525547763235,60.56772930496717,0.06934688946597371,0.08868607881087627,False,False,normal
1348,train,train,1269,False,-5.204082101348563,-0.4472504506016498,11.232723234993715,3.9315671662800713,419.90525547763235,60.56772930496717,0.026750613593099132,0.06491191285187643,False,False,normal
1349,train,train,1270,False,-4.630246809691245,1.5843272866063527,14.406421091594149,3.2637314309690346,419.90525547763235,60.56772930496717,0.034308742040409054,0.05388564947739217,False,False,normal
1350,test,train,1271,False,-5.239938275875826,1.3957737478509815,17.14470875891409,7.1139948630742955,419.90525547763235,60.56772930496717,0.04082994564907835,0.11745520171730914,False,False,normal
1351,train,train,1272,False,-3.78927098535334,3.4490986754555752,16.823785490030446,5.288285255474753,419.90525547763235,60.56772930496717,0.040065670220997315,0.08731192858242184,False,False,normal
1352,test,train,1273,False,-6.251232090164859,-1.317263943255247,17.936627929639958,4.931962427047728,419.90525547763235,60.56772930496717,0.04271589292026713,0.08142888108310273,False,False,normal
1353,train,test,1274,False,-6.273018909024699,-1.0658246747587514,16.508042736503228,4.686520250909805,419.90525547763235,60.56772930496717,0.03931373213637376,0.07737652219571425,False,False,normal
1354,train,train,1275,False,-5.771323555765103,1.7669949676197922,17.21752536168063,5.734552699077771,419.90525547763235,60.56772930496717,0.04100335763146403,0.09468000146090137,False,False,normal
1355,train,test,1276,False,-5.717840489845192,3.739521213803286,12.273797927133439,4.115811860232456,419.90525547763235,60.56772930496717,0.029229922147967123,0.06795387424066626,False,False,normal
1356,train,train,1277,False,-4.788670402004206,4.593785677266599,19.790022715998013,6.212701781737994,419.90525547763235,60.56772930496717,0.047129733333504786,0.10257445430150028,False,False,normal
1357,train,test,1278,False,-5.030950249453285,4.063598163744143,15.520503018716942,6.853478263182154,419.90525547763235,60.56772930496717,0.036961916566304306,0.1131539574263039,False,False,normal
1358,train,train,1279,False,4.055186500096595,1.0464150549612161,48.29919762754386,5.186679106137389,419.90525547763235,60.56772930496717,0.11502403696425438,0.08563436611634752,False,False,normal
1359,train,train,1280,False,3.0546291138774397,-1.4233850583130694,24.063368646389733,18.67360966756982,419.90525547763235,60.56772930496717,0.057306662235075426,0.3083095549701975,False,False,normal
1360,train,train,1281,False,0.7991167731264059,-1.8551221950285528,14.914718293399664,7.297646413517189,419.90525547763235,60.56772930496717,0.0355192465415431,0.12048737004440922,False,False,normal
1361,train,train,1282,False,-1.1201135011562542,-2.446471025893136,17.150964179708225,8.299379640127823,419.90525547763235,60.56772930496717,0.04084484286865952,0.13702642868348688,False,False,normal
1362,train,train,1283,False,-1.2992179790568392,-1.394785102720302,16.368524786678936,8.73892535367161,419.90525547763235,60.56772930496717,0.03898147158949017,0.1442835228256597,False,False,normal
1363,train,test,1284,False,0.7228073323870907,2.769743030865995,99.03557382020094,18.310110037453466,419.90525547763235,60.56772930496717,0.23585218934102242,0.3023080153006801,False,False,normal
1364,test,train,1285,False,0.5685867286823423,1.863989308402912,15.772268364304793,6.848663870087945,419.90525547763235,60.56772930496717,0.03756149311911852,0.113074469666907,False,False,normal
1365,train,test,1286,False,0.280448011869958,4.137207441581308,25.47364875102954,15.816963206857235,419.90525547763235,60.56772930496717,0.06066522964103858,0.26114505840588087,False,False,normal
1366,test,test,1287,False,0.5529715899821122,6.562385049609384,101.38135488221681,97.94406872022003,419.90525547763235,60.56772930496717,0.24143864255020553,1.6170998953429085,False,True,q alarm only
1367,train,train,1288,False,-0.5333191650133075,3.301392082100143,25.31375740566312,14.42360748059411,419.90525547763235,60.56772930496717,0.060284450064501616,0.23814013908246726,False,False,normal
1368,train,test,1289,False,0.514990413994616,5.06266616219761,20.75136038227219,17.091642374873036,419.90525547763235,60.56772930496717,0.049419148990331174,0.2821905752618556,False,False,normal
1369,train,test,1290,False,-1.8073283926128467,1.8039653508326448,9.66639935663267,6.1993756514763385,419.90525547763235,60.56772930496717,0.023020429562467297,0.1023544339967179,False,False,normal
1370,train,train,1291,False,-0.09073801928745286,4.108058350282399,28.952742754046444,17.241407667248037,419.90525547763235,60.56772930496717,0.06895065583571555,0.28466326648032464,False,False,normal
1371,train,train,1292,False,-1.0184424912516081,2.5235309984174084,14.370708059708868,9.06242007375887,419.90525547763235,60.56772930496717,0.034223691826296684,0.14962456373637997,False,False,normal
1372,train,train,1293,False,-0.40697585325800156,3.5291771048519296,10.521532263188767,4.205663659291254,419.90525547763235,60.56772930496717,0.02505691968827771,0.06943736718467909,False,False,normal
1373,train,train,1294,False,-0.9914929750170708,4.300643499576006,20.527924233489244,21.029399770092063,419.90525547763235,60.56772930496717,0.04888703812515805,0.34720469153145944,False,False,normal
1374,train,test,1295,False,-2.1916415229181156,2.582802368380255,10.357956396036165,5.76027085869186,419.90525547763235,60.56772930496717,0.02466736546141637,0.09510461965130099,False,False,normal
1375,test,train,1296,False,-1.7836640088359592,3.4930788263959758,12.266641263490666,5.273729456447701,419.90525547763235,60.56772930496717,0.029212878627912504,0.0870716059024389,False,False,normal
1376,train,train,1297,False,-2.9295313075489164,2.7817874419236093,11.56283988568003,6.554658723361132,419.90525547763235,60.56772930496717,0.02753678296435602,0.10822031465563928,False,False,normal
1377,train,train,1298,False,-0.5560566302430527,4.237922398004811,123.8060813985215,22.622126878184673,419.90525547763235,60.56772930496717,0.2948428955900897,0.37350132055106494,False,False,normal
1378,train,train,1299,False,-3.971507556006837,-0.5673670026583283,12.847762440560494,8.92042747158089,419.90525547763235,60.56772930496717,0.030596812668959018,0.14728020307093342,False,False,normal
1379,train,train,1300,False,0.46138673171095157,9.242531100847128,28.00869696819797,8.116597832360917,419.90525547763235,60.56772930496717,0.0667024206123325,0.1340086201926555,False,False,normal
1380,train,train,1300,False,-0.8753084544531794,-0.04914227102790141,19.803463975905558,14.71474151531914,419.90525547763235,60.56772930496717,0.047161743554220543,0.24294689076468945,False,False,normal
1381,train,train,1301,False,-2.755283467627784,3.244721028211844,14.541012242598272,6.415645389442661,419.90525547763235,60.56772930496717,0.03462926946712828,0.10592514302689093,False,False,normal
1382,train,test,1302,False,-3.6245800420515764,3.1889997556304968,11.742404516389843,3.2773720586768196,419.90525547763235,60.56772930496717,0.027964414265387403,0.05411086227411272,False,False,normal
1383,train,train,1303,False,-4.152928793808785,2.3963631005176174,13.01427520303489,4.802174722530949,419.90525547763235,60.56772930496717,0.030993361081493153,0.0792860286762826,False,False,normal
1384,train,train,1304,False,-4.569716864604371,3.872378066475921,14.089849209520258,5.002524416002081,419.90525547763235,60.56772930496717,0.03355482939477237,0.08259389073038641,False,False,normal
1385,train,test,1305,False,-1.25039658982771,9.521036052794889,31.959566038150935,7.569828724634584,419.90525547763235,60.56772930496717,0.07611137422368691,0.12498122038750065,False,False,normal
1386,test,test,1305,False,-0.2991458090016476,2.2167257726048577,27.50227489429356,18.63478220025538,419.90525547763235,60.56772930496717,0.0654963817087985,0.3076684963114035,False,False,normal
1387,train,train,1306,False,-3.86559624353601,3.33183130060798,20.046675106539446,10.741134693671878,419.90525547763235,60.56772930496717,0.04774094833306343,0.17734088460851372,False,False,normal
1388,train,train,1307,False,-4.635233991973736,4.740995973214418,11.995747115232566,7.575869847698931,419.90525547763235,60.56772930496717,0.02856774703042877,0.12508096200128857,False,False,normal
1389,train,train,1308,False,-4.817342445838669,4.3465515862377595,14.28135695338239,3.3560384059471624,419.90525547763235,60.56772930496717,0.03401090309559875,0.05540967846176021,False,False,normal
1390,train,test,1309,False,-4.847166185807463,5.713782145263585,15.51145756792594,5.872371236527715,419.90525547763235,60.56772930496717,0.036940374919294645,0.09695544647149452,False,False,normal
1391,train,train,1310,False,-6.0589011594820965,4.642884012101284,17.1325698363835,3.252855402454366,419.90525547763235,60.56772930496717,0.0408010369312849,0.05370608143613531,False,False,normal
1392,test,train,1311,False,5.256823759043788,5.5682229432513335,58.299682051693445,18.300523616536605,419.90525547763235,60.56772930496717,0.13884008664139944,0.30214973925125793,False,False,normal
1393,train,train,1312,False,0.3380598550919378,-0.24102499825323961,14.905051386351182,8.584475178235913,419.90525547763235,60.56772930496717,0.03549622490291777,0.14173348211572953,False,False,normal
1394,train,train,1313,False,-1.0808338964650477,-1.295707363525436,14.914097727133981,7.908104858091358,419.90525547763235,60.56772930496717,0.035517768669433646,0.1305663089707874,False,False,normal
1395,train,train,1314,False,-1.537403050204767,-1.3048669923529943,13.987309931284216,6.923019071473458,419.90525547763235,60.56772930496717,0.03331063316979441,0.11430210692917127,False,False,normal
1396,train,test,1315,False,0.39812294005003246,1.7191688009165336,13.250938794579554,5.194857419079348,419.90525547763235,60.56772930496717,0.03155697296407239,0.08576939368029629,False,False,normal
1397,train,train,1316,False,0.18030212347771934,4.430658055177691,77.07940243125276,42.07664224128977,419.90525547763235,60.56772930496717,0.18356379546518595,0.6947039739500198,False,False,normal
1398,train,test,1317,False,-0.15720252600894438,2.478435570624954,25.31969855381265,12.440523861130353,419.90525547763235,60.56772930496717,0.06029859884704727,0.20539855140499882,False,False,normal
1399,train,train,1318,False,-0.49389352490349453,2.6234763476056284,9.397994408785356,10.187560294771114,419.90525547763235,60.56772930496717,0.022381225969880656,0.16820112643608104,False,False,normal
1400,train,train,1319,False,-2.613145723555065,-1.80289873626967,20.09677597470171,9.968153067515715,419.90525547763235,60.56772930496717,0.047860263029673444,0.1645786160700303,False,False,normal
1401,test,train,1320,False,-1.5496018888670071,1.897202640283028,12.808907916607152,9.115179399215826,419.90525547763235,60.56772930496717,0.03050428102414989,0.1504956435351835,False,False,normal
1402,test,train,1321,False,-2.0464373333939934,1.0998493012534312,17.5133557272597,7.680549168883849,419.90525547763235,60.56772930496717,0.041707874571226,0.1268092638938334,False,False,normal
1403,train,train,1322,False,-0.6475471412312567,2.0579975665667716,13.802447349147217,7.007496244397253,419.90525547763235,60.56772930496717,0.032870384852524075,0.115696862418492,False,False,normal
1404,train,train,1323,False,-1.4743263379402285,4.340866627627171,34.26846369695896,7.187149890857265,419.90525547763235,60.56772930496717,0.08160998999162178,0.11866302358255727,False,False,normal
1405,train,train,1324,False,-1.8966753312476217,2.309050236636644,11.964612771530954,6.156545448406462,419.90525547763235,60.56772930496717,0.028493600914619388,0.1016472884001871,False,False,normal
1406,train,test,1325,False,-3.8496378976417267,-0.5952938479682626,11.140698483712523,8.152575394793338,419.90525547763235,60.56772930496717,0.02653145760474048,0.13460262566133124,False,False,normal
1407,train,test,1326,False,-2.506303550608828,3.426717676731268,12.908646634770847,5.995099653482233,419.90525547763235,60.56772930496717,0.030741807744434073,0.09898174691833088,False,False,normal
1408,train,train,489,False,-3.391636758934302,3.0853728875262867,14.888207461577702,3.550524164698434,419.90525547763235,60.56772930496717,0.035456111271202635,0.05862072436001418,False,False,normal
1409,train,train,1327,False,0.3238292364935442,9.099652957480224,31.110102777627574,6.739659126140123,419.90525547763235,60.56772930496717,0.07408838630095392,0.11127475313140725,False,False,normal
1410,train,train,1328,False,-4.970919424271318,-0.9823723552528894,16.11270203579425,13.460662744503292,419.90525547763235,60.56772930496717,0.03837223236814798,0.22224149557806486,False,False,normal
1411,train,train,1329,False,-4.080910428354065,2.844477755939793,25.77098228689739,12.81989013498128,419.90525547763235,60.56772930496717,0.061373326365214226,0.21166205638040847,False,False,normal
1412,train,train,1330,False,-4.334487210135338,3.530671106242573,18.415555473985,5.198765917117069,419.90525547763235,60.56772930496717,0.04385645388752693,0.08583392471163216,False,False,normal
1413,train,train,1331,False,-5.956716376580251,-0.25394321591712293,15.286919046785478,7.908782572191532,419.90525547763235,60.56772930496717,0.03640563876581389,0.13057749833033497,False,False,normal
1414,train,train,1332,False,-4.683594048156774,3.589150217312852,13.213906284120586,5.82815480539646,419.90525547763235,60.56772930496717,0.03146878042545592,0.09622541363654014,False,False,normal
1415,train,train,1333,False,-1.232696783718847,9.995838931557808,35.66051406445781,10.715106721734903,419.90525547763235,60.56772930496717,0.08492514346812548,0.17691115127963292,False,False,normal
1416,train,train,1333,False,-0.4044945014513208,2.2544846115189423,27.862063962155485,12.748453905457977,419.90525547763235,60.56772930496717,0.06635321563304332,0.21048261263465384,False,False,normal
1417,train,train,1334,False,-4.6444627524308455,3.418638328121061,19.219305932623733,5.896049278848003,419.90525547763235,60.56772930496717,0.04577057724786565,0.0973463814230273,False,False,normal
1418,train,train,1335,False,-5.043024193782901,3.577479156367925,13.828509986704962,2.7410448781128314,419.90525547763235,60.56772930496717,0.03293245275288435,0.04525586330488433,False,False,normal
1419,train,train,1336,False,-6.270372798526036,1.9306533539019046,64.89587312332789,14.611019378646278,419.90525547763235,60.56772930496717,0.15454884709530572,0.24123439241180245,False,False,normal
1420,train,train,1337,False,-5.061097418244607,2.2585673633467107,18.035546716274578,7.567844327691651,419.90525547763235,60.56772930496717,0.042951466982139974,0.12494845711627182,False,False,normal
1421,train,train,1338,False,-4.882863354596154,4.620297729784654,20.142002932436043,6.104446649351651,419.90525547763235,60.56772930496717,0.0479679705592753,0.10078711418443458,False,False,normal
1422,train,train,1339,False,-6.81748284380792,1.0372456279196327,19.899982166607764,8.697646705202693,419.90525547763235,60.56772930496717,0.04739160062184028,0.14360199408184512,False,False,normal
1423,train,train,1340,False,-6.963315432957686,1.9321745175401959,18.653562850288274,4.645395984883019,419.90525547763235,60.56772930496717,0.04442326597953694,0.07669754237430276,False,False,normal
1424,test,train,1341,False,3.167243676494193,-3.2513069118312075,34.55059007410543,27.84669231784987,419.90525547763235,60.56772930496717,0.08228187102541726,0.45976120679112464,False,False,normal
1425,train,train,1342,False,1.6321450517997032,2.131725364595901,12.61675719207564,7.89202890049166,419.90525547763235,60.56772930496717,0.030046676071544702,0.1303008878004022,False,False,normal
1426,train,train,1343,False,-0.08997645122818335,0.08770750101120503,12.843314048524014,3.5190301146629706,419.90525547763235,60.56772930496717,0.03058621886957582,0.058100743664074826,False,False,normal
1427,train,train,1344,False,0.3365234094973223,2.883959234480352,44.13712376537325,6.52848346137276,419.90525547763235,60.56772930496717,0.10511210133621289,0.10778814950286336,False,False,normal
1428,train,test,1345,False,0.1643290637885115,1.7142534659759072,15.81242496825821,12.45903115342895,419.90525547763235,60.56772930496717,0.03765712565390959,0.20570411498664493,False,False,normal
1429,test,test,1346,False,0.12490382525385747,1.42773481637995,16.630865788623282,6.579409765767241,419.90525547763235,60.56772930496717,0.03960623395795812,0.10862896531317812,False,False,normal
1430,train,train,1347,False,0.7559259954045892,2.164152797625871,17.383169683573527,7.3747022715952815,419.90525547763235,60.56772930496717,0.041397837861782846,0.12175959634317149,False,False,normal
1431,test,train,1348,False,-0.8934021192344712,-1.0916981496522202,16.25400409634368,13.944272859753553,419.90525547763235,60.56772930496717,0.038708741756173386,0.23022611248214617,False,False,normal
1432,train,train,1349,False,0.5898321828753623,2.3456807697277484,6.851817579211635,7.236348161605148,419.90525547763235,60.56772930496717,0.016317532323852087,0.11947530879305547,False,False,normal
1433,train,train,1350,False,0.830279093182736,2.449188657148115,8.705589876896294,6.1421523582958955,419.90525547763235,60.56772930496717,0.020732271776388915,0.10140965211638166,False,False,normal
1434,train,test,1351,False,1.256714540743751,2.1906989520845173,9.238021979399427,7.514734161120802,419.90525547763235,60.56772930496717,0.02200025329259429,0.12407158477550052,False,False,normal
1435,test,train,1352,False,0.7280913298302932,2.0306311347142185,6.571070823026796,8.766898362033844,419.90525547763235,60.56772930496717,0.015648936843032264,0.14474536956621334,False,False,normal
1436,train,train,1353,False,0.1312804272368053,2.7580311265246107,21.813515880006612,14.406198607389221,419.90525547763235,60.56772930496717,0.051948661264537524,0.23785271088589027,False,False,normal
1437,train,train,1354,False,-0.11502949557230532,2.333195980197923,9.906274051449774,6.276828145902049,419.90525547763235,60.56772930496717,0.023591688654102747,0.10363320893701201,False,False,normal
1438,train,train,1355,False,-0.2188290685740392,3.7324669134722983,31.290353818520153,7.38122605979187,419.90525547763235,60.56772930496717,0.07451765228069868,0.12186730697177604,False,False,normal
1439,train,train,1356,False,-1.2854730762543232,1.4268609400960433,13.223615504748263,10.338624249136982,419.90525547763235,60.56772930496717,0.03149190283343015,0.17069525913841893,False,False,normal
1440,test,test,1357,False,-1.35331226920978,2.500639415505764,9.551618040841419,6.364258691956918,419.90525547763235,60.56772930496717,0.022747079052336885,0.10507672592300706,False,False,normal
1441,test,test,1358,False,-0.5578381425334875,1.8291089516910053,18.60425111833349,5.4531937430453565,419.90525547763235,60.56772930496717,0.044305830602600085,0.09003464065142258,False,False,normal
1442,train,train,1359,False,-1.4683151885182002,1.8005212894678908,12.995920155564294,6.832462221956053,419.90525547763235,60.56772930496717,0.03094964872678657,0.11280697329024222,False,False,normal
1443,train,test,1360,False,-1.8662471253088624,1.603791409980677,11.799357201495097,7.672914799183527,419.90525547763235,60.56772930496717,0.028100046492806112,0.12668321707339075,False,False,normal
1444,test,train,1361,False,-2.7580435415996454,0.13816570149127158,10.92903277595664,6.319417544507991,419.90525547763235,60.56772930496717,0.026027377922491404,0.10433637874533518,False,False,normal
1445,train,train,1362,False,-2.126714690169388,2.4261643293865953,11.020525180041908,6.854484456976451,419.90525547763235,60.56772930496717,0.02624526613153798,0.11317057013088838,False,False,normal
1446,train,train,1363,False,3.6334036533910936,1.251902017171011,22.69648790736316,58.13370639816511,419.90525547763235,60.56772930496717,0.05405144996707993,0.9598132052376207,False,False,normal
1447,train,train,1364,False,4.869442184780196,2.6851099034411936,17.890991973557202,19.86688263584794,419.90525547763235,60.56772930496717,0.042607211365351026,0.32801101946244915,False,False,normal
1448,train,train,1365,False,4.201796331287586,0.4198344957911079,17.36301337601438,19.644697583098992,419.90525547763235,60.56772930496717,0.041349835824903786,0.3243426459688646,False,False,normal
1449,train,train,1366,False,3.001943746395354,0.5742480540315924,14.458342132479936,21.08635556052141,419.90525547763235,60.56772930496717,0.03443239145943509,0.34814505682305835,False,False,normal
1450,train,train,1367,False,2.743497612453343,0.7244120669458258,29.102291462379075,26.175582520275192,419.90525547763235,60.56772930496717,0.06930680452969303,0.4321704448994182,False,False,normal
1451,train,train,1368,False,1.9616844629662242,-0.9142597267500703,14.771261987472545,9.196688058060737,419.90525547763235,60.56772930496717,0.03517760684054926,0.15184138754408472,False,False,normal
1452,train,train,1369,False,3.000848981172458,2.1134900070111495,11.66653153197299,10.338506973698564,419.90525547763235,60.56772930496717,0.027783723541879902,0.17069332286905958,False,False,normal
1453,train,train,1370,False,2.631690120136392,0.47419469346306453,10.444401535930513,6.809177433890657,419.90525547763235,60.56772930496717,0.024873233663270666,0.11242253114039451,False,False,normal
1454,train,train,1371,False,2.0416559574358923,-1.596390734640398,16.191446392748862,9.616958984643919,419.90525547763235,60.56772930496717,0.038559761235499354,0.15878024642827793,False,False,normal
1455,train,train,1372,False,2.176311690246651,0.08691146450291681,18.02400676909974,8.064188006313032,419.90525547763235,60.56772930496717,0.042923984717928465,0.13314331078367975,False,False,normal
1456,train,train,1373,False,3.442321169965513,1.105950036443801,12.621541260648414,10.933336782919442,419.90525547763235,60.56772930496717,0.03005806928110892,0.18051422611319187,False,False,normal
1457,train,train,1374,False,2.319802267087967,2.0785196170877676,28.11331892225933,6.099889038530266,419.90525547763235,60.56772930496717,0.06695157670813406,0.10071186601393711,False,False,normal
1458,train,train,1375,False,1.9491558160895526,0.11475604759080588,12.482482369456026,6.441566576801891,419.90525547763235,60.56772930496717,0.029726901977584194,0.10635311329516221,False,False,normal
1459,train,train,1376,False,2.154455374240681,-0.037969055503233845,10.875309137050564,3.874214706901188,419.90525547763235,60.56772930496717,0.025899435635022373,0.06396499838047359,False,False,normal
1460,train,test,1377,False,2.2890297664225088,1.0285997320380678,13.073583434225393,6.417787331285544,419.90525547763235,60.56772930496717,0.031134603017422345,0.10596050743410021,False,False,normal
1461,train,train,1378,False,2.2102622933136575,1.6342603939088007,28.380918682523433,4.366287333047253,419.90525547763235,60.56772930496717,0.06758886275486313,0.07208933508242273,False,False,normal
1462,train,train,1379,False,2.0805362997751518,1.0908161499473403,25.6776023588819,12.644795876631804,419.90525547763235,60.56772930496717,0.06115094303755315,0.20877117273067064,False,False,normal
1463,test,train,1380,False,-0.23036168885386754,-1.995211882325995,16.243317880061714,8.497668882936532,419.90525547763235,60.56772930496717,0.03868329264320667,0.14030027178581445,False,False,normal
1464,train,train,1381,False,-0.0584440438720387,1.8777420276553134,34.28551152098322,9.65319800771216,419.90525547763235,60.56772930496717,0.08165058920728262,0.15937856872769537,False,False,normal
1465,train,train,1382,False,-0.9747207780743058,0.73035259570018,27.90944371350942,11.298763721758101,419.90525547763235,60.56772930496717,0.06646605001826683,0.18654758650216538,False,False,normal
1466,train,train,1383,False,0.8515105266583527,1.9911662212392907,21.82058528814449,7.135531816288758,419.90525547763235,60.56772930496717,0.05196549698651446,0.11781078634069861,False,False,normal
1467,train,train,1384,False,-0.9764477714443791,-1.2758203514948667,7.734362794559749,4.2142872176053725,419.90525547763235,60.56772930496717,0.01841930457803414,0.06957974594665477,False,False,normal
1468,train,train,1385,False,-0.9712787955134988,0.7144963331926873,10.497837873545844,8.990667354553668,419.90525547763235,60.56772930496717,0.025000491745702968,0.14843989460599347,False,False,normal
1469,train,test,1386,False,-0.8729592405982616,1.1247275533650267,9.186534378614374,2.2830350816676073,419.90525547763235,60.56772930496717,0.021877636106661505,0.03769391898732408,False,False,normal
1470,train,train,1387,False,-1.0557188922087508,0.6204811347423798,8.604961185400018,2.7917260328490134,419.90525547763235,60.56772930496717,0.020492625593866592,0.04609263158591061,False,False,normal
1471,train,train,1388,False,-1.388800701793942,0.3667841909869171,9.251976147297528,3.311945869774962,419.90525547763235,60.56772930496717,0.022033484998356646,0.0546816911873787,False,False,normal
1472,train,train,1389,False,-1.0672150917708934,1.8364733046125703,9.250082118435762,4.478958353569289,419.90525547763235,60.56772930496717,0.022028974388315314,0.07394958346576101,False,False,normal
1473,train,train,1390,False,-1.5934113981430964,1.0799432910127438,18.66334071209652,8.63396217322201,419.90525547763235,60.56772930496717,0.04444655185576901,0.1425505342911037,False,False,normal
1474,train,test,1391,False,-0.3990356819634204,2.6110806654707788,10.9861757817995,7.537522541539476,419.90525547763235,60.56772930496717,0.02616346339676788,0.1244478310155392,False,False,normal
1475,train,train,1392,False,-0.02337703791869595,2.618829889261994,9.609748283242057,6.651186113161949,419.90525547763235,60.56772930496717,0.022885515620211027,0.10981402455542418,False,False,normal
1476,train,train,1393,False,-2.022456964911302,-0.26421041599168676,25.617274300402006,8.000789529795115,419.90525547763235,60.56772930496717,0.06100727239353782,0.13209657389515128,False,False,normal
1477,test,train,1394,False,-2.9825768446321184,-0.9168676697322642,6.448240156173793,3.3108653799043846,419.90525547763235,60.56772930496717,0.015356416887040559,0.05466385182171358,False,False,normal
1478,train,train,1395,False,-0.5518430312037654,4.249912578960988,42.154324519608224,20.482485806938897,419.90525547763235,60.56772930496717,0.10039008554836655,0.3381749000991378,False,False,normal
1479,train,train,1396,False,-3.543242937374917,-0.7785469011384654,13.011401917066214,10.721392278719028,419.90525547763235,60.56772930496717,0.030986518380833435,0.17701492860554977,False,False,normal
1480,train,train,1397,False,-2.7300584018365734,1.5858991740849635,10.931366838716233,8.497808566266736,419.90525547763235,60.56772930496717,0.026032936468685205,0.1403025780193782,False,False,normal
1481,train,test,1398,False,-2.6525326580681297,0.9442817425136835,19.40715231993896,6.468389773972946,419.90525547763235,60.56772930496717,0.04621793146614414,0.10679597614438671,False,False,normal
1482,train,train,1399,False,-2.2680834431445707,3.19880022606777,16.267408665872406,6.80817871921207,419.90525547763235,60.56772930496717,0.038740664599133466,0.11240604191931841,False,False,normal
1483,test,train,1400,False,-2.351055222775629,0.969445512870746,12.862761768842999,9.994643402394459,419.90525547763235,60.56772930496717,0.03063253341330989,0.16501598321558336,False,False,normal
1484,train,train,1401,False,-4.296659792403706,-0.4606466111378744,12.909106378537935,6.033411693510346,419.90525547763235,60.56772930496717,0.03074290261943526,0.09961429564465354,False,False,normal
1485,train,test,1402,False,-3.6857615378671826,2.515579386963123,10.729366370025643,5.671139431528561,419.90525547763235,60.56772930496717,0.025551874452776832,0.09363302036590414,False,False,normal
1486,train,test,1403,False,-4.558186211921607,0.9865300558712441,32.676868993046114,6.5459400669471135,419.90525547763235,60.56772930496717,0.07781962375268903,0.10807636578197227,False,False,normal
1487,test,train,1404,False,-4.023028256075504,2.4262531617583405,15.227528954071865,7.030677699716455,419.90525547763235,60.56772930496717,0.03626420187751856,0.11607959849899586,False,False,normal
1488,train,test,1405,False,-3.960931042782517,2.6156638093152154,11.177976114058016,6.9480313226380135,419.90525547763235,60.56772930496717,0.026620233893818096,0.11471507025884499,False,False,normal
1489,train,train,1406,False,-4.1942257043835145,3.6067183760233332,24.35336798077274,5.830722208782315,419.90525547763235,60.56772930496717,0.0579972926346715,0.09626780260200601,False,False,normal
1490,train,train,1407,False,-3.422525437978577,4.20081586025188,12.61252486780549,10.7273424159367,419.90525547763235,60.56772930496717,0.030036596835300477,0.17711316800276594,False,False,normal
1491,test,train,1408,False,-3.0965044633570993,3.6626698293196482,19.64557068516877,7.520493629103419,419.90525547763235,60.56772930496717,0.04678572232400949,0.12416667613931272,False,False,normal
1492,train,train,1409,False,-4.418177382415749,1.905017393969053,11.142773360636989,12.20400588270137,419.90525547763235,60.56772930496717,0.026536398902562784,0.20149353496896766,False,False,normal
1493,train,train,1410,False,-2.6386029163571476,6.705605950748978,14.8623686319716,8.421371154069563,419.90525547763235,60.56772930496717,0.03539457636715217,0.13904056253564923,False,False,normal
1494,test,train,1411,False,-3.793395901596319,1.6136838154268232,18.392421606123122,10.482295960413795,419.90525547763235,60.56772930496717,0.04380136082174579,0.17306734263775908,False,False,normal
1495,train,test,1412,False,-4.3329252334650965,4.497671877423585,26.58068069360911,10.067701880840277,419.90525547763235,60.56772930496717,0.06330161470204561,0.16622221100857124,False,False,normal
1496,train,train,1413,False,-4.239465067015234,1.6346939529948843,17.680647196766373,9.611039012882616,419.90525547763235,60.56772930496717,0.04210627746646098,0.15868250507608864,False,False,normal
1497,train,train,1414,False,-4.847491418804319,3.801424006282199,32.121675746638,4.880619461266807,419.90525547763235,60.56772930496717,0.0764974368089305,0.08058118600900804,False,False,normal
1498,test,test,1415,False,-4.9999107024872345,2.401084876905309,16.99689816540425,6.659370685576542,419.90525547763235,60.56772930496717,0.04047793625747951,0.10994915546603472,False,False,normal
1499,train,train,1416,False,4.182244923050832,1.9232282359043478,43.01334943598358,7.846310924793994,419.90525547763235,60.56772930496717,0.10243584445509477,0.12954606380052153,False,False,normal
1500,train,train,1417,False,0.687135730309837,-0.25077032467167976,15.454117247000553,4.216691060842163,419.90525547763235,60.56772930496717,0.03680381954120069,0.06961943446171676,False,False,normal
1501,train,test,1418,False,0.020297106889174153,-0.29137260757121014,10.46823456423169,6.134228552822623,419.90525547763235,60.56772930496717,0.024929991772368553,0.10127882658330982,False,False,normal
1502,train,train,1419,False,0.20220288924232166,1.9453212112596296,31.62970156903729,3.219064600037146,419.90525547763235,60.56772930496717,0.07532580542022331,0.05314818034251698,False,False,normal
1503,train,train,1420,False,-0.35028899386528284,0.2369675749907123,16.56712433393389,4.792587071083648,419.90525547763235,60.56772930496717,0.03945443434636029,0.0791277323102586,False,False,normal
1504,train,train,1421,False,-0.21497179826068905,0.42858438998231213,12.806782321947086,6.081258599799339,419.90525547763235,60.56772930496717,0.030499218942567585,0.10040426923022544,False,False,normal
1505,train,train,1422,False,0.6961917106790586,1.9432340043875471,16.12187907565016,8.731576474691579,419.90525547763235,60.56772930496717,0.038394087393147536,0.14416218958328195,False,False,normal
1506,train,train,1423,False,-0.00886219296444923,-0.14721600790888592,11.143861361492164,6.817329446347355,419.90525547763235,60.56772930496717,0.02653898996528701,0.1125571244716989,False,False,normal
1507,test,train,1424,False,-0.412089939109218,0.3960520148976759,15.119160468203095,10.631387487241481,419.90525547763235,60.56772930496717,0.036006123455171825,0.17552890968903467,False,False,normal
1508,train,train,1425,False,-2.263470423515475,-3.1767691853433906,11.643545282490999,7.110140104646559,419.90525547763235,60.56772930496717,0.027728982027735615,0.11739155795070322,False,False,normal
1509,train,test,1426,False,-2.635999053077946,-2.0962772716442184,12.248429455803597,5.346891022782882,419.90525547763235,60.56772930496717,0.029169507397261072,0.08827953572207604,False,False,normal
1510,train,train,1427,False,-1.5390062486661251,0.8693821498766102,10.121387540626573,3.9732858537076816,419.90525547763235,60.56772930496717,0.024103979191957798,0.06560070683352878,False,False,normal
1511,train,train,1428,False,-1.743955270328453,0.57806949564604,21.15736653116248,11.651329143468303,419.90525547763235,60.56772930496717,0.0503860484125079,0.19236859755468452,False,False,normal
1512,train,train,1429,False,1.7194100976599092,8.276285351869065,30.79576477982607,8.462513088691455,419.90525547763235,60.56772930496717,0.07333979362748536,0.13971983407338076,False,False,normal
1513,train,train,1429,False,-0.36982938353307987,1.0150965076591816,23.171559084001935,9.485168752720657,419.90525547763235,60.56772930496717,0.05518282703474342,0.15660433140825664,False,False,normal
1514,train,train,1430,False,-3.060567710108522,-1.6977278207254152,11.072036739562039,4.898350625548886,419.90525547763235,60.56772930496717,0.026367940374949245,0.08087393537381914,False,False,normal
1515,train,train,1431,False,-2.1668367378269617,2.0113659836940503,9.660849831503768,11.719116872155077,419.90525547763235,60.56772930496717,0.023007213426073408,0.19348780293789203,False,False,normal
1516,train,train,1432,False,-2.2983354007387407,0.2801601931501142,11.024046736597723,4.104827501400126,419.90525547763235,60.56772930496717,0.02625365268186065,0.0677725176179502,False,False,normal
1517,test,train,1433,False,-2.5153159334490094,1.6130680469883818,9.637441130325186,5.958788846479812,419.90525547763235,60.56772930496717,0.022951465847606083,0.09838223943441,False,False,normal
1518,train,train,1434,False,-2.6235419421247115,1.2942678672080987,10.088976123957965,7.2914282151311065,419.90525547763235,60.56772930496717,0.024026791740155744,0.12038470483873885,False,False,normal
1519,test,train,1435,False,-3.4146344048806556,1.2390483797647294,10.90935186795745,2.761343743048675,419.90525547763235,60.56772930496717,0.02598050804472147,0.04559100654318597,False,False,normal
1520,train,train,1436,False,-2.4204783268958723,3.393536235503083,13.61301253429328,5.408464618120263,419.90525547763235,60.56772930496717,0.032419247810577645,0.08929614301516688,False,False,normal
1521,train,train,1437,False,-4.757808203772963,-1.1502665149583038,11.227045888575905,3.358691979659454,419.90525547763235,60.56772930496717,0.026737093051634717,0.05545349013742879,False,False,normal
1522,train,train,1438,False,-3.6641671503220388,1.900670062493029,7.206812087820072,3.0958237434566525,419.90525547763235,60.56772930496717,0.01716294805508565,0.05111341929080315,False,False,normal
1523,train,train,1439,False,-5.837575635689552,-1.5516295577903212,11.36195694885638,3.73160620475199,419.90525547763235,60.56772930496717,0.027058382338969348,0.06161046893408897,False,False,normal
1524,test,train,1440,False,-4.775516146037291,1.8647239887372815,9.772183766715994,5.169723279562957,419.90525547763235,60.56772930496717,0.02327235403519864,0.08535441792002242,False,False,normal
1525,test,train,1441,False,-4.423131273356149,1.592115187198909,19.222482174479307,8.167605307184326,419.90525547763235,60.56772930496717,0.04577814143482006,0.13485077616265365,False,False,normal
1526,train,train,1442,False,-4.877007147700985,1.7404651715498067,12.982957679624663,6.950722333100452,419.90525547763235,60.56772930496717,0.030918778725112298,0.1147595000318168,False,False,normal
1527,train,test,1443,False,-7.256360007625252,-1.1863930161854097,15.436450996552322,2.766565161952834,419.90525547763235,60.56772930496717,0.03676174754944118,0.04567721447873311,False,False,normal
1528,train,test,1444,False,-3.890791079964624,6.484464531350413,21.387539855793225,7.790916418496305,419.90525547763235,60.56772930496717,0.05093420379191349,0.12863147600049404,False,False,normal
1529,train,train,1445,False,-6.681370406090726,1.0200325902996914,18.18202070310334,12.691863371268566,419.90525547763235,60.56772930496717,0.04330029325882506,0.20954827788512956,False,False,normal
1530,train,train,1446,False,6.901666571511819,7.662150039442657,52.618820499077636,9.823063857449183,419.90525547763235,60.56772930496717,0.12531117391999527,0.16218312903871057,False,False,normal
1531,test,train,1446,False,0.661993843562743,1.5716436245541658,26.297108555267904,11.834381570600561,419.90525547763235,60.56772930496717,0.062626290602997,0.19539087409093311,False,False,normal
1532,train,train,1447,False,2.1619653365897413,-1.2536316125687923,15.020204457948488,10.272999181889757,419.90525547763235,60.56772930496717,0.03577046074563501,0.169611760252126,False,False,normal
1533,test,train,1448,False,1.6247686004270376,-0.5070338658190877,11.748069342202246,4.248829269409559,419.90525547763235,60.56772930496717,0.027977904989160217,0.07015005049993037,False,False,normal
1534,train,train,1449,False,-0.553421552967934,-1.4853913542217707,33.49239556587944,3.6917605462385352,419.90525547763235,60.56772930496717,0.07976179180654129,0.06095259948825212,False,False,normal
1535,train,train,1450,False,0.07772588194838881,0.8692621581640576,75.07254529217077,18.68609974251446,419.90525547763235,60.56772930496717,0.17878448605454467,0.3085157716319078,False,False,normal
1536,train,train,1451,False,0.23321615388219671,0.30170893035402496,21.296803256723116,14.387026035821334,419.90525547763235,60.56772930496717,0.05071811552465211,0.23753616324925442,False,False,normal
1537,train,train,1452,False,-0.4226273690400924,0.3130848774672177,12.546423483558918,5.8942054066533185,419.90525547763235,60.56772930496717,0.02987917707599934,0.09731593827754631,False,False,normal
1538,train,train,1453,False,0.6898244010572737,2.9499788746185853,13.447041070941975,7.278843794205094,419.90525547763235,60.56772930496717,0.03202398849627705,0.12017693048314682,False,False,normal
1539,train,test,1454,False,-1.8467827598341469,-3.4650197169995884,13.8920688138078,4.7923347859837975,419.90525547763235,60.56772930496717,0.03308381743878366,0.0791235669716741,False,False,normal
1540,train,train,1455,False,-0.28565065981149634,0.6087328461150293,8.488428347877631,3.3222667905844174,419.90525547763235,60.56772930496717,0.02021510385294474,0.054852094154897724,False,False,normal
1541,train,test,1456,False,-0.7637213415254699,0.3646678831529135,7.787238465090827,4.298811377974135,419.90525547763235,60.56772930496717,0.018545227437634773,0.07097527721947451,False,False,normal
1542,train,test,1457,False,-1.2305344227608774,0.4392196910001684,8.618729746860865,5.5947255813881585,419.90525547763235,60.56772930496717,0.02052541527982845,0.09237139390215399,False,False,normal
1543,train,train,1458,False,-1.8135023698324029,-0.8102349100786528,8.414006242383781,8.626625135200346,419.90525547763235,60.56772930496717,0.02003786838250702,0.14242939654818584,False,False,normal
1544,train,train,1459,False,-1.902095384439113,0.8604589532521024,8.849627109221053,3.219234265927657,419.90525547763235,60.56772930496717,0.021075294947558613,0.05315098160141273,False,False,normal
1545,train,train,1460,False,1.941517092939744,9.178363560033818,27.440219314719993,5.339577724512133,419.90525547763235,60.56772930496717,0.0653485969912603,0.08815878993294592,False,False,normal
1546,train,train,1461,False,-1.6547498015754623,0.441989457823598,13.405687853801053,9.514543071421095,419.90525547763235,60.56772930496717,0.0319255062396216,0.15708931440229515,False,False,normal
1547,train,train,1462,False,-3.388790515114078,-1.971941210114858,12.856748003627416,10.885324605267316,419.90525547763235,60.56772930496717,0.030618211693976462,0.17972152382431494,False,False,normal
1548,train,test,1463,False,-3.851803885010197,-1.5996657128011271,10.212611923241838,4.602921933602064,419.90525547763235,60.56772930496717,0.02432122911066029,0.0759962770013334,False,False,normal
1549,test,test,1464,False,-2.9903647585460384,1.0111024712252574,11.264828809046982,8.009028081655535,419.90525547763235,60.56772930496717,0.026827072683892714,0.13223259603028759,False,False,normal
1550,test,test,1465,False,-2.9682859154976726,4.49383449362883,14.689919828868678,8.23457541161772,419.90525547763235,60.56772930496717,0.034983891335580546,0.13595648220780174,False,False,normal
1551,train,train,1466,False,-1.9982310719095566,4.229304771910998,17.653114683958812,4.0521827116812075,419.90525547763235,60.56772930496717,0.04204070907347613,0.06690332885484097,False,False,normal
1552,train,train,1467,False,-1.8169634746700478,7.253017023562018,79.97214829707983,39.0239371738057,419.90525547763235,60.56772930496717,0.19045283966763737,0.6443024630709631,False,False,normal
1553,train,train,262,False,-1.731724485165008,3.394558180998073,25.526106388390577,15.061827527737304,419.90525547763235,60.56772930496717,0.06079015695899122,0.24867743434624814,False,False,normal
1554,train,train,1468,False,-3.293156006911149,1.7378457630878985,11.332538456440389,7.659612979558985,419.90525547763235,60.56772930496717,0.026988322505156294,0.12646359814797975,False,False,normal
1555,test,train,1469,False,-4.105854538374792,0.9809535428136031,7.968590689326725,7.792777289456123,419.90525547763235,60.56772930496717,0.01897711587406221,0.12866219980310598,False,False,normal
1556,train,train,1470,False,-5.771164071888087,-0.9013260640082302,12.336633853340805,6.836844918820574,419.90525547763235,60.56772930496717,0.029379565252900145,0.11287933355394723,False,False,normal
1557,train,train,1471,False,-5.890500532168403,1.460134221459528,14.556731818889272,6.290692705782029,419.90525547763235,60.56772930496717,0.03466670547462268,0.10386211895294097,False,False,normal
1558,train,train,1472,False,-3.969854182686539,3.460111515738334,18.886215740501196,6.491614375455507,419.90525547763235,60.56772930496717,0.044977326418595476,0.10717942458713123,False,False,normal
1559,train,train,1473,False,-3.5256513552060254,5.53388188395485,95.39735597810844,11.986616460705553,419.90525547763235,60.56772930496717,0.22718781137806002,0.19790433946023014,False,False,normal
1560,train,train,1474,False,-4.943345882337278,4.749205805467384,12.368937413082552,3.584834791924697,419.90525547763235,60.56772930496717,0.029456495844552306,0.059187207991148905,False,False,normal
1561,train,train,1475,False,-5.062768178408233,4.97025388470111,16.73985492626805,6.081972220646153,419.90525547763235,60.56772930496717,0.039865790456056226,0.10041605142604164,False,False,normal
1562,train,train,1476,False,-5.362867275379189,5.091584059584872,18.52838454104111,3.709463378923645,419.90525547763235,60.56772930496717,0.0441251551375929,0.06124488108586615,False,False,normal
1563,train,train,1477,False,4.142988009591856,1.6761670416852472,40.74048153409304,6.253559347215027,419.90525547763235,60.56772930496717,0.09702303317864337,0.10324903077887337,False,False,normal
1564,train,train,1478,False,4.2708729535950125,4.012111740531275,15.233878977892505,8.780898795479306,419.90525547763235,60.56772930496717,0.03627932439322372,0.14497652291480542,False,False,normal
1565,test,train,1479,False,1.0690916546193996,1.4524827958321747,12.746811715307517,5.350277087360981,419.90525547763235,60.56772930496717,0.03035639956639342,0.08833544114592065,False,False,normal
1566,train,train,1480,False,2.632349322094868,2.241711049356131,18.98343252256531,7.250183115098979,419.90525547763235,60.56772930496717,0.045208847174280066,0.11970372999445415,False,False,normal
1567,train,train,1481,False,1.3672229702971939,2.932608609103863,11.133832286647149,5.968984261927533,419.90525547763235,60.56772930496717,0.02651510582781984,0.09855057025289563,False,False,normal
1568,train,train,1482,False,0.6318196100610859,2.1502818971293354,16.94790803871467,4.682025057087953,419.90525547763235,60.56772930496717,0.04036126678013787,0.07730230455748618,False,False,normal
1569,train,train,1483,False,-0.303199006417534,0.8834564495753475,14.574174975716412,7.505898737641461,419.90525547763235,60.56772930496717,0.03470824617124316,0.12392570802593883,False,False,normal
1570,train,train,1484,False,0.306637796226575,3.574810491111172,17.52271897575826,6.230393054168533,419.90525547763235,60.56772930496717,0.041730173050171945,0.10286654503419822,False,False,normal
1571,train,train,1485,False,0.7708442844473687,2.6223136820018174,15.772394673742667,5.7170912639271005,419.90525547763235,60.56772930496717,0.03756179392373153,0.09439170544335135,False,False,normal
1572,train,train,1486,False,-0.06460884784034714,2.5191680100232383,9.236311927360306,4.601966065748301,419.90525547763235,60.56772930496717,0.021996180821443206,0.07598049520028635,False,False,normal
1573,test,train,1487,False,2.5012306918221086,3.4199804778598852,118.5429855481272,13.951211536467957,419.90525547763235,60.56772930496717,0.2823088875448519,0.2303406731036855,False,False,normal
1574,train,train,1488,False,-1.2220161364512059,-0.8179786298131282,17.490858429540385,4.47849070413442,419.90525547763235,60.56772930496717,0.0416542974906207,0.07394186236674945,False,False,normal
1575,test,train,1489,False,-0.40632804536666767,2.7137118625515124,9.109247372288282,4.900330714874546,419.90525547763235,60.56772930496717,0.0216935779046793,0.0809066275243815,False,False,normal
1576,train,test,1490,False,-1.0122781526687348,2.8911120868003093,9.278383492553587,5.872209007223939,419.90525547763235,60.56772930496717,0.022096373816516406,0.09695276799393497,False,False,normal
1577,train,train,1491,False,-1.3586777680233446,2.846578727299425,21.780723855697453,11.574396686120403,419.90525547763235,60.56772930496717,0.05187056739959683,0.19109840865655806,False,False,normal
1578,train,train,1492,False,2.3807827952345173,10.475733728781618,31.17882910238359,8.13004214959979,419.90525547763235,60.56772930496717,0.07425205732878577,0.134230591816706,False,False,normal
1579,train,train,1492,False,-0.3500597377151484,0.922259430856186,23.033537186259636,8.30943833734093,419.90525547763235,60.56772930496717,0.054854129320338056,0.13719250222344842,False,False,normal
1580,train,train,1493,False,-1.4332515954571305,3.359573562747235,9.895584512973077,4.560678425651297,419.90525547763235,60.56772930496717,0.023566231629363825,0.07529881800071501,False,False,normal
1581,test,train,1494,False,-2.399895153186817,4.896247257218895,24.912992615485546,16.510243609478344,419.90525547763235,60.56772930496717,0.059330032883602765,0.27259142449185947,False,False,normal
1582,train,train,1495,False,-2.139627085552121,4.209678168593838,22.032332871207686,7.19439024306327,419.90525547763235,60.56772930496717,0.052469771653956616,0.11878256499989437,False,False,normal
1583,train,train,1496,False,-1.7540216092995418,3.7579070338335603,17.373814672432275,4.544157069337813,419.90525547763235,60.56772930496717,0.04137555900001768,0.07502604310056488,False,False,normal
1584,train,train,1497,False,-2.668264992696607,4.075449234628652,13.382893396936241,5.031794836918683,419.90525547763235,60.56772930496717,0.03187122147760098,0.08307715832605969,False,False,normal
1585,train,test,1498,False,-2.5484024576450506,5.036308937561024,9.962971990844304,5.303515306372297,419.90525547763235,60.56772930496717,0.02372671420726006,0.087563383459009,False,False,normal
1586,train,train,1499,False,-3.749747451350671,4.241025124599995,10.584835738852085,4.663079741424348,419.90525547763235,60.56772930496717,0.025207676257378783,0.07698950901634558,False,False,normal
1587,train,train,1500,False,-5.031538996811987,2.5662045674726413,14.68459802650009,5.571378450556068,419.90525547763235,60.56772930496717,0.03497121751857263,0.09198592244565389,False,False,normal
1588,train,train,1501,False,-1.0099977266949594,10.775326041173267,28.24491049450773,8.080921055823715,419.90525547763235,60.56772930496717,0.06726496066923432,0.1334195808321478,False,False,normal
1589,train,train,1501,False,-0.19154584707166603,2.8438817289546288,30.5899831054228,21.084727800562213,419.90525547763235,60.56772930496717,0.07284972670948692,0.3481181817861719,False,False,normal
1590,train,train,1501,False,-1.4249069321117827,0.004059155278006663,15.165737202489659,16.839924738935583,419.90525547763235,60.56772930496717,0.03611704546359866,0.2780346057575339,False,False,normal
1591,train,train,1502,False,-3.345613936578534,3.402157133691654,15.19903440600103,8.037660586993374,419.90525547763235,60.56772930496717,0.03619634240755688,0.1327053313576047,False,False,normal
1592,train,train,1503,False,-6.284567516082811,0.9625458303444558,16.030589146340755,6.44994217489028,419.90525547763235,60.56772930496717,0.03817668137567447,0.106491398124138,False,False,normal
1593,train,train,1504,False,-6.237243227408522,2.0283067987330203,25.93768791467278,10.488982266491352,419.90525547763235,60.56772930496717,0.06177033408445738,0.17317773650846024,False,False,normal
1594,train,train,1505,False,-5.4005105539777505,4.85306063034309,15.139112347921563,6.5066254404039645,419.90525547763235,60.56772930496717,0.03605363864927382,0.10742726390884122,False,False,normal
1595,train,train,1506,False,7.332860720481403,8.114239171887743,56.64804329425644,10.98551147110855,419.90525547763235,60.56772930496717,0.13490672611330054,0.1813756532921175,False,False,normal
1596,train,train,1506,False,0.14263835725775975,0.34741236881288334,22.724655240528325,12.535867304856952,419.90525547763235,60.56772930496717,0.054118530178145934,0.20697271383143767,False,False,normal
1597,train,test,1507,False,5.234804101836406,1.0669676101206715,22.868111249865432,12.914015573562779,419.90525547763235,60.56772930496717,0.054460169172813745,0.21321610900317667,False,False,normal
1598,train,train,1508,False,5.123920540948113,1.6720511683242363,19.248191252802663,13.660312446922093,419.90525547763235,60.56772930496717,0.045839367337539745,0.22553780047028787,False,False,normal
1599,train,test,339,False,3.5626849204189193,1.089758483616114,11.523481535897643,7.126556611450526,419.90525547763235,60.56772930496717,0.0274430514635735,0.11766260173907618,False,False,normal
1600,test,train,1509,False,-0.10580070158576203,-1.4255237890140244,19.931827998587778,4.777962937160035,419.90525547763235,60.56772930496717,0.047467441139587056,0.07888628139090884,False,False,normal
1601,train,train,1510,False,0.9741914365384893,3.266646955159968,35.65210334528223,5.821917707534527,419.90525547763235,60.56772930496717,0.08490511342785838,0.09612243639216421,False,False,normal
1602,train,train,1511,False,0.7399981987355804,1.6745830161587791,16.07252902370984,6.482599573921008,419.90525547763235,60.56772930496717,0.038276560757563555,0.10703058622653976,False,False,normal
1603,test,test,1512,False,0.8225637982002979,3.195252312004138,23.535042280634798,4.443651226057871,419.90525547763235,60.56772930496717,0.05604845848824693,0.07336664717416518,False,False,normal
1604,train,train,1513,False,0.29136463650139727,2.4807377560779633,13.222772268238028,3.940785575940513,419.90525547763235,60.56772930496717,0.031489894674448494,0.06506411287268331,False,False,normal
1605,train,train,1514,False,0.3065809634135155,2.206206986188149,15.717419719767632,10.111619190280225,419.90525547763235,60.56772930496717,0.037430871642436185,0.16694730521210027,False,False,normal
1606,train,train,1515,False,-1.4596082880251784,-1.089092642621534,16.923131865332763,11.06056863983584,419.90525547763235,60.56772930496717,0.040302262580836475,0.18261488034567544,False,False,normal
1607,train,train,1516,False,-0.09332619253054265,3.7968993860122726,17.12981453488171,7.843106364765715,419.90525547763235,60.56772930496717,0.04079447520940634,0.12949315509707413,False,False,normal
1608,test,train,799,False,-0.9787387667448029,2.6757123486226373,12.968685889521891,7.829566624262443,419.90525547763235,60.56772930496717,0.030884790605371956,0.1292696079927226,False,False,normal
1609,train,train,1517,False,-3.1074088492024803,1.4207591990229271,120.68453015815037,13.065749821319908,419.90525547763235,60.56772930496717,0.287408953767141,0.21572130854587582,False,False,normal
1610,train,train,1518,False,-1.9850714493213366,3.1579112640325953,23.371436734424734,8.772080111059115,419.90525547763235,60.56772930496717,0.05565883358101883,0.14483092253451402,False,False,normal
1611,train,train,1519,False,0.5775260054059246,5.740256947810496,16.186511256283808,4.389987208035292,419.90525547763235,60.56772930496717,0.038548008259320386,0.07248063050095668,False,False,normal
1612,train,train,1520,False,0.33541696718481656,2.7002387681437137,14.345244168230941,7.309295182131696,419.90525547763235,60.56772930496717,0.03416304983350009,0.12067969636649824,False,False,normal
1613,test,train,1521,False,-3.0587401038147415,0.7917020663341929,36.87847214209124,6.871805941421198,419.90525547763235,60.56772930496717,0.08782569796642066,0.11345655550038326,False,False,normal
1614,train,train,1522,False,-1.553848087187004,2.7790144133833157,11.953496396192735,3.7918108904093373,419.90525547763235,60.56772930496717,0.028467127382332747,0.06260447492289214,False,False,normal
1615,train,train,1523,False,-2.0156768942810297,6.192823062388512,82.93022072001074,9.852401794574924,419.90525547763235,60.56772930496717,0.1974974583866057,0.16266751135685922,False,False,normal
1616,train,train,1524,False,-2.5861852626909387,3.1559308372130364,23.179237796445936,11.008821883933061,419.90525547763235,60.56772930496717,0.05520111380859022,0.18176051851807204,False,False,normal
1617,train,test,1525,False,-3.9230503345768817,0.104737315279413,16.499540105290993,6.8874442914665295,419.90525547763235,60.56772930496717,0.03929348320854702,0.11371475157649155,False,False,normal
1618,train,train,1526,False,-1.4181085774793858,2.611914568560686,15.650136637910505,5.472208564720178,419.90525547763235,60.56772930496717,0.037270637682562086,0.09034858376755096,False,False,normal
1619,train,train,1527,False,-2.551884327005506,4.071165452513588,17.11733792055308,3.927560427612139,419.90525547763235,60.56772930496717,0.04076476228210697,0.06484575982428384,False,False,normal
1620,train,train,1528,False,-2.6325140274975625,3.4287663272700666,17.84090294206334,8.787543994806972,419.90525547763235,60.56772930496717,0.04248792485764374,0.14508623809488436,False,False,normal
1621,test,train,1529,False,-4.36491807701151,0.6129984811620993,18.629685309523243,8.424991102985736,419.90525547763235,60.56772930496717,0.0443664018644692,0.13910032949336273,False,False,normal
1622,test,train,1530,False,-4.158028167287703,2.0472733978674156,19.926526025951947,6.508138578641396,419.90525547763235,60.56772930496717,0.04745481454688152,0.10745224649040395,False,False,normal
1623,train,train,1531,False,-4.273833313726426,3.385293174162391,16.959637102846845,9.916089704793457,419.90525547763235,60.56772930496717,0.04038919942441696,0.16371902692380175,False,False,normal
1624,train,train,1532,False,-4.239398421089749,5.223651515792367,31.93741795854587,5.221362892391716,419.90525547763235,60.56772930496717,0.07605862880238974,0.08620701076808424,False,False,normal
1625,train,test,1533,False,-6.775025240691753,-0.40161292454961556,27.434204565122016,12.573934282158953,419.90525547763235,60.56772930496717,0.06533427292763043,0.20760121646376073,False,False,normal
1626,test,train,1534,False,-3.7203570264300674,4.034527632340056,19.065658771313384,4.463336452005079,419.90525547763235,60.56772930496717,0.04540466813073498,0.07369165896135121,False,False,normal
1627,train,train,1535,False,-4.064779595140001,3.7775294347768305,14.713125527313265,3.8212973666471752,419.90525547763235,60.56772930496717,0.03503915546514756,0.06309130968748056,False,False,normal
1628,train,train,1536,False,-6.8972229544361126,-0.6646864911198123,25.375214074909866,7.065256757130655,419.90525547763235,60.56772930496717,0.06043080848332359,0.1166505140312604,False,False,normal
1629,train,test,1537,False,-4.76174718192613,4.635887705169545,12.386998573506471,3.8220441580837954,419.90525547763235,60.56772930496717,0.029499508310312887,0.06310363954440584,False,False,normal
1630,train,test,1538,False,-5.744287129634846,3.739520208476316,13.162870892473187,6.834764577873328,419.90525547763235,60.56772930496717,0.03134724017088267,0.11284498620477104,False,False,normal
1631,train,train,1539,False,4.271567652524379,1.5276666368835963,45.25404878285467,5.538245991615753,419.90525547763235,60.56772930496717,0.10777204665223647,0.09143889089402531,False,False,normal
1632,train,train,1540,False,3.5251111516208495,1.6962220464843794,15.945355535211753,4.5211389922069625,419.90525547763235,60.56772930496717,0.037973698416978105,0.07464600446621304,False,False,normal
1633,train,train,1541,False,0.7574569136373089,3.0387629558397182,97.51029630892239,10.981028910177079,419.90525547763235,60.56772930496717,0.23221975680682236,0.18130164422849715,False,False,normal
1634,train,train,1542,False,0.6449188771330219,1.5830391088721945,26.53252736208901,10.95441988749682,419.90525547763235,60.56772930496717,0.06318693804369961,0.18086231749484533,False,False,normal
1635,train,train,1543,False,0.6917535403852823,2.014076753819042,12.983683104222127,4.2737886712987265,419.90525547763235,60.56772930496717,0.030920506316248632,0.07056214126469212,False,False,normal
1636,train,train,1544,False,0.4775450739768794,2.366159849432327,13.375498700410658,3.6642214090925256,419.90525547763235,60.56772930496717,0.03185361108471087,0.06049791615338008,False,False,normal
1637,train,train,1545,False,-0.544544809672424,2.0052180112186,277.6685944618197,58.89599052941632,419.90525547763235,60.56772930496717,0.6612648706813117,0.9723988534037094,False,False,normal
1638,train,train,1546,False,0.906668916075039,1.588554097079645,28.512643779723643,8.562865045237219,419.90525547763235,60.56772930496717,0.06790256470424783,0.1413766892617349,False,False,normal
1639,train,train,1547,False,1.3138295597693177,3.0647488989539027,33.976149186445156,15.65520908093836,419.90525547763235,60.56772930496717,0.080913846024142,0.2584744262429279,False,False,normal
1640,train,train,1548,False,1.3539626262960376,2.8328722466632996,28.744257331312284,11.315136635201263,419.90525547763235,60.56772930496717,0.06845414996917903,0.18681791054487007,False,False,normal
1641,train,train,1549,False,0.7220091421129352,2.8818911014835646,19.235376431959512,4.810594737262123,419.90525547763235,60.56772930496717,0.045808848974942515,0.0794250468436763,False,False,normal
1642,train,test,1550,False,3.309493082935256,7.3367974658890205,25.93504176606299,8.182051298502412,419.90525547763235,60.56772930496717,0.06176403230905622,0.13508928586879348,False,False,normal
1643,train,test,1550,False,-0.45847520983426393,-0.8510654245019528,13.054090998866847,12.448883417605554,419.90525547763235,60.56772930496717,0.03108818198528648,0.20553657137984563,False,False,normal
1644,test,train,1551,False,1.007640824957248,2.720397856469508,11.946497412344597,6.078505261077186,419.90525547763235,60.56772930496717,0.02845045937506959,0.10035881039011788,False,False,normal
1645,train,train,1552,False,0.9913326013299106,2.6660228519586355,10.555093324180772,5.1965927382904225,419.90525547763235,60.56772930496717,0.025136845006082625,0.08579804456800477,False,False,normal
1646,train,train,1553,False,0.5742211587336132,2.4213898218526806,11.255783035185576,5.487195681574313,419.90525547763235,60.56772930496717,0.026805530267494243,0.09059602769563142,False,False,normal
1647,train,train,1554,False,-0.05705589935826575,1.9109034205750322,13.823204248494207,10.05330241667262,419.90525547763235,60.56772930496717,0.03291981719250129,0.16598446948626397,False,False,normal
1648,train,train,1555,False,-0.18469648822439447,2.184922042933077,13.662872140015152,8.475271991412468,419.90525547763235,60.56772930496717,0.03253798794319437,0.13993048920058176,False,False,normal
1649,train,train,1556,False,-1.3063745406625757,2.027737143290943,13.480767445922119,6.7155854356529305,419.90525547763235,60.56772930496717,0.03210430750762589,0.11087728585364325,False,False,normal
1650,train,train,1557,False,-1.5947615844833856,2.0084494861416498,13.487256249981455,6.102436188059424,419.90525547763235,60.56772930496717,0.03211976052702655,0.10075392057927061,False,False,normal
1651,train,train,1558,False,-0.5966669573120661,1.7572546453562823,17.087149371914457,7.651767833677644,419.90525547763235,60.56772930496717,0.040692868567406296,0.12633407131956192,False,False,normal
1652,train,train,1559,False,-1.9317433419988606,0.018250132854953773,14.068617376732487,10.032258078898215,419.90525547763235,60.56772930496717,0.033504266005744,0.1656370181616742,False,False,normal
1653,train,train,1560,False,-1.3604860498870017,2.6121927305143395,8.46663931952622,8.284573448411816,419.90525547763235,60.56772930496717,0.020163213508474945,0.13678197190946031,False,False,normal
1654,test,test,1561,False,7.688010945781307,-0.7690748153823023,41.69088644938327,25.40875443360255,419.90525547763235,60.56772930496717,0.0992864126026736,0.41950977401952516,False,False,normal
1655,train,train,1562,False,8.117866534287868,-1.8161099968443366,124.53152120677984,23.037271014775357,419.90525547763235,60.56772930496717,0.29657052295077413,0.380355533864897,False,False,normal
1656,train,train,1563,False,7.935855423832586,-1.2517565356701226,61.935104468906886,15.15757490221027,419.90525547763235,60.56772930496717,0.14749780732907752,0.25025826584796856,False,False,normal
1657,train,train,1564,False,7.890914470150109,-1.7066090837721257,47.78202665699448,21.491976785583354,419.90525547763235,60.56772930496717,0.11379239967512088,0.3548420426555564,False,False,normal
1658,train,train,1565,False,9.4916781174857,-13.796604344664008,1280.4427431146444,4.219962584030244,419.90525547763235,60.56772930496717,3.049361079461058,0.06967344875655036,True,False,t2 alarm only
1659,train,train,1566,False,8.481098184379665,-4.369364671028379,555.2176168963978,20.2827147230144,419.90525547763235,60.56772930496717,1.3222449818229849,0.33487659114456864,True,False,t2 alarm only
1660,test,train,1567,False,8.113841410087016,0.617734407979376,344.5070708847207,55.73240434048977,419.90525547763235,60.56772930496717,0.8204400073365408,0.9201666461667921,False,False,normal
1661,train,train,1568,False,5.7769590846257595,0.7857871898712258,21.45153629233337,25.136864192889963,419.90525547763235,60.56772930496717,0.05108661064013774,0.4150207458880002,False,False,normal
1662,train,train,1569,False,6.787005062163098,0.2919046355769046,65.37797667091873,30.496332148001564,419.90525547763235,60.56772930496717,0.15569697168127322,0.5035079323256147,False,False,normal
1663,test,test,1570,False,5.782352398134309,0.8652590691278477,22.138537850009012,25.738819224516345,419.90525547763235,60.56772930496717,0.052722697706717066,0.42495928970554125,False,False,normal
1664,test,train,1571,False,5.292931699861716,0.5040302415711839,17.21504800515899,19.971625136441215,419.90525547763235,60.56772930496717,0.0409974578326658,0.3297403644749703,False,False,normal
1665,train,train,1572,False,7.505958735514859,-0.8533217340701931,50.740852658700966,33.40899701346458,419.90525547763235,60.56772930496717,0.120838813034108,0.5515973175293646,False,False,normal
1666,train,test,1573,False,7.118442883041439,-1.5616552717278525,41.190633431049946,13.70711343908226,419.90525547763235,60.56772930496717,0.09809506524084002,0.22631050555098384,False,False,normal
1667,test,train,1574,False,6.796785742513626,-0.9511669153220277,24.087189722510285,13.832337346310345,419.90525547763235,60.56772930496717,0.05736339188017943,0.22837800764599495,False,False,normal
1668,test,train,1575,False,4.89746664278566,-0.5175700927856689,822.3744855087506,116.91803096424654,419.90525547763235,60.56772930496717,1.9584762866883363,1.9303684041966893,True,True,both alarms
1669,train,train,1576,False,4.250006731280686,-0.14305518368980322,74.66683654055409,15.867308733466825,419.90525547763235,60.56772930496717,0.17781829488088288,0.2619762853180884,False,False,normal
1670,train,test,1577,False,7.162053878735764,-0.6445474041821709,320.90966924566777,34.37998633339374,419.90525547763235,60.56772930496717,0.7642430406845958,0.5676287806710665,False,False,normal
1671,test,train,1578,False,3.6498286912031377,1.4705942973944452,66.78858966279111,20.344897719136302,419.90525547763235,60.56772930496717,0.15905633185471962,0.33590325991415054,False,False,normal
1672,train,train,1579,False,4.905614376153271,2.631686484357742,119.27713515456543,16.91040241769718,419.90525547763235,60.56772930496717,0.2840572571993425,0.2791982234062447,False,False,normal
1673,train,test,1580,False,5.294999659427207,1.4032592969419937,368.718584435527,29.29413971647665,419.90525547763235,60.56772930496717,0.8780994751211635,0.48365920355006986,False,False,normal
1674,test,train,1581,False,4.431665568650634,-0.9947073378817382,53.00836420262618,9.518834930468994,419.90525547763235,60.56772930496717,0.12623886819975716,0.1571601748934701,False,False,normal
1675,train,train,1582,False,5.729392496161028,0.23267814934408323,83.28191823109495,8.603152458915316,419.90525547763235,60.56772930496717,0.19833502235251552,0.1420418522807288,False,False,normal
1676,test,test,1583,False,5.2587821897021145,-0.2772045665411582,268.103900306061,34.17663582308951,419.90525547763235,60.56772930496717,0.6384866509972568,0.5642713738037837,False,False,normal
1677,train,train,1584,False,4.9137305301428835,0.6897008666714488,43.571669807199974,20.317395716433854,419.90525547763235,60.56772930496717,0.10376547861407028,0.3354491896853663,False,False,normal
1678,test,train,1585,False,4.481556166039712,0.2492693121935911,71.68497855976867,30.18810109613988,419.90525547763235,60.56772930496717,0.1707170311031918,0.4984189013284364,False,False,normal
1679,train,train,1586,False,4.077013982383694,-3.0636332173399925,50.33780324932721,14.488416050483512,419.90525547763235,60.56772930496717,0.1198789550563475,0.23921015723624484,False,False,normal
1680,train,train,1587,False,4.087686810999318,0.27186286000228976,40.51005404805355,10.507597675837308,419.90525547763235,60.56772930496717,0.09647427251648545,0.17348508515037855,False,False,normal
1681,test,test,1588,False,4.3401052473577115,0.44752322310740383,60.26551292269884,12.408686086879957,419.90525547763235,60.56772930496717,0.14352169242118257,0.2048728956702413,False,False,normal
1682,test,train,1589,False,4.484930467747206,0.38042806833456067,47.76115763739638,6.170293065912812,419.90525547763235,60.56772930496717,0.1137427003219314,0.10187426764580367,False,False,normal
1683,train,train,1590,False,5.769474554685909,0.5779648909485632,74.53962103545734,6.622355876739584,419.90525547763235,60.56772930496717,0.17751533247820458,0.10933802460044482,False,False,normal
1684,test,train,1591,False,3.3184340146954687,-1.8632021173374202,40.81761377038597,6.500998505746386,419.90525547763235,60.56772930496717,0.0972067227974008,0.10733436072884506,False,False,normal
1685,train,test,1592,False,4.85577533583315,0.495352932943985,78.53278413464118,8.562858537328639,419.90525547763235,60.56772930496717,0.18702500888042467,0.1413765818132858,False,False,normal
1686,train,train,1593,False,5.056685160114637,0.7069438015834949,163.1739697071679,18.50210216962324,419.90525547763235,60.56772930496717,0.3885971122737232,0.30547789032113964,False,False,normal
1687,train,train,1594,False,4.418239635597648,0.9284251406137939,54.83254163583827,6.405834285316681,419.90525547763235,60.56772930496717,0.130583127790262,0.10576315735830857,False,False,normal
1688,test,train,1595,False,4.643303002290412,0.7993746507258918,78.43841763923709,7.804396126045789,419.90525547763235,60.56772930496717,0.18680027605278537,0.12885403193422587,False,False,normal
1689,train,train,1596,False,3.809896480177496,0.05596526491278874,18.495671781344374,19.614647502100432,419.90525547763235,60.56772930496717,0.04404725004050255,0.32384650584039365,False,False,normal
1690,train,train,1597,False,3.0911493129283842,0.687751335780203,15.810571428808352,7.989542153107027,419.90525547763235,60.56772930496717,0.037652711468981734,0.13191087473130353,False,False,normal
1691,train,train,1598,False,4.037735722731824,0.864158858873895,17.268586513162454,11.590028310331528,419.90525547763235,60.56772930496717,0.04112495923281513,0.19135649368616872,False,False,normal
1692,train,train,1599,False,5.112358747449136,0.1438688828398856,32.07326157349313,17.829601799208838,419.90525547763235,60.56772930496717,0.07638213895896717,0.2943746117579255,False,False,normal
1693,train,train,1600,False,5.168624270877878,0.9778467751231935,29.345614871987024,18.120448250744666,419.90525547763235,60.56772930496717,0.06988627669974523,0.2991766153144956,False,False,normal
1694,train,train,1601,False,3.7240091356445695,-0.7661001953331363,18.7422250129022,11.25906457136172,419.90525547763235,60.56772930496717,0.044634413997946654,0.18589213597014212,False,False,normal
1695,test,train,1602,False,1.8209161810608474,-0.14253474559735582,25.782648530597726,9.702275230469349,419.90525547763235,60.56772930496717,0.06140110940328806,0.16018885538232755,False,False,normal
1696,train,train,1603,False,1.6630915774322665,-1.1710141057710504,13.631230599147626,11.345773314615274,419.90525547763235,60.56772930496717,0.03246263394260789,0.18732373567263325,False,False,normal
1697,train,train,1604,False,2.5112828070639015,0.5247542905043042,14.23117291999438,9.766602270401933,419.90525547763235,60.56772930496717,0.033891390341868326,0.16125092326353682,False,False,normal
1698,train,test,1605,False,2.2673918028994153,1.1103988488866814,47.731002565442864,10.037441726853404,419.90525547763235,60.56772930496717,0.11367088633160824,0.1657226024821477,False,False,normal
1699,test,train,1606,False,3.7504505935848313,1.5712948057823821,16.26329831705674,6.434860151690868,419.90525547763235,60.56772930496717,0.03873087584616587,0.10624238725031986,False,False,normal
1700,train,train,1607,False,6.615967199737574,1.2436845571373831,19.0630610608196,20.643030983681154,419.90525547763235,60.56772930496717,0.04539848171020345,0.3408255719764653,False,False,normal
1701,train,train,1608,False,6.230284570269294,-1.0332606152888437,21.505767189706575,13.40768613662019,419.90525547763235,60.56772930496717,0.051215760958372075,0.22136682835030144,False,False,normal
1702,train,train,1609,False,7.798592175250787,-1.3842794509802525,118.87008239806671,18.424874063828167,419.90525547763235,60.56772930496717,0.2830878652920283,0.3042028201363847,False,False,normal
1703,train,train,1610,False,8.09482860037584,-0.6851804934510942,48.97746069927006,12.463496881809117,419.90525547763235,60.56772930496717,0.11663931341740258,0.20577784613739816,False,False,normal
1704,train,train,1611,False,7.949436230685578,-0.9525550643537772,34.29691383257121,13.560020052934526,419.90525547763235,60.56772930496717,0.08167774369377509,0.22388192868611415,False,False,normal
1705,test,test,1612,False,10.708388342072519,-15.003610661046666,1452.2231574091359,67.13978240316011,419.90525547763235,60.56772930496717,3.458454350034905,1.108507503477664,True,True,both alarms
1706,train,train,1613,False,9.05999557110473,-3.637060317406266,624.590597442814,5.331344460664885,419.90525547763235,60.56772930496717,1.48745601369613,0.08802285510524596,True,False,t2 alarm only
1707,train,train,1614,False,8.188396855231261,1.6448155954486765,324.6107079939197,30.851480693332405,419.90525547763235,60.56772930496717,0.7730570259824032,0.5093715918916292,False,False,normal
1708,train,test,1615,False,4.475357278353892,-0.2987055397195831,18.262800245466757,13.63256614465356,419.90525547763235,60.56772930496717,0.04349266889906689,0.2250796967476136,False,False,normal
1709,train,train,1616,False,6.745875751333228,0.6334115942983906,27.243527175477904,6.820045024975657,419.90525547763235,60.56772930496717,0.06488017670674075,0.11260195987595564,False,False,normal
1710,train,train,1617,False,4.449940067327796,-0.2783054265607559,19.32009439182671,10.6373185440832,419.90525547763235,60.56772930496717,0.046010603915520316,0.17562683406080457,False,False,normal
1711,train,train,1618,False,4.467607171683492,0.6794892194910472,23.944933498225414,12.587474617051083,419.90525547763235,60.56772930496717,0.05702461016113888,0.20782477338173516,False,False,normal
1712,train,train,1619,False,7.676909846472816,-0.06712336343114522,29.219695573602422,13.21560798783605,419.90525547763235,60.56772930496717,0.06958640119987473,0.2181955331574934,False,False,normal
1713,train,train,1620,False,6.869215291489651,-0.4870451713939345,28.420363243194405,6.557761559477025,419.90525547763235,60.56772930496717,0.06768279956598044,0.10827154385230059,False,False,normal
1714,train,train,1621,False,5.275101085065897,1.2832206333313003,24.000235780569042,8.940472345600337,419.90525547763235,60.56772930496717,0.05715631197154067,0.14761115280686488,False,False,normal
1715,test,train,1622,False,8.954439801640275,1.4455248438351158,212.26540852137575,66.8767336217103,419.90525547763235,60.56772930496717,0.5055078633867748,1.104164451749155,False,True,q alarm only
1716,test,train,1623,False,8.028952392717292,-0.7416434495647681,33.84011801045097,16.75805966706841,419.90525547763235,60.56772930496717,0.08058988919288146,0.27668297721199325,False,False,normal
1717,test,test,1624,False,8.365219110891179,-1.5729896025944377,31.415184068422345,14.64980068940498,419.90525547763235,60.56772930496717,0.07481493422293158,0.24187468900544612,False,False,normal
1718,train,test,1625,False,4.954584892144721,-0.1171516942074092,25.67073388690782,21.286743880701387,419.90525547763235,60.56772930496717,0.06113458584296108,0.35145355662120975,False,False,normal
1719,train,test,1626,False,6.383486032294256,3.2544309680104817,24.28191005573349,16.836587904512932,419.90525547763235,60.56772930496717,0.05782711632916666,0.2779795131453303,False,False,normal
1720,train,train,1627,False,15.753650414914334,-7.87227655172349,1333.5973883463923,6.180639143387346,419.90525547763235,60.56772930496717,3.1759483144107272,0.10204508596098996,True,False,t2 alarm only
1721,train,train,1628,False,6.323945930793339,-2.0920311165512113,28.03776430970468,17.03031179124692,419.90525547763235,60.56772930496717,0.06677164418390616,0.2811779801996021,False,False,normal
1722,train,train,1629,False,6.4207273153837034,-0.2008819667707439,22.9472867302736,15.235622463792712,419.90525547763235,60.56772930496717,0.054648724756187206,0.25154686561021916,False,False,normal
1723,train,train,1630,False,6.7401315913170805,-3.867201210995517,34.34261684901189,17.25097930478164,419.90525547763235,60.56772930496717,0.08178658495223635,0.2848212984495505,False,False,normal
1724,train,train,1631,False,7.608014763097131,1.0575694129503348,23.764791497730688,15.272712266253842,419.90525547763235,60.56772930496717,0.056595603859967876,0.2521592346537139,False,False,normal
1725,train,train,1632,False,7.630683346019111,0.06251330223201185,32.2040981547693,11.441523031117658,419.90525547763235,60.56772930496717,0.07669372491691702,0.18890460584229524,False,False,normal
1726,train,train,1633,False,8.129211836134083,0.9712508545301025,26.238244771922574,12.237624270046222,419.90525547763235,60.56772930496717,0.062486107114989996,0.2020485894134818,False,False,normal
1727,test,train,1634,False,7.272086418768955,0.09525681840557165,27.869249218867914,12.184775245140152,419.90525547763235,60.56772930496717,0.06637032724719603,0.20117602863709927,False,False,normal
1728,train,test,1635,False,6.707136437819618,0.11917341820751041,24.172240867581714,17.77675355138058,419.90525547763235,60.56772930496717,0.05756594029785685,0.29350206381144134,False,False,normal
1729,test,test,1636,False,8.50910084387277,-0.7968656747345486,90.77704885863903,517.5118417562339,419.90525547763235,60.56772930496717,0.21618459801219272,8.544349403466784,False,True,q alarm only
1730,train,test,1637,False,5.398853940462287,1.408795274031162,26.082915687505267,13.393701730405605,419.90525547763235,60.56772930496717,0.06211619251546772,0.22113593961838,False,False,normal
1731,train,train,1638,False,6.520181282603675,0.3899454787719698,28.69759017406485,15.807976388052953,419.90525547763235,60.56772930496717,0.06834301261941106,0.26099668205254206,False,False,normal
1732,train,train,1639,False,4.177054511298631,-0.4201386103488691,27.341604612426945,13.074398703032154,419.90525547763235,60.56772930496717,0.06511374710308522,0.21586410540835513,False,False,normal
1733,train,train,1640,False,6.447500777422433,1.0987661130491646,17.18599972883662,9.586194031741675,419.90525547763235,60.56772930496717,0.04092827966463042,0.15827230344848853,False,False,normal
1734,train,train,1641,False,5.016636878957699,2.793301080446999,127.89272297218345,9.9074420623976,419.90525547763235,60.56772930496717,0.30457519000734695,0.16357625052298416,False,False,normal
1735,train,train,1642,False,3.051779504334821,-0.6368316765560254,15.641014260619711,11.215449519211122,419.90525547763235,60.56772930496717,0.037248912835893,0.18517203216814898,False,False,normal
1736,train,train,1643,False,3.293747887261066,-1.1838597051733608,13.741949954064738,7.874116205315712,419.90525547763235,60.56772930496717,0.03272631093515034,0.13000514128024201,False,False,normal
1737,train,train,1644,False,3.559641601447166,-1.1878243965420203,16.10896507902162,12.539466433329768,419.90525547763235,60.56772930496717,0.03836333284444857,0.20703213703442244,False,False,normal
1738,test,train,1645,False,3.5718179469075113,-1.300944355566303,16.128901115713834,9.919299587945208,419.90525547763235,60.56772930496717,0.03841081030854827,0.1637720235143721,False,False,normal
1739,train,train,1646,False,5.800146664996492,2.1892544667667178,66.0734674707144,21.522961691987007,419.90525547763235,60.56772930496717,0.15735327578969543,0.35535361716493974,False,False,normal
