observation_index,primary_split,grouped_sensitivity_split,target_profile_group,all_zero_output,released_mean_index,released_standard_deviation,released_range,released_coefficient_of_variation,reference_profile_shape_deviation
0,train,train,0,False,0.7288505377269944,0.16184813521108793,0.46690474598837234,0.22205943034058842,0.005384387738774654
1,train,train,1,False,0.734228016293724,0.16250695746702518,0.47008623233847296,0.22133036857860125,0.006329626950852769
2,train,train,2,False,0.7269858719978725,0.16246801915891154,0.46857886703686896,0.22348167332664068,0.005333949551576666
3,train,train,3,False,0.759505665048565,0.16789748504665097,0.4768609827221243,0.22106153090499348,0.007264833536476846
4,train,train,4,False,0.7588546318529711,0.16738041056692834,0.4786874593265893,0.2205697949793347,0.009085152135208482
5,train,train,5,False,0.7555128541453084,0.16617937992348364,0.4717462515405708,0.2199557281013808,0.009813956679619191
6,train,train,6,False,0.750251824648952,0.1647406802087252,0.4694477113882247,0.21958051256430933,0.011528118380229707
7,train,train,7,False,0.7483336289745335,0.16473227724786285,0.4701477115810068,0.22013213207269727,0.010353934701718994
8,train,train,8,False,0.7595879131011068,0.16700833499117018,0.4769065700511045,0.2198670254103163,0.010748172598581556
9,train,train,9,False,0.7429135822052986,0.16411298888010112,0.46923417493424835,0.22090454773076115,0.007592763848161037
10,train,train,10,False,0.7466425697845704,0.16523394953156792,0.4778345068887874,0.2213026101354535,0.006526237969749452
11,train,train,11,False,0.7401247177216005,0.16321644457290913,0.4667529871214557,0.2205255961121722,0.0069619208209995165
12,train,train,12,False,0.7411412105403655,0.16337462316866974,0.46564180593427495,0.22043656572484133,0.006240541387397109
13,train,train,13,False,0.7594853048041151,0.1678627033817092,0.4786418719976092,0.22102166074826687,0.007159072527137112
14,train,train,14,False,0.7403701663321618,0.16360207444821476,0.4646523898540582,0.22097334804657143,0.006356983243703303
15,test,test,15,False,0.7422484093923674,0.1644954642807346,0.4691732923807661,0.22161780638290196,0.005736765932982178
16,train,train,16,False,0.7359125624434172,0.16221368698063118,0.4603141349877964,0.22042521796616762,0.006713136250466366
17,train,train,17,False,0.7353457641549954,0.16313668350423263,0.4648044470655006,0.2218503069664067,0.005134061183497461
18,train,train,18,False,0.7366244640340798,0.16256306587359667,0.4653220979423621,0.22068648790637468,0.004050314690639935
19,train,train,19,False,0.7285564312428153,0.16091840747139552,0.4572466169601464,0.22087294898610838,0.0034413436324595976
20,train,train,20,False,0.737238235941855,0.16232616224408997,0.4623538497017119,0.22018142078145336,0.004387307964591249
21,train,train,21,False,0.7349441618166578,0.16168852937624684,0.45744941692251884,0.22000110726314243,0.004872045404229899
22,train,train,22,False,0.7289882256245986,0.16118116601287838,0.459319861830156,0.22110256427636815,0.0030757354006185266
23,test,test,23,False,0.7357031424011953,0.16282985721435547,0.46363238332483736,0.22132548827086665,0.0026744018192405407
24,train,train,24,False,0.7305112641220338,0.16147293103613042,0.460829868494324,0.22104098727375127,0.0035474250425914654
25,train,train,25,False,0.7267104402874174,0.16040772367853162,0.4552404324023249,0.22073127725410085,0.002649041304673852
26,train,train,26,False,0.7414541427246958,0.16352768873736803,0.4656723963832786,0.2205499697343877,0.0036922196930682357
27,train,train,27,False,0.7275584921051738,0.16079099443248127,0.45612631830716943,0.2210007802496212,0.0031509689611344716
28,train,train,28,False,0.7499004286035685,0.16523222994563772,0.47021184798146876,0.22033889252914002,0.01147797017406416
29,test,test,29,False,0.7505194969959641,0.16537048876188098,0.46714917123587857,0.22034136278110608,0.009171522222441011
30,test,test,30,False,0.7492375737767012,0.16514103658536655,0.4678035840996802,0.22041211274674316,0.010515242306802213
31,train,train,31,False,0.7467266726023504,0.16423092383206603,0.46606828215317575,0.2199344550794195,0.012121524527881613
32,test,test,32,False,0.7499839844046667,0.16464465553920252,0.4684699575080159,0.2195308952762459,0.01235148735392012
33,train,train,33,False,0.7720972579902914,0.1697664214310983,0.4814913564722394,0.21987699046229872,0.012495345249808635
34,train,train,34,False,0.7427423972670435,0.1641320903446943,0.4661594568111359,0.2209811786005838,0.008055584853924245
35,train,train,35,False,0.7398403509853876,0.1630559436383926,0.4599185475624253,0.22039341787889732,0.008043455297037065
36,train,train,36,False,0.7456847802075485,0.1636821378093381,0.46311532913702763,0.21950580480371346,0.008635778450392213
37,train,train,37,False,0.7489578042374493,0.16494629945649647,0.46714917123587857,0.22023443580301083,0.009323803324135642
38,train,train,38,False,0.7634355301174937,0.1679936541803639,0.47616098252934236,0.2200495622132094,0.00938372980678487
39,train,train,39,False,0.7451616440811311,0.16479243817286163,0.4671947585648586,0.22114992026470903,0.0053114459370217785
40,train,train,40,False,0.7531184793035424,0.1661141472550672,0.46879329852442275,0.2205684123017188,0.0049618863481154475
41,train,train,41,False,0.7440036732840969,0.16459840704256568,0.4690668224983038,0.22123332579261873,0.005442567116327322
42,train,train,42,False,0.7345038639767212,0.16247536131859225,0.4605514874430193,0.22120422953110785,0.006021034808075819
43,train,test,43,False,0.7313543691278188,0.16099944436949518,0.4555419054626457,0.22013876058674,0.006296808893657299
44,test,test,44,False,0.7326069979306,0.16213846815267083,0.4601145730770402,0.22131711628562717,0.004452338728792497
45,train,train,45,False,0.7316080138759316,0.16175117941574851,0.460867957383316,0.22108995028474196,0.0035889846490248477
46,train,train,46,False,0.730239779752225,0.16160955566665033,0.4642715009641371,0.22131026020177302,0.004844336705415833
47,train,train,47,False,0.7392463451819642,0.1635442207840212,0.46585504404372513,0.2212310170350116,0.002658723208732416
48,train,train,48,False,0.7268131688223405,0.16164516735071643,0.4602132461749884,0.2224026397494022,0.003471597060191083
49,test,test,49,False,0.7322482984205338,0.16200963708953506,0.4604860461566389,0.22124959175595396,0.002531926251149881
50,train,train,50,False,0.7453218127750083,0.16405549491028545,0.4629738050768847,0.22011363695296704,0.010519539902053078
51,test,test,51,False,0.7443306571172087,0.16451548346411785,0.46795564131112294,0.22102473126833982,0.008438256645683213
52,train,train,52,False,0.7386907917954266,0.1632177662874569,0.46008589999836974,0.22095546350421885,0.007545451693705139
53,train,train,53,False,0.7425613353423183,0.1634950612009977,0.46098414142062616,0.22017718054984242,0.010297067535042745
54,train,train,54,False,0.7345942923515008,0.16159730936910607,0.4555816133774458,0.2199817110636933,0.009994827254196152
55,train,train,55,False,0.736073010328485,0.1625864917794908,0.4618970813783327,0.22088364808666716,0.008739730078734728
56,test,test,56,False,0.7352891235503892,0.1622786771997144,0.4619579639318149,0.22070049998311103,0.008867638403992037
57,train,train,57,False,0.7435845363591679,0.16390822162575502,0.4637697420008296,0.22042984168054794,0.007606895394682795
58,train,train,58,False,0.7316519532348683,0.16122777713835118,0.4565130866112703,0.22036130215399738,0.006730009137015364
59,test,test,59,False,0.731064451724799,0.16156082172247396,0.46090442724650027,0.2209939511370083,0.005617307650816471
60,train,train,60,False,0.735027142943263,0.1620922558356192,0.4604967826482428,0.22052553758294496,0.006288722865358148
61,train,train,61,False,0.736059842088266,0.16269639704647332,0.46197325915631693,0.2210369154019997,0.006919676521975003
62,train,train,62,False,0.728121330718195,0.1610055763865716,0.46049648430371726,0.22112465271105433,0.003912679794931018
63,train,test,63,False,0.7265540315037774,0.16141671119376144,0.45687058514764955,0.2221675253245391,0.003327689306120642
64,train,train,64,False,0.7270948162436479,0.16122785570509043,0.46090442724650027,0.22174254595574414,0.004269895877567272
65,test,test,65,False,0.7316542170582776,0.16123678894983984,0.4575497090462754,0.2203729373666646,0.003975183451779185
66,train,train,66,False,0.7282056604482935,0.16108503142849753,0.45708382325709984,0.22120815612629455,0.0028325316257787636
67,test,test,67,False,0.7257741883725256,0.16044940920244324,0.4569314677011318,0.22107345752021662,0.0031788511331501813
68,train,train,68,False,0.7286809376458924,0.16167026427640957,0.45943250947132414,0.22186701466173714,0.0038013689044378023
69,test,train,68,False,0.7286809376458924,0.16167026427640957,0.45943250947132414,0.22186701466173714,0.0038013689044378023
70,test,train,68,False,0.7286809376458924,0.16167026427640957,0.45943250947132414,0.22186701466173714,0.0038013689044378023
71,train,train,68,False,0.7286809376458924,0.16167026427640957,0.45943250947132414,0.22186701466173714,0.0038013689044378023
72,train,test,69,False,0.7206253082422377,0.1598252668777093,0.45602248978727117,0.22178691901281955,0.00336587847235803
73,test,test,70,False,0.7144005451082165,0.1588683854924641,0.45827352524030357,0.22237998918155769,0.005151317832857266
74,train,train,71,False,0.7125503274239565,0.15823533847551377,0.4568927821230879,0.22206899974009298,0.005449703607480053
75,train,train,72,False,0.7099049275843644,0.15791462489758584,0.4556338041128367,0.222444751066782,0.00520184781594342
76,test,test,73,False,0.7112732347140029,0.15835262152799004,0.45603424861563147,0.22263261683347654,0.005094196820324608
77,train,train,74,False,0.7194119851376055,0.15935527903870572,0.4592661793721361,0.22150767895286738,0.004663917319034426
78,test,train,75,False,0.7410002432429013,0.16270543222616055,0.45901319188123,0.21957541000809822,0.010970366592957415
79,train,test,76,False,0.7395580471457451,0.1626902655562813,0.46095355097162216,0.21998309150197082,0.009093638177994655
80,train,train,77,False,0.733071424114403,0.16153592984097898,0.45873089025273445,0.22035496750691747,0.008040940608653553
81,train,test,78,False,0.7372248435843526,0.1629283273240286,0.4630388530145178,0.22100222034281797,0.008159286084485455
82,train,train,79,False,0.7349303957206279,0.16216444555669188,0.46066413508418735,0.22065279446998967,0.005502246174820543
83,train,train,80,False,0.7344104958125689,0.1626166615351841,0.4633735578864067,0.22142475150121763,0.004949176337279794
84,train,train,81,False,0.7358162514174071,0.1628201071754471,0.4656112154852708,0.22127821567110778,0.004793566412872959
85,train,train,82,False,0.7302471008250656,0.16087032969919143,0.45754353128756914,0.22029574580636196,0.0056632037913614324
86,train,train,83,False,0.7316985803599519,0.16163475169139102,0.4591251569968232,0.22090346493753807,0.004321171714770117
87,train,train,84,False,0.7236588344315368,0.15979368591434823,0.45140747289551286,0.22081356339672495,0.004060702556938042
88,train,train,85,False,0.7216043136120239,0.16013534042241268,0.45901353169241144,0.22191571946244026,0.0031622780925664963
89,train,train,86,False,0.7299432770209824,0.1616519905442452,0.45970956984134703,0.22145829084689067,0.003970869046023965
90,train,train,87,False,0.7404433241310504,0.16393170149120817,0.4700256481295165,0.22139669053480998,0.00369458651343689
91,train,train,88,False,0.7332774183255115,0.16273082826797552,0.4603597223167765,0.22192259600681874,0.0026981466837641033
92,train,train,88,False,0.7332774183255115,0.16273082826797552,0.4603597223167765,0.22192259600681874,0.0026981466837641033
93,train,train,88,False,0.7332774183255115,0.16273082826797552,0.4603597223167765,0.22192259600681874,0.0026981466837641033
94,train,train,88,False,0.7332774183255115,0.16273082826797552,0.4603597223167765,0.22192259600681874,0.0026981466837641033
95,train,train,89,False,0.7300513572990613,0.1616834203986836,0.45768059161903546,0.22146855667367923,0.0019944266509519877
96,train,train,90,False,0.738162721544937,0.16414688026368862,0.46606798380865005,0.22237221614244831,0.002690762321843614
97,train,train,91,False,0.7232458812800131,0.16021458483782977,0.4579755885761244,0.22152160003217608,0.0029935951446395524
98,train,train,92,False,0.726186954623875,0.16103156575290467,0.4580807377773048,0.22174946097222334,0.0033827764623679214
99,test,train,93,False,0.7255553502505303,0.1621468779166502,0.4629972277293839,0.22347968057938208,0.005568672906185344
100,train,train,94,False,0.7254226296920245,0.16278483659899348,0.46845710192990453,0.22439999792686807,0.007629581309057584
101,train,train,95,False,0.7261678021630918,0.16139537193903178,0.4601614810873023,0.22225630420168863,0.004338335240702267
102,train,train,96,False,0.7260218220407273,0.16112704872701697,0.45773529641381194,0.221931412852186,0.004015799417685456
103,train,train,97,False,0.7239698786654635,0.1623706121427331,0.4657613553263793,0.22427813218146653,0.007232698295381964
104,train,train,98,False,0.7558602878507505,0.16722961095590141,0.473435966158095,0.22124407598050974,0.008106057151406233
105,train,test,99,False,0.750866329624328,0.16569449847682016,0.46654034570105696,0.22067109942154434,0.007300630088785413
106,train,test,100,False,0.7621095478370916,0.16815074270438982,0.472690378636333,0.22063854623211424,0.006830397313983969
107,train,test,101,False,0.7479974970231692,0.16571096984574082,0.4677579967707003,0.22153947106136898,0.005904449891404565
108,train,train,102,False,0.7625468290410415,0.1685387427278766,0.47381685504801596,0.22102084266723188,0.0061050498435100175
109,test,train,103,False,0.7499707379908325,0.16577669746285079,0.470665362457868,0.2210442208811582,0.0060674746429074606
110,train,train,104,False,0.7468684777233658,0.16485695760490418,0.46545945661835403,0.22073090848261223,0.006007021684809468
111,train,train,105,False,0.747647464236984,0.16467187538038383,0.46363298001388903,0.22025337242123957,0.006258096898579983
112,train,train,106,False,0.7473444108060389,0.16517766505527337,0.4678035840996802,0.22101946929277638,0.006106638349020266
113,train,test,107,False,0.7500486800090387,0.16640582795869321,0.47183742619853103,0.22186003708011046,0.004433992350819567
114,train,train,108,False,0.7443445680774042,0.16423456826442198,0.46845799696348217,0.22064320115699865,0.004546149790991008
115,test,test,109,False,0.748194336464353,0.16533021869532621,0.470710949786848,0.22097229374470576,0.005055435431277498
116,train,train,110,False,0.7472938393537941,0.1654995638612183,0.4753992047495008,0.22146517895066606,0.004988711413602074
117,train,train,111,False,0.7472235202558365,0.16589874137982977,0.4754447920784809,0.22202023475255286,0.005624020592205242
118,train,train,112,False,0.745248587165757,0.16464010173335064,0.4696300607041452,0.2209197099715288,0.005277985591520626
119,train,train,112,False,0.745248587165757,0.16464010173335064,0.4696300607041452,0.2209197099715288,0.005277985591520626
120,train,train,113,False,0.743867351684289,0.16482877404902968,0.4714718325331125,0.2215835574391307,0.004764313574787868
121,train,train,114,False,0.7466064835190029,0.16525686589483665,0.4701477115810068,0.221344000544874,0.003079119116369337
122,train,test,115,False,0.7527863370784371,0.16705831364883122,0.4799506977252128,0.2219199597819274,0.004540802122026441
123,test,train,116,False,0.7653417992781018,0.16963626442498078,0.4854919051256674,0.22164771946989945,0.003736052764821658
124,test,train,117,False,0.7422041742608931,0.1644305429613774,0.4681991715250515,0.22154354376290292,0.0025593846455986965
125,train,train,118,False,0.7410717994337601,0.16453427318778446,0.4667226950169774,0.22202204066259462,0.0047655253930414
126,train,train,119,False,0.7439988685457862,0.16553373371850968,0.4725374263913129,0.2224919159380719,0.004543026942874714
127,train,train,120,False,0.7371061493015494,0.16333421063731515,0.46463709462955616,0.22158845207312913,0.0031526037879927647
128,train,train,121,False,0.7364336152385406,0.16348068057515242,0.46759004764570417,0.2219897044246125,0.0038628513610242388
129,train,train,122,False,0.7359130801158065,0.16296573766931585,0.461684141613408,0.2214469915980714,0.0029953697972012216
130,train,test,123,False,0.7339911935544836,0.1631930237382072,0.4660982759131281,0.22233648737380052,0.004550432727591195
131,train,test,124,False,0.7342961410726812,0.16318856581183766,0.46381503098528387,0.2222380817274173,0.004502132595219529
132,train,test,124,False,0.7342961410726812,0.16318856581183766,0.46381503098528387,0.2222380817274173,0.004502132595219529
133,train,train,125,False,0.7320682396959829,0.16215751198979966,0.46355620554685323,0.22150600613016797,0.005481979696306611
134,train,train,126,False,0.7291111432099142,0.16181847978204086,0.4599820714784719,0.22193938645572536,0.005415033171203018
135,test,train,127,False,0.7285855010525576,0.1620234459054112,0.4633231134800027,0.22238082650744845,0.006404596946788019
136,train,test,128,False,0.7655986044479217,0.16949987851553713,0.48380219050814266,0.22139522921121915,0.007504310218347855
137,train,test,128,False,0.7655986044479217,0.16949987851553713,0.48380219050814266,0.22139522921121915,0.007504310218347855
138,train,train,129,False,0.752286020026329,0.16688730319917594,0.47769774490184663,0.221840229323064,0.006155249834157896
139,train,train,130,False,0.7514192920462442,0.16590754532566185,0.4717918388695509,0.2207922355491659,0.006836857701559404
140,train,train,131,False,0.7584865144865487,0.16688074459734992,0.473435966158095,0.22001807732905904,0.007945227890449894
141,test,train,132,False,0.7452260140663819,0.1647177067895541,0.47171536274704107,0.22103053795822228,0.006611957785136195
142,train,train,133,False,0.7452363257295161,0.16414161507522806,0.46784917142866045,0.22025444735876085,0.006714540721041819
143,train,train,134,False,0.7625729757181174,0.16842716461296584,0.47915952287447017,0.22086694647729607,0.007926533998683497
144,train,test,135,False,0.7489433795988513,0.16580019397292906,0.4712741879926897,0.2213788097863084,0.006105380637937654
145,train,train,136,False,0.7435080617963743,0.1641498835061327,0.4643785675356512,0.22077754356762935,0.006205899269441481
146,train,train,137,False,0.7435654212337676,0.16441323331226623,0.4667226950169774,0.22111468421899194,0.005665003130504878
147,train,train,138,False,0.7302207526208359,0.161056645924525,0.45447793063025305,0.2205588451800041,0.005593611165691258
148,train,train,139,False,0.7518294418648516,0.16556619271506687,0.46644917104309636,0.22021775617671135,0.005894742268344025
149,train,train,140,False,0.7456128325544644,0.1649872104978421,0.4725374263913129,0.2212773215458176,0.005503083990176882
150,train,test,141,False,0.753942897041937,0.16710398374531957,0.4734815534870753,0.22164010616844454,0.0035151488789741305
151,train,train,142,False,0.7427993589494738,0.16456340877939746,0.4671488728913525,0.2215448987626163,0.0039987459489109435
152,train,train,143,False,0.7452392832251785,0.16536585529336625,0.4713653626506501,0.22189632110871962,0.004147956118551672
153,train,train,144,False,0.7498188805148345,0.16593281419786093,0.4712286006637094,0.2212971939089204,0.003572391730917007
154,train,train,145,False,0.7358439664972122,0.16270817439935148,0.4643173866376433,0.2211177665475469,0.004001376153788926
155,train,train,146,False,0.7379689712367231,0.16260775298243546,0.4629323831320555,0.2203449729192946,0.0046523903270737025
156,train,train,147,False,0.7273008306170204,0.1606846023734035,0.45561484518901413,0.2209327909567812,0.0036220375846160273
157,train,test,148,False,0.7268472839089484,0.16092687725347846,0.4577138234306039,0.22140397414436463,0.0038102385083721856
158,train,train,149,False,0.7355471462646198,0.1636736350431288,0.467148574546827,0.22251957046441412,0.003448236717753602
159,train,train,150,False,0.7473758651185716,0.16630576548559792,0.4777889195598073,0.2225195825118241,0.005185090061037822
160,train,train,151,False,0.736359504078402,0.16335134658964168,0.466417983905041,0.22183640692474754,0.0033285101331283116
161,train,train,152,False,0.7357832987248334,0.16341720886590974,0.4689447590468137,0.22209964421470804,0.004667501346933248
162,test,train,153,False,0.734660879509,0.16284763944341962,0.4625973799156406,0.2216636872678677,0.0029920049703675267
163,train,train,153,False,0.734660879509,0.16284763944341962,0.4625973799156406,0.2216636872678677,0.0029920049703675267
164,train,train,153,False,0.734660879509,0.16284763944341962,0.4625973799156406,0.2216636872678677,0.0029920049703675267
165,train,train,153,False,0.734660879509,0.16284763944341962,0.4625973799156406,0.2216636872678677,0.0029920049703675267
166,train,train,153,False,0.734660879509,0.16284763944341962,0.4625973799156406,0.2216636872678677,0.0029920049703675267
167,train,train,153,False,0.734660879509,0.16284763944341962,0.4625973799156406,0.2216636872678677,0.0029920049703675267
168,test,train,153,False,0.734660879509,0.16284763944341962,0.4625973799156406,0.2216636872678677,0.0029920049703675267
169,train,train,153,False,0.734660879509,0.16284763944341962,0.4625973799156406,0.2216636872678677,0.0029920049703675267
170,test,train,153,False,0.734660879509,0.16284763944341962,0.4625973799156406,0.2216636872678677,0.0029920049703675267
171,train,train,153,False,0.734660879509,0.16284763944341962,0.4625973799156406,0.2216636872678677,0.0029920049703675267
172,train,train,154,False,0.7346884983063525,0.1632059807748753,0.4693100543677068,0.2221431003086443,0.005815972243753194
173,test,train,155,False,0.7306947788710987,0.16256305915916705,0.4643932660711014,0.22247737887264235,0.005859813828058092
174,train,train,156,False,0.7299580813841962,0.16261279827633762,0.46353473256364536,0.22277004998421304,0.005392553662240851
175,test,train,157,False,0.7275292173046132,0.1609800709669225,0.45769558849901165,0.22126956160376562,0.006569139687455323
176,train,train,158,False,0.7248942822912866,0.16154293629254765,0.46229237045917815,0.22285033864791104,0.008090098677094579
177,train,train,159,False,0.7450310601890873,0.16492140128352525,0.47080212444480857,0.22136177952321687,0.007199485216254093
178,train,train,160,False,0.7493346713423927,0.16623500161063295,0.470665362457868,0.22184346723585058,0.005238267820915101
179,train,train,161,False,0.7403977936726885,0.16400214145456654,0.46600710125516775,0.2215054432307882,0.005687709009897247
180,train,test,162,False,0.7387518710041651,0.16372393694102938,0.4638912087632681,0.22162236519074252,0.005390380517648285
181,train,test,163,False,0.7403119010095991,0.16447471691557788,0.4671182824423487,0.22216948922646762,0.00432262658812294
182,train,train,164,False,0.7288634509496292,0.1613794509812287,0.458939271284761,0.22141246178686685,0.005736001690569068
183,train,train,165,False,0.7356748875644491,0.16325423881007062,0.46373885320729974,0.22191084889487772,0.005832251168643936
184,test,train,165,False,0.7356748875644491,0.16325423881007062,0.46373885320729974,0.22191084889487772,0.005832251168643936
185,test,train,166,False,0.7303097370796069,0.16219751045851935,0.46370826275829563,0.22209413653324894,0.0037486306190916917
186,train,train,167,False,0.7303787727045381,0.16198725848414175,0.4598694238373034,0.22178527708892062,0.0031525147495962257
187,train,test,168,False,0.7423792601001739,0.16508799691888434,0.47287213126320216,0.2223768978899114,0.003911183091484833
188,test,train,169,False,0.7299368432920643,0.1616719463295459,0.46090442724650027,0.22148758185762282,0.0030950932529545004
189,train,test,170,False,0.7402252387348917,0.16409443341081711,0.46646386957854685,0.22168175958343242,0.005154020528958483
190,train,train,171,False,0.7267728378436369,0.161589515762657,0.4622711958204961,0.2223384080259512,0.004979701035931248
191,train,train,172,False,0.729791557316911,0.16232766694118067,0.4617020782004744,0.22243017929390774,0.00332794367605351
192,train,test,173,False,0.7287163466219808,0.1621103170787553,0.4630216404196819,0.22246010787356402,0.00424723756035987
193,train,train,174,False,0.7351090182434425,0.16307930541261792,0.4670115142153607,0.2218437012271991,0.004287128318771032
194,train,test,175,False,0.7359557658450103,0.163182439927054,0.4643173866376433,0.22172859769593767,0.004680970109366649
195,train,train,176,False,0.7239525918821305,0.16122202992618123,0.45799838224061457,0.22269694415629693,0.004479274695925211
196,train,train,177,False,0.7277148872286483,0.16164570588341784,0.4596333920633629,0.22212779856546852,0.004724055182551153
197,train,train,178,False,0.7169382105554648,0.1595177599422978,0.45488527688398445,0.22249861646892505,0.0052379614480595514
198,test,train,179,False,0.7312058789177884,0.16259017422354358,0.4634191452153868,0.22235895376577525,0.006629676303533636
199,test,train,180,False,0.7149205468811229,0.15937789130562457,0.4570786678351502,0.22293091449241276,0.006623343624717396
200,train,train,181,False,0.7203441412656071,0.1626824478930202,0.47105975650513604,0.22583989870063442,0.011801455946439698
201,train,train,182,False,0.7154479271296994,0.15988757548545404,0.453562476613161,0.22347898347669537,0.0075061500442290445
202,train,train,183,False,0.7092856391165389,0.15834150135429842,0.4509136380198978,0.22324081106664306,0.008407941228994546
203,test,test,184,False,0.7162722955591404,0.16043932718471637,0.4658310570011318,0.22399208817573119,0.007975409641203168
204,train,test,185,False,0.7417214293574992,0.16359226544733874,0.4607253159821955,0.22055755567025634,0.009751472417597483
205,train,train,186,False,0.7423836603163568,0.16475755023634678,0.4678794635331386,0.22193046404892258,0.007442183746942672
206,train,train,187,False,0.7371235414063717,0.16352393467226012,0.46751386986772003,0.22184060810250308,0.004688127129166558
207,train,train,188,False,0.7468216565586657,0.16527118084430528,0.4684124096345019,0.22129939510039182,0.007884399952813334
208,train,train,189,False,0.7501428210040485,0.1666405968232236,0.4730550772681744,0.22214515977128074,0.00624755186727841
209,train,train,190,False,0.752540691523212,0.1668623896259671,0.47296390261021415,0.2217320491842404,0.005251412115615051
210,test,train,191,False,0.7351455799950743,0.16258334558644214,0.4611085478901546,0.22115802639734497,0.005711541496484444
211,train,test,192,False,0.7481475728419875,0.166214709948564,0.47839774509462885,0.22216834750551195,0.006283601802708817
212,test,train,193,False,0.7369497317164669,0.16305418740125774,0.46591562825268157,0.22125550818979195,0.004974891469109539
213,train,train,194,False,0.7525721944646057,0.16732910283638727,0.48060511058901456,0.22234292479464832,0.005943417912167629
214,train,train,195,False,0.7298579288143958,0.16205795620281635,0.461598548025102,0.22204041335286773,0.004532201422281718
215,train,train,195,False,0.7298579288143958,0.16205795620281635,0.461598548025102,0.22204041335286773,0.004532201422281718
216,train,train,196,False,0.7376117114894521,0.1639707807764823,0.469066524153778,0.22229958963826335,0.003294294975084199
217,train,train,197,False,0.7415906658119266,0.16471659856994358,0.46915799715626416,0.2221125563785306,0.003126116409114789
218,train,test,198,False,0.760306163936112,0.1687547468028421,0.47976834840929183,0.22195630498271546,0.00349347771696142
219,train,test,199,False,0.7479590344616355,0.1654013081083792,0.4677579967707003,0.22113685440998976,0.004336781270699711
220,test,train,200,False,0.7482448584550282,0.166298772429299,0.4753992047495008,0.22225180774736197,0.004949537799276666
221,train,train,201,False,0.753160049839936,0.16707553344129306,0.4764345065032234,0.22183270803702412,0.0030653007917992494
222,train,train,202,False,0.7303834940709832,0.1625561792207709,0.4642715009641371,0.22256277769192395,0.004804411476887633
223,train,test,203,False,0.7423156647184639,0.16487139791565472,0.4714109499796302,0.22210416100835628,0.004360110079979895
224,train,train,204,False,0.7333802656684583,0.1630668146540768,0.46707239676884277,0.22234960809239307,0.004466170431418392
225,train,train,205,False,0.7406094635354672,0.16448019436691194,0.4697365305866077,0.2220876217024401,0.004335752275279369
226,train,train,206,False,0.7381182727710345,0.1637666517265639,0.46442415486463157,0.22187047491962658,0.0031976924012632364
227,train,train,207,False,0.7335759682218845,0.16343108523341007,0.46842710816995253,0.22278685823030822,0.004747792216418204
228,train,train,208,False,0.7446189628749862,0.1653843207173853,0.47131977532166963,0.22210597495238865,0.004611157259337937
229,train,train,209,False,0.7267481035237988,0.16153824935623673,0.45918736023158774,0.22227543294985266,0.0034231287214539973
230,train,train,210,False,0.7263264809044389,0.16155610908942883,0.46274458004965924,0.22242904993392965,0.004631914057856401
231,train,train,211,False,0.7251076343754297,0.16121297759755576,0.4606667764467517,0.22232972038201793,0.0040688349203131455
232,train,test,212,False,0.7273123547748636,0.1617461598314657,0.4661588601220843,0.22238885228552668,0.005683808747531686
233,train,train,213,False,0.7269692268935507,0.1613598913208691,0.46061207165197543,0.22196247839868583,0.003909644433084375
234,train,train,214,False,0.7517488535864648,0.1674382387527284,0.4799962850541929,0.22273161835087515,0.004908168014088526
235,train,train,215,False,0.7244534677709671,0.16131367809389505,0.46431840897439935,0.22266948157516955,0.005673406891199969
236,train,train,216,False,0.7233313338591515,0.16122987183052473,0.46667003489571396,0.2228990564674193,0.005959780213949298
237,test,train,217,False,0.7217193667105234,0.1625005763177225,0.4712576993900842,0.2251575665183727,0.01043300871747302
238,train,train,217,False,0.7217193667105234,0.1625005763177225,0.4712576993900842,0.2251575665183727,0.01043300871747302
239,test,train,217,False,0.7217193667105234,0.1625005763177225,0.4712576993900842,0.2251575665183727,0.01043300871747302
240,test,train,218,False,0.7260581274239808,0.16171518994516584,0.46270649116066725,0.22273036253849748,0.006435806641918023
241,train,train,219,False,0.730355336916023,0.16292367238179506,0.4666765109989457,0.2230745284476893,0.008298714513491023
242,train,test,220,False,0.7167181780264656,0.16001430562859562,0.45676969633484155,0.2232597282089403,0.007402384406083345
243,train,train,221,False,0.7505192098205445,0.16613642901860495,0.47244625173335275,0.221361994263051,0.009129228834375381
244,test,train,222,False,0.7644994192264764,0.16947787077853743,0.48150365035579656,0.2216847606634101,0.00894130756401287
245,train,train,223,False,0.7457522587226986,0.1648583586275877,0.4642873928776908,0.22106317037504117,0.008696700283499089
246,train,train,224,False,0.7507462192294352,0.16570157074195072,0.46654034570105696,0.2207158244659914,0.009234229015441773
247,test,train,225,False,0.7617194865571277,0.16886114281768283,0.48154923768477675,0.2216841577480354,0.008450030584532565
248,train,test,226,False,0.7377370557515422,0.1630944029563264,0.4603141349877964,0.2210738930419864,0.008094283594775806
249,train,train,227,False,0.7353949495240555,0.16276852642248657,0.45999442699588344,0.22133484398802258,0.006147037202495293
250,test,train,228,False,0.7510108750798209,0.16603789495115814,0.4694021240592444,0.22108587300218638,0.007700664115260456
251,test,train,229,False,0.7352924663110444,0.16276081929936112,0.4588832458087028,0.22135521137042335,0.005748728390709618
252,train,train,230,False,0.7399164462206325,0.16353394075586403,0.46232355759723376,0.22101676694871106,0.005928888695981061
253,train,test,231,False,0.7387580472638647,0.1627007822094669,0.4597358999019788,0.22023554641747883,0.006105754260706067
254,test,train,232,False,0.7051304368530175,0.1571062388250403,0.43860402903584494,0.22280450625022255,0.00915247105703025
255,train,train,233,False,0.7444267856412403,0.1657400941627653,0.4737094901319763,0.22264122860651606,0.004403403433006593
256,train,train,234,False,0.7336165777482047,0.16275389900634732,0.46319091022596015,0.2218514465770544,0.002571430484431141
257,train,train,235,False,0.7330364436071736,0.16277191233723798,0.4648500343944807,0.22205159614747028,0.004260989358315013
258,train,train,236,False,0.7279888799015015,0.1616151982336901,0.4595907444414728,0.22200228972667413,0.003525029986954352
259,test,test,237,False,0.7586240063064409,0.1680638949217482,0.4768609827221243,0.22153780202660758,0.0036239162962803215
260,train,train,238,False,0.7260157630144297,0.1616050366708577,0.4607566304234299,0.2225916363025933,0.005492830099103525
261,test,test,239,False,0.7333094439569036,0.1628899271363138,0.46454562162706986,0.22212986410943703,0.004249944556981736
262,train,test,240,False,0.7297543657081381,0.16221389517778864,0.46346473254436693,0.22228561115955742,0.0038245551692150494
263,train,train,241,False,0.7285304117609647,0.1614691162807626,0.4574308836464012,0.22163675486170592,0.0038533310018235146
264,train,train,242,False,0.7540847767801543,0.1668767192089439,0.47517126810459975,0.2212970270020384,0.0038247366144602353
265,test,train,243,False,0.7295861360663941,0.1619508805099802,0.46036104299805874,0.22197636783937225,0.003403636820639711
266,train,test,244,False,0.7453300838410959,0.16500280136981524,0.46602269482419556,0.22138218347428704,0.002863867658176845
267,train,train,245,False,0.7208438432701048,0.16164759336132067,0.46147324652199617,0.22424772698065523,0.007116380843550681
268,train,train,246,False,0.7296934729105398,0.16227782322193807,0.46161840198250204,0.2223917703068632,0.0043573208889393245
269,train,test,247,False,0.7445522981006765,0.165462916672751,0.47192860085649135,0.2222314229569103,0.003339096882331216
270,test,train,248,False,0.7324135535210092,0.16268159088635017,0.46553503770728655,0.22211712236109468,0.004252027170243701
271,test,train,249,False,0.7432180806743978,0.16522149073504602,0.47192860085649135,0.22230553189061772,0.004101917162598939
272,train,train,250,False,0.718923739871719,0.15997750697822488,0.4565294041725287,0.2225236114845372,0.004006407139989348
273,train,test,251,False,0.7362739338215988,0.1634826990648571,0.46472856763204234,0.22204059053986477,0.004642216960133957
274,train,train,252,False,0.7201459192336817,0.1602987539795178,0.45480483871762784,0.22259204655369588,0.0035543601743418247
275,test,train,253,False,0.7147852911428878,0.1588036318948178,0.452859238368763,0.2221696974778297,0.004283131005091805
276,train,train,254,False,0.7437963225888594,0.16434716426907997,0.46259767826016657,0.2209572154068372,0.00928591161600952
277,train,train,255,False,0.760370437760312,0.16775994104323083,0.47156390222465006,0.22062922585124622,0.008904029016574524
278,train,train,256,False,0.740536723270569,0.16377381882941386,0.4623082623727318,0.22115556687872187,0.008379327721100187
279,train,train,257,False,0.7364277443642211,0.16326031048885664,0.4650023899504492,0.22169223218199618,0.00792681537736771
280,train,train,258,False,0.7650581271131456,0.16888878648365352,0.4785051100106684,0.22075288203385926,0.008273483170473788
281,train,test,259,False,0.7494756126101949,0.1652011770431927,0.46480504375455217,0.22042235165977903,0.008532062749076525
282,train,train,260,False,0.7341666894369668,0.16301752191769048,0.46287120223404726,0.2220442908445067,0.007273939101380818
283,train,test,261,False,0.7366054942827867,0.16328647408412017,0.46579386314571736,0.221674254877922,0.006486924699311197
284,train,train,262,False,0.7348768479222377,0.1626293613470128,0.46238414180619,0.2213015171274272,0.005454091025231314
285,train,train,263,False,0.7382885968727511,0.16304306803988408,0.46352591344237515,0.22083920668760598,0.007306847975577763
286,train,train,264,False,0.7504042075728414,0.16622432254199088,0.47300948993919417,0.2215130470545177,0.0066886578387103
287,train,train,265,False,0.7363571895448944,0.16245881749060925,0.4593400141320816,0.2206250170396475,0.005821637916841108
288,train,test,266,False,0.7468497136547265,0.16549549963843743,0.46663152035901717,0.22159143481301122,0.004822096836050412
289,test,train,267,False,0.7456290149125999,0.165098092104535,0.46545945661835403,0.2214212279867988,0.005541663574409886
290,train,train,268,False,0.7323545729445782,0.16256757711471526,0.4623688465816879,0.22197932957676467,0.004181031691272893
291,train,train,269,False,0.7371053352518403,0.16357171978821966,0.4630388530145178,0.22191091553059178,0.0033741148225634714
292,train,test,270,False,0.7339749103412976,0.16242940253477084,0.4606794303086893,0.22130102847690167,0.0038887632049979873
293,train,test,271,False,0.7553220596318845,0.16743638754564927,0.4781242211207478,0.22167548982648733,0.004514016955220926
294,train,train,272,False,0.7328630863353492,0.16220997318002184,0.4588025092978207,0.22133734964213564,0.0034504298697542947
295,train,train,273,False,0.7336269582134328,0.1628422178258892,0.46343444043988885,0.22196869403824962,0.0033815439226764525
296,train,test,274,False,0.734030096865049,0.1628904290760911,0.4643629739666233,0.2219124662214476,0.004755911280676757
297,test,test,275,False,0.7495123163521811,0.16607105022513904,0.47061977512888775,0.22157214311486448,0.0054028972204833384
298,test,train,276,False,0.7488115042459222,0.1658253011132986,0.47300948993919417,0.22145132676652735,0.003937810966296619
299,train,train,277,False,0.7264562417122082,0.1611758612621365,0.45510954982956475,0.22186589089283051,0.0021249865006455998
300,test,train,278,False,0.7325182558196225,0.16261853820667158,0.4566654421672387,0.22199929751199984,0.002210344351792463
301,train,train,279,False,0.728066371538674,0.16239720351391232,0.4626989927206793,0.22305274609883005,0.005013759318233512
302,train,train,280,False,0.7385280337148261,0.163693661743393,0.4662659266935984,0.22164854178927673,0.0028027648723997255
303,test,train,281,False,0.7290582707480973,0.16168580384873987,0.45803970918122283,0.22177349923323925,0.0019890622505376893
304,train,train,282,False,0.7400847872738924,0.16479195181843165,0.46923417493424835,0.22266631425494365,0.0033950102941407447
305,train,train,283,False,0.7309940719935814,0.16193985221205565,0.4600445730577619,0.22153374208686824,0.0027321077035490594
306,train,train,284,False,0.7282060653488655,0.16160224750911226,0.45954059837959477,0.22191829373419547,0.00404833874218896
307,train,train,285,False,0.7430690787735021,0.16502613263603808,0.47019329890998685,0.22208720205183016,0.003373684151392031
308,train,train,286,False,0.7251288473850086,0.161628002379595,0.46053133514109323,0.2228955625782438,0.0037512739046417307
309,train,train,287,False,0.7354131011640272,0.16329536015570428,0.4625973799156406,0.22204575890371953,0.0027606615096666246
310,test,train,288,False,0.7220735865888404,0.16049177132835465,0.4586589728631225,0.22226511855465653,0.0032783609853510253
311,train,test,289,False,0.7257354289875396,0.16073160488222413,0.45700602645330773,0.22147410538639112,0.004063250721198108
312,train,train,290,False,0.7205465676669566,0.1614192921846366,0.4616956020972426,0.22402340032968712,0.0066345983791478375
313,train,train,291,False,0.7264911870068592,0.16152146900049869,0.45681588035287324,0.22233094067660544,0.004623808376759435
314,train,train,292,False,0.7350319650115239,0.16345463069807603,0.463465030888893,0.22237758149132109,0.0033455486841429153
315,train,train,293,False,0.7185108046734613,0.15983298333480725,0.4534957146454985,0.2224503546713482,0.005017554632910294
316,test,train,294,False,0.7288990566153928,0.1621660265197852,0.4606898684557678,0.22248077432394445,0.005454671296888406
317,train,train,295,False,0.7161592079183248,0.1590068281064593,0.4527283557960026,0.22202720616920898,0.004640226141666567
318,train,train,296,False,0.7461346215530451,0.1649227776472616,0.46550504394733405,0.22103622172629167,0.009819297029032519
319,train,test,297,False,0.7729602313182614,0.1696787158812508,0.46642316774598624,0.21951804116994303,0.008459684361747292
320,train,test,298,False,0.763834437981386,0.16781091940183573,0.4623138386465233,0.2196954091848961,0.00788415376744382
321,train,train,299,False,0.7419789785105388,0.16315107695631495,0.4503409184899183,0.2198863871909514,0.007981615859735192
322,test,test,300,False,0.741981379813613,0.16335002002309565,0.4503886597443954,0.2201537996332596,0.0072272347445198415
323,train,train,301,False,0.7430859523915279,0.16351738045910136,0.45186675527827735,0.2200517718479826,0.007364260917093989
324,test,train,302,False,0.7287867485438688,0.16037087521342192,0.44359465209239574,0.22005185403528024,0.00690710867714003
325,train,test,303,False,0.7358267020985322,0.16221351834765935,0.4480305577198495,0.2204507092295461,0.006945299499089143
326,train,train,304,False,0.7424405635602804,0.16325849241864726,0.45186675527827735,0.21989435980674557,0.007611048826028269
327,train,train,305,False,0.7494943243635467,0.1649330141050358,0.45051234222169356,0.22005905681152838,0.007603951266835585
328,train,test,306,False,0.750629515641404,0.1650085076632111,0.45637266092500917,0.2198268309796122,0.00714055988041851
329,train,train,307,False,0.7424487671402842,0.16331132591844744,0.44991983424813037,0.21996309125473987,0.007755343002807714
330,train,train,308,False,0.7530576622572396,0.16604887309646685,0.45923443928319696,0.22049954660675855,0.00604202489078988
331,test,test,309,False,0.7507058778598352,0.16558535717850667,0.4558094227191677,0.22057287955513147,0.006657379758138544
332,test,train,310,False,0.7512418791308657,0.16548624342987772,0.455200597184346,0.22028357048109953,0.007157097107723343
333,train,train,310,False,0.7512418791308657,0.16548624342987772,0.455200597184346,0.22028357048109953,0.007157097107723343
334,train,train,311,False,0.7496623610254206,0.16527852253946396,0.4575447246656724,0.22047061601624077,0.006092286759461307
335,train,train,312,False,0.7487261888981295,0.16513316250196422,0.4564638355829697,0.22055213902025267,0.00615820453544902
336,train,train,313,False,0.7459637692348577,0.1646155833256204,0.45416529543062356,0.22067503827225846,0.006578717264228645
337,train,train,314,False,0.7436495383054272,0.16385388715869745,0.4506946915376141,0.22033750942961033,0.006358583596306078
338,train,train,315,False,0.739721181144459,0.16313177932183187,0.45080865986006463,0.22053144276528988,0.006211270148671224
339,test,test,316,False,0.7387675817057788,0.16255934460402963,0.4499654215771104,0.2200412533380091,0.005911346435709345
340,train,train,317,False,0.736807217271921,0.16199437936981245,0.4473608496315456,0.21985992478413513,0.006969040951504447
341,train,train,317,False,0.736807217271921,0.16199437936981245,0.4473608496315456,0.21985992478413513,0.006969040951504447
342,test,train,318,False,0.7375378955947773,0.16274146039788606,0.4494249770357591,0.22065504887263512,0.006491016013785422
343,train,train,319,False,0.7361048029724806,0.1622240416309235,0.44937615165516276,0.220381718711579,0.005739319297329258
344,test,train,319,False,0.7361048029724806,0.1622240416309235,0.44937615165516276,0.220381718711579,0.005739319297329258
345,train,train,319,False,0.7361048029724806,0.1622240416309235,0.44937615165516276,0.220381718711579,0.005739319297329258
346,train,train,320,False,0.7355635401504164,0.1618859167533769,0.446333344662337,0.22008420471774967,0.00672831750294587
347,train,train,321,False,0.7462510765017251,0.16435943800039712,0.4529476443609803,0.22024683538264508,0.006285228075511573
348,train,train,322,False,0.7418132660320342,0.16340559735340754,0.4548652956234055,0.22027861300926246,0.00567128646016035
349,train,train,323,False,0.7383087998827501,0.16263808264634405,0.4483701196691623,0.22028463249005348,0.006519814728681652
350,test,test,324,False,0.7359260619123238,0.16207775325418447,0.44849938321611454,0.22023646347436188,0.006056919106661127
351,test,test,324,False,0.7359260619123238,0.16207775325418447,0.44849938321611454,0.22023646347436188,0.006056919106661127
352,test,test,324,False,0.7359260619123238,0.16207775325418447,0.44849938321611454,0.22023646347436188,0.006056919106661127
353,test,train,325,False,0.7446959530044405,0.1646143805730837,0.4571638357757518,0.22104911394906177,0.00481235499694152
354,train,train,326,False,0.7390619444940992,0.16283709437209087,0.4519807236007278,0.22032942649151785,0.005509719873253613
355,train,train,327,False,0.7379754232389251,0.1628460163173643,0.4519091045556417,0.22066590727729654,0.00553163482729032
356,train,train,328,False,0.7372336962250221,0.16252505116043112,0.4503854216927795,0.22045255390880075,0.005576314697769827
357,train,train,329,False,0.7657079394082481,0.16840468045007748,0.46655653595913626,0.21993330848864312,0.006360319255588642
358,train,train,330,False,0.7586230731303261,0.16701769825240004,0.46205063031240423,0.22015900144353714,0.00648256086128653
359,train,train,330,False,0.7586230731303261,0.16701769825240004,0.46205063031240423,0.22015900144353714,0.00648256086128653
360,train,train,330,False,0.7586230731303261,0.16701769825240004,0.46205063031240423,0.22015900144353714,0.00648256086128653
361,train,train,330,False,0.7586230731303261,0.16701769825240004,0.46205063031240423,0.22015900144353714,0.00648256086128653
362,train,test,331,False,0.7570985537536046,0.16686751916500503,0.4609241539007214,0.22040395974565757,0.006524147762845074
363,train,test,332,False,0.765886344027719,0.16873875395689902,0.4659477104243146,0.2203182695091793,0.005832014840272898
364,train,train,333,False,0.7598293698411603,0.16746774477766133,0.4649579959995721,0.22040177890553225,0.005927939053726053
365,test,train,334,False,0.7586207802189112,0.1670739689462001,0.4632226940530675,0.2202338418649545,0.006283992333504293
366,test,train,335,False,0.7508578659592229,0.1655605275048185,0.4575447246656724,0.22049516294713714,0.00586526793759796
367,test,train,335,False,0.7508578659592229,0.1655605275048185,0.4575447246656724,0.22049516294713714,0.00586526793759796
368,train,train,336,False,0.7468804511751214,0.1639054542540438,0.4506035168796539,0.21945339979933792,0.0080336348126237
369,train,train,336,False,0.7468804511751214,0.1639054542540438,0.4506035168796539,0.21945339979933792,0.0080336348126237
370,train,train,337,False,0.7482076668927881,0.16482999492934777,0.4594167885991175,0.220299794058334,0.005560264954486208
371,train,train,338,False,0.7456111980341854,0.16416225008389196,0.4553373591712868,0.22017138492113328,0.005745338214492131
372,train,test,339,False,0.733205778250983,0.16246084996223167,0.4629320847875294,0.22157606333896054,0.00412048034032526
373,train,train,340,False,0.7425010512813166,0.16366158826056093,0.4548197082944254,0.22041933540448727,0.0053623296429902495
374,test,train,341,False,0.7464592822206235,0.16504299938493897,0.46058885233978075,0.2211011415036016,0.004118942638615068
375,train,test,342,False,0.7397805040376247,0.16316972929330492,0.4543476447465441,0.2205650573416655,0.004786881532024806
376,train,train,343,False,0.7342123572231802,0.16188008726938957,0.44801526249534723,0.2204812894754678,0.004913252615026459
377,train,test,344,False,0.7284322457296942,0.16093084069498997,0.4445612745081222,0.22092767259881574,0.0054692181441514335
378,train,train,345,False,0.7311915785599644,0.16209499036797312,0.44986615179011047,0.22168607396601717,0.0058350769715418815
379,train,train,346,False,0.7281649354537735,0.16101053117120256,0.44832555467693824,0.22111821557414735,0.005431268295852683
380,train,train,347,False,0.7295366211918539,0.16131099196084536,0.44838349752333034,0.22111431732831918,0.0053868173934457
381,test,train,348,False,0.7276726222248728,0.16110662682526244,0.44714731317756923,0.22139987393324745,0.005214294935258866
382,test,train,349,False,0.7252593635837538,0.1606988295435839,0.44954158672077354,0.2215742913673202,0.004861251271751133
383,test,test,350,False,0.7268320976938768,0.1609349670246552,0.44595701450531394,0.22141973027233716,0.00632547594524186
384,train,test,351,False,0.7338356955349751,0.16272735944580255,0.4535985208286403,0.22174903787852993,0.007479457823367757
385,train,test,352,False,0.7330724289752866,0.16265553840750852,0.45436720035941836,0.2218819477836234,0.007593961376318222
386,train,test,353,False,0.733169417327328,0.16272689552296193,0.45435352416072416,0.22194992272885752,0.007156183676675819
387,train,train,354,False,0.7302762528586733,0.1619246294030822,0.4517671871467514,0.22173065161194372,0.007146679393989513
388,train,train,355,False,0.7302704431872332,0.1621532512301738,0.4533563112959939,0.222045480195615,0.007536104461952024
389,train,train,356,False,0.7282368131616925,0.1616197584764623,0.4495874723942798,0.22193296954431413,0.007952714650600821
390,train,train,357,False,0.7215276356980097,0.1601541392084946,0.4477392244620809,0.22196535695207384,0.008508762841651559
391,train,train,358,False,0.7281345628886716,0.16225879113045527,0.4567172072549248,0.2228417649709397,0.009409082254194519
392,train,train,359,False,0.7313528088309562,0.16258316405367873,0.4551524957959807,0.222304696297759,0.0075544419416860645
393,train,train,359,False,0.7313528088309562,0.16258316405367873,0.4551524957959807,0.222304696297759,0.0075544419416860645
394,test,train,360,False,0.7194197754926943,0.15976851130517253,0.4444102396334362,0.22207967691151545,0.009711587626941541
395,train,train,361,False,0.7179231060898379,0.160555644503974,0.44678921795213855,0.22363905429710845,0.010770827563582636
396,train,train,362,False,0.7156735962626883,0.1602458621330552,0.44968422812189435,0.22390914373517962,0.011219355919573433
397,train,train,363,False,0.7244122139455262,0.16166892917898812,0.44883834847637555,0.2231725612389318,0.011568521268115747
398,test,train,364,False,0.7315726867713019,0.16284340776294887,0.45613735314329923,0.22259361333135116,0.010212331173375565
399,train,train,364,False,0.7315726867713019,0.16284340776294887,0.45613735314329923,0.22259361333135116,0.010212331173375565
400,train,train,365,False,0.7285204457696932,0.1632432262015508,0.46005530954936563,0.22407501004186886,0.01257209742801209
401,train,test,366,False,0.7202978579453164,0.16091308795616435,0.4447055349350508,0.22339798207255054,0.01258623113672413
402,train,test,367,False,0.718688416707686,0.16079944325692574,0.4486798151617014,0.22374013483276733,0.012431002033200462
403,train,train,368,False,0.7497742410359093,0.16519428524028154,0.45819913752947417,0.22032536755603185,0.005120836493644794
404,train,train,369,False,0.7438851763341832,0.1646662676533414,0.4553829465002669,0.2213597916614038,0.004843973905141667
405,test,train,370,False,0.7424243464699628,0.1643018865899449,0.4548197082944254,0.2213045509231455,0.005405423271710706
406,train,test,371,False,0.7472640815654632,0.16575306035112572,0.45998002680495914,0.22181323101183356,0.004601038992591969
407,train,train,372,False,0.7465864985909848,0.16492610689024825,0.4552917718423067,0.22090689719343898,0.0057393891001172835
408,test,train,373,False,0.7411148584259837,0.16388885200792966,0.4519123426072574,0.22113826236867642,0.0060228699552831305
409,train,test,374,False,0.7409242378527141,0.16416933794186156,0.45491088295238563,0.2215737177361665,0.004922964657933885
410,train,test,374,False,0.7409242378527141,0.16416933794186156,0.45491088295238563,0.2215737177361665,0.004922964657933885
411,test,test,374,False,0.7409242378527141,0.16416933794186156,0.45491088295238563,0.2215737177361665,0.004922964657933885
412,train,train,375,False,0.7371915504459711,0.1639337042053934,0.45439323207552423,0.22237599455151127,0.00655542586213986
413,test,train,376,False,0.7370939402343942,0.16388382691872497,0.4519091045556417,0.22233777538126318,0.007455226835332292
414,test,train,377,False,0.734917176181021,0.16301410750770481,0.4518602791750457,0.2218128964610728,0.007063188259025982
415,test,train,378,False,0.7363910446459585,0.16332871335463536,0.45442058447291256,0.22179617004055285,0.0059641370247080164
416,test,train,379,False,0.7361185899658265,0.16287116046496744,0.4521435173037742,0.22125668701360818,0.007000618851881088
417,train,train,380,False,0.7328119004410639,0.16233853283975042,0.44892394206468167,0.2215282431167429,0.006716905073168977
418,train,train,381,False,0.7332329133090172,0.1626090583516909,0.44981438670242413,0.22176999340884765,0.007256215661671817
419,train,train,382,False,0.738637782925483,0.16357009287286595,0.45256675547105923,0.22144831560744518,0.006608975533564041
420,train,test,383,False,0.7320143386858249,0.16216096650487866,0.44865599916045507,0.22152703565343265,0.006831906674153558
421,train,train,384,False,0.7327527432150629,0.16280863498822862,0.4547735242763937,0.22218768403906786,0.006318216565264653
422,test,train,385,False,0.7342488620735073,0.16348875507692415,0.4558163244701043,0.2226612304379124,0.008387686238251594
423,train,train,386,False,0.7334726365259726,0.163444085419702,0.45688941676829303,0.22283596862432425,0.008189831916697084
424,train,train,387,False,0.7337419377915649,0.16342891897403558,0.4550476449393264,0.22273351236529845,0.008454968957602048
425,test,train,388,False,0.7283563891971261,0.16218275408263097,0.4521705713566367,0.22266950148045864,0.009252766234293627
426,test,train,389,False,0.7295241935490006,0.16312958334425204,0.4585163314620016,0.22361092995512147,0.01126198790071665
427,train,train,390,False,0.7426174854750943,0.1657450664560107,0.46602269482419556,0.22319036340758153,0.011038990325723284
428,train,train,391,False,0.7381542107050045,0.16468414729782144,0.4613800271905233,0.2231026320916507,0.011432344335575646
429,test,train,392,False,0.738454224743821,0.16464481800738606,0.4632065037949882,0.22295873256667115,0.011115477311549823
430,train,train,393,False,0.7273619357376222,0.16243925087136937,0.4551219053469767,0.22332657634419475,0.011605842187823324
431,train,test,394,False,0.7250040391233651,0.16176021354699097,0.45241086351894955,0.2231162929003575,0.011624572937459192
432,test,train,395,False,0.7235752436919434,0.16139132910225767,0.4486130531940393,0.2230470576615924,0.011628443528981113
433,test,train,396,False,0.7255078552745873,0.16194868356669623,0.4522343936172089,0.22322113039755104,0.01268567164985219
434,train,train,397,False,0.7208539673790901,0.1608514565073467,0.44595833518659594,0.2231401418128791,0.013605844768454929
435,train,test,398,False,0.7209625382931047,0.16070612219400418,0.44565392241918517,0.22290495505422458,0.013819596479403435
436,train,train,399,False,0.7169423320882033,0.1605017347959244,0.44864466597979946,0.22386979762854667,0.013427197735680603
437,train,train,400,False,0.750718043433407,0.16583884447446498,0.45698148645983083,0.22090696490522788,0.0055731759316574
438,test,train,401,False,0.7430390423087992,0.16456291674609033,0.45894472505123657,0.22147277245991565,0.0042648726692059375
439,test,train,402,False,0.739501728399263,0.16357431112056953,0.4566461848988904,0.22119530602672835,0.004786251516049514
440,train,train,403,False,0.7396719563545139,0.16356024414961368,0.45551970848720735,0.22112538233262646,0.004627857875685727
441,train,train,404,False,0.7406671362791581,0.16382404908371861,0.45369323188274235,0.22118444448164792,0.00597370145907737
442,train,test,405,False,0.7385601908243477,0.16401963990292795,0.45730059776269205,0.2220802609464458,0.006080690069653413
443,train,train,406,False,0.7412256791179361,0.16436850759577232,0.45660059756991017,0.22175231137616822,0.006508640390875204
444,train,train,407,False,0.7343680475157672,0.16307222461046553,0.4523808697589969,0.22205789748356977,0.0070514022267107734
445,train,test,408,False,0.7347898137144623,0.1628398411542972,0.450877040853535,0.2216141787964094,0.0076339986862655005
446,train,train,409,False,0.740039459843139,0.16415608406200713,0.45842707417437517,0.22182071763687053,0.006555521218121456
447,train,train,410,False,0.7385261180349549,0.16366559762757263,0.4572094231047319,0.22161111656152183,0.008348002168423116
448,train,test,411,False,0.7348638638274645,0.16347401977889456,0.45868560126827995,0.22245483527718532,0.007894441848590507
449,train,train,412,False,0.7346268004331676,0.16283994845772004,0.4555652958161874,0.22166350092550746,0.008190192027665888
450,train,test,413,False,0.7207405483299179,0.16071791156574644,0.44960378995553796,0.22298996766334017,0.009235879848443627
451,train,test,414,False,0.730712474516904,0.16189841202177752,0.4528907238513444,0.22156240336366698,0.008849063411333747
452,train,test,415,False,0.7306893969878412,0.16272638512545948,0.45694868029596747,0.2227025406366575,0.009228409783739653
453,test,test,416,False,0.732828670640347,0.16295387822639315,0.45702029934105365,0.22236285881665052,0.008733946820276957
454,train,train,417,False,0.7311867173977555,0.16258775931694708,0.45755294709789107,0.22236147819477084,0.006770215363395516
455,train,train,418,False,0.7250430498944401,0.16122277135919816,0.4535357209048243,0.22236303262636717,0.007586312279298207
456,train,train,419,False,0.7234302748824061,0.16062626133525726,0.4494380565454014,0.2220341986121152,0.007666576631379265
457,train,test,420,False,0.7249929834025617,0.16091671421815207,0.44804687528110737,0.22195623668374317,0.008490819244607449
458,train,train,421,False,0.7132349632217023,0.15859654598762365,0.44472803025501495,0.22236227073226839,0.008705265039529024
459,train,test,422,False,0.722232437901781,0.16083749662403596,0.4487468754738896,0.22269492227640544,0.0082948582524064
460,train,train,423,False,0.7214385949547405,0.16059084206184812,0.45289012716229277,0.22259807443753796,0.008113314252689522
461,train,train,424,False,0.7219554923739372,0.16144864070651704,0.4535842479408947,0.22362686122885625,0.010785983116655502
462,test,test,425,False,0.7233920508742272,0.16263170545441122,0.4663535649554171,0.22481820923781098,0.01225018612441665
463,train,test,426,False,0.7235741462423317,0.16274715912699025,0.46705680319981474,0.22492119152151785,0.014060097608252099
464,test,train,427,False,0.7211024342032308,0.16245073674664637,0.46411590735655306,0.2252810821893056,0.012964232889132524
465,train,train,428,False,0.7144274879238671,0.15987798031682887,0.4509109966573338,0.22378475495313843,0.010959277741325268
466,train,train,429,False,0.7413066211585223,0.16386966670724887,0.4561285340220289,0.22105517747993605,0.0047259604216752914
467,train,train,430,False,0.7436924678577861,0.16494871484208581,0.4631609164660079,0.22179694157347365,0.002764949821013808
468,train,train,431,False,0.73509301687877,0.16298472532194733,0.4591573664716352,0.22171986616603434,0.0031704490434541002
469,train,train,432,False,0.7322686834183464,0.16197692978537334,0.4527748381585602,0.22119876686415066,0.0034818144893339407
470,train,test,433,False,0.7338871542507394,0.16205324056353232,0.45437014006650844,0.22081492995878946,0.003528100565069619
471,train,train,434,False,0.7331165788823109,0.16249479198506536,0.4559074991280647,0.22164932108451346,0.003085526976719017
472,train,train,435,False,0.7379282582064653,0.1637806059216529,0.46011649044737374,0.22194651593871964,0.004358525859924412
473,train,train,436,False,0.7357542591777243,0.16354994195153397,0.45812236306243825,0.22228881438527676,0.004664449551407875
474,train,train,437,False,0.7247555763957475,0.1607769371978488,0.44897834851493235,0.22183608161720128,0.004823299033336068
475,train,test,438,False,0.7250259838201946,0.1607718940072203,0.45163600622946537,0.22174638922608808,0.005225593375335314
476,train,test,438,False,0.7250259838201946,0.1607718940072203,0.45163600622946537,0.22174638922608808,0.005225593375335314
477,train,test,438,False,0.7250259838201946,0.1607718940072203,0.45163600622946537,0.22174638922608808,0.005225593375335314
478,test,test,438,False,0.7250259838201946,0.1607718940072203,0.45163600622946537,0.22174638922608808,0.005225593375335314
479,train,train,439,False,0.726958061039295,0.16194152906211812,0.4560761722452914,0.22276598574421,0.006746934704231162
480,train,train,440,False,0.7263154048795863,0.16172333765379596,0.4543835179206768,0.22266268423785887,0.006640142296512054
481,test,train,441,False,0.7264541595805393,0.16198210907273966,0.4550714609405726,0.22297636669362522,0.006211666905841397
482,test,train,442,False,0.7259340414555365,0.1611576323534779,0.4488246722776819,0.22200037902940636,0.006528335116288576
483,test,train,443,False,0.7220830679865552,0.1607554333928719,0.4516480634023515,0.22262734098047718,0.007062879958121213
484,train,train,443,False,0.7220830679865552,0.1607554333928719,0.4516480634023515,0.22262734098047718,0.007062879958121213
485,test,train,444,False,0.7248347973067961,0.1616430816189988,0.4547305783099777,0.22300679026393538,0.008959255062543523
486,test,train,445,False,0.7256548053637383,0.1617543147894366,0.45459057827142113,0.22290807363751475,0.009321842772263916
487,train,train,446,False,0.7240082884571937,0.16155628625744667,0.45507601967347056,0.22314148723588617,0.009965210216976399
488,train,train,447,False,0.729817787516626,0.1629735988464488,0.4588969220073968,0.2233072441287081,0.008809413270279691
489,train,train,448,False,0.7303051320450118,0.16290838488346435,0.4602789858058943,0.22306893069104658,0.009417817446887557
490,train,train,449,False,0.7183596053081371,0.16058060217584033,0.45186556190017413,0.22353790634839496,0.00924104713738103
491,train,test,450,False,0.7182711899224657,0.16026552395824695,0.44978937732307456,0.22312676076503488,0.009863839208051922
492,train,test,451,False,0.7112155072156406,0.15875782114668582,0.4409438961287989,0.22322041566305503,0.012498550647757473
493,train,train,452,False,0.7127998316269585,0.15936846891588416,0.44826083738278866,0.2235809575770062,0.011648523095525816
494,test,train,453,False,0.7367934484183364,0.1626216691073007,0.4522818983165228,0.22071541143097598,0.005293193314528594
495,test,train,454,False,0.7399816261084533,0.16435937064310865,0.4579094232975138,0.222112772593383,0.004004673075239384
496,train,train,455,False,0.7322819606079215,0.1623242033378419,0.4520777776728685,0.2216689910032531,0.0038744442367229775
497,train,train,456,False,0.72989394218284,0.16195863696893714,0.4496512946548519,0.2218933842423454,0.0038168951516192352
498,train,train,457,False,0.7370838366719883,0.1638435289974387,0.45979678245546085,0.2222861509719296,0.00286822314808542
499,train,train,458,False,0.7256823025219006,0.1612702299058776,0.44964805660323615,0.22223255182802337,0.003655253860447006
500,train,train,459,False,0.7318663808945797,0.1629006988435639,0.4601389857673381,0.22258256847984473,0.003930682906132668
501,train,train,460,False,0.7290579326527451,0.1624818254383954,0.4568891184237674,0.22286545164825264,0.004003340377512447
502,train,train,461,False,0.7287515983395325,0.16191414644977697,0.4548220513124639,0.2221801596301125,0.004795860243494872
503,train,train,462,False,0.7275008452442271,0.16166968870894,0.4515858601675871,0.22222611803930806,0.006550986258453878
504,train,train,463,False,0.7274267239021865,0.16206612266051634,0.45539734669119153,0.2227937431156414,0.005663843736856828
505,train,test,464,False,0.7221344043318368,0.1606159908738449,0.4465199543666296,0.22241841672459395,0.008283420332887564
506,train,train,465,False,0.7248693900981965,0.16149791417758239,0.4529724826989829,0.2227958807250843,0.007478541361234052
507,train,train,466,False,0.7253196154562012,0.16291736624763142,0.46419532318615303,0.22461458752244276,0.010608484157630948
508,train,train,467,False,0.7246213091889367,0.1627354520162122,0.46376914531177776,0.22457999778996396,0.010476780811366536
509,train,train,468,False,0.7274556733987086,0.16298700503939265,0.46163825593990204,0.22405077175068186,0.009927896570620943
510,train,train,469,False,0.724364268462672,0.16160523875988705,0.4514487998361209,0.2230994070191563,0.00958915789345123
511,train,train,470,False,0.7298429485845227,0.16257609491174732,0.4578847122626898,0.22275490258150993,0.008698269591434013
512,train,test,471,False,0.7211277843525709,0.16175043438550354,0.46028780492716453,0.2243020417396942,0.011916030643280033
513,test,train,472,False,0.718953128629399,0.16068937591014898,0.45138306020521507,0.22350466186368045,0.009475401900774928
514,test,train,473,False,0.7188352992344799,0.1605638405053678,0.4504607044371863,0.22336666086982576,0.00997183751792845
515,train,train,474,False,0.7159785522571946,0.16004663886302964,0.4509354093476317,0.22353552122262108,0.009694608926723613
516,train,train,475,False,0.743134143008084,0.1641870641045027,0.45603735936406875,0.22093866315965602,0.00687926746714368
517,train,train,476,False,0.7393004896315797,0.16351686191534529,0.45439323207552423,0.22117780822359753,0.005505166589532958
518,test,train,477,False,0.736337085260779,0.16265673532541905,0.45461234959915503,0.22089982778446235,0.004853275413359584
519,train,train,478,False,0.7458527584996054,0.16470537935059243,0.45711824844677157,0.22082827672571995,0.006221893171253281
520,train,test,479,False,0.7319628554007938,0.16185951690238193,0.45130747911628233,0.2211307796674383,0.00625800002806306
521,train,train,480,False,0.743654341056841,0.1639135080086994,0.4542564700885838,0.22041625922031793,0.006431314628505075
522,test,test,481,False,0.7384022848922803,0.16363059128813218,0.4579094232975138,0.2216008734480053,0.003671126654264253
523,train,test,482,False,0.7415699948353653,0.16448433176350624,0.46020796344986015,0.2218055381272851,0.003432868281862019
524,train,test,483,False,0.7371691353790006,0.16287091894792305,0.4555652958161874,0.22094104477690354,0.005381263041292773
525,train,train,484,False,0.7336675194228158,0.1623608772264411,0.45068659640857467,0.2213003478117338,0.004730886649694495
526,test,train,485,False,0.7340280537585597,0.1622959741006881,0.45373852086719685,0.2211032306866998,0.004223333979637454
527,test,test,486,False,0.7354295972046111,0.1626562662027919,0.45308866673629294,0.22117177065085905,0.004415210000432145
528,train,train,487,False,0.7361781454852188,0.16255816314234572,0.45350116841197385,0.22081362254404172,0.0048544004790483375
529,train,train,488,False,0.7362973123570723,0.16246803695342124,0.452400723716397,0.2206554800985492,0.004571748915447298
530,train,train,489,False,0.7229217414343909,0.1607755752379359,0.4647292916242726,0.2223969290492381,0.00467944047184582
531,train,test,490,False,0.7287965933383723,0.16180255943366342,0.4554872006678697,0.22201333117173375,0.0035560365960107675
532,test,train,491,False,0.7337718184248828,0.16250947562275778,0.4547051432829232,0.221471405063772,0.004131118780985348
533,train,train,492,False,0.7301750199940761,0.16188260267400534,0.44978379625342024,0.22170383571231825,0.004742220066917183
534,train,test,493,False,0.7327558108064802,0.16238174224989207,0.45330616523411543,0.22160416861269608,0.004556865649277229
535,test,test,494,False,0.7318998972982471,0.16262732596513269,0.45461822901333515,0.22219886430570507,0.00392056402907519
536,train,train,495,False,0.7293362747679367,0.1618678883046795,0.4528585143765325,0.22193862269662,0.004094185848744727
537,train,train,496,False,0.7264828638937351,0.16099788226539075,0.4497486470715182,0.22161277335915305,0.004900491023366307
538,test,test,497,False,0.7273736772714026,0.16185227498213123,0.45639588023720434,0.22251599149049192,0.005865130343819671
539,train,train,498,False,0.7291399606080509,0.16197951425393264,0.45267130798318794,0.2221514702319336,0.006141249810974705
540,train,train,499,False,0.735394791510997,0.16336637504663937,0.45441440671420635,0.2221478543667336,0.006048408029487593
541,train,train,500,False,0.7345829246682022,0.16298791314074682,0.4583811885008691,0.2218781674163819,0.006384663587159582
542,train,train,501,False,0.7227779780517947,0.1606382944394972,0.4482643737789303,0.2222512297240824,0.006275096514029138
543,test,train,502,False,0.7270789532823457,0.16134295539408475,0.45175483162933966,0.22190568804902625,0.006047490735425404
544,train,train,503,False,0.7171086624950466,0.1594885640005779,0.44797495789149566,0.22240501662002943,0.008181330829391308
545,train,train,503,False,0.7171086624950466,0.1594885640005779,0.44797495789149566,0.22240501662002943,0.008181330829391308
546,train,train,503,False,0.7171086624950466,0.1594885640005779,0.44797495789149566,0.22240501662002943,0.008181330829391308
547,train,train,503,False,0.7171086624950466,0.1594885640005779,0.44797495789149566,0.22240501662002943,0.008181330829391308
548,test,train,504,False,0.7177883638543241,0.16000785875646986,0.4471209831169374,0.22291787776730193,0.00885526785067134
549,train,train,505,False,0.722233593836072,0.1609513446268697,0.4500543805202111,0.22285219906760723,0.008657982611347122
550,train,train,506,False,0.7208490690757896,0.16058963725229164,0.45088394260447134,0.2227784485567635,0.00815870815877543
551,test,train,507,False,0.7142877754772081,0.15942000271209206,0.4500859933059713,0.22318735975228646,0.0086799515718612
552,test,train,508,False,0.7416032607611888,0.16340897184892011,0.4519579299362376,0.22034554120109393,0.007169222270167625
553,train,train,509,False,0.747122982101814,0.16491751055017087,0.45711824844677157,0.22073676556732766,0.0068197785789521495
554,test,train,510,False,0.7403037813514624,0.16350160428748292,0.45491088295238563,0.2208574485314696,0.006271881332011202
555,test,train,511,False,0.735953368641937,0.16269730878685376,0.45331234299282164,0.22107013259152675,0.005405884509096815
556,train,train,512,False,0.7419009484384123,0.16362102807970935,0.45556658991027654,0.22054295580037542,0.006970975876819198
557,test,train,513,False,0.7391528112658082,0.16292170393598934,0.4514630727238666,0.2204168088828397,0.006911609514581422
558,train,train,514,False,0.7370013888615112,0.16291930358075102,0.45357278745706037,0.22105698312512262,0.0052114772473233345
559,train,train,515,False,0.7366723362978359,0.16292497670150335,0.4534021969694996,0.2211634245970015,0.0054678755954690236
560,train,train,516,False,0.732085702386173,0.16203511485010177,0.45087218377611105,0.22133353283906745,0.004199081965917204
561,train,train,517,False,0.7368209015183581,0.16281852262916163,0.4522835173423306,0.2209743538675999,0.005272181901003309
562,train,train,518,False,0.7364260523547584,0.16266868773714552,0.45204910459419817,0.22088937133199513,0.004936155188899557
563,train,train,519,False,0.7374202426309522,0.1627464423760612,0.45476764486221344,0.220697009612074,0.004535554108714225
564,train,train,520,False,0.7320746033966707,0.16154190816136546,0.4504687995662262,0.22066317751202583,0.0040043017619862354
565,train,train,521,False,0.733755992130702,0.16200022857445096,0.45187233634793156,0.2207821541654876,0.004068359074684258
566,train,train,522,False,0.7336789324044564,0.16202488985119937,0.450404977305654,0.22083895651767146,0.005150442549324785
567,test,train,523,False,0.7324752387712961,0.16173488155833549,0.449668208905162,0.220805937180403,0.004574686038290716
568,train,train,524,False,0.7324116181607183,0.16177564823056537,0.4514354219819526,0.22088077826622596,0.0038979128262026787
569,train,train,525,False,0.7359047744342666,0.16271685920050888,0.45363205098473447,0.22111129707725966,0.004029544427054584
570,test,test,526,False,0.7264094319288031,0.16064568136403448,0.4502021773432816,0.2211503241876679,0.003342606168536926
571,train,test,527,False,0.7265428595518985,0.16129302822876868,0.45076085681622485,0.22200070664550683,0.003808914602093899
572,train,test,527,False,0.7265428595518985,0.16129302822876868,0.45076085681622485,0.22200070664550683,0.003808914602093899
573,train,train,528,False,0.7331222232206198,0.16258334538901761,0.45579647051270433,0.2217684040115247,0.003436512982138048
574,train,test,529,False,0.7284414298487056,0.16133247752183721,0.4512586537356863,0.22147625177681798,0.0033755297411533908
575,test,train,530,False,0.735826578374653,0.16314570443645798,0.4551648513133924,0.2217176019882647,0.0030996813061200707
576,test,train,531,False,0.7288915301446957,0.16125167833550486,0.448250995924762,0.2212286350803034,0.004693478558501322
577,train,train,532,False,0.7253400753542473,0.16100846476477693,0.4516268887636693,0.22197651865043078,0.0037637964739242248
578,train,train,533,False,0.7306222038091055,0.16138364263023094,0.44972291369993805,0.2208852150794978,0.00365602173684452
579,train,test,534,False,0.7226077016320718,0.1606315066225863,0.4495764375581501,0.22229420785273418,0.005642823193597354
580,train,train,535,False,0.7279953403470872,0.16150763360346873,0.45258145400650973,0.22185256505414794,0.0049473873772216724
581,train,train,536,False,0.7255596592101555,0.16080851059069864,0.4461334844070546,0.22163375340596367,0.006290204881353868
582,test,train,537,False,0.724531106624561,0.16104001019824274,0.45099365053854973,0.2222679036494299,0.006102129697767916
583,test,test,538,False,0.7265896924061018,0.16127163550293935,0.45100600605596175,0.22195695478267566,0.005479985901362616
584,test,train,539,False,0.7284227020059334,0.1615774419560148,0.45072144724595087,0.22181824030341477,0.005916659294389023
585,test,train,540,False,0.7251462023578633,0.160859488181129,0.44830864042662855,0.22183042213843662,0.005875056699809235
586,train,train,541,False,0.7217160102532645,0.1605709768744702,0.44523524298479816,0.22248498660591257,0.006825387216120525
587,train,train,542,False,0.722267276407493,0.16059439794319857,0.45018070436007357,0.2223476034273405,0.006219067498552345
588,test,test,543,False,0.7194487714900409,0.16020026162178205,0.44672539569156616,0.22267083907863708,0.007604419279920267
589,test,train,544,False,0.7263125279448925,0.16157032201661706,0.45109424100683176,0.22245289155865403,0.00761434007089879
590,test,train,545,False,0.7234462890583911,0.16053902477204507,0.44836496424721256,0.22190869895952645,0.007761612567917578
591,train,train,546,False,0.7218522470134642,0.16076645958208022,0.4521976254094989,0.22271380361732332,0.0071239518518843295
592,train,train,547,False,0.7187639249787882,0.15960356253350144,0.4457724494745337,0.222052828455757,0.00764150580520234
593,test,train,548,False,0.7206784959705406,0.16051107772011078,0.4502598218451476,0.22272216892492383,0.007086380285957289
594,train,train,549,False,0.7201435725978232,0.1602365374625164,0.44971481857089823,0.22250637728319111,0.007084410204658744
595,train,train,232,False,0.7051304368530175,0.1571062388250403,0.43860402903584494,0.22280450625022255,0.00915247105703025
596,test,train,550,False,0.707175977137844,0.15739845008660774,0.4418874265355096,0.2225732422694095,0.0073165123647132395
597,train,test,551,False,0.7153104127692838,0.15905467902550638,0.4477662785149433,0.22235756139734525,0.00744900391676985
598,train,test,552,False,0.7455374890411491,0.16460371806855162,0.4577726613105734,0.22078529985159,0.005922900425494153
599,train,train,553,False,0.7421166264568017,0.16316488721077688,0.4526916344981928,0.21986421189591102,0.008360246589870047
600,train,test,554,False,0.7421604121708025,0.1639122588747315,0.4566917722278705,0.22085826215830054,0.0065056090396527835
601,train,train,555,False,0.7398494970696,0.16282805222870453,0.4548894099691778,0.22008266934509624,0.006036232305769771
602,train,train,556,False,0.7358083827530477,0.16254901664762006,0.4529271937145286,0.22091215655825822,0.0067430687183998635
603,train,train,557,False,0.7367177576566286,0.16200390803520326,0.45183603153012825,0.2198995563111029,0.007853419130002271
604,train,train,558,False,0.7425424267541361,0.16343808023789808,0.4543476447465441,0.22010604963319383,0.006630836164565601
605,train,train,257,False,0.7364277443642211,0.16326031048885664,0.4650023899504492,0.22169223218199618,0.00792681537736771
606,train,train,559,False,0.7451871279966804,0.16439066445652561,0.45603735936406875,0.22060319922388397,0.007630704684025617
607,train,test,560,False,0.742486087135878,0.16352928007895978,0.4548652956234055,0.22024558158358223,0.006955504991540806
608,train,test,561,False,0.7452961952330278,0.1642658056975616,0.45655501024093015,0.22040338693289785,0.007287103420209959
609,train,train,562,False,0.7397501943769618,0.1635288286382027,0.459081487038177,0.2210595277719815,0.005408893473146033
610,test,train,563,False,0.7448883867189104,0.16472891507169762,0.459507963257078,0.22114576896183963,0.0049902866441232895
611,test,train,564,False,0.7356590663901446,0.162416713187683,0.4523138094468091,0.22077715154746425,0.005881575510648427
612,train,train,565,False,0.7393579730789369,0.16287810537208683,0.453924406579259,0.22029667806760406,0.005749167676915014
613,test,train,566,False,0.7383567175983915,0.16241983497349521,0.4522835173423306,0.21997475082476184,0.0071499686553069906
614,test,test,567,False,0.7333307572496688,0.1616414803502085,0.44989806292039636,0.22042097478147404,0.005424976171875625
615,train,train,568,False,0.7314167008007315,0.16160814937461673,0.4510076250817696,0.22095222763944727,0.004245229443249255
616,train,train,569,False,0.731719816963485,0.16168589402886205,0.44941394219962916,0.220966947020557,0.004632564731856629
617,test,train,570,False,0.7322261960790489,0.16159190407284812,0.45022688837810526,0.22068577297308706,0.0049466721928461705
618,train,train,571,False,0.7254831120010587,0.16105520829664416,0.45055379646548044,0.2219971845415047,0.004291409427033107
619,train,train,571,False,0.7254831120010587,0.16105520829664416,0.45055379646548044,0.2219971845415047,0.004291409427033107
620,train,train,572,False,0.7487334822813474,0.1656883401574425,0.4677579967707003,0.22129147964987456,0.00399393514685128
621,test,train,573,False,0.7488197271594919,0.16567802712066054,0.47244625173335275,0.22125222014266274,0.004486716472576686
622,train,train,574,False,0.7455312587537679,0.16458917202093704,0.4625520909311863,0.2207676339367242,0.005198292589057286
623,train,test,575,False,0.756572060391429,0.16653515901089377,0.46926536207230396,0.22011803994550524,0.0058324866745819775
624,train,train,576,False,0.7581384582276711,0.1680018430721366,0.4769065700511045,0.22159783776815759,0.005252915653667111
625,train,train,577,False,0.757063338433161,0.16716366768774582,0.47282714062327336,0.22080539262898707,0.005215338470686703
626,train,train,578,False,0.7474513062563637,0.16516920967699544,0.47075653711582854,0.22097654829750887,0.005179913147898022
627,train,train,579,False,0.7518923982804723,0.16664561740710088,0.47535361742052057,0.2216349278011166,0.005135472907554614
628,test,train,580,False,0.7495493447629953,0.16573213168112028,0.47183742619853103,0.22110903416708896,0.0047543351675922475
629,test,train,581,False,0.7477827549032747,0.16530112817835624,0.46602269482419556,0.22105501510226436,0.005434805078139762
630,train,test,582,False,0.747808795301089,0.1651901470583268,0.46897564784034357,0.2208989090477554,0.005134991603041455
631,train,train,583,False,0.746042703255446,0.16485850638048252,0.4696300607041452,0.22097730553640274,0.005212465764774161
632,train,test,584,False,0.7484340682118458,0.16549640488550327,0.46893006051136354,0.22112355906099557,0.005163312255026822
633,train,test,585,False,0.7557078180269544,0.16683097175995454,0.4739992043639367,0.22076120926673284,0.0040000558916806666
634,train,train,586,False,0.7494914771089392,0.16496212052386505,0.4647594564255719,0.2200987276869163,0.005449497102594351
635,train,train,587,False,0.7476083636982394,0.16493696647107278,0.4671947585648586,0.22061947736267842,0.004630274917255139
636,train,test,588,False,0.7436244481358769,0.16423990805045918,0.4637697420008296,0.22086405101684992,0.004440628255022162
637,train,test,589,False,0.7480565818178011,0.16514552815157166,0.4665859330300369,0.22076609198499772,0.004136726914729553
638,train,test,590,False,0.7428970085538915,0.16504431769431493,0.4667226950169774,0.22216312058597046,0.0018568679606298453
639,train,test,591,False,0.740707029604576,0.16451145006223244,0.4651091581774373,0.2221005653882566,0.004142037457523028
640,train,train,592,False,0.7416034579703038,0.16431425209362052,0.46357179911588126,0.22156618921833587,0.0023364738024413806
641,train,train,593,False,0.7382225898519137,0.16384404789669565,0.4602076651053341,0.22194396398728805,0.002859044939761117
642,train,train,594,False,0.7427135536064998,0.16487459493266404,0.4667226950169774,0.22198947916334505,0.0015009098478014843
643,train,train,595,False,0.7420915543393078,0.164543562065625,0.4706041815598599,0.22172946330337895,0.002607647845125049
644,train,train,596,False,0.7484489478343331,0.1665207861587324,0.47183742619853103,0.22248783519646453,0.0041880325606599555
645,train,test,597,False,0.74195513340731,0.16495191684717775,0.46985829569357196,0.22232060864605452,0.002326005759613447
646,train,train,598,False,0.7396151519462674,0.16426850030954912,0.4671182824423487,0.2220999662828475,0.002771949582839698
647,train,train,599,False,0.7449496583847838,0.16547955030867345,0.47019329890998685,0.2221352120188495,0.0025893476881628653
648,train,train,600,False,0.7429455489211785,0.1647703210208232,0.4643785675356512,0.22177980776664458,0.0020759152747772893
649,train,train,601,False,0.7393047131998074,0.16426662858423294,0.4683512287364938,0.22219069573256947,0.002834863419725138
650,train,train,602,False,0.7378307459552866,0.16394005152716065,0.46765093019918635,0.2221919490694355,0.002079351140016532
651,test,train,603,False,0.7399233993692073,0.16398404881221038,0.46317591334598407,0.22162300712750613,0.002224317399386347
652,train,train,604,False,0.7418820234887047,0.16518436918962207,0.4706497688888402,0.22265584548449033,0.003186362682331051
653,train,train,605,False,0.7370625583076184,0.1634779613203673,0.4624147322551941,0.22179658901102203,0.0014522720711984717
654,test,train,606,False,0.7379515710498115,0.16375134518328835,0.4652612153888798,0.2218998530626276,0.0017393643409118842
655,train,train,607,False,0.7344383224615367,0.16260621698677694,0.46030339849619245,0.22140214094736702,0.0015427006088445723
656,train,train,608,False,0.7354596943156748,0.16297548051987432,0.46130355106801313,0.2215967534040306,0.0018967123477855667
657,train,train,609,False,0.7343210484924134,0.16302988645043684,0.46419562153067895,0.22201445373946838,0.00224597573208175
658,train,test,610,False,0.7372090346968821,0.1637933089562488,0.46063384297970933,0.22218027892671663,0.0026219832384401266
659,train,train,611,False,0.730392785667151,0.1617025238071981,0.4589972141311531,0.22139118427832874,0.002195990786425133
660,test,train,612,False,0.7338031818450891,0.16299825612115462,0.4629473800120315,0.22212803126760586,0.0019245074200886733
661,train,test,613,False,0.7325595130438014,0.16392518169714468,0.4695991719106157,0.22377046339352258,0.007645059178552172
662,train,test,614,False,0.7299943019628226,0.16218311490109058,0.45981765874961716,0.22217038470712652,0.00392392060007975
663,train,train,615,False,0.7259275459871755,0.16094346225932635,0.4537867495587412,0.22170733587532115,0.003947538395912038
664,train,train,616,False,0.7241026753680381,0.16054912687991163,0.45241218420023155,0.22172149384520598,0.0025722721529719255
665,train,test,617,False,0.7455417593028578,0.16425415574413443,0.467285933222819,0.22031516503881074,0.007997274469313488
666,train,train,618,False,0.7363658685661454,0.16260518162298077,0.4644238565201055,0.22082118219249655,0.005726749855916945
667,train,test,619,False,0.7379726217165354,0.16190993472394788,0.4575164772347068,0.2193982946783892,0.007986527400671331
668,train,test,620,False,0.741444359733808,0.16357562184010954,0.4665094569075271,0.22061752806216797,0.008532322477299757
669,test,test,621,False,0.7429886582367153,0.16374621988836402,0.4639370944367743,0.22038858611512568,0.00817436434266082
670,train,train,622,False,0.7341713723757735,0.161799666441874,0.4609913415160884,0.22038405817744078,0.006879373477990896
671,train,train,623,False,0.7359773960945393,0.16232040724611654,0.45828353773967695,0.22055080510280486,0.004751150767960182
672,train,train,624,False,0.7367288721634747,0.16323033349963298,0.4624147322551941,0.22156092921985196,0.0038259238657045373
673,train,train,625,False,0.7379629134446049,0.16361045837636545,0.4669050443328983,0.22170552936417565,0.004258212797879135
674,test,train,626,False,0.7400087024194664,0.1639870983963467,0.4678488730841347,0.22160158098166838,0.0035727749297628244
675,train,train,627,False,0.7362054878791775,0.1630404031065047,0.46376944365630385,0.22146045606938222,0.0025540907677612827
676,train,train,628,False,0.749187472441989,0.16585465575048858,0.47192860085649135,0.22137937679321115,0.004787356426148953
677,train,test,629,False,0.7362409816189847,0.16321070806099658,0.46405856119921246,0.22168109645580755,0.0035121776063303635
678,train,train,630,False,0.741159345915773,0.16485460507247054,0.47150212463759056,0.22242801899607292,0.003897807340941551
679,train,train,631,False,0.7337138152171582,0.16355775243752507,0.46847269549893256,0.22291764042785087,0.004086943413783746
680,train,train,632,False,0.7358238748054559,0.16321644971679736,0.46381503098528387,0.22181456093681395,0.0034647952130151404
681,train,train,633,False,0.7385479439822075,0.1633360841945462,0.46329767845294856,0.22115840349354648,0.002912480607729356
682,train,train,634,False,0.7467700061484619,0.16546957951960428,0.472491839062333,0.2215803770333915,0.0030527492965803445
683,train,train,635,False,0.7316668684177172,0.16257016015217265,0.4632820848839204,0.22219150158287534,0.0036870588025603346
684,train,train,636,False,0.7322446992617893,0.1619612067009222,0.46243428786806823,0.22118453962753573,0.003093473850208352
685,train,train,637,False,0.729271353672173,0.1623860409856502,0.4647751772977789,0.22266888746962504,0.004251516731454659
686,train,train,638,False,0.7329305910275918,0.1634321413721735,0.46952299413263154,0.22298447270844088,0.0052712159674886926
687,train,train,639,False,0.7256923102286661,0.16103996540990775,0.46156177981739216,0.22191218391051154,0.0047516692950217605
688,train,train,640,False,0.7270862561808777,0.161813883916596,0.46559562191624276,0.22255115200024006,0.004861999071252317
689,train,train,641,False,0.7241956393559493,0.1615703720292798,0.46052059864948947,0.22310321030511807,0.006285856473204498
690,train,train,642,False,0.7227868566720598,0.16073264708166934,0.46020089065757663,0.22237903968222872,0.005913793573497202
691,train,train,643,False,0.725084330956016,0.1613350892628959,0.4575829408578435,0.22250527611067983,0.005693033291991434
692,test,train,644,False,0.7201876153838893,0.16053355825711227,0.4613941290369221,0.22290519140841009,0.006453685182651905
693,test,train,645,False,0.7165164715387032,0.15945614760663637,0.454711746689334,0.2225435896319422,0.006966912691529088
694,train,train,646,False,0.771584285559676,0.1707411499891949,0.47888599890058947,0.22128645332032157,0.0061111403420611825
695,train,train,647,False,0.7635901797098237,0.16819866150559457,0.47386244237699626,0.22027347388033816,0.008945278248316693
696,train,train,648,False,0.756587751233618,0.16700178177219335,0.47113742600574915,0.22073022131259273,0.009702509096224539
697,train,train,649,False,0.756801182075603,0.16702655381117198,0.47404479169291674,0.22070070418373944,0.009118536512348195
698,train,train,650,False,0.7556747565394477,0.16647749404678097,0.4693565367302643,0.22030310342660034,0.008936942018728416
699,train,test,651,False,0.7531861048007322,0.16674212989422912,0.47296390261021415,0.22138237658851062,0.004789904165678091
700,train,test,651,False,0.7531861048007322,0.16674212989422912,0.47296390261021415,0.22138237658851062,0.004789904165678091
701,test,train,652,False,0.7581577806222263,0.16724924145163242,0.4722183150884517,0.22059951863102903,0.004901329058627351
702,train,train,653,False,0.756111022873397,0.16728617029000678,0.4781698084497279,0.22124551187506905,0.0046919720816639265
703,train,test,654,False,0.7554339020922414,0.16693810751283822,0.4734815534870753,0.22098307615065763,0.005300036370291123
704,train,train,655,False,0.7554012140496595,0.1673086107359997,0.4734815534870753,0.22148311072875898,0.0044471773941766385
705,test,train,656,False,0.7540298443630336,0.1668769527369998,0.4734815534870753,0.2213134585912432,0.004636982572697929
706,test,train,657,False,0.7539986004419081,0.16795612106348512,0.47877863398454956,0.22275388968235268,0.003147069507370574
707,train,train,658,False,0.7576112445822882,0.16809210769184796,0.47929628486141096,0.22187118907471623,0.003247680940445502
708,train,train,659,False,0.740215549228145,0.16458498250658932,0.47087800387826684,0.22234737257034015,0.00277442768822186
709,train,train,660,False,0.7395305102678978,0.1642755435759184,0.46952329247715696,0.22213491031818136,0.0028829731489195334
710,train,train,661,False,0.7383738446748861,0.16419722532523381,0.46410444687271873,0.2223768169869717,0.00462662724566539
711,train,train,662,False,0.7381303141100568,0.16387405733067215,0.4659462187016857,0.22201236583576783,0.002381594059029293
712,train,train,663,False,0.7479800182202057,0.16544242163214148,0.4712741879926897,0.22118561673051962,0.0033769708057174363
713,train,train,664,False,0.7369878541225164,0.16360602811525812,0.4673009301027952,0.22199284180884254,0.0028519446681264248
714,train,train,665,False,0.7414007128651136,0.16557717400133706,0.47816921176067634,0.22333020609256046,0.007151473177668159
715,train,train,666,False,0.7357216740244454,0.16342464511446095,0.4677726953061507,0.22212835489882676,0.004898217504489295
716,train,train,667,False,0.7337779711414283,0.16305369118004812,0.4665700411164834,0.22221121046521736,0.004327013131794785
717,train,test,668,False,0.7308801396110527,0.16230055813922326,0.46900534325577004,0.22206179829375797,0.0051807907171220755
718,train,test,669,False,0.7550595810433537,0.1668707214957559,0.4752168554335801,0.22100338262733016,0.008494754757512421
719,train,train,670,False,0.7527232487261147,0.16604547263507974,0.4694477113882247,0.22059299073874747,0.007392017664078739
720,test,train,671,False,0.738350033347807,0.16323470346845048,0.46236914492621395,0.22108037664509345,0.00716761948004153
721,test,train,672,False,0.7481811099885075,0.16511918528044658,0.4654138692893739,0.2206941381919986,0.007829944217074745
722,train,train,673,False,0.7442362691465494,0.16489564887683658,0.4690668224983038,0.2215635755912973,0.004372184674484945
723,train,test,674,False,0.7453817870452534,0.1648128366125225,0.46606828215317575,0.2211119717129826,0.0036596030347820848
724,train,train,675,False,0.7410071017728868,0.16422517157051844,0.4641653294262009,0.2216242883200494,0.004484899753924947
725,train,train,676,False,0.747982702751206,0.16536461126326837,0.4659771074952152,0.22108079592620197,0.004615688506329529
726,train,train,677,False,0.7297054216844325,0.16209637511736116,0.4594751570932146,0.22213946929869618,0.0031928994447159085
727,test,train,678,False,0.7480364992078494,0.16652089008708176,0.4730550772681744,0.22261064836197553,0.002781775251630137
728,train,test,679,False,0.7439490799491356,0.1644602409106978,0.46545945661835403,0.22106384071600987,0.0023596274260819896
729,train,test,680,False,0.7431190789885201,0.16407259294200363,0.4643329802066709,0.22078910040276098,0.0019360335965283649
730,test,train,681,False,0.7361325291425269,0.16366715822134092,0.4677118127526685,0.22233382134598262,0.0030370588756132195
731,train,train,681,False,0.7361325291425269,0.16366715822134092,0.4677118127526685,0.22233382134598262,0.0030370588756132195
732,train,test,682,False,0.7389029867729369,0.16417876846687954,0.4647894501855246,0.22219259010429646,0.00437813234618901
733,train,train,683,False,0.7357997449976973,0.163558432989391,0.4667223966724518,0.2222866127656824,0.003446709076526326
734,train,train,684,False,0.7382240264507897,0.1642639502770453,0.4639826817657543,0.22251233283043953,0.0053017234937635625
735,train,train,685,False,0.7363933287756935,0.16360481651301978,0.4669965173353844,0.22217042186547842,0.004297302960298968
736,train,train,686,False,0.737842478694881,0.16466208068059848,0.4692188797097462,0.22316698405851879,0.0048856046372713555
737,train,train,687,False,0.7335099870874319,0.16237641722238372,0.46078590019115173,0.22136906120002017,0.0045578038200383775
738,train,train,688,False,0.7309242206565291,0.16280782254559312,0.4645303264025679,0.22274241014938082,0.00721123518258169
739,train,train,689,False,0.7549814645466117,0.16659150589669736,0.47113742600574915,0.2206564183621917,0.007547419954719162
740,train,train,690,False,0.7580076055362759,0.16761840711384768,0.4757800936394214,0.2211302444587754,0.006821691429978866
741,train,train,691,False,0.7530061991766779,0.16660359539659364,0.4717918388695509,0.2212512932546302,0.00558749061451804
742,train,train,692,False,0.7469017190763653,0.1653164427918066,0.4684124096345019,0.22133627299216888,0.005290134902159738
743,train,train,693,False,0.7483435546558622,0.16617277376030998,0.47483596654365917,0.2220541257106533,0.004744877291275549
744,test,test,694,False,0.747771831639588,0.16553210246401828,0.472491839062333,0.2213671275916711,0.004987090352157913
745,train,train,695,False,0.7433351143576363,0.16456587692902977,0.4674532856587635,0.22138854165559194,0.00470377139528545
746,train,train,696,False,0.7472913507437147,0.16606430832363525,0.47192860085649135,0.22222163839895345,0.003159094142539718
747,train,train,697,False,0.7471673513444813,0.16579166903307824,0.47131977532166963,0.22189362093344472,0.0036358967705733235
748,train,train,698,False,0.7455885517802345,0.16519612104817766,0.4684124096345019,0.22156472313548872,0.003098990171192736
749,train,train,699,False,0.7400467293148835,0.16457623518340309,0.4719891850654478,0.22238627462858135,0.002865803005567536
750,train,train,699,False,0.7400467293148835,0.16457623518340309,0.4719891850654478,0.22238627462858135,0.002865803005567536
751,train,train,700,False,0.7387591841700122,0.16387872772141593,0.4668594570039182,0.2218296993566745,0.0022364298432503097
752,test,train,701,False,0.755438376290129,0.16768235217868208,0.4781698084497279,0.22196694984195908,0.0024088031647978387
753,train,train,701,False,0.755438376290129,0.16768235217868208,0.4781698084497279,0.22196694984195908,0.0024088031647978387
754,train,train,701,False,0.755438376290129,0.16768235217868208,0.4781698084497279,0.22196694984195908,0.0024088031647978387
755,train,train,702,False,0.7570065328274467,0.16836608617129017,0.4822492378775591,0.22241034769202953,0.003244110517985235
756,train,train,703,False,0.7556959833454633,0.16745298210731968,0.47695215738008456,0.22158776253647128,0.002857150933713233
757,test,train,704,False,0.7398496521880501,0.164395436882792,0.47130418175264205,0.22220114099750507,0.004547806876759063
758,train,train,705,False,0.7285351426555476,0.1624138251841631,0.46510856148838536,0.22293203947877718,0.0037921072276006517
759,test,test,706,False,0.7400818024075009,0.16496559364300692,0.4743333125467742,0.22290183748116837,0.004244429341932073
760,train,test,707,False,0.7389184599616895,0.16436523931811012,0.4676662254236883,0.22244029378645097,0.003675432629738815
761,train,train,708,False,0.7365592994879526,0.16417243433977183,0.47331330601755345,0.22289099391441067,0.004281095280246866
762,train,train,709,False,0.7361493854521797,0.1641228310321989,0.46702680943986263,0.2229477253878117,0.004009756219596619
763,train,train,709,False,0.7361493854521797,0.1641228310321989,0.46702680943986263,0.2229477253878117,0.004009756219596619
764,test,train,710,False,0.7337008805092213,0.1636056694261351,0.4641803263061769,0.2229868789479787,0.005715425459816195
765,train,train,711,False,0.7311144190285624,0.16258868165679613,0.46206443381427714,0.22238472860763572,0.004993589486986374
766,train,train,712,False,0.7309267639916769,0.16303796987631647,0.4645759137315479,0.22305650566952423,0.004973950576733761
767,train,train,713,False,0.735293009206589,0.16393701287804027,0.46789446041311494,0.2229546736136319,0.006595938672784068
768,train,train,714,False,0.7351286268508732,0.16394223450173145,0.4690056416002959,0.22301163158891438,0.0051810683346286855
769,train,train,715,False,0.7294091718400809,0.16297813312164852,0.4675897493011782,0.22343855741559088,0.006711028771391452
770,train,train,716,False,0.7287867154066717,0.16323568540708291,0.4651238567128875,0.22398279490590803,0.008963079759562816
771,train,train,717,False,0.728025178115041,0.16298723993866104,0.46647856811399724,0.2238758285265048,0.008484821963479161
772,test,train,718,False,0.7245574397191729,0.1615408792910073,0.46171251634755234,0.2229511015077259,0.009537843412818159
773,train,train,719,False,0.7564948379308661,0.16662956382086067,0.4698735034574199,0.2202653018447807,0.010784250091951412
774,test,train,719,False,0.7564948379308661,0.16662956382086067,0.4698735034574199,0.2202653018447807,0.010784250091951412
775,train,test,720,False,0.7579347110634603,0.16703881133940687,0.4716550768826103,0.22038680759855192,0.008367039416189864
776,train,train,721,False,0.7471328684890483,0.16509223929080763,0.4666771076879973,0.22096771036814267,0.006642503169671802
777,train,train,722,False,0.7523531243132007,0.1662200166764528,0.4694477113882247,0.2209335102159505,0.00714943291087645
778,test,train,723,False,0.7072779609371181,0.15899836810739568,0.4606017608080762,0.2248032271452775,0.01196307848025416
779,train,test,724,False,0.7487659617027,0.16585776199271396,0.4678035840996802,0.22150814870851238,0.006455938378458769
780,train,train,725,False,0.7437600317811636,0.16376246200192487,0.4651700407309194,0.22018185302286947,0.0057542644090617994
781,train,train,725,False,0.7437600317811636,0.16376246200192487,0.4651700407309194,0.22018185302286947,0.0057542644090617994
782,train,train,726,False,0.7441962329251753,0.16428314295081295,0.46789475875764064,0.22075245168209642,0.003893587942154146
783,train,test,727,False,0.7348958066441231,0.1627397405057015,0.46632651090255484,0.22144600504505124,0.004511048503408839
784,train,train,728,False,0.7409694855441223,0.16399314830400286,0.4692797622632284,0.2213224046379945,0.0047229957844879735
785,test,train,729,False,0.7436320963182947,0.1648883483507254,0.47550537628743744,0.22173377018969972,0.004679237030080859
786,test,test,730,False,0.7430372446994897,0.1646106309287105,0.46789475875764064,0.22153752332466833,0.004159503826782771
787,test,train,731,False,0.7439361605473099,0.16476614209927,0.46943211781919686,0.2214788725662326,0.0025832302828074816
788,train,train,732,False,0.7413386030780316,0.16396978535968995,0.4637697420008296,0.22118069216804412,0.002030497604238289
789,train,train,733,False,0.7438825628689443,0.1650954794882185,0.4696300607041452,0.22193755806224577,0.0018600067472498397
790,train,train,734,False,0.7383635335342823,0.163794479053671,0.46926446703872643,0.22183446448072183,0.002324200186784581
791,train,train,735,False,0.7347575939360843,0.16271069851079592,0.4603141349877964,0.22144813453258427,0.0031919842854774565
792,test,train,736,False,0.7294313863712424,0.1625447894056884,0.459705011108449,0.22283766841225777,0.003940356871357426
793,train,train,737,False,0.7295319703469498,0.16227808932855206,0.460408249352847,0.2224413677873172,0.004335103654541676
794,train,train,738,False,0.7339654949735963,0.16323716701265029,0.46300826256551375,0.22240441564425667,0.003871368337968183
795,train,train,739,False,0.7362501105081728,0.16373212747363747,0.46597651080616376,0.22238655741678146,0.0038914615539136863
796,train,train,740,False,0.7349646941681113,0.16366533698108152,0.4687315209373633,0.2226846245537418,0.004161649233933861
797,train,test,741,False,0.7338123476510129,0.16380987329297433,0.4639976786457304,0.22323128496998143,0.004884058422806855
798,test,train,742,False,0.7369711857214438,0.16483203975572966,0.4740591918838414,0.22366144423186707,0.0066202615440228525
799,test,train,743,False,0.7376113993804532,0.1643124828622029,0.467605342870206,0.22276293858827964,0.00650722635261573
800,train,test,744,False,0.7333118355506949,0.163882118658732,0.47032976255240166,0.2234821677679067,0.006793546936817
801,train,train,745,False,0.72745431141255,0.16185730379658794,0.46017677631180437,0.22249823976202443,0.005979100845315974
802,test,train,746,False,0.7138014404716132,0.15958478987529356,0.4552626293777635,0.2235702827523784,0.006793150248397779
803,train,train,747,False,0.7552326878659158,0.16764725308714915,0.47638891917424314,0.2219809282366672,0.006068002729116934
804,train,train,748,False,0.7572474158604461,0.1681367440321629,0.4757800936394214,0.22203673530019544,0.004686449997266242
805,train,train,749,False,0.7497418949380654,0.16647614744275008,0.47479037921467915,0.22204461104111345,0.00479122748048755
806,test,train,750,False,0.7461143366836965,0.1655361460415187,0.47192860085649135,0.22186431476077526,0.00412818312584658
807,train,train,751,False,0.7478010722929265,0.16594474155568112,0.47131977532166963,0.22191027494365204,0.004869742161218237
808,test,test,752,False,0.755287654023339,0.16701238138718755,0.4717006642115907,0.22112420413272998,0.004230261452017632
809,train,train,753,False,0.7520634958532713,0.1662868109264387,0.4694021240592444,0.22110740893995143,0.004157237595246157
810,test,test,754,False,0.7493769432294913,0.16638767704033233,0.4718830135275114,0.22203468967603038,0.004905890961932297
811,train,train,755,False,0.7489636256302071,0.16658570164523887,0.4712741879926897,0.22242161827961562,0.0031434013397710287
812,train,train,756,False,0.7445727898726664,0.1652332215197588,0.46784917142866045,0.22191681426877857,0.0029424652026042663
813,train,train,757,False,0.7436711919300207,0.16457910971453865,0.4648962184125125,0.22130628630028404,0.003334429247256647
814,train,train,758,False,0.7402340766010786,0.16374981893836094,0.46558092338079266,0.221213564890512,0.0022770375972226537
815,train,train,759,False,0.7413268342255127,0.16500451432036667,0.4719435977364675,0.22257998321718928,0.003373979189462562
816,train,train,760,False,0.7446122821935374,0.16519554424566602,0.46845799696348217,0.22185444451576866,0.0024638659896109934
817,test,train,761,False,0.7439030404170297,0.16449274837464734,0.4666771076879973,0.22112122069353718,0.00243809150794847
818,train,train,762,False,0.7400309526136992,0.16374921338083728,0.4641197420972208,0.22127346539019077,0.001817267239708871
819,train,train,763,False,0.7410609743959802,0.1651311851100796,0.46838181918549804,0.2228307667188571,0.002989791053918668
820,test,test,764,False,0.7476620415352582,0.1661547817294499,0.47010212425202635,0.22223246934974214,0.0022575758483599864
821,train,test,765,False,0.7469691408931836,0.1665063304477304,0.4754447920784809,0.22290924930129177,0.0037986845086484013
822,train,train,766,False,0.7472539917104154,0.16612734137739968,0.4677579967707003,0.22231710130734142,0.0032938004864238417
823,train,test,767,False,0.7457554105879423,0.1659054046014509,0.46897564784034357,0.22246624328297343,0.0034938683786751583
824,train,train,768,False,0.7323993712301492,0.16272755204951792,0.46063516366099166,0.22218417770648577,0.0032003858207343035
825,train,train,769,False,0.7317902174110241,0.16268680059856058,0.4570808835500098,0.22231344001034165,0.004417721452320928
826,train,train,770,False,0.7310443725642867,0.1629931699888742,0.4590125093556552,0.22295933886631605,0.005387435865229536
827,train,train,771,False,0.7330059769897774,0.1634075056986375,0.4625667894666365,0.22292793077854586,0.006294074601173952
828,train,test,772,False,0.7334847566173458,0.16299952520393216,0.46050883982112917,0.22222619315995948,0.003869644157009593
829,train,train,773,False,0.7314295540708846,0.16336946581152806,0.466432980785017,0.22335639146965003,0.005725368108117479
830,train,train,774,False,0.730731588082649,0.16307982057351808,0.4620826687458692,0.2231733556249015,0.0059408111595678674
831,train,train,775,False,0.7304554662744388,0.16336613968987262,0.4654282694802982,0.22364969150425176,0.007039433713399109
832,train,train,776,False,0.7255627599398808,0.1626931787256143,0.46693503809285036,0.22423033224458053,0.009198275802675928
833,train,train,777,False,0.7256030698583,0.16279005319215398,0.46790915894856505,0.22435138432358695,0.010445419830026574
834,test,train,778,False,0.7293533653918488,0.16261829661910346,0.4603564842651607,0.22296229007147442,0.006101863195310946
835,train,train,779,False,0.7767836481963746,0.17199853100994184,0.4810477770659951,0.22142398518468787,0.004843668352822556
836,train,test,780,False,0.7608720737925908,0.16797352495477394,0.4745168552407979,0.220764476369207,0.008769771873019831
837,train,train,781,False,0.7763182643550226,0.17130662959437543,0.4835883140874774,0.22066546345743862,0.00955096141218261
838,train,train,782,False,0.7603936072023987,0.1676083019263868,0.47188587494164524,0.22042308133420885,0.008597346330531011
839,test,train,783,False,0.7591566049719858,0.16785620706530247,0.4727359659653131,0.22110880148569168,0.008532129609553558
840,train,train,784,False,0.7668260152423406,0.16856918569544913,0.47494672523348935,0.21982716071803599,0.009225811571315353
841,train,train,785,False,0.76121025183875,0.1681102090706847,0.472690378636333,0.22084596031727657,0.007919518051971945
842,train,train,786,False,0.7673592490321502,0.16963496471495096,0.4772418716120449,0.22106329587987245,0.00747668388453819
843,test,train,787,False,0.772652407092939,0.1700812165617082,0.4774833361215246,0.22012643072145358,0.009551923811035775
844,test,train,788,False,0.7624137392561157,0.1690782584229732,0.4832845396312815,0.22176706651160594,0.0043667009109747005
845,test,train,789,False,0.7672045537756048,0.16954190025414415,0.48253895210951947,0.22098656664612612,0.005539269747870295
846,test,train,790,False,0.7684264256522078,0.1703238148683419,0.48661838153735015,0.22165272976365727,0.0054744875818756086
847,train,train,791,False,0.7680396432694061,0.17015485533239705,0.48366542852120253,0.22154436535082817,0.00467079432042411
848,train,test,792,False,0.7581220108262563,0.1674476992316459,0.48159482501375683,0.2208717024970021,0.005256962472201482
849,train,test,247,False,0.7445522981006765,0.165462916672751,0.47192860085649135,0.2222314229569103,0.003339096882331216
850,train,train,793,False,0.7560603596985942,0.16758828709022242,0.4781242211207478,0.22165993090423627,0.004336136865756604
851,train,train,794,False,0.7608880916043236,0.16912835340457066,0.47798745913380736,0.22227756653145342,0.0021122238352754216
852,train,train,795,False,0.7529585082431031,0.16711776900817465,0.4776065702438864,0.22194817799205793,0.0031585870217922985
853,train,train,796,False,0.7558932108888757,0.1674038808340547,0.47282714062327336,0.2214649879408228,0.002724460091011822
854,train,train,797,False,0.7541379252703831,0.16734942017171198,0.4758256809684017,0.22190824060693107,0.002911282855046002
855,train,test,798,False,0.757127359398582,0.16746573188244024,0.4727815532942934,0.22118568270398428,0.003263715995752745
856,train,train,799,False,0.7263888100310173,0.16086793081734727,0.4585069156516799,0.2214625674237439,0.0026381478105572554
857,test,train,800,False,0.7532847326791352,0.16643907795448076,0.4723094897464123,0.220951083612863,0.004389893349764451
858,train,train,801,False,0.7497043595867553,0.16570456138340772,0.468838885853403,0.22102654101510863,0.0038785344241813982
859,test,test,802,False,0.7508459320123646,0.16677607648552267,0.4741359663508773,0.22211757349279515,0.002612668000266697
860,train,test,803,False,0.7487170114331155,0.16665842141417736,0.47535361742052057,0.22259200588374145,0.002792583015855632
861,train,train,804,False,0.7525559890933725,0.16714018413246426,0.4734815534870753,0.2220966765992032,0.0019188874609548639
862,train,train,805,False,0.7485686811336506,0.16686226735713608,0.477743332230827,0.2229084271925935,0.003609210668413294
863,train,train,806,False,0.7483076282353689,0.16630923994213162,0.4736183154740159,0.2222471529981805,0.0029235481741243636
864,train,train,807,False,0.747797181524542,0.16585820831120587,0.4712286006637094,0.2217957120045157,0.0026006086821630165
865,test,train,808,False,0.7486005351974111,0.16648205714770514,0.4759624429553423,0.22239104745470517,0.0030661612083714195
866,train,test,809,False,0.746748854611287,0.166431201224615,0.472491839062333,0.22287439772672857,0.0046537884614739344
867,train,test,810,False,0.7501780359643558,0.16697430096365956,0.47587126829738163,0.22257956506153057,0.004564540013682095
868,train,train,811,False,0.7511727548262926,0.16707655327008872,0.47291831528123396,0.22242094404598697,0.004215789512602575
869,train,train,812,False,0.7377706377763209,0.1644991417521265,0.46829034618301174,0.22296786200103524,0.0037965751125001277
870,train,test,813,False,0.7532937560864871,0.16662485710076166,0.4711830133347292,0.22119505937021353,0.007615206560932621
871,train,test,813,False,0.7532937560864871,0.16662485710076166,0.4711830133347292,0.22119505937021353,0.007615206560932621
872,train,train,814,False,0.7516656592987276,0.166369988504141,0.4736183154740159,0.22133509286476807,0.007539160014016247
873,train,train,815,False,0.7536319496340167,0.1662955868923119,0.4711830133347292,0.2206588865733059,0.00908248783799868
874,train,test,816,False,0.754312950683217,0.16676318292480943,0.47465361722773836,0.22107957018869173,0.009375391369445945
875,train,train,817,False,0.7490509863500109,0.16566222001002534,0.4718830135275114,0.22116280871248456,0.007681863552324869
876,train,test,818,False,0.7434614726027592,0.16466068418940533,0.46880799705987325,0.22147843601491587,0.005210172975703621
877,train,train,819,False,0.7488151367427734,0.1656485261810306,0.470710949786848,0.22121417964596082,0.005334959599117907
878,train,train,820,False,0.7452540498110114,0.16429458876364264,0.4631609164660079,0.22045447294825976,0.006592626679015579
879,test,train,821,False,0.7474872559648256,0.1654910567252151,0.4718830135275114,0.22139649258850053,0.006192332667320209
880,train,train,822,False,0.7502232420899146,0.16604838569305694,0.4712741879926897,0.22133196677630518,0.006408820363831999
881,train,train,823,False,0.7470132917361816,0.16490807545281894,0.470710949786848,0.22075654781127854,0.005731594672870273
882,train,train,824,False,0.7451778951713967,0.1647579381912799,0.4690212351693235,0.22109879970793325,0.00675722022869205
883,train,train,825,False,0.7428759326221311,0.1643140922508587,0.4694930003726789,0.22118645258957145,0.005624238313077259
884,train,train,826,False,0.7467602566882316,0.16500186977740022,0.4678035840996802,0.2209569514440397,0.005230287512025338
885,train,train,827,False,0.7479967364009487,0.16519979198422408,0.47483596654365917,0.2208563004955038,0.006489053224671336
886,test,train,828,False,0.7399579613128267,0.16471967244617194,0.46944711469917294,0.2226067980320501,0.0027882058295022236
887,train,train,829,False,0.7423260985585142,0.16476918827977094,0.46757505076572775,0.22196335087736774,0.003114877524405638
888,test,train,830,False,0.7429894350143306,0.1649468498621072,0.4729483090411865,0.22200430058460488,0.0031019508110808644
889,train,train,831,False,0.7432338072326202,0.1651638551070283,0.47201977551445184,0.22222328088385068,0.0031669393455606137
890,train,train,832,False,0.7393004276133472,0.16331910913358266,0.4624909100331782,0.2209103404157616,0.00295347176273516
891,train,train,833,False,0.7413122185773814,0.16492425648493036,0.4724306581643249,0.2224761070327817,0.0031105645579874866
892,train,train,834,False,0.739996688588483,0.16474301801171526,0.4695385877016591,0.22262669624367729,0.0033396287391336777
893,test,train,835,False,0.742403307993643,0.16523153131972504,0.4718371278540053,0.2225630321694901,0.003114971150910651
894,train,train,836,False,0.7431225030518295,0.16476429463944153,0.46943211781919686,0.22171888748193372,0.003165119606890896
895,train,train,837,False,0.7396498445209513,0.16397837203523236,0.4659615139261876,0.2216972980524807,0.0026256228228968754
896,train,test,838,False,0.7380091697700992,0.16344654099091477,0.46323679589946626,0.2214695259705659,0.0026849044091798047
897,train,train,839,False,0.7336498590904585,0.1630576936596201,0.46416503108167484,0.22225546919857747,0.0032758091616689414
898,train,train,840,False,0.732712822783493,0.16306780919828218,0.46311473244797596,0.2225535081791063,0.003560964693340542
899,train,train,841,False,0.7310660756728411,0.16235042605180122,0.4603444270922748,0.22207353268633212,0.0034352813454471332
900,test,test,842,False,0.7314608480488318,0.1623976766429022,0.4610659002682646,0.22201827627014786,0.0029733489511483556
901,train,train,843,False,0.7308167648414086,0.16221695580489895,0.46163207818119606,0.22196665923516543,0.0028486118217075107
902,train,test,844,False,0.7331512434379177,0.1627997011821616,0.46110560818306456,0.22205472968818238,0.004152545127992522
903,test,test,845,False,0.725986366539818,0.16168314116752122,0.4596028016143589,0.22270823340406826,0.006168134912421486
904,train,train,846,False,0.7309898660521522,0.16309501403473897,0.4698729942290224,0.2231152873781468,0.00670357577427612
905,test,test,847,False,0.7286199649803752,0.16230393949674413,0.46116619239202106,0.22275527339017626,0.005791305042245797
906,test,train,848,False,0.7308871008661508,0.1633895299043754,0.47142564851508056,0.22354961485946015,0.006487361505217673
907,train,train,849,False,0.7282311488307397,0.16258190903025943,0.4628816403811257,0.2232559116584119,0.005763731503590589
908,train,train,850,False,0.7227832433434728,0.16117548809443621,0.4598873604243696,0.22299283994031976,0.006317200015432402
909,train,train,851,False,0.7228060880730102,0.16114192950522008,0.46059971613456363,0.22293936390992772,0.00640077913204936
910,train,train,852,False,0.7528403331929262,0.1667402074400083,0.4694021240592444,0.2214815015726299,0.008787165698788499
911,train,train,853,False,0.7514339085760859,0.16581942755675774,0.46827564764756135,0.2206706746451911,0.008234793762518754
912,train,train,854,False,0.7479125217230471,0.16534436155839158,0.4648506310835324,0.22107446627243232,0.008439042496881741
913,train,test,855,False,0.7492174900762215,0.16574310041380563,0.4677579967707003,0.22122161136006555,0.008116081851294827
914,train,train,856,False,0.7497602823170632,0.16566691450745055,0.4683212349765418,0.22095984331881738,0.00818020454278954
915,test,train,857,False,0.7495352530607714,0.16524393256303146,0.46424180554871075,0.22046185538071508,0.008570659759264567
916,train,train,858,False,0.7500843060800043,0.16570729758516012,0.4677124094417202,0.2209182304468662,0.008629743441562978
917,test,train,859,False,0.7514648619678221,0.16620761021118438,0.4694477113882247,0.22117815299566385,0.008209468581157444
918,train,train,860,False,0.7513643251267534,0.16595983022819613,0.46949329871720463,0.22087797447689453,0.008483901840482243
919,train,test,861,False,0.7425994163410126,0.16463960370951905,0.4652918058378838,0.2217071547413042,0.004941124305441769
920,train,train,862,False,0.7452221074831017,0.1648899319262962,0.4648962184125125,0.2212628024189891,0.00629839521942311
921,test,train,863,False,0.7455626104065879,0.1649713907495361,0.46550504394733405,0.22127100856032733,0.0055737481448361135
922,train,train,864,False,0.7503570163075544,0.1662101682648771,0.46710358390689855,0.22150811500741846,0.005431864613685194
923,test,test,865,False,0.7478698332014241,0.16532095770622343,0.4635873926849089,0.22105579121774455,0.005111065469980404
924,train,train,866,False,0.7431233307064563,0.16401833948163055,0.45730059776269205,0.22071482983276164,0.005441550022470156
925,train,test,867,False,0.7551839131834713,0.165801911510441,0.45867120107735526,0.21955169941518543,0.007676724955510584
926,test,train,868,False,0.7545037151056833,0.16623201476392754,0.46279621783416636,0.2203196769424037,0.007128705908428429
927,train,train,869,False,0.7572777359397569,0.1668549470266616,0.4627050431762061,0.220335207425054,0.007491375214292773
928,train,train,870,False,0.7459511260117763,0.16513005707905148,0.4665859330300369,0.22136846680816538,0.0038815396554829906
929,train,train,871,False,0.7520492191031614,0.16547614208883335,0.4611520905456223,0.22003365987955953,0.0067709671480521
930,train,train,872,False,0.7482684925572664,0.1652392071409179,0.4588991377222563,0.22082876505490684,0.005980165708980453
931,train,test,873,False,0.7480458887416619,0.16512719612555476,0.4612432652035825,0.2207447412127701,0.0053166645230619085
932,train,test,874,False,0.7444092886967378,0.16480479422264024,0.4590358997091969,0.22139002928237164,0.00535353329906126
933,train,train,875,False,0.7435221706807902,0.16448772592663097,0.4590358997091969,0.22122773524832662,0.004974706591058009
934,train,train,876,False,0.7490780936800795,0.1653719538081736,0.4653682819603936,0.22076730744551928,0.004881769509710579
935,train,train,877,False,0.7549322495153805,0.16720233053008765,0.4699197749361058,0.22147991510154869,0.004133766585615746
936,test,train,878,True,0.0,0.0,0.0,,
937,train,test,879,False,0.7434568532284198,0.16484449598911538,0.4619432653963646,0.22172705150714178,0.0025574289426198472
938,train,train,880,False,0.7416245216377498,0.16414378331393334,0.46209532260780734,0.2213300376738489,0.003019102368378684
939,test,train,881,False,0.745839889353906,0.16502015936788997,0.46367856734286916,0.2212541347323766,0.002900090858614183
940,test,train,882,False,0.743573997808105,0.16518479941137837,0.46372415467184935,0.2221497791723586,0.0035013438023083036
941,test,train,883,False,0.7495532743641079,0.16615990850887097,0.4664947583720768,0.22167858402037485,0.0026799641976644143
942,train,train,884,False,0.7410194879905428,0.16401467661976296,0.4647438628565443,0.22133652255830574,0.001994625745422967
943,train,train,885,False,0.7369654933888544,0.16274271459435638,0.4564433849365178,0.2208281338194031,0.0036428023764873496
944,test,train,886,False,0.7442194783476992,0.1648498166873629,0.46937123526571467,0.22150699018703338,0.004016246668150259
945,train,test,887,False,0.743091578621847,0.16488282253153702,0.4719741881854718,0.22188762095424644,0.0026246836118438933
946,test,test,888,False,0.7490433010686617,0.1659683968977026,0.46710358390689855,0.2215738351319812,0.0034470252184019786
947,train,test,889,False,0.7434964387254774,0.1644167557492143,0.4631609164660079,0.22113993717449695,0.003683479781837335
948,train,train,890,False,0.741368620635402,0.1641295019253049,0.4638762118832921,0.22138717145140976,0.003312494746061697
949,test,train,891,False,0.746900139334951,0.16547078838864762,0.4659771074952152,0.22154338936927342,0.0036085248346158297
950,test,train,892,False,0.7481632714087044,0.165892262649412,0.46949329871720463,0.2217327005869403,0.0030325675086376627
951,train,test,893,False,0.7388036836421403,0.16350512036001497,0.4614559066239815,0.22131064581861656,0.0019962721528181703
952,train,train,894,False,0.7388496200554658,0.16314578705188287,0.46028384288331825,0.22081054469465036,0.0026576495470400432
953,train,train,895,False,0.7428857998579166,0.1644996648823957,0.4643329802066709,0.2214333143988722,0.0026862613109721006
954,train,train,896,False,0.7442064833934167,0.16428452519655215,0.4625520909311863,0.22075126844830903,0.003304709271050226
955,train,train,897,False,0.7372618185622182,0.1629518895916524,0.45798530273097204,0.221023095851397,0.0027053059161055654
956,train,train,898,False,0.7393115938530603,0.16402591060250554,0.4653526883913659,0.2218630303735045,0.0034700789262901485
957,train,test,899,False,0.7360968177181442,0.16296779813242612,0.46106002085408443,0.22139451524544895,0.003527236988845118
958,train,train,900,False,0.7366903481621326,0.16303750968736166,0.4614406113994794,0.22131077201445834,0.0029198883676201963
959,train,test,901,False,0.7360630038186291,0.16309314696259658,0.4598879571134212,0.22157498219104058,0.0029803170369357727
960,train,train,902,False,0.7356756247695335,0.16290718938331988,0.46099913830060224,0.2214388840657241,0.002863983466999716
961,train,train,903,False,0.7396446505510371,0.1640533823890463,0.46494180574149263,0.2218002689086254,0.0034363961968997487
962,train,train,904,False,0.7359870489039316,0.1627649906782107,0.4560780896156249,0.22115197668302505,0.003977762468373019
963,train,test,905,False,0.7336413756959805,0.16295585351493727,0.45782382970920776,0.22211922461481484,0.004204443005912251
964,test,test,906,False,0.7272619875780435,0.16072023696175736,0.45228747938617725,0.22099358925247037,0.0033010940489706883
965,test,test,907,False,0.7310243872182456,0.16239594489838982,0.45665014694273687,0.22214846417963194,0.003911435576687667
966,train,train,908,False,0.7284404420047104,0.16162985527423362,0.4529132191713088,0.22188479106050027,0.0038440935297303328
967,train,train,909,False,0.7259886557681586,0.16093878496988226,0.45189777137498616,0.22168223110813645,0.004020791096781708
968,train,train,910,False,0.7340858782045236,0.16269983925622405,0.45798662341225427,0.22163597487281217,0.0037822751308611547
969,train,train,911,False,0.7345322680989618,0.16297844524733066,0.4622623766992256,0.22188057941842926,0.0045149329221451625
970,train,train,912,False,0.7327030104506017,0.16266664791572444,0.46513915193738953,0.22200897989444157,0.00429918983637503
971,train,train,912,False,0.7327030104506017,0.16266664791572444,0.46513915193738953,0.22200897989444157,0.00429918983637503
972,train,train,913,False,0.7331256326164856,0.16269370613637665,0.46551974248278455,0.22191790724289867,0.004412930020747617
973,train,train,914,False,0.7336364690575264,0.16216403849596106,0.460784281165344,0.22104140856613458,0.003950630162087754
974,test,test,915,False,0.7255286499701794,0.16085409254378796,0.4605342748481833,0.2217060519255847,0.004573169667982966
975,train,test,916,False,0.7264361343761888,0.16073172946702663,0.4576620583429178,0.22126064751039884,0.004424954115854317
976,test,test,917,False,0.7276951580190091,0.16118469070282632,0.46410840891656496,0.22150029298204538,0.004658629967057779
977,train,train,918,False,0.7241982534504657,0.1614400705710361,0.45821000132425715,0.22292247986217822,0.003371761531500488
978,test,train,918,False,0.7241982534504657,0.1614400705710361,0.45821000132425715,0.22292247986217822,0.003371761531500488
979,test,train,919,False,0.7277665879090175,0.1620969819758469,0.46035486523935293,0.22273210211748773,0.003029633969360831
980,train,train,920,False,0.7290741972065483,0.16272916957843853,0.46401267552570646,0.2231997376973924,0.004037109071090069
981,train,train,921,False,0.7265079989630914,0.16138447448850016,0.4546726354635855,0.22213723003578237,0.005468014705100253
982,train,train,922,False,0.739167800697394,0.16469273859612513,0.46867093672840665,0.22280832368609665,0.004153779092949951
983,train,train,923,False,0.7261617056642751,0.16163810661483347,0.4580716203115087,0.22259244098664066,0.004885078877281792
984,train,train,924,False,0.7269337616152365,0.16207729947119315,0.46282987529343944,0.2229602035693867,0.004780623234797416
985,train,test,925,False,0.7307076534846715,0.16226098809039546,0.45666382314143084,0.2220600637157543,0.005818446732351078
986,test,test,926,False,0.7214626673254049,0.1612136872946617,0.4574533789663653,0.22345395624185319,0.0063620294729119795
987,train,train,927,False,0.7307626419260091,0.16340980608254063,0.46024089691690234,0.22361543503627287,0.00733849506792423
988,train,train,928,False,0.735388617080133,0.1637547982211267,0.45695323902886537,0.22267790718778946,0.006877450570181727
989,train,train,929,False,0.721401965907248,0.16092919672139888,0.4510268823501179,0.22307840056827602,0.007467589822155075
990,train,train,930,False,0.7226649945324528,0.1611757509246225,0.45608205165947124,0.22302969168846956,0.006297874748306324
991,train,train,931,False,0.7191935538613027,0.15991639497248952,0.4509598220379297,0.22235515615220544,0.0063167090487669195
992,train,train,932,False,0.7200632662416458,0.16128011352081628,0.45781867428725825,0.22398047655258715,0.010425467165733095
993,train,train,933,False,0.7145559978180542,0.16009046632180085,0.4561074866865256,0.22404187608899523,0.011079371111287407
994,train,train,934,False,0.7161164156927241,0.16027492684436725,0.45649425499062674,0.22381127332394382,0.008711378748847878
995,train,train,935,False,0.7133254783075502,0.1596453253195335,0.45469939117192215,0.2238043223947518,0.010074099475759768
996,train,train,936,False,0.7455445532116586,0.16469781027145622,0.46077120165570157,0.22090941388005667,0.006988047272795543
997,test,train,936,False,0.7455445532116586,0.16469781027145622,0.46077120165570157,0.22090941388005667,0.006988047272795543
998,train,train,936,False,0.7455445532116586,0.16469781027145622,0.46077120165570157,0.22090941388005667,0.006988047272795543
999,test,train,937,False,0.7414044715624227,0.16379037724710727,0.4615320844019657,0.22091905772019194,0.006312244598230392
1000,test,train,938,False,0.7459830915821498,0.16482151298860662,0.462506503602206,0.2209453737604668,0.0066755535624994575
1001,train,test,939,False,0.7391130273641563,0.16314227120891822,0.4597206046774767,0.22072709473234473,0.006407388389805893
1002,train,train,940,False,0.738018974680192,0.16267135855496712,0.4578026550705254,0.22041622795058624,0.006831354295541162
1003,train,train,941,False,0.7431987256584316,0.1638090853692949,0.4584726615033553,0.22041088031221986,0.006830859065944647
1004,train,test,942,False,0.7344513686583977,0.1629332917703731,0.4624603195841742,0.22184354025781028,0.0027604224707020453
1005,test,test,942,False,0.7344513686583977,0.1629332917703731,0.4624603195841742,0.22184354025781028,0.0027604224707020453
1006,test,train,943,False,0.7347294615149407,0.1623721672068499,0.4559029403951668,0.2209958572670467,0.004214174137366036
1007,train,train,944,False,0.7345963284935069,0.16252554813536957,0.45555588000586555,0.22124470519567283,0.004523808942572669
1008,train,train,945,False,0.7352123166140363,0.16282726576597836,0.4594617792390461,0.22146971981626587,0.0035359581770658586
1009,test,train,946,False,0.7389844610889383,0.162882316549144,0.45495647028136565,0.2204137233266408,0.00544537874565962
1010,train,train,947,False,0.7338880041986947,0.16318331426652097,0.4682900478384861,0.22235451912679077,0.0037611944150020907
1011,train,train,947,False,0.7338880041986947,0.16318331426652097,0.4682900478384861,0.22235451912679077,0.0037611944150020907
1012,train,train,947,False,0.7338880041986947,0.16318331426652097,0.4682900478384861,0.22235451912679077,0.0037611944150020907
1013,train,train,947,False,0.7338880041986947,0.16318331426652097,0.4682900478384861,0.22235451912679077,0.0037611944150020907
1014,train,train,947,False,0.7338880041986947,0.16318331426652097,0.4682900478384861,0.22235451912679077,0.0037611944150020907
1015,train,train,948,False,0.7355512520816261,0.1636800039380951,0.4678182826351309,0.22252698703846552,0.002702012856714178
1016,train,train,948,False,0.7355512520816261,0.1636800039380951,0.4678182826351309,0.22252698703846552,0.002702012856714178
1017,train,train,949,False,0.7359250102848972,0.16402414142424585,0.46720945710030914,0.22288159680936445,0.0051176506288637125
1018,test,train,950,False,0.7347997839410757,0.1627397250245842,0.46258208469113854,0.22147492225941434,0.0030146056251293156
1019,train,train,951,False,0.7335969265117037,0.16286375832519867,0.4669506316618784,0.2220071437589377,0.0033745041376779376
1020,train,train,952,False,0.7326060209394161,0.16262080370805482,0.46212531636775933,0.22197579471095144,0.0030391945442053868
1021,train,train,953,False,0.7363134110187647,0.1639683613985732,0.47183682950947936,0.22268827233732746,0.0034237197348066717
1022,test,train,954,False,0.7206344016560515,0.1605084812156894,0.45457498470239344,0.22273219380983394,0.004209978161022524
1023,test,train,955,False,0.7251032833580255,0.16106919842644965,0.44893570089304197,0.22213276663225429,0.006096251962880078
1024,train,train,956,False,0.7240202920926252,0.1606707787848119,0.4495383486691577,0.22191474540088857,0.0051557636147053455
1025,train,train,957,False,0.7211861721895008,0.15989615875746896,0.4463584813448655,0.2217127351069818,0.005555258955067377
1026,train,train,958,False,0.7188290008492422,0.15943380685344205,0.44719554186911353,0.22179657006754463,0.00492609893917177
1027,test,train,959,False,0.7257020955996348,0.16109952723180146,0.45298615889767696,0.22199126640069541,0.005044474006090893
1028,train,train,960,False,0.7228232485453702,0.1614806342828408,0.46143383695172197,0.22340265702273546,0.006988744015114968
1029,train,train,961,False,0.7160696113728232,0.16012185945418606,0.45448351169990725,0.22361214176818106,0.008181508599257242
1030,train,train,962,False,0.7187479751697585,0.16024839123924348,0.45320497807678184,0.2229549115618656,0.007224933129300339
1031,train,train,963,False,0.7483266655140104,0.16572437973843698,0.4665859330300369,0.2214599417282615,0.004646224962214443
1032,train,test,964,False,0.7388983009575544,0.1639295763029199,0.46428709453316525,0.2218567509094012,0.003883287038224033
1033,train,train,965,False,0.7385928362437068,0.1635653364420347,0.45892913148220865,0.22145535187409335,0.004155476660968384
1034,test,test,966,False,0.7353755918975129,0.16303007219144772,0.45534132121513293,0.22169633312247428,0.004009333321414378
1035,train,train,967,False,0.7362914543091681,0.1634171216790678,0.46605268858414794,0.22194624251397205,0.002921188665836611
1036,train,train,968,False,0.7338713743290028,0.16279818043848973,0.45996545557268786,0.2218347603315911,0.0027579901747193437
1037,train,train,969,False,0.7279456110745437,0.16120004469477472,0.45754647099465934,0.22144517700549388,0.0033044868059353494
1038,train,train,970,False,0.7409752857416452,0.16443719368755086,0.4659159265972073,0.22191994369011242,0.0029468466525891953
1039,train,train,971,False,0.7344510523328502,0.16327674754101165,0.4660982759131281,0.22231127183001884,0.002502277682840122
1040,train,train,972,False,0.7364664575626431,0.1645443407505685,0.4698124100200659,0.22342408002549463,0.004957684012679921
1041,train,train,973,False,0.7301917669909098,0.16215887054737999,0.4637219389569898,0.22207710067127984,0.00360412223415984
1042,train,train,974,False,0.7369329664693685,0.16316666215064066,0.46358679599585734,0.22141316724147783,0.0026861282559644114
1043,train,train,975,False,0.720600691367887,0.16041299810096848,0.45345012731651846,0.22261010851441596,0.00700413496414068
1044,train,train,976,False,0.7351367862381418,0.1639097134353215,0.4615014939529616,0.2229649182352633,0.005796542041220929
1045,train,train,977,False,0.7336380410774688,0.1633954720796975,0.4592638363540975,0.2227194650917014,0.007062679792433675
1046,test,train,978,False,0.7327253448523924,0.1632668145192115,0.46124266851453094,0.2228213008683378,0.007057696391045083
1047,train,train,979,False,0.7248189965411173,0.16190337772975835,0.45813706159788903,0.2233707704990786,0.008686643667712409
1048,train,train,980,False,0.7237099060528438,0.16175139253611048,0.4553423435518893,0.2235030793184966,0.008464327635606533
1049,train,train,981,False,0.7219734968939037,0.16137935912558715,0.4567898486367676,0.22352532304839212,0.008814250119241763
1050,train,test,982,False,0.724926687273517,0.16245749183511493,0.46090898597939817,0.22410196049772305,0.010408483747708737
1051,train,train,983,False,0.7229966235480433,0.1624551977906145,0.4584505918310959,0.22469703522732884,0.011262202049671792
1052,train,train,984,False,0.7228811007516188,0.162107345136211,0.45731661697942483,0.22425174066338044,0.010506791525862473
1053,train,train,985,False,0.7216251208465563,0.16179043830776746,0.4606013351603717,0.22420289099410382,0.01146288600656758
1054,train,train,986,False,0.743992035077132,0.1651722384109645,0.4684124096345019,0.22200807350557267,0.0024706480427315004
1055,train,test,987,False,0.7337316674084189,0.16352494131096298,0.4636170881003354,0.22286749853463758,0.002777197788769221
1056,train,test,988,False,0.7360621673346637,0.16388560930655618,0.46229296714822976,0.22265185819833436,0.003449512538441415
1057,train,train,989,False,0.7366805583248371,0.16404366968360332,0.4630388530145178,0.22267951533379376,0.0020779502645603856
1058,train,train,990,False,0.7339396655215352,0.16298050020791804,0.4606032525307051,0.222062531655248,0.0027867799897063022
1059,train,train,991,False,0.7338676404032517,0.1632274788527849,0.459014128381463,0.22242086974034353,0.002521184323955369
1060,train,train,992,False,0.7364727939887648,0.16415571126596426,0.4627953228005892,0.22289446752933081,0.002655210750429725
1061,train,test,993,False,0.731581401243384,0.16246356662036068,0.457105296240308,0.222071756258757,0.00434391107375802
1062,train,train,994,False,0.7302960435268254,0.16306795522099204,0.46188178615383063,0.22329020767179084,0.0049627312198290505
1063,train,train,995,False,0.7325040575811701,0.162785599242511,0.4592530998624937,0.22223166896856736,0.004429388288720496
1064,train,train,996,False,0.7330411334404466,0.1629615447397171,0.4594175125913483,0.2223088682280015,0.004458459430895965
1065,train,train,997,False,0.7325212469712283,0.16335785881380352,0.46206443381427714,0.22300767314155437,0.004834395683911255
1066,train,train,998,False,0.7295016169239223,0.16266495488677518,0.4607370748105558,0.2229809380994683,0.004386192010408361
1067,train,train,999,False,0.7280924046991702,0.1625254473323164,0.4577688265699059,0.2232209075158089,0.0068309037230357495
1068,train,train,1000,False,0.7310677130022635,0.16290419541796114,0.46373885320729974,0.22283051558789982,0.006710714461958207
1069,train,train,1001,False,0.7380212101631254,0.16471234029880355,0.4650785677284334,0.22318103874331344,0.006653964986582365
1070,train,train,1002,False,0.7379612674706691,0.1645301352505641,0.4660832790331519,0.22295226389656483,0.0073316810917110255
1071,train,train,1003,False,0.735763165065145,0.1650066891311394,0.47005594023399455,0.22426603690676683,0.009635474990735048
1072,train,train,1004,False,0.736676604443005,0.16508793828191615,0.47068006099331827,0.22409825055695606,0.009381603957838472
1073,train,train,1005,False,0.7197701971528014,0.16180050056066028,0.46245060542932676,0.22479466529830677,0.010140749944999089
1074,train,test,1006,False,0.7093245019087918,0.15857039773234557,0.4454400876206832,0.22355127632787636,0.009810902910334852
1075,test,test,1007,False,0.7177875134459363,0.16060722970950952,0.45944426829968443,0.22375316747775448,0.01026925534432292
1076,train,train,1008,False,0.7486685394954024,0.16541764752788982,0.4659771074952152,0.22094911005527254,0.005205133148867871
1077,train,train,1009,False,0.7417489728189838,0.16425629212826015,0.46609857425765383,0.2214445832044923,0.003127261435977261
1078,train,train,1010,False,0.7364856966220465,0.1633140499724338,0.4653676852713421,0.22174775521301687,0.002585926449984883
1079,test,train,1011,False,0.6748419405749736,0.15034382764696905,0.42856219871378703,0.2227837640305436,0.004649022190215626
1080,train,train,1012,False,0.7408967903341773,0.16466522155019114,0.4650482756239551,0.22225122810414635,0.003014968753411663
1081,train,train,1012,False,0.7408967903341773,0.16466522155019114,0.4650482756239551,0.22225122810414635,0.003014968753411663
1082,train,train,1013,False,0.7394796037355987,0.16446401726964024,0.46442415486463157,0.222405075730046,0.003619440017362671
1083,train,train,1014,False,0.7391195144049247,0.1641718805731537,0.46361738644486145,0.22211817895963787,0.004019294953468291
1084,test,train,1015,False,0.7344362225614817,0.16302181450177258,0.4601161921028478,0.22196864682572975,0.003970958286480409
1085,train,train,1016,False,0.7356235688327487,0.16327811030128458,0.4619276718273368,0.22195878057627524,0.0032302209028096836
1086,train,train,1017,False,0.7353213090256928,0.16369093617150693,0.4658547456991994,0.2226114409609574,0.004130983093677844
1087,test,train,1017,False,0.7353213090256928,0.16369093617150693,0.4658547456991994,0.2226114409609574,0.004130983093677844
1088,train,test,1018,False,0.7327439146956337,0.16339878672972996,0.4636170881003354,0.22299576080082814,0.006620426748327831
1089,train,train,1019,False,0.7305294059967663,0.16213450644752225,0.46171737342497626,0.22194110889526594,0.00641830923318561
1090,test,train,1020,False,0.7281849815476098,0.1626827366953122,0.4623916402461782,0.2234085305488764,0.007070266948832554
1091,train,train,1020,False,0.7281849815476098,0.1626827366953122,0.4623916402461782,0.2234085305488764,0.007070266948832554
1092,train,train,1021,False,0.7260022883924461,0.1620921153468108,0.4599407445378639,0.2232666727617678,0.008216468481874148
1093,train,train,1022,False,0.7289799260428775,0.16221749566005692,0.45797588692065055,0.22252669773860895,0.00802661110821426
1094,train,train,1023,False,0.7263795827316277,0.16202614841270435,0.4613032527234874,0.22305988805933638,0.009012961651072918
1095,train,train,1024,False,0.7237929815988393,0.16156803621822194,0.4577945599414858,0.22322409905291216,0.009865149349946992
1096,train,train,1025,False,0.723727310126766,0.162155191504769,0.46305355154996825,0.22405564808154932,0.011127232221260195
1097,train,train,1026,False,0.7096920490194623,0.1590540917075957,0.45302497177889967,0.22411705461171638,0.011966987670098746
1098,train,test,1027,False,0.7170928837163951,0.16069952343166732,0.4538365972760935,0.224098616902776,0.011714514855908702
1099,train,train,1028,False,0.7179445397359075,0.16086036354400793,0.460357506601917,0.22405681029788127,0.010820627602146091
1100,test,test,1029,False,0.7442163236186298,0.16439904719305548,0.46494180574149263,0.22090223228871422,0.005190930158409087
1101,train,test,1030,False,0.7394149498555499,0.1638138772980068,0.4636020912203593,0.22154525997886443,0.0036657593877015503
1102,train,test,1031,False,0.7363280503423464,0.16287986878332503,0.46197325915631693,0.2212055736673295,0.003610883601258142
1103,train,train,1032,False,0.7409574365976658,0.16443020090039348,0.4628259132495932,0.22191585208379225,0.003452965522903993
1104,train,train,1033,False,0.732837955733163,0.16231401896772102,0.4564355881520042,0.22148691630653192,0.0024381159038305705
1105,train,train,1034,False,0.732828033542475,0.16296757761663122,0.46398238342122844,0.22238174599960298,0.0014519211562986345
1106,train,train,1034,False,0.732828033542475,0.16296757761663122,0.46398238342122844,0.22238174599960298,0.0014519211562986345
1107,train,train,1035,False,0.7347287353688043,0.1631170714599277,0.4619276718273368,0.2220099250345088,0.002670293563965174
1108,train,test,1036,False,0.7264091514140915,0.1611136674302332,0.45507601967347056,0.2217946554178114,0.00358571675035496
1109,train,test,1037,False,0.7319002402111282,0.16301842422191545,0.46249061168865235,0.2227331202608845,0.004002932178568375
1110,train,train,1038,False,0.7326185895927821,0.16262123016015645,0.45877809660752233,0.2219725686329467,0.0026002874889124615
1111,test,train,1039,False,0.7333734065717397,0.1630203600750241,0.4606214874622972,0.2222883439925732,0.0032126704782854763
1112,test,train,1040,False,0.7338324812351832,0.1641015532609786,0.468975051151292,0.22362263521609685,0.004174696912146575
1113,train,train,1040,False,0.7338324812351832,0.1641015532609786,0.468975051151292,0.22362263521609685,0.004174696912146575
1114,train,train,1041,False,0.7333134704688822,0.16376324721430513,0.46644827600951905,0.22331956770082864,0.005325068632629783
1115,train,train,1042,False,0.7369001928314333,0.16483708777006442,0.470238587894441,0.22368984208933582,0.006166133807206111
1116,test,test,1043,False,0.7337077178539496,0.16400987906899672,0.46626562834907265,0.22353571466948124,0.005654473277953937
1117,train,train,1044,False,0.7288373023198313,0.16235805467666403,0.46179943061714074,0.22276309700380484,0.00504435032165005
1118,train,train,1045,False,0.7161863695339891,0.1597533757756865,0.454768070509918,0.2230611787259166,0.0049137897805695534
1119,train,train,1046,False,0.7269839438168668,0.16195366359901914,0.45760279481524346,0.22277474623265764,0.005375877924082251
1120,test,train,1047,False,0.7284615671860953,0.16252626100244175,0.4609942812231786,0.2231089028213924,0.007569204614736215
1121,train,train,1048,False,0.7270440684953069,0.16227444111594028,0.4608982494877945,0.2231975311369833,0.0072406332689178106
1122,train,train,1049,False,0.7230485393447867,0.1619444352815849,0.4610639828979309,0.22397450028505134,0.007899884218366697
1123,train,train,1050,False,0.7226684436298,0.1612965019605818,0.4602953033671528,0.22319571773526733,0.007834164028854689
1124,test,train,1051,False,0.7309976692254763,0.16293366965323366,0.4602607508743023,0.22289218763976218,0.007472412681816348
1125,test,train,1052,False,0.7282637178490777,0.16267850731659592,0.46177663695265053,0.2233785692318517,0.007749136689699288
1126,train,train,1053,False,0.7260954097277351,0.16250952523684434,0.4650613551335974,0.2238129081380376,0.009041633741731503
1127,train,train,1054,False,0.725597655926029,0.16303713219938384,0.46583915213017146,0.2246935762096848,0.011735505345038491
1128,train,test,1055,False,0.7201165408396972,0.16244789546827582,0.467776657349997,0.225585563246266,0.012085684374391134
1129,train,train,1056,False,0.7178090202586513,0.16032236798277183,0.4544942481915114,0.22334961453257046,0.010816892582559474
1130,train,train,1057,False,0.7148721005142494,0.16013957474481288,0.45236306047510966,0.2240115044769758,0.011134215993349775
1131,train,test,1058,False,0.7130976898520531,0.15956739858378194,0.45419865454537073,0.22376653417133843,0.011067825649327947
1132,test,train,1059,False,0.7153161340985179,0.1604681794977945,0.46010323989638435,0.22433183294547887,0.01261655483268164
1133,train,train,1060,False,0.7156535184387787,0.16045521656978973,0.4541911561053825,0.22420796158429848,0.011265220785176448
1134,train,train,1061,False,0.7480790112271551,0.16624915407401333,0.46897564784034357,0.2222347527185622,0.003961670901213651
1135,train,train,1062,False,0.75329700894032,0.16722540198939792,0.4753080300915403,0.22199132613660272,0.003785115590061514
1136,train,test,1063,False,0.7568294434818076,0.16821012479775457,0.48112276146587596,0.22225631712199362,0.0034617841415231143
1137,test,train,1064,False,0.7424367815884959,0.16465723564134815,0.46375444677632777,0.22177946961228454,0.003659524068903679
1138,train,train,1065,False,0.7404924278545464,0.16484066958387567,0.4698430004690699,0.2226095276375399,0.0022506267937704412
1139,train,train,1066,False,0.7380942449859323,0.16439568716644543,0.4676662254236883,0.22272994036090704,0.0024423122965507877
1140,test,train,1067,False,0.7364889023534258,0.1635020838525916,0.46247561480867627,0.2220021012266799,0.0029005588541366565
1141,train,train,1068,False,0.7300024260129662,0.16212726489363302,0.46219207833542164,0.22209140561233334,0.002301814075612844
1142,train,train,1069,False,0.7366814070898882,0.1645296710875382,0.4715780040710487,0.22333897598621308,0.004674649285585804
1143,train,train,1070,False,0.746820193543522,0.1665306524474133,0.4795698088352919,0.22298627418904748,0.005061817635801423
1144,train,train,1071,False,0.7298643881025207,0.16318086264343545,0.4642715009641371,0.22357696210890368,0.005028326963725058
1145,test,train,1072,False,0.7311922912813082,0.16309578649663473,0.46711798409782296,0.22305457598688994,0.006246874036908897
1146,train,train,1073,False,0.7319705486880339,0.16347348605267478,0.4623232592527079,0.22333342010232604,0.006416068008805944
1147,train,test,1074,False,0.7337482472880005,0.1638949643082859,0.4628864974585493,0.22336675407955853,0.006198652615015908
1148,train,train,1075,False,0.7310788677812132,0.1635971671211197,0.46606768546412397,0.22377499108629512,0.006467734685450757
1149,test,train,1076,False,0.729293414775906,0.16317288454810058,0.46370826275829563,0.22374106394233603,0.007353340671818167
1150,train,train,1077,False,0.7439342531776876,0.16438896218557553,0.46198885272534485,0.22097243336140818,0.004358435665614593
1151,train,train,1078,False,0.7459978834171671,0.16514549851345198,0.46367856734286916,0.22137529098202746,0.005350063378682119
1152,train,train,1079,False,0.748533912448913,0.16625563812918526,0.47010212425202635,0.22210835790360015,0.00432034913319392
1153,train,train,1080,False,0.7499780346530575,0.16626224578754173,0.4712741879926897,0.22168948703205055,0.0051820252345603475
1154,train,train,1081,False,0.7530031448999223,0.1671227419149447,0.47113742600574915,0.2219416254060348,0.005230833807559336
1155,train,train,1082,False,0.7466307021056499,0.1654359245228491,0.4671947585648586,0.2215766429859987,0.004174775963983415
1156,train,train,1083,False,0.7374919260568144,0.16347896726326283,0.4614406113994794,0.22166882305728303,0.003786395149094084
1157,train,train,1084,False,0.7385272630469623,0.16501902324919293,0.47007123545849655,0.223443373733245,0.0029697949110346527
1158,train,train,1085,False,0.7422874919154789,0.16515619369962856,0.4661138694821558,0.22249626391176502,0.004239537285296601
1159,train,train,1086,False,0.7390213876720263,0.16437762900195496,0.46533739316686407,0.22242607824890837,0.003427203578687215
1160,train,test,1087,False,0.7416159340239009,0.16510264607669622,0.4676968158726921,0.22262553769694932,0.002750120949731951
1161,test,train,1088,False,0.7491710526074856,0.16681417381204255,0.4712286006637094,0.222665001846303,0.0024330545648856014
1162,train,test,1089,False,0.7464171611024133,0.16579315473850134,0.46602269482419556,0.2221186266586299,0.0029458202554139934
1163,test,train,1090,False,0.7465245405207006,0.16588861107312053,0.4677579967707003,0.22221454495978563,0.0033895331269234836
1164,test,train,1091,False,0.7462294160033178,0.16542123414151233,0.46480504375455217,0.22167611004599805,0.0033441509912651227
1165,test,train,1092,False,0.7400074722209607,0.16542119246049106,0.4694168225946948,0.22353989475811337,0.004544615390516987
1166,train,test,1093,False,0.734396734866691,0.16346885919370663,0.4633279705574266,0.222589305524867,0.004167707730291384
1167,test,train,1094,False,0.7335363124940983,0.16324440914886673,0.45835353775895515,0.22254441445961834,0.004653653674866065
1168,train,train,1095,False,0.7313714913888931,0.16252513847467023,0.45549337842657567,0.22221967958585703,0.005061213242068634
1169,train,test,1096,False,0.733057830817866,0.16346441762827052,0.4619579639318149,0.22298979801620117,0.0049399316405923325
1170,train,train,1097,False,0.7320679208085368,0.16274212520207582,0.4603597223167765,0.22230468044868612,0.0047211404217550315
1171,train,train,1098,False,0.7354802007914473,0.163515331008759,0.45897471881118856,0.22232458580503026,0.004894774613918593
1172,train,train,1099,False,0.7340102408317888,0.1630250345556047,0.4559029403951668,0.22210185292627915,0.004238945974456574
1173,train,test,1100,False,0.7279738288411002,0.16210868862878944,0.4584385346582097,0.22268477547724316,0.005503367661908235
1174,train,test,1101,False,0.7317137557833507,0.16283947374573038,0.4606778112828815,0.22254532248255923,0.004952979356643976
1175,test,test,1102,False,0.7269905222089696,0.16222002917787567,0.46103075108636254,0.22313912523229068,0.006910558046102457
1176,train,train,1103,False,0.7277878247057901,0.16183015267140546,0.4564886739209723,0.22235897218646888,0.005683304392670716
1177,test,train,1104,False,0.7281231389637552,0.162584574732929,0.46425620573963505,0.22329269052527967,0.0064174774156951315
1178,train,train,1105,False,0.7289163710619677,0.1622245074601654,0.45756338524496926,0.22255571955918402,0.006261782880034693
1179,train,train,1106,False,0.723222312793857,0.1621453920972814,0.46402311367278476,0.22419854756817822,0.009269596419332764
1180,train,train,1106,False,0.723222312793857,0.1621453920972814,0.46402311367278476,0.22419854756817822,0.009269596419332764
1181,test,train,1107,False,0.7318121720988324,0.16327868020612535,0.4600781032138559,0.22311555673888722,0.008505343428013313
1182,test,train,1108,False,0.7276093880329948,0.1628194036185339,0.46231090373529604,0.22377309349828034,0.009660582296175474
1183,train,train,1109,False,0.7291446701436313,0.16315505327124372,0.4618801671280229,0.2237622517889412,0.009251630791191002
1184,train,train,1110,False,0.7295644773305274,0.1628449613334598,0.46005663023064775,0.22320845709115203,0.009387607333194362
1185,train,train,1111,False,0.7302297564913438,0.16335556655696537,0.4611313415546447,0.2237043411403378,0.009530139834994272
1186,train,test,1112,False,0.7445302670710994,0.16532890377050363,0.467285933222819,0.22205800231720527,0.004653013835324118
1187,train,train,1113,False,0.740260562214321,0.1646378466134872,0.4698430004690699,0.222405265142061,0.0035757112741479163
1188,train,test,1114,False,0.745112484642067,0.1649839009388495,0.46606828215317575,0.22142146902571835,0.004296061342686139
1189,train,train,1115,False,0.7445143187805359,0.16514301148304603,0.4703606513459312,0.2218130764140831,0.0046538433691993356
1190,test,test,1116,False,0.7388994009882295,0.1639711843406691,0.4633585610064306,0.22191273145081508,0.003465111843924039
1191,train,test,1117,False,0.736470281780527,0.16417954511539767,0.4687621113863672,0.22292759012416508,0.002664742327238644
1192,train,train,1118,False,0.7359152862830214,0.16325188744243208,0.46075560808667365,0.22183516293972996,0.002739251676610883
1193,train,train,1119,False,0.7361204919089461,0.16264816253481687,0.4596444268994925,0.2209531786202951,0.002508184602590492
1194,train,test,1120,False,0.73825522034354,0.16376127212706254,0.46243002747969614,0.22182203066692546,0.002043678637749846
1195,train,train,1121,False,0.7401092252721748,0.16410463501943662,0.46485033273900667,0.22173029252417062,0.002286301446311558
1196,test,train,1122,False,0.7384260096379391,0.16387352875232333,0.46329767845294856,0.22192274732125547,0.002357080956587811
1197,train,train,1123,False,0.7325445361017063,0.16347808984961057,0.4674376920897358,0.22316471121274367,0.004824596471484358
1198,train,train,1124,False,0.7355560744375321,0.16365233377371047,0.4640738564237146,0.22248791011460653,0.0035626279106464732
1199,train,test,1125,False,0.73207992461999,0.16307634650671085,0.46127751935190714,0.22275757198418047,0.00398706318113501
1200,train,train,1126,False,0.7348240680948993,0.16359230702709057,0.467529165092222,0.2226278562856808,0.003543416414371264
1201,train,train,1127,False,0.7376785127835905,0.16418691231754345,0.4644088596401295,0.2225724478512908,0.0027626648288028876
1202,train,train,1128,False,0.7339640593032616,0.16365693377184154,0.46530680271785996,0.2229767680003269,0.0034180642753164716
1203,train,train,1129,False,0.7253960326540132,0.16112884449632828,0.4565661723802388,0.22212534566367104,0.004633404532344513
1204,train,train,1130,False,0.7287780561547068,0.16263770637766078,0.46264428792590306,0.22316493341717145,0.005815343628102586
1205,train,train,1131,False,0.7273608845620654,0.16258286357473758,0.4617203131320663,0.22352434262756188,0.006399981617432245
1206,train,train,1132,False,0.7299452818884015,0.1623098822677188,0.4587080965882444,0.22235897168595406,0.005261422319757712
1207,train,train,1133,False,0.7240276234853232,0.16144510457717096,0.455146019692749,0.22298196828458935,0.005784986405179131
1208,train,test,1134,False,0.7266596943668499,0.16192445305759667,0.45531205144741116,0.2228339542055983,0.0060074298079957535
1209,test,train,1135,False,0.7298064286671195,0.1628177209665334,0.46402797075020846,0.22309713174751725,0.005931848049110004
1210,train,train,1136,False,0.7245985073425733,0.16233674161968897,0.4611798685907153,0.22403681483563967,0.008582288429993984
1211,test,train,1137,False,0.7317086941317037,0.16403273795988038,0.46688974910839626,0.22417765331397765,0.00808417370025547
1212,train,train,1138,False,0.7247074320172212,0.16176132536650384,0.4576164710139375,0.22320914374541684,0.008536820564778006
1213,train,train,1139,False,0.7240768347976282,0.16224332030919075,0.4593029475798462,0.22406920441604244,0.009316353791619861
1214,train,train,1140,False,0.7178466018119091,0.16052702171813663,0.45746249643216147,0.22362301543665744,0.008025122521199633
1215,train,train,1141,False,0.718388237724336,0.16097761467764163,0.4583939696659859,0.22408164029463531,0.008588900871852967
1216,train,train,1142,False,0.7144000105660108,0.15952665387575612,0.45152438092505326,0.22330158386946974,0.007698354028370957
1217,train,train,1143,False,0.7486792400334509,0.166239288178289,0.4730550772681744,0.22204340562570088,0.005138198793716912
1218,train,train,1143,False,0.7486792400334509,0.166239288178289,0.4730550772681744,0.22204340562570088,0.005138198793716912
1219,train,test,1144,False,0.7448340395530132,0.16451704288160968,0.46550504394733405,0.2208774493984445,0.00637715570916783
1220,train,train,1145,False,0.7435717306498347,0.1645648498932002,0.467285933222819,0.22131671109844495,0.005345024378012717
1221,train,test,1146,False,0.7445806581743285,0.16448511446435415,0.4719741881854718,0.22090973309414558,0.005687316758129765
1222,test,train,1147,False,0.7413709238627275,0.16371149027642895,0.4636326816693633,0.22082264762077697,0.005702615984163318
1223,test,train,1148,False,0.7414725028204002,0.16414706324214573,0.46628122191810034,0.22137983892560545,0.004626275667718967
1224,train,train,1149,False,0.7408589919479254,0.16393083253626495,0.4651700407309194,0.22127130036613982,0.005655204482899356
1225,test,train,1150,False,0.7343258345295373,0.1626344957836893,0.4611664907365466,0.22147456637949395,0.0022304215445298338
1226,test,train,1151,False,0.7402815861297671,0.1637688049639094,0.4645003326426156,0.22122501495694594,0.0035553240443770033
1227,train,train,1152,False,0.7375628081957869,0.16374610725595268,0.4676662254236883,0.22200971284941212,0.0028835492865620636
1228,train,train,1153,False,0.7382185304331619,0.16339045914502345,0.463115030792502,0.2213307474809003,0.0036486964437823974
1229,train,train,1154,False,0.7351044032586236,0.1625950622205726,0.45701412158234755,0.22118635325786315,0.004293016883745686
1230,train,train,1155,False,0.7372507824783181,0.16378744787077631,0.46428709453316525,0.22215974775936323,0.002409523133876745
1231,test,test,1156,False,0.7373768778497823,0.16373458190141596,0.46698122211088255,0.22205006262044985,0.0037809469349299636
1232,train,train,1157,False,0.7375627988645688,0.16349618538664526,0.4615320844019657,0.22167086740049427,0.0043699613161947174
1233,train,train,1158,False,0.7403399979939085,0.16389526106197036,0.4645612151960977,0.2213783687306854,0.002373166317800222
1234,train,test,1159,False,0.7428238773875421,0.16483734395557145,0.46845799696348217,0.2219063616200552,0.0037525636130603043
1235,train,test,1160,False,0.7433183115525454,0.16487399038452366,0.4684124096345019,0.22180805695497613,0.0020650244388856504
1236,train,test,1161,False,0.7315655581501099,0.16231219930752216,0.4602272207182084,0.2218696567918761,0.0020447803828027872
1237,train,train,1162,False,0.734275843198248,0.16340516354769152,0.46153178605743966,0.22253920656841433,0.0033383523669582704
1238,train,train,1163,False,0.7275033235853325,0.1612370495056109,0.45579293411656285,0.22163067064902364,0.0028838678811741593
1239,test,train,1164,False,0.7319046559683063,0.16202531520527166,0.45709779780032,0.2213748934154722,0.0037528187989088937
1240,train,test,1165,False,0.7513474139462373,0.16575954094680043,0.47244625173335275,0.22061637249298013,0.007326980469863927
1241,train,train,1166,False,0.7527562484884877,0.16587781322137576,0.4712286006637094,0.22036059289372026,0.007494217734822453
1242,test,train,1167,False,0.7477495572388261,0.16499200933291944,0.4731006645971547,0.22065143032939585,0.007607581438621395
1243,train,train,1168,False,0.7488988073600042,0.16555735799137633,0.4748815538726393,0.22106772819547435,0.007530752681216711
1244,train,train,1169,False,0.7482837532522817,0.16502909570910557,0.4701477115810068,0.22054347029697768,0.006280170087004762
1245,train,train,1170,False,0.7493475641184579,0.16519939829862418,0.47131977532166963,0.2204576437009799,0.0071994966320673166
1246,train,train,1171,False,0.7502325893096577,0.16536213139586603,0.470665362457868,0.22041448712328995,0.007546508957914467
1247,train,test,1172,False,0.7506967167541033,0.1655652529121762,0.4712741879926897,0.22054879049965048,0.00721759221164718
1248,train,train,1173,False,0.7508435368269852,0.1656088138534593,0.4741815536798574,0.22056368035517906,0.0073661052842773226
1249,train,train,1174,False,0.7354662682055934,0.16219389108196564,0.46096854785159813,0.22053205985597385,0.007797524879249641
1250,train,test,1175,False,0.7408032821111683,0.16347105508937468,0.4673618126562774,0.22066729324350304,0.008040580520269574
1251,train,train,1176,False,0.7416108492067545,0.1635948309089634,0.4690362320492997,0.22059390188796257,0.00776752603406859
1252,train,train,1177,False,0.7420867328345093,0.1636703643904629,0.46343473878441493,0.22055422519858278,0.007074405955941917
1253,train,train,1178,False,0.7415678673113812,0.16345928630485587,0.46539827572034626,0.22042390657714409,0.007573805656470131
1254,train,test,1179,False,0.7419918729762687,0.16362713642968366,0.4662050441401162,0.2205241625805745,0.006954951142271128
1255,train,train,1180,False,0.7349031406636906,0.16196010387087315,0.461653551164404,0.2203829251901238,0.007576863106884464
1256,train,test,1181,False,0.7352473447502573,0.16197880546104046,0.4606032525307051,0.22030518929117665,0.007254080191576669
1257,train,test,1182,False,0.7323635286856843,0.16182509654934504,0.4612378114371073,0.22096280086442852,0.007620099798601421
1258,train,train,1183,False,0.7337687059154542,0.16175308883980166,0.45999736670297375,0.22044151997187936,0.007190368017977141
1259,test,train,1184,False,0.7332924686785457,0.16164473695227352,0.45942045229843814,0.2204369250424334,0.007622929879173623
1260,train,train,1185,False,0.7332697056275655,0.16200740579629824,0.46402797075020846,0.22093835945076298,0.0049884144289034284
1261,test,train,1186,False,0.7322904960902215,0.16254418791144454,0.4601083953183341,0.22196681341528482,0.004552411871988526
1262,train,test,1187,False,0.7322607335199205,0.16158126352505278,0.4594722173861245,0.22066083312749024,0.005682576832898905
1263,train,train,1188,False,0.7307820455932613,0.161520740868829,0.46100339868897444,0.22102450633923787,0.005060872184905804
1264,train,train,1189,False,0.7238873974631466,0.15945642511278826,0.45459483865979333,0.22027794056313332,0.006189887488497726
1265,train,test,1190,False,0.7245238054046954,0.15968507278423144,0.4552554292823014,0.2204000359864457,0.005496375282327165
1266,train,train,1191,False,0.7268504628738954,0.16061774661936645,0.45836073785441744,0.22097770425060972,0.0055293602829265855
1267,train,train,1192,False,0.726908718288162,0.16114122534872113,0.45955559525957074,0.22168013850239907,0.0032859065119498396
1268,train,train,1192,False,0.726908718288162,0.16114122534872113,0.45955559525957074,0.22168013850239907,0.0032859065119498396
1269,test,train,1193,False,0.7284369325648484,0.16097699168143975,0.4615725163089962,0.22098960731526188,0.003618210903407554
1270,test,train,1194,False,0.7291332564030171,0.1611439733103724,0.46241281488486013,0.22100757563210444,0.00407816886608124
1271,test,train,1195,False,0.7292150072298287,0.16117634822583551,0.46308708170606244,0.22102719585835007,0.0042726601622261814
1272,train,test,1196,False,0.7248008715722883,0.1609076965684469,0.46414325975394105,0.22200262565826495,0.005228372987543804
1273,train,train,1197,False,0.7309713951928276,0.16190731698200816,0.4657326822477091,0.2214961051099648,0.004376834180773866
1274,train,test,1198,False,0.7284975265691386,0.16183441471097787,0.46303987535127394,0.22214820065778063,0.003163880063949813
1275,train,train,1199,False,0.7385544151386785,0.1632603211244803,0.46883828916435133,0.2210538827986356,0.004270828674687954
1276,train,train,1200,False,0.7364514731991152,0.16329692856725012,0.4693556416966871,0.2217348114708698,0.003994472831156229
1277,train,train,1201,False,0.7340180712000793,0.16241234106778826,0.465337094822338,0.22126477186352236,0.0030491164859632073
1278,train,train,1202,False,0.7245328872235186,0.16130512903576388,0.46277487215413743,0.22263327432092286,0.004727709408956479
1279,train,train,1203,False,0.7234910567192734,0.1603728758089729,0.459206915844462,0.22166531889999608,0.0037380988048329364
1280,train,train,1204,False,0.7192990529865456,0.16023934431604564,0.4640973740804352,0.2227715213174942,0.006010226878566496
1281,train,train,1205,False,0.7189656785105735,0.16082853194858698,0.46435002176016,0.22369431080738544,0.005761118314073326
1282,train,train,1206,False,0.716577245397061,0.15868037883407507,0.45651542962930897,0.22144211228218535,0.004205894297793579
1283,train,train,1207,False,0.7153996901724501,0.15846156432299122,0.4533173273734242,0.22150074496788416,0.004014349686020601
1284,test,train,1208,False,0.7165586851132848,0.15844850593903206,0.4556767500792526,0.22112425573905653,0.004040393033848686
1285,train,test,1209,False,0.653705961714772,0.14470423974529467,0.41593036767843555,0.22135982876110388,0.004027247948746087
1286,train,train,1210,False,0.7202033605580739,0.16135279372133374,0.46609899990535875,0.2240378239783609,0.00814089636812101
1287,train,train,1211,False,0.7207595140724202,0.16129895628621033,0.46697120961150873,0.2237902561630333,0.007952749466120734
1288,test,train,1212,False,0.7143691999146125,0.1585591156728753,0.45739513777544716,0.2219568196554774,0.004872214371786597
1289,train,train,1213,False,0.7115275759806875,0.15768527816440725,0.4534237972558868,0.221615132691199,0.00445305721050797
1290,test,test,1214,False,0.7105938574298865,0.15829517632038637,0.4584513158233262,0.22276462801538527,0.008372550973057917
1291,train,train,1215,False,0.734523918863883,0.16264080866984534,0.4658241552501954,0.22142343427210412,0.006395605391222083
1292,train,train,1216,False,0.7344062228485343,0.16265929546057642,0.4687771082663434,0.22148409204604966,0.006057842125818834
1293,train,test,1217,False,0.7374873857803282,0.163051220581031,0.46769651752816654,0.22109018232021432,0.00635174820708922
1294,train,train,1218,False,0.7418514112927038,0.16416431888153235,0.4694624099236749,0.2212900270627913,0.006505903637098458
1295,train,train,1219,False,0.7368477759751013,0.16309491932354547,0.4698427021245444,0.2213414013602948,0.0062986133255182606
1296,train,train,1220,False,0.735534724813845,0.16283220687419972,0.46632651090255484,0.22137936032239755,0.005680338327379955
1297,train,train,1221,False,0.7269809894908024,0.1613310827824251,0.45998177313394584,0.22191925939552543,0.0038567624341905578
1298,train,train,1222,False,0.729016030661281,0.16265465402341225,0.4639775263438048,0.22311533242399392,0.004340507455341954
1299,train,train,1223,False,0.730371564044902,0.1618266008542765,0.4645179708851559,0.22156749909328025,0.004726159180279988
1300,train,train,1224,False,0.7281948070965255,0.16181064573484447,0.46225590059599386,0.22220790941921087,0.0035469916675777654
1301,train,train,1225,False,0.7293401998874398,0.16162255592157881,0.46241737361775864,0.22160105249446319,0.0032882789232122375
1302,train,train,1226,False,0.7263269525808276,0.16186360633717525,0.46253590067310674,0.22285226475767145,0.004384768590021552
1303,train,test,1227,False,0.7277864216453903,0.16260474886895696,0.46717856830677906,0.22342371887254744,0.007193839165301258
1304,test,train,1228,False,0.7235745612262424,0.16183728850761545,0.46883445442368393,0.22366359623443596,0.006916758700784598
1305,train,train,1229,False,0.721587032668564,0.16102525403153672,0.46129059886154955,0.22315430674527945,0.004848893326695291
1306,train,train,1230,False,0.7155097352529876,0.15913969923074575,0.45819278872942126,0.222414443004717,0.0050057059736467865
1307,train,test,1231,False,0.7216747486198978,0.16051074490852263,0.4590089729595134,0.22241424577412058,0.004732250406649563
1308,train,train,1232,False,0.719969788374985,0.1610417625334611,0.46607914594795863,0.22367850031171727,0.008598859182210226
1309,train,test,1233,False,0.7184077124838661,0.16010894387521593,0.46013515102667046,0.2228664045401818,0.008648843241261342
1310,train,train,1234,False,0.7226547952078044,0.16240467027727165,0.46694841594701864,0.22473340155526272,0.010379518889128622
1311,train,test,1235,False,0.7247010597560987,0.1625063761177274,0.47035651826073804,0.22423918653081537,0.01183956030797452
1312,test,test,1236,False,0.7256139327286231,0.16278316005474744,0.47077063896222693,0.22433852591916498,0.011098044202880701
1313,test,train,1237,False,0.7237869144336438,0.16263937295550665,0.4716838772644593,0.22470615275321792,0.011187311441210109
1314,test,train,1238,False,0.7230349662258726,0.16309867187125981,0.47344947131544224,0.22557508210510055,0.012390700017732148
1315,train,train,1239,False,0.715088672659785,0.1602698997855277,0.46078794486466446,0.22412591041248206,0.011155798966196622
1316,train,train,1240,False,0.7135844126310753,0.15927112380790764,0.45857014122320044,0.22319871481028436,0.010647446383540926
1317,train,train,1241,False,0.7161424052278506,0.16051306281427954,0.4683653305828928,0.22413567698621353,0.011013843789183787
1318,train,test,1242,False,0.7166939850617751,0.1612562585410378,0.47251020129710386,0.22500015613656701,0.01244503388992891
1319,train,train,1243,False,0.713811509491924,0.16078605404131477,0.4688979783397301,0.22525001615028442,0.011174657168970092
1320,train,train,1244,False,0.7116799854807253,0.1594267868678676,0.45905720165105784,0.22401471183734084,0.010764059098353007
1321,train,test,1245,False,0.7357007299824028,0.16344268467902323,0.4681682827315218,0.2221591987314361,0.007179338155485285
1322,train,train,1246,False,0.7352721760929791,0.16341194598103131,0.4707406452022748,0.22224687849519142,0.005347916122757323
1323,test,train,1247,False,0.7413993140163785,0.16426347821957046,0.47081712132478465,0.22155871352201126,0.005512183516237869
1324,train,train,1248,False,0.7403925009437933,0.16400791790727784,0.4705582958863539,0.22151482855136112,0.0051652965852686744
1325,train,train,1249,False,0.7322890137186826,0.16239113282551135,0.4657326822477091,0.22175825361746557,0.00493655344595396
1326,train,train,1250,False,0.7312538236373799,0.1619434423301607,0.4642744406712271,0.22145995972318708,0.005582096045891316
1327,train,train,1251,False,0.7283029978271637,0.16241558156215868,0.46656974277195745,0.2230055101334378,0.003969100538391274
1328,test,train,1251,False,0.7283029978271637,0.16241558156215868,0.46656974277195745,0.2230055101334378,0.003969100538391274
1329,train,train,1251,False,0.7283029978271637,0.16241558156215868,0.46656974277195745,0.2230055101334378,0.003969100538391274
1330,train,train,1251,False,0.7283029978271637,0.16241558156215868,0.46656974277195745,0.2230055101334378,0.003969100538391274
1331,train,test,1252,False,0.730649334243649,0.163174481220892,0.46571738702320714,0.22332803654684283,0.004197576290182714
1332,train,train,1253,False,0.7304008409988714,0.1629137056679683,0.46596091723713573,0.22304698533092193,0.004301787494296057
1333,test,train,1254,False,0.7281322489013112,0.162342828115274,0.46717856830677906,0.2229578876093393,0.004091404103632984
1334,train,train,1255,False,0.7280284958887192,0.16231598449908216,0.4655331203369529,0.2229527901939329,0.004065829246763644
1335,train,train,1256,False,0.7267655224474785,0.162524968079344,0.46731400961243763,0.2236277906139793,0.004739259187183552
1336,train,train,1257,False,0.728732107660799,0.16281250366372935,0.46699592064633255,0.2234188695024719,0.005087600293845089
1337,train,train,1258,False,0.7326102889595705,0.16263888903743304,0.4668135713304121,0.22199918768327367,0.004358713921577338
1338,test,train,1259,False,0.7352154721615483,0.16336714506844166,0.4713800611861004,0.22220308365945968,0.005427592036101693
1339,train,train,1260,False,0.7254460296448546,0.16212182632325084,0.46912681001820833,0.2234788250238523,0.006468519371265106
1340,train,train,1261,False,0.7183652755635593,0.15949508571642038,0.45887029360223924,0.22202504929166583,0.0050737711250276665
1341,train,train,1262,False,0.723276129361738,0.16081665860956482,0.46524076474242804,0.22234476167695322,0.005452134708664221
1342,train,train,1263,False,0.7222571588619129,0.16165228883695867,0.4686837178935233,0.2238154192776436,0.008386607385555795
1343,test,train,1264,False,0.7260387052284233,0.16166650539178584,0.46705680319981474,0.22266926573965914,0.0069220901116276165
1344,train,test,1265,False,0.7178380818536789,0.15982050933053937,0.45794337910131255,0.22264144710438546,0.006576590204854952
1345,test,train,1266,False,0.7338747729822164,0.16357959059493962,0.47008623233847296,0.22289850614459472,0.006520083684556216
1346,train,train,1267,False,0.7250844009200497,0.16214808215228757,0.46930945767865484,0.22362649361445383,0.008552640303066985
1347,train,train,1268,False,0.7243265214348032,0.1625934109792854,0.47046622619481615,0.22447529693819235,0.009727533811557937
1348,train,train,1269,False,0.7231336624828133,0.162467275233932,0.4710141691761555,0.22467115508924793,0.009468639730481728
1349,train,train,1270,False,0.7131138169510183,0.15842772882329065,0.45455321337465965,0.22216331398634587,0.006272512416549373
1350,test,train,1271,False,0.7215369399560833,0.1618974007107203,0.47034446108785166,0.22437853385659545,0.009538251918866487
1351,train,train,1272,False,0.7139503964518351,0.15959785835126392,0.4628094246469879,0.22354194233160676,0.00837954131966334
1352,test,train,1273,False,0.7144367446547152,0.15999217309250433,0.4626222182536434,0.22394169153467602,0.009385956070138373
1353,train,test,1274,False,0.7197386908664715,0.1606325174370192,0.4643819328904461,0.22318171785879484,0.011001166685490395
1354,train,train,1275,False,0.718906841575129,0.16045264946067664,0.46062221145452775,0.2231897656017906,0.011456874742554234
1355,train,test,1276,False,0.7123164307312749,0.15919421809760295,0.46677002867494455,0.22348806124571877,0.008479848702127877
1356,train,train,1277,False,0.7203776185760208,0.16049173584812393,0.4626179578652711,0.2227883428213246,0.007518534059287993
1357,train,test,1278,False,0.7168245154471009,0.15966581012033643,0.460275151065227,0.22274044299496226,0.007397564171327783
1358,train,train,1279,False,0.7369695273989085,0.16316570587681897,0.4647435645120184,0.2214008853971248,0.006479803301824464
1359,train,train,1280,False,0.7384685140698133,0.16355912863861083,0.4710909436431913,0.22148422786126842,0.00550907785751036
1360,train,train,1281,False,0.7363203883990096,0.16310329559557052,0.4685488732769168,0.22151131241959496,0.004949403515733387
1361,train,train,1282,False,0.7350722476072002,0.1628060939679218,0.46780298741062876,0.22148311883340252,0.00510723816560374
1362,train,train,1283,False,0.7431665943929758,0.16447866027323682,0.4742877252177941,0.22132138542581323,0.006374411533008865
1363,train,test,1284,False,0.7474508295573995,0.16517709136891892,0.4725374263913129,0.2209872339920045,0.006284398553264736
1364,test,train,1285,False,0.7360569413584489,0.16325968931558787,0.4724912423732812,0.22180307003732583,0.005032796118976763
1365,train,test,1286,False,0.7364371977045436,0.1632299288196638,0.46966005446409786,0.221648131474683,0.005448032204863221
1366,test,test,1287,False,0.7366308964480334,0.16344081555791973,0.4703450577769035,0.22187613409377255,0.0056338899081104276
1367,train,train,1288,False,0.7356875673804737,0.16302456299649196,0.4700253497849908,0.2215948321336535,0.005292738719444088
1368,train,test,1289,False,0.7361269292643106,0.16293835883679914,0.4689294638223119,0.22134546687436182,0.005557525882818203
1369,train,test,1290,False,0.7338318619384725,0.16273374343011335,0.46908152103375417,0.22175889583240474,0.005299535277303372
1370,train,train,1291,False,0.7380828475612699,0.16334539361061304,0.4691274067072602,0.22131037748720123,0.004763566927875151
1371,train,train,1292,False,0.7288214787575311,0.16284840733732994,0.46638709511151094,0.2234407356036599,0.005617836946800253
1372,train,train,1293,False,0.7343339663491616,0.16327756142963784,0.4696447592395958,0.22234782661817187,0.004976686993766736
1373,train,train,1294,False,0.7310671273002197,0.1623033774090709,0.4680768097290355,0.22200885711883397,0.004316325810969778
1374,train,test,1295,False,0.7260195392901202,0.16169365085971926,0.46590297439074374,0.2227125333538797,0.004748174788973743
1375,test,train,1296,False,0.7282500205821949,0.1616537985587024,0.4658437108630695,0.22197568690690772,0.005034887044182312
1376,train,train,1297,False,0.7259875458488458,0.1616711054758773,0.46797004150204724,0.2226912932601987,0.005373046206992565
1377,train,train,1298,False,0.7329924382505003,0.16285531451573132,0.46847269549893256,0.22217871019847477,0.004528642166644717
1378,train,train,1299,False,0.7275841883670953,0.16137794173147685,0.46439002801948576,0.2217996821696395,0.004438798845152411
1379,train,train,1300,False,0.7243127857202536,0.16250671737201988,0.4701237245384133,0.22435986299817126,0.008422927086424717
1380,train,train,1300,False,0.7243127857202536,0.16250671737201988,0.4701237245384133,0.22435986299817126,0.008422927086424717
1381,train,train,1301,False,0.7275404580940232,0.16252207999146812,0.46915740046721255,0.22338562506508014,0.0070675096790661866
1382,train,test,1302,False,0.7290432416993082,0.16307030339217093,0.46620444745106443,0.2236771347225914,0.005818636761745948
1383,train,train,1303,False,0.7304568098710478,0.16236116431917505,0.4656717996942269,0.22227346247595078,0.004572221321679507
1384,train,train,1304,False,0.7298907916548272,0.1619993113665345,0.46492591382793896,0.2219500687208911,0.004739058834551778
1385,train,test,1305,False,0.7146007285262177,0.15909312226181768,0.4612203004977456,0.2226321859339957,0.00926283895741718
1386,test,test,1305,False,0.7146007285262177,0.15909312226181768,0.4612203004977456,0.2226321859339957,0.00926283895741718
1387,train,train,1306,False,0.7225053640389654,0.16131904642878492,0.4667963587355761,0.2232772993227007,0.007957305151073853
1388,train,train,1307,False,0.7167832182829055,0.16043336115136989,0.46573664429155553,0.22382410338190817,0.010904662824814212
1389,train,train,1308,False,0.7161936812278755,0.16009656761156243,0.46816444799085405,0.2235380900555915,0.009087741522807486
1390,train,test,1309,False,0.7138378219747691,0.16050353427488728,0.4667410572517485,0.22484593745799078,0.012667532828687399
1391,train,train,1310,False,0.7137750574777181,0.15997041566922335,0.4683165052022968,0.22411880885066812,0.013108047604387238
1392,test,train,1311,False,0.7333528577583164,0.16293116568860008,0.46833563516746624,0.22217294712212826,0.006327229008493672
1393,train,train,1312,False,0.7397457668816623,0.163673808040677,0.4703147656724252,0.2212568362920555,0.006703715450794993
1394,train,train,1313,False,0.7343958834621153,0.1623460527734377,0.4662047457955904,0.2210606791640772,0.006873580709678864
1395,train,train,1314,False,0.7315300448311062,0.16167692722858137,0.46319678964014044,0.2210120122488051,0.0057825842530591885
1396,train,test,1315,False,0.7279793157720507,0.16194174623223656,0.4638769358755223,0.22245377406154868,0.0052914344624622285
1397,train,train,1316,False,0.731467107841068,0.16230542495751585,0.4686856352638572,0.2218902575627246,0.004725235529510872
1398,train,test,1317,False,0.7291892852982986,0.16129081759800268,0.4620185481407714,0.22119197422384151,0.004140542096238725
1399,train,train,1318,False,0.7288498742387863,0.16122836021624204,0.4632514944349167,0.22120928591039352,0.004886863277887148
1400,train,train,1319,False,0.7292948594820048,0.16143910995890287,0.46447076453036806,0.22136329066348828,0.004103101630043346
1401,test,train,1320,False,0.7254658992429573,0.16080250154673778,0.464771939246163,0.2216541145690506,0.0046129753220248235
1402,test,train,1321,False,0.7252122848344607,0.1607260390629782,0.46470193922688463,0.22162619473505754,0.004483786362203297
1403,train,train,1322,False,0.7237434847868363,0.16135505817313803,0.46736709538140575,0.22294509251528785,0.007109454201583171
1404,train,train,1323,False,0.728865114612134,0.16257362201501932,0.46644797766499313,0.2230503542504335,0.005331712079496329
1405,train,train,1324,False,0.7282830912363198,0.16241923162979258,0.46748298107418984,0.2230166175546829,0.005949298248694672
1406,train,test,1325,False,0.7241804232753783,0.1619593867300012,0.4675406255760563,0.2236450772826459,0.0071348477703480715
1407,train,test,1326,False,0.7232008949491098,0.16160452761868932,0.4642998756982816,0.22345731144326242,0.0059764004130308706
1408,train,train,489,False,0.7229217414343909,0.1607755752379359,0.4647292916242726,0.2223969290492381,0.00467944047184582
1409,train,train,1327,False,0.7182927782307986,0.16003582372321976,0.45972264935098955,0.22280026832150296,0.005029312286865064
1410,train,train,1328,False,0.7224830947467185,0.161835156504217,0.4700976928223073,0.22399853737885964,0.010023817381685647
1411,train,train,1329,False,0.721360055653704,0.1619218501666833,0.47357123642240645,0.22446744714738612,0.009583103250858562
1412,train,train,1330,False,0.7195080404405896,0.16146051797853153,0.4715816677703693,0.2244040495776273,0.008963696344468263
1413,train,train,1331,False,0.7223545385263184,0.16192436537340552,0.47174475981794156,0.22416189936834727,0.008208294505305672
1414,train,train,1332,False,0.7217508396734843,0.1616642418062678,0.4715940232877815,0.2239889902717726,0.008139466724470317
1415,train,train,1333,False,0.7135922445504413,0.15912543283629152,0.4618610371628534,0.22299209955195007,0.007528430188605073
1416,train,train,1333,False,0.7135922445504413,0.15912543283629152,0.4618610371628534,0.22299209955195007,0.007528430188605073
1417,train,train,1334,False,0.7124685544620251,0.15884221588438902,0.4611060338307692,0.2229462828774647,0.007462207838835643
1418,train,train,1335,False,0.7125813147749775,0.1588648008390464,0.45712719487122044,0.22294269797014465,0.007408799305834691
1419,train,train,1336,False,0.711947312561646,0.1582177205507505,0.45661572175306525,0.2222323446681327,0.006948879966104421
1420,train,train,1337,False,0.721331416384547,0.16238806031748165,0.47204917258535234,0.22512267818779072,0.011970581739159485
1421,train,train,1338,False,0.7126394304356838,0.1595726832635832,0.46787209239632954,0.22391784182644206,0.008467581110923425
1422,train,train,1339,False,0.7086555687473579,0.15850912831350733,0.46710929227973164,0.22367583817014675,0.008382732504674261
1423,train,train,1340,False,0.7088651209311856,0.15829021051592201,0.4603022051180892,0.2233008873507381,0.007692137111887188
1424,test,train,1341,False,0.7470105102277865,0.16557580963879076,0.472491839062333,0.2216512450250554,0.006802756331896401
1425,train,train,1342,False,0.735587957601804,0.16228439232731767,0.46631121567805267,0.22061860944054107,0.007050303320431204
1426,train,train,1343,False,0.734497938568377,0.16263248238497272,0.4690206384802721,0.2214199303295018,0.007109373292174226
1427,train,train,1344,False,0.7289138208363566,0.16097907121686184,0.4624339895235426,0.2208478788784033,0.006900556859197092
1428,train,test,1345,False,0.7318923694426788,0.1619235466895087,0.4661588601220843,0.22123956123877914,0.006685214426007723
1429,test,test,1346,False,0.7325079348824777,0.16227200721292007,0.4677723969616246,0.22152935072157917,0.0068196445894306386
1430,train,train,1347,False,0.7283358822481807,0.16281355408922485,0.4691876925716905,0.22354185487424066,0.006242923367160005
1431,test,train,1348,False,0.7324386245765175,0.16268889273151776,0.46611327279310416,0.22211948861323563,0.005361002729707666
1432,train,train,1349,False,0.7331940948282615,0.162124331880063,0.4658088600256933,0.2211206187060712,0.0055336678223339075
1433,train,train,1350,False,0.734377647183725,0.16240536113547988,0.4643476787421214,0.22114692863854238,0.004898080227026617
1434,train,test,1351,False,0.7377686398330573,0.16328844699475456,0.470238587894441,0.22132744356239317,0.005007176882150495
1435,test,train,1352,False,0.7348635247695453,0.16275891829700045,0.4666309236699656,0.2214818300419006,0.005071437107805471
1436,train,train,1353,False,0.7309041216416217,0.16197635346438202,0.46488326620604886,0.2216109454966278,0.005063044217600962
1437,train,train,1354,False,0.7325686280900828,0.1623335686781461,0.46690474598837234,0.2215950321287635,0.00543002448218051
1438,train,train,1355,False,0.7315827987943857,0.16192591166356918,0.4662959204535507,0.22133641185989544,0.005180709312127852
1439,train,train,1356,False,0.7260059890655872,0.16144364849823037,0.46543414889447837,0.22237233704644493,0.0055041177716142
1440,test,test,1357,False,0.7281832164063606,0.1615187579697217,0.46171251634755234,0.2218106025113144,0.005165361582395399
1441,test,test,1358,False,0.7242739131061892,0.16214222293475106,0.4710141691761555,0.22386864969272838,0.008917727464781656
1442,train,train,1359,False,0.723163542431429,0.16121761036424928,0.4684857750085751,0.22293381912229912,0.007531991362017135
1443,train,test,1360,False,0.7232317793736952,0.16153207241039347,0.4681813622411643,0.22334758650992512,0.006067749398679083
1444,test,train,1361,False,0.725462201469131,0.16091045285319777,0.464481202677446,0.22180404785712968,0.004972233223933645
1445,train,train,1362,False,0.7219861684594999,0.1602995347461753,0.4640198756211691,0.22202576967396206,0.005308993887865848
1446,train,train,1363,False,0.7522103819299517,0.16645142443252706,0.475916855626362,0.22128307243707726,0.005901369236566079
1447,train,train,1364,False,0.7519850213130419,0.16586675426659178,0.47001094959406603,0.2205718858295497,0.0053163887818532055
1448,train,train,1365,False,0.7512191721377657,0.16557018428690753,0.47300948993919417,0.220401968463797,0.005367730686128867
1449,train,train,1366,False,0.7473366063582532,0.16485360770175447,0.47192860085649135,0.22058816107654716,0.0052305321251735004
1450,train,train,1367,False,0.7488860881693373,0.16492702510222096,0.4695388860461852,0.22022978889271053,0.005905688184967159
1451,train,train,1368,False,0.7495200728481517,0.16610021328066646,0.47661685581914415,0.22160875912167516,0.005685763068166887
1452,train,train,1369,False,0.7512039603285545,0.16551990850695644,0.46949329871720463,0.22033950464606564,0.005888054437012597
1453,train,train,1370,False,0.7518515290067043,0.16566464828586924,0.47061977512888775,0.22034223765526453,0.005657150271553645
1454,train,train,1371,False,0.7498825152340733,0.16585810266970763,0.4712741879926897,0.22117878374312486,0.005948849443749485
1455,train,train,1372,False,0.7341482664079643,0.16193220010804776,0.4601054556112441,0.22057152147256107,0.005633677205655263
1456,train,train,1373,False,0.7372267139192658,0.16259914526066402,0.46247561480867627,0.22055514564339346,0.005658749952155488
1457,train,train,1374,False,0.7422885238553548,0.16355921558726233,0.46424150720418506,0.2203445295607643,0.006213279767269968
1458,train,train,1375,False,0.7410172783381023,0.1634581674513135,0.4635565038913792,0.2205861755584231,0.005621763900646573
1459,train,train,1376,False,0.741148656092979,0.16372601930776037,0.4669356347819022,0.22090847492169038,0.005634320650938176
1460,train,test,1377,False,0.7429323967379545,0.16374660237807406,0.4649873930704729,0.22040579075168584,0.005966737207028059
1461,train,train,1378,False,0.7345915179963652,0.16243774573493502,0.46238414180619,0.22112662854860077,0.00625182220149712
1462,train,train,1379,False,0.7344332257287255,0.16162122284273034,0.45786941703818795,0.22006251512159622,0.0056059990850376475
1463,test,train,1380,False,0.728889509348786,0.1607817054453124,0.45751911859727123,0.22058446909046622,0.005122504826200782
1464,train,train,1381,False,0.7283824313800633,0.16072977531828847,0.45475337197446764,0.22066673823221464,0.005163753888071694
1465,train,train,1382,False,0.7270720781444941,0.16012422702366097,0.4494409962524915,0.2202315724079268,0.005050209623708849
1466,train,train,1383,False,0.7285926036279898,0.16052551952881317,0.4495187930562836,0.22032274103454316,0.004398601815127957
1467,train,train,1384,False,0.7271627065458687,0.16016962121551534,0.4468412813843505,0.22026655076460802,0.005168192876260863
1468,train,train,1385,False,0.7253679921218051,0.1602411057157674,0.44972717408831026,0.22091008626812889,0.0038694425353218665
1469,train,test,1386,False,0.7182995277140773,0.1581038181349249,0.4394462449820427,0.22010848126000565,0.005132420054941076
1470,train,train,1387,False,0.7186747669441471,0.15817218341871817,0.441706696245397,0.2200886836354041,0.005235338093920496
1471,train,train,1388,False,0.7204790372363723,0.15924965676133324,0.445917008245988,0.22103301904825184,0.004100274675295876
1472,train,train,1389,False,0.720941657158482,0.1584081651504592,0.44128213739682953,0.21972397291454734,0.005719991033393591
1473,train,train,1390,False,0.7247896245434404,0.15927611901698893,0.4460801002935604,0.21975496561132504,0.004819298527973293
1474,train,test,1391,False,0.7211362118036491,0.1594958546399003,0.4445502396719922,0.22117299343626334,0.0038771451679748535
1475,train,train,1392,False,0.7176575265865264,0.15875284171377668,0.4421283153868742,0.22120974954289177,0.0038105237503535633
1476,train,train,1393,False,0.7265052351775645,0.16040787592018124,0.4470102528461028,0.22079383348280499,0.003775432285762108
1477,test,train,1394,False,0.7225113249732218,0.1608856019635538,0.4559511690867109,0.22267554348648674,0.004498441434967073
1478,train,train,1395,False,0.7190131824434405,0.15904339231476733,0.4424952297335751,0.22119676829051477,0.0038292868970154366
1479,train,train,1396,False,0.7167920341177619,0.15981243857990224,0.4485151040883212,0.22295509851278092,0.00439375692292822
1480,train,train,1397,False,0.7297653937091245,0.16255103171355795,0.4621861989212415,0.22274423138561264,0.00513134678946323
1481,train,test,1398,False,0.7300998966178547,0.16206448066788937,0.45883603945391466,0.22197576169869856,0.003410210842375267
1482,train,train,1399,False,0.716886678010032,0.15811183358316455,0.4401693371838408,0.22055345486689593,0.005414383337177978
1483,test,train,1400,False,0.7178967646472356,0.15873177585412135,0.4363594696860442,0.22110668785660276,0.006445909603210723
1484,train,train,1401,False,0.7111527918916007,0.15800254868460484,0.43670623173081946,0.2221780614322453,0.00674014691281284
1485,train,test,1402,False,0.7114894535820331,0.15805068190031515,0.4359131395097437,0.22214058283590887,0.006496993544949933
1486,train,test,1403,False,0.7096501273134304,0.15726806831996756,0.4328794499827131,0.2216135279441825,0.007468680748885488
1487,test,train,1404,False,0.7090805340894865,0.15664541951971464,0.4363575523157106,0.22091343929058682,0.005145011320452617
1488,train,test,1405,False,0.7098311913638048,0.15687802599637446,0.43482475198705234,0.22100751263827018,0.006080156417915008
1489,train,train,1406,False,0.6471519358167982,0.14288587876716988,0.39280292144290535,0.22079185869517254,0.006983346454412726
1490,train,train,1407,False,0.7127113845712186,0.15716365447839348,0.43660432058125526,0.22051514523364357,0.005494147051007177
1491,test,train,1408,False,0.7095845149225695,0.15663571405427162,0.4311975321497026,0.22074285833501295,0.007415455618465332
1492,train,train,1409,False,0.7108888121239029,0.15761955162144015,0.43334077703899065,0.22172180646720907,0.008570285897544471
1493,train,train,1410,False,0.704496566971796,0.15597747941472292,0.4342673931953913,0.22140275301152373,0.007609488389902378
1494,test,train,1411,False,0.7056167305602975,0.15633676141765954,0.4341807772703288,0.22156045151242343,0.009115169958198735
1495,train,test,1412,False,0.7035248670830895,0.15552555234283538,0.43370121528245964,0.22106617636369505,0.007424397371831249
1496,train,train,1413,False,0.7083915601389733,0.15787034924908844,0.437593438316946,0.22285746772324222,0.009364218005664783
1497,train,train,1414,False,0.7044956819214994,0.15612569584609187,0.4357529871692613,0.22161341772920712,0.008382301306153219
1498,test,test,1415,False,0.7051746465521083,0.15691306291291265,0.43701490488660244,0.2225165973849539,0.009665338483236035
1499,train,train,1416,False,0.7298214085329111,0.16103821255022888,0.4566622041156231,0.22065427331591753,0.005132610023250852
1500,train,train,1417,False,0.7306210430137955,0.1613404999213545,0.457796178967294,0.2208265166519548,0.0048087012250303575
1501,train,test,1418,False,0.7265360530960586,0.16006849566799836,0.453677041624663,0.22031734693121274,0.004560720111251767
1502,train,train,1419,False,0.7252713946138614,0.16003511695794484,0.45507895938056087,0.2206554927526798,0.004646832105949899
1503,train,train,1420,False,0.7186402324187985,0.1583339305007519,0.44837966278266295,0.22032433387124978,0.004693496253232119
1504,train,train,1421,False,0.7255214246148951,0.16001820325345462,0.45417939727702245,0.22055613773003582,0.0050293465519705045
1505,train,train,1422,False,0.7204045248437951,0.15980149577795205,0.463652961274468,0.2218218934876925,0.004941637840059815
1506,train,train,1423,False,0.7260058495278011,0.1618015928979354,0.465161647257354,0.22286541217701233,0.005300103565068035
1507,test,train,1424,False,0.7265190765675825,0.16178805449566233,0.46460914554311655,0.22268934115264408,0.004651826028813059
1508,train,train,1425,False,0.7289346738406268,0.16288058417993143,0.46571738702320714,0.22345018013993306,0.005225335849363138
1509,train,test,1426,False,0.7290470976591832,0.16248434087445962,0.46571738702320714,0.22287221414935007,0.0038804122525576295
1510,train,train,1427,False,0.7277819540979796,0.16240519567255668,0.4627598752741615,0.22315089671856914,0.0034765773652483106
1511,train,train,1428,False,0.7272994154310126,0.16302164550697548,0.46870063214383323,0.2241465372419769,0.007060291004145299
1512,train,train,1429,False,0.7225972314385498,0.16125601324235128,0.4550086610167565,0.22316168153775248,0.0063300720502431785
1513,train,train,1429,False,0.7225972314385498,0.16125601324235128,0.4550086610167565,0.22316168153775248,0.0063300720502431785
1514,train,train,1430,False,0.7231382659903921,0.1616075637731169,0.4635754628152015,0.22348086302940037,0.0063749072301663105
1515,train,train,1431,False,0.7231899126144193,0.16155186161150692,0.4664919459681653,0.22338788026989664,0.005363888334495803
1516,train,train,1432,False,0.7231299184910995,0.16232809590575195,0.4673534191827119,0.2244798503766373,0.007054700998497802
1517,test,train,1433,False,0.7217193201707093,0.1609457305383301,0.4641035518391412,0.22300321751156862,0.006210186487316311
1518,train,train,1434,False,0.7195913889234755,0.16011545330667742,0.4642861994995878,0.22250885123321673,0.005383719097577505
1519,test,train,1435,False,0.7160098721994662,0.15839955035208828,0.45060496486411483,0.22122537202666012,0.0030355322727904
1520,train,train,1436,False,0.7116973927676674,0.15816962520765876,0.4520401144315808,0.22224280546056885,0.004850966340100315
1521,train,train,1437,False,0.7246235803196479,0.16182875505250288,0.4653563520906865,0.2233280277480296,0.010714940552441819
1522,train,train,1438,False,0.7234148493116271,0.1617561014627199,0.4628950182352939,0.223600748058518,0.011164605722060416
1523,train,train,1439,False,0.7118355433260268,0.15857826328682853,0.44959863453358834,0.22277373583493332,0.006645841572914777
1524,test,train,1440,False,0.710003970763599,0.15763746230066,0.45027290135479026,0.22202335309635407,0.006154299292566834
1525,test,train,1441,False,0.7084682112660987,0.15810234951245775,0.4492864249816636,0.22316082358856174,0.008621132401724206
1526,train,train,1442,False,0.707191829620061,0.15776496825867342,0.45014333946331175,0.2230865256792244,0.008587458359150138
1527,train,test,1443,False,0.7043790578181093,0.156768275424125,0.4484308311812972,0.2225623741707083,0.008272980279302174
1528,train,test,1444,False,0.7061145009713194,0.1576792121649319,0.4498053965398072,0.22330544401514338,0.009150573417581928
1529,train,train,1445,False,0.7170386265124401,0.161606973292428,0.46463752027726085,0.2253811263675685,0.015612765046306454
1530,train,train,1446,False,0.7466688819266509,0.1649419657902255,0.4671947585648586,0.22090376307717693,0.002905296240795207
1531,test,train,1446,False,0.7466688819266509,0.1649419657902255,0.4671947585648586,0.22090376307717693,0.002905296240795207
1532,train,train,1447,False,0.7403449540611823,0.16408714222756315,0.46786416830863653,0.22163606482013376,0.0025065844054934215
1533,test,train,1448,False,0.7410080838656922,0.16431818358788555,0.4681685810760474,0.22174951551226024,0.0029383933725730844
1534,train,train,1449,False,0.7301066743786198,0.16140330668003072,0.4593807443836383,0.22106811558379202,0.003123049496658308
1535,train,train,1450,False,0.724605521129007,0.16023036670452903,0.456657347038199,0.22112771988664162,0.004544489878734285
1536,train,train,1451,False,0.729485707586045,0.16142527767579162,0.4607201605602459,0.22128641589150125,0.0037541750619755083
1537,train,train,1452,False,0.7269558590226791,0.16129954256510828,0.4628191388018356,0.2218835443213288,0.004199531239147794
1538,train,train,1453,False,0.7172723604194153,0.15863608446779962,0.44863686919528556,0.22116575686122814,0.003622734239797445
1539,train,test,1454,False,0.7283119793084637,0.16302891428845515,0.46717856830677906,0.22384488916858405,0.006017683150866028
1540,train,train,1455,False,0.7392236742540699,0.16387968846868464,0.47063447366433814,0.22169161266926563,0.0026287739279090808
1541,train,test,1456,False,0.7296097528450555,0.1621613447043081,0.46456061850704594,0.2222576439966335,0.003222735071248687
1542,train,test,1457,False,0.7260221940952755,0.16247848456857913,0.46750577473868016,0.22379272409302844,0.004527447633685818
1543,train,train,1458,False,0.7255294112804593,0.16132645926629036,0.4628282562676317,0.22235688417037625,0.002466776095938526
1544,train,train,1459,False,0.716996194358089,0.1582976989109564,0.44791995475219365,0.22077899458403244,0.0025631058786979
1545,train,train,1460,False,0.7210590498654309,0.16172352949339536,0.46410811057203916,0.22428611016473246,0.006317911611882149
1546,train,train,1461,False,0.7255970171806075,0.16273291243492258,0.46894416235776193,0.2242745057955729,0.008418663022321566
1547,train,train,1462,False,0.7231649758008409,0.16201553362548307,0.46457237733540624,0.22403675377954424,0.008260321584643545
1548,train,test,1463,False,0.727657413642673,0.16291605799659237,0.46748298107418984,0.22389115391682757,0.007763998571620436
1549,test,test,1464,False,0.7270149634805552,0.16293574566092245,0.46876151469731536,0.22411608267438413,0.008276582670949625
1550,test,test,1465,False,0.719914385366896,0.15940101175285348,0.4541426290693126,0.22141662257744246,0.002921985844329743
1551,train,train,1466,False,0.7282473281816707,0.16102887360542764,0.4590428014601332,0.22111838571037903,0.0030367097515776433
1552,train,train,1467,False,0.7158907976792669,0.16052087596400755,0.46664532386089,0.2242253657741862,0.007002920785594886
1553,train,train,262,False,0.7348768479222377,0.1626293613470128,0.46238414180619,0.2213015171274272,0.005454091025231314
1554,train,train,1468,False,0.7178937295778357,0.16066308523194958,0.4603086812213211,0.22379786674892543,0.010160812838461018
1555,test,train,1469,False,0.7138607567811016,0.15863894283108446,0.458777201573945,0.22222673164779322,0.00794195045397904
1556,train,train,1470,False,0.7135675799193743,0.15963298685634184,0.4555670421451744,0.22371109807760425,0.007312665460248561
1557,train,train,1471,False,0.7230413922727317,0.16146275773594723,0.47010093087392313,0.22331053168121165,0.007721788411388035
1558,train,train,1472,False,0.7195115735006887,0.16079392177115406,0.45975000174837766,0.2234764911269355,0.0119863000252347
1559,train,train,1473,False,0.724260961650696,0.16183563903277184,0.46742209852070776,0.22344934713024558,0.007644328747849149
1560,train,train,1474,False,0.7186404746984794,0.16215271923543617,0.4702832801898439,0.22563816671120665,0.012081148133048747
1561,train,train,1475,False,0.7114174023524098,0.158295983882827,0.45386982908766177,0.22250788827964746,0.007365769443900433
1562,train,train,1476,False,0.709289903420839,0.15800254987172985,0.453174089283252,0.2227615945323602,0.007136931907810877
1563,train,train,1477,False,0.7451680708216268,0.1652928097093004,0.46714917123587857,0.2218195011053648,0.008266610415106498
1564,train,train,1478,False,0.7386182199436783,0.16294824620919124,0.4621712020412654,0.22061227547516565,0.0055181645687327465
1565,test,train,1479,False,0.7361509093774141,0.16253510786538058,0.46282561490506724,0.2207904735223945,0.005539397999280077
1566,train,train,1480,False,0.7394404766560149,0.16317266129948702,0.4624453227041982,0.22067044806284572,0.006262047970638467
1567,train,train,1481,False,0.7365468612287884,0.16255364267267505,0.46118178596104875,0.22069694574692125,0.004691981364206098
1568,train,train,1482,False,0.7343625903105415,0.1621625582966946,0.4618361988248505,0.2208208321561159,0.0042107145611032055
1569,train,train,1483,False,0.7280965358345949,0.161030864429111,0.4588083887120006,0.22116691469287958,0.005231742077722387
1570,train,train,1484,False,0.7305128907702364,0.16122496956125565,0.45974309999744123,0.22070106030745557,0.004882838154072605
1571,train,train,1485,False,0.7222777613910301,0.16036484655837266,0.4628813420365998,0.22202655976770908,0.003928097235381321
1572,train,train,1486,False,0.7264238713558843,0.16122531924862615,0.46069574786994777,0.22194386171216532,0.002212422230462347
1573,test,train,1487,False,0.7360925298791909,0.16293437397100022,0.46197325915631693,0.2213503973443955,0.0028211961926176486
1574,train,train,1488,False,0.7287812694551429,0.16101992134005,0.45851309341038576,0.22094409953816865,0.0023226298148649573
1575,test,train,1489,False,0.7237099926368595,0.16031847041460612,0.4558369024197348,0.22152308527685358,0.0026022846377543947
1576,train,test,1490,False,0.7299685288932662,0.16166744894762303,0.4596076586917827,0.22147180672670005,0.0027199782737959443
1577,train,train,1491,False,0.7336763347472925,0.161809829969394,0.45923486493090176,0.22054661204947787,0.0029254250464349116
1578,train,train,1492,False,0.7294839889720727,0.1625820026312003,0.46663062532543953,0.22287261281813345,0.006243699423559609
1579,train,train,1492,False,0.7294839889720727,0.1625820026312003,0.46663062532543953,0.22287261281813345,0.006243699423559609
1580,train,train,1493,False,0.7314521826674204,0.16234096129576658,0.4658088600256933,0.2219433684697615,0.0028978494968074906
1581,test,train,1494,False,0.7174476940913268,0.15878757830052656,0.4529826225015352,0.22132286382443073,0.002413502016754256
1582,train,train,1495,False,0.7142079234394587,0.15964023419786594,0.45347718136938053,0.22352067088401348,0.005642642340631408
1583,train,train,1496,False,0.7200033129811294,0.16001705136240388,0.45591440087900104,0.2222448820406994,0.004474229439663411
1584,train,train,1497,False,0.7197581919311533,0.15985110058460364,0.4551655753056229,0.22209000519426364,0.004291587797120376
1585,train,test,1498,False,0.7165310612536187,0.15980757391455783,0.45083775858643954,0.22302951338210497,0.007345356983122765
1586,train,train,1499,False,0.7171562460862706,0.1597647878414671,0.46151589414388644,0.22277542545763193,0.005516368586013623
1587,train,train,1500,False,0.7174192759906162,0.15921408402239196,0.45209673659669103,0.22192613071700415,0.004737847196499687
1588,train,train,1501,False,0.7089531074610333,0.15860287766414047,0.45703572186873437,0.22371420055149113,0.009318751049086364
1589,train,train,1501,False,0.7089531074610333,0.15860287766414047,0.45703572186873437,0.22371420055149113,0.009318751049086364
1590,train,train,1501,False,0.7089531074610333,0.15860287766414047,0.45703572186873437,0.22371420055149113,0.009318751049086364
1591,train,train,1502,False,0.7169009492716839,0.16059354834866968,0.4657382633173636,0.22401079048900735,0.008812269134372682
1592,train,train,1503,False,0.7066522072699286,0.15731467819183886,0.45038231094434256,0.22261966576119027,0.008698233496607852
1593,train,train,1504,False,0.7073001514566575,0.1579383907188686,0.4554602739181863,0.2232975496945682,0.008731244134000985
1594,train,train,1505,False,0.7034159885989926,0.1564275120864114,0.4462130275398335,0.22238265069574426,0.007469015778840586
1595,train,train,1506,False,0.7370343022858249,0.16341860197779035,0.4663723965760608,0.22172455402817323,0.005819995573843814
1596,train,train,1506,False,0.7370343022858249,0.16341860197779035,0.4663723965760608,0.22172455402817323,0.005819995573843814
1597,train,test,1507,False,0.7400382905425457,0.1631104826968131,0.4634500340089169,0.22040816641694527,0.005660237677057706
1598,train,train,1508,False,0.7400568165128635,0.16377849617137943,0.4646068025250781,0.2213053005080086,0.005310114734979619
1599,train,test,339,False,0.733205778250983,0.16246084996223167,0.4629320847875294,0.22157606333896054,0.00412048034032526
1600,test,train,1509,False,0.7317724709700714,0.1621424611339169,0.46588503780367746,0.22157496703719035,0.0045281172077209966
1601,train,train,1510,False,0.7264020454421729,0.16044278177601265,0.4586514744231343,0.22087325164172478,0.0040413192386582215
1602,train,train,1511,False,0.7272969098683497,0.1609753668019648,0.46084030664140235,0.22133376976825525,0.004724872396907696
1603,test,test,1512,False,0.730716449494536,0.1618161545485615,0.4634357611211712,0.22144862711178298,0.004388642666233535
1604,train,train,1513,False,0.7289441672780947,0.16122580090205266,0.4614478114949419,0.22117716025368023,0.0045426661887434435
1605,train,train,1514,False,0.7234584726559167,0.16117099587732583,0.46700180006051273,0.22277850349259812,0.004827056402846793
1606,train,train,1515,False,0.7241561314263734,0.1608853508052123,0.4586254427070283,0.22216942427638603,0.004918459539323296
1607,train,train,1516,False,0.7243509481639885,0.16007678074103784,0.4555826357142023,0.22099340264105993,0.004003169876545604
1608,test,train,799,False,0.7263888100310173,0.16086793081734727,0.4585069156516799,0.2214625674237439,0.0026381478105572554
1609,train,train,1517,False,0.7213794011980623,0.159083683282483,0.45207556195800885,0.22052706664243232,0.0034398443066064343
1610,train,train,1518,False,0.720129006660863,0.1593917744844473,0.45353218450868277,0.22133780615715587,0.003328470160334166
1611,train,train,1519,False,0.7222184643809667,0.16223470702172357,0.4686456290045312,0.224633840067741,0.008564674330883615
1612,train,train,1520,False,0.7273931558835433,0.1611195384284051,0.4594536841100066,0.22150268685536076,0.002912705711129062
1613,test,train,1521,False,0.724206485179006,0.1614824306781258,0.4662165046239508,0.22297843775620335,0.0059577927544946
1614,train,train,1522,False,0.7236971587409461,0.16099061378742427,0.4628175197760276,0.22245577703732883,0.005191447855271583
1615,train,train,1523,False,0.7182407860627773,0.15939754304972045,0.4552613086964814,0.221927724159887,0.0030623966770723316
1616,train,train,1524,False,0.7202798643199232,0.16005919285995068,0.4608416273226843,0.22221805826971996,0.0040010491811353546
1617,train,test,1525,False,0.7213145998410058,0.15996251378688162,0.45734529005809504,0.22176525169758246,0.0035939372000121338
1618,train,train,1526,False,0.72699873634706,0.16105165256436738,0.4595663317511748,0.22152948074380607,0.00205805580600004
1619,train,train,1527,False,0.7223767585223766,0.1599160361885594,0.4560804326336635,0.2213748356407092,0.0027984639956338438
1620,train,train,1528,False,0.7115908509926266,0.1583831906783375,0.4570708710506366,0.22257620436997247,0.006562172990199989
1621,test,train,1529,False,0.7174124370081555,0.159898572723103,0.45330071146764006,0.2228823539635476,0.007925179064879332
1622,test,train,1530,False,0.7173875945015186,0.15907791045382344,0.45567836910506043,0.22174611280302353,0.005069091935113555
1623,train,train,1531,False,0.7114994747046274,0.15825560384618154,0.45248158753045803,0.22242546828566517,0.007334407813574089
1624,train,train,1532,False,0.7160348247100687,0.15978893980409703,0.4644200217794382,0.22315805640989253,0.006959775483401303
1625,train,test,1533,False,0.7088153571988438,0.158069397651137,0.4543354165323111,0.22300504079907207,0.006738335273494205
1626,test,train,1534,False,0.707965768665494,0.15778293897499068,0.4527127622269748,0.22286803396216376,0.0072361294359868135
1627,train,train,1535,False,0.7121938698354385,0.15944686872210498,0.46510796479933414,0.2238812709226874,0.008384585801957788
1628,train,train,1536,False,0.7071023151101792,0.15750049679802197,0.4493427488022478,0.2227407454796419,0.007168234932410622
1629,train,test,1537,False,0.7073552987957673,0.15736509645752733,0.44886480584018634,0.22246966513919184,0.006554537952510707
1630,train,test,1538,False,0.7024498254945207,0.15615602764652547,0.4453408178336832,0.2223020377812643,0.006623044476190997
1631,train,train,1539,False,0.7326130280317781,0.16210009032851516,0.46153472576452975,0.2212629097847327,0.003563041950006396
1632,train,train,1540,False,0.7338825561359007,0.16236734368275393,0.46145560827945553,0.22124431535430403,0.0040949929154789925
1633,train,train,1541,False,0.7314134083853026,0.1617106591007207,0.4606244271693873,0.2210933751648327,0.004175840032339947
1634,train,train,1542,False,0.7259397538619675,0.16050792237155706,0.45782941077886224,0.22110364051240064,0.005537004051137438
1635,train,train,1543,False,0.7290399502909897,0.16158025471247664,0.46268531652198513,0.22163429404380836,0.004797670755301305
1636,train,train,1544,False,0.7289937034296364,0.1610354462072754,0.45845221085690374,0.22090101114682506,0.004529517718066592
1637,train,train,1545,False,0.7339319375092369,0.16194576468425287,0.46121207806552683,0.22065501773073432,0.005192971602588072
1638,train,train,1546,False,0.7306068597076303,0.1609437770298471,0.46110692886434673,0.22028779895969303,0.006082706858252721
1639,train,train,1547,False,0.7321597570169056,0.16132904796345715,0.45914339192841536,0.2203467841783225,0.0059770079870368085
1640,train,train,1548,False,0.7354370006903727,0.1620592341393622,0.46338885311090866,0.22035773830692942,0.005762187203446802
1641,train,train,1549,False,0.732445606997549,0.16172378846477337,0.4636017928758333,0.22079972481194027,0.005671426850833087
1642,train,test,1550,False,0.723863321023742,0.1617156921007677,0.46783592087767134,0.22340639096350012,0.005591761745507179
1643,train,test,1550,False,0.723863321023742,0.1617156921007677,0.46783592087767134,0.22340639096350012,0.005591761745507179
1644,test,train,1551,False,0.7270382146704558,0.16118686849951233,0.46399120254249865,0.22170343352938252,0.0037542982301853895
1645,train,train,1552,False,0.7282672321260169,0.16116961922657919,0.4616714877514705,0.22130560337869348,0.0036684499315100005
1646,train,train,1553,False,0.727198777109247,0.16097571552962786,0.4606667764467517,0.22136411748316856,0.0033708398289613206
1647,train,train,1554,False,0.7210639446162694,0.15974075194628204,0.45722190592532275,0.22153479332722942,0.003343141798058539
1648,train,train,1555,False,0.7239004034585219,0.1602464908551931,0.4610304527418369,0.22136538409095516,0.003391279279364032
1649,train,train,1556,False,0.7169354112574703,0.15861281377129913,0.4524193842956937,0.22123724296600145,0.0027031169086158646
1650,train,train,1557,False,0.7168668179466495,0.15872563933080097,0.45358071154475305,0.22141579908168327,0.002758929059447048
1651,train,train,1558,False,0.7167718635024316,0.1606577989981731,0.4645372281535046,0.22414077223000267,0.00663639978933611
1652,train,train,1559,False,0.7208191667627047,0.16034615352551324,0.46436693601046963,0.2224499027206078,0.0037717306461476914
1653,train,train,1560,False,0.7173529577717815,0.16072022491864413,0.4651613489128279,0.2240462288158232,0.00628789234514471
1654,test,test,1561,False,0.7519550568731791,0.16553653770083215,0.4717462515405708,0.22014153131594766,0.011113257435513132
1655,train,train,1562,False,0.7465824711410628,0.16425825259216106,0.46714917123587857,0.22001354028726633,0.008735715858348328
1656,train,train,1563,False,0.7433083908501038,0.16372837060889567,0.4642873928776908,0.2202697731175125,0.009569152239433732
1657,train,train,1564,False,0.744927345507726,0.16382254267219773,0.4624609162732258,0.21991747740249742,0.011127034923159477
1658,train,train,1565,False,0.7260352842416496,0.15835472150135563,0.461945782627482,0.2181088508208779,0.023984508857031968
1659,train,train,1566,False,0.7522582242040385,0.16399083881114834,0.4800710879050995,0.21799806706622105,0.021391395309332692
1660,test,train,1567,False,0.7279200148813159,0.16025625821299067,0.4573410296697226,0.2201564113319782,0.010954640802097092
1661,train,train,1568,False,0.7440417689769508,0.16399281381570704,0.46545945661835403,0.22040807472569093,0.009770425526450943
1662,train,train,1569,False,0.7412090276330797,0.16291927346060317,0.4637697420008296,0.21980206309798617,0.010269295465843596
1663,test,test,1570,False,0.7420827569888964,0.1632561353708893,0.4633891514554347,0.21999720898154768,0.011022132105581763
1664,test,train,1571,False,0.7408974764989278,0.1628576572413956,0.45969031257299864,0.2198113266777084,0.009536501014057987
1665,train,train,1572,False,0.7327588779464793,0.16164182827784657,0.4607403128621715,0.22059347643912527,0.009592249083801274
1666,train,test,1573,False,0.7364001213697646,0.16217311341946994,0.4584876583833313,0.22022418073182096,0.010893900589770137
1667,test,train,1574,False,0.7303261342458491,0.16140059375691504,0.45756044553787906,0.22099797089088266,0.008941933995866392
1668,test,train,1575,False,0.7527919305544936,0.16675278679978922,0.4680932983316408,0.2215124525537382,0.010013528688445718
1669,train,train,1576,False,0.7531198676030657,0.16682717032312033,0.4722183150884517,0.22151476477984397,0.009188730356021645
1670,train,test,1577,False,0.7573627431220064,0.1674207984980379,0.4750345061176594,0.221057610792808,0.010351100659987405
1671,test,train,1578,False,0.7477753244535853,0.1655039068353827,0.47183742619853103,0.22132838758262022,0.010509851455462094
1672,train,train,1579,False,0.754679501525687,0.16655401702126219,0.4727815532942934,0.2206950323740749,0.009860368665845156
1673,train,test,1580,False,0.7557845464947399,0.16695871527994158,0.4745168552407979,0.22090781831182038,0.010251729649231479
1674,test,train,1581,False,0.7553020411189815,0.16635577193582768,0.46743888546783896,0.22025065851718245,0.010391272981403618
1675,train,train,1582,False,0.7536941663242537,0.16655411940678747,0.470437425812967,0.22098369185881783,0.01085806017195483
1676,test,test,1583,False,0.755620297473101,0.16670455554364877,0.4721727277594717,0.22061947793241116,0.010075241213787662
1677,train,train,1584,False,0.7476488228190716,0.16523635860357977,0.4717918388695509,0.22100798337452393,0.009443569222803228
1678,test,train,1585,False,0.7484878595444172,0.16566597080933776,0.4741815536798574,0.2213342123012841,0.009540565520669654
1679,train,train,1586,False,0.7585027657011182,0.16773559964022342,0.4768153953931442,0.2211403929228628,0.00917459736408975
1680,train,train,1587,False,0.7583697649706517,0.16733172323730666,0.47568891898146115,0.22064661721288728,0.011016089145239978
1681,test,test,1588,False,0.7400711648081648,0.16373153253247438,0.4656723963832786,0.22123755162777559,0.008986996170869784
1682,test,train,1589,False,0.7428342162584983,0.1636280199547283,0.46545945661835403,0.2202752866970623,0.009967288182024022
1683,train,train,1590,False,0.7387533478500158,0.1628362771901928,0.4647894501855246,0.22042035770679497,0.010927779799097655
1684,test,train,1591,False,0.7412086404657094,0.16352059191969426,0.46372415467184935,0.2206134453815224,0.00967287301955327
1685,train,test,1592,False,0.7386218527493932,0.16254723082741218,0.459812077679963,0.2200682666270406,0.011336091667640007
1686,train,train,1593,False,0.7401230309285931,0.16288591449589152,0.46203444005432504,0.22007951068828002,0.010543519185788363
1687,train,train,1594,False,0.7426629812790603,0.1639411112680802,0.4672403458938389,0.22074765458987958,0.009852922019824711
1688,test,train,1595,False,0.7386292016201809,0.16230800992145894,0.46036002066130255,0.21974220564992125,0.011173137886546409
1689,train,train,1596,False,0.7387337702583124,0.1626742340408747,0.46343473878441493,0.22020684662079618,0.010441386534476798
1690,train,train,1597,False,0.7398321857767258,0.16299656251976946,0.4645003326426156,0.2203155873093635,0.00970891283449298
1691,train,train,1598,False,0.7391830498867717,0.16295188148938117,0.46405885954373854,0.22044861758442943,0.010447601007788219
1692,train,train,1599,False,0.73741041857966,0.16249688920283004,0.4616385542844279,0.2203615315278815,0.011084921263444961
1693,train,train,1600,False,0.7382870262058931,0.16272264067853243,0.4622626750437517,0.2204056618938234,0.011337837204979096
1694,train,train,1601,False,0.7392133478208275,0.1626365133034161,0.46060355087523125,0.22001295537054666,0.009721318440910936
1695,test,train,1602,False,0.7373165465756315,0.16325662844785704,0.4650329803994532,0.22141999824374037,0.008766905872371946
1696,train,train,1603,False,0.7373912554065297,0.16347961938196193,0.4665094569075271,0.22169997024420135,0.010286245206826115
1697,train,train,1604,False,0.7383248795682069,0.16327836765623094,0.4651700407309194,0.22114704810126498,0.009206794374462398
1698,train,test,1605,False,0.7412704667492396,0.16387514135950193,0.4666771076879973,0.22107334462973874,0.00967172622961073
1699,test,train,1606,False,0.7423198194427463,0.16360846280266683,0.461334439861543,0.22040158233345628,0.009667268629058345
1700,train,train,1607,False,0.7636433823250286,0.16882442038236156,0.485019841577786,0.22107756616491575,0.006105686305310568
1701,train,train,1608,False,0.7559697904954381,0.16653674159726412,0.473435966158095,0.22029549816814945,0.005658690833107057
1702,train,train,1609,False,0.7418882016056313,0.16345928430366924,0.4661441615866341,0.2203287287085878,0.006345398646070169
1703,train,train,1610,False,0.738806823104711,0.16342771709981227,0.4668594570039182,0.22120493745988276,0.005811192721103002
1704,train,train,1611,False,0.7387151290117097,0.1633116667183511,0.4683968160654741,0.22107529723512997,0.006141520755156851
1705,test,test,1612,False,0.7185016552201249,0.15688418113608246,0.46867679526715794,0.2183490879892523,0.023589226270866993
1706,train,train,1613,False,0.7485370750171594,0.163207701577064,0.4791917813595052,0.2180355616631583,0.019123470631985127
1707,train,train,1614,False,0.7234962681394723,0.1594081788012925,0.458479264909766,0.22033034007379634,0.006690181056409408
1708,train,test,1615,False,0.745853252107627,0.16497143003194642,0.47075653711582854,0.2211848370517542,0.005308901674323889
1709,train,train,1616,False,0.7402643105841226,0.1629587676928895,0.4663876918005627,0.22013592356533188,0.007705682508174931
1710,train,train,1617,False,0.7433482810095988,0.16345611665470614,0.46603769170417164,0.21989169926202523,0.006035959163287807
1711,train,train,1618,False,0.7425906798021432,0.16394134189897938,0.4690668224983038,0.22076945800432093,0.006449655383822229
1712,train,train,1619,False,0.7329571971957334,0.1613182942378355,0.4594295697642341,0.22009238036686618,0.005974968682623441
1713,train,train,1620,False,0.7362919159411881,0.1623868191467529,0.4639976786457304,0.22054679079177025,0.006477771313454668
1714,train,train,1621,False,0.7468111502032047,0.1651332063497876,0.4701477115810068,0.2211177568851984,0.0038848993085108374
1715,test,train,1622,False,0.7217972429415941,0.15975094709829266,0.45699661064298586,0.22132385328495813,0.006114288493716952
1716,test,train,1623,False,0.7244140967492507,0.16013386656515444,0.4611811892719973,0.22105294096807632,0.006009256417891356
1717,test,test,1624,False,0.7233212871436199,0.15920282486240542,0.4565202867067327,0.22009973671740526,0.007256151571100628
1718,train,test,1625,False,0.7424418522599114,0.16359242973015184,0.47052800378187576,0.2203437605681771,0.007412294594047624
1719,train,test,1626,False,0.7399318472571539,0.1629303261024604,0.4633585610064306,0.22019639606867203,0.0074502314088369225
1720,train,train,1627,False,0.7438357444646851,0.16408638605751996,0.47258301372029343,0.22059491934688846,0.004883557775915757
1721,train,train,1628,False,0.7401266867512867,0.16281307262596112,0.4633129736774505,0.21998000550502117,0.0053849962295852045
1722,train,train,1629,False,0.7463388266980447,0.16424632987574386,0.46602269482419556,0.22006938939838241,0.006299743919768489
1723,train,train,1630,False,0.7332076408024458,0.16086909909678554,0.4578192709763098,0.21940455901513148,0.006837883571158252
1724,train,train,1631,False,0.7396361273355893,0.1630145528174817,0.46582445359472135,0.2203983104566746,0.007718574676287845
1725,train,train,1632,False,0.7324400940254371,0.1607875115649272,0.4589425093363768,0.21952308847710783,0.008210484048893915
1726,train,train,1633,False,0.732991760793995,0.16145579693780146,0.4618909036196269,0.22026959315737535,0.007678063207042918
1727,test,train,1634,False,0.7377374173862057,0.1626610354816059,0.46408915164821657,0.22048635686381732,0.007056745991221393
1728,train,test,1635,False,0.7380007957389875,0.1621889778307956,0.4624147322551941,0.2197680256813135,0.008695423969273598
1729,test,test,1636,False,0.7239119428910619,0.16146705991052643,0.4642376724635173,0.22304792937340012,0.004425989350294753
1730,train,test,1637,False,0.7346678325527177,0.16209346281152104,0.4601161921028478,0.22063503481335514,0.002731920176833185
1731,train,train,1638,False,0.7347538408001847,0.16292540105762426,0.46422591363515703,0.22174147586651624,0.004270771258974799
1732,train,train,1639,False,0.7318903280769485,0.1623233398851368,0.4643323835176193,0.22178642572261273,0.003007822865202447
1733,train,train,1640,False,0.7320961454725757,0.1622787547186638,0.4645303264025679,0.22166317323513723,0.003403724649773343
1734,train,train,1641,False,0.7355432580812548,0.1624869681096438,0.4639367960922482,0.22090742634703617,0.0030150993276060424
1735,train,train,1642,False,0.7425910766565277,0.16509906255279,0.4752771412980104,0.2223283685230083,0.0050946803796527145
1736,train,train,1643,False,0.7436245856360658,0.16482511349041937,0.47381596001443854,0.22165097372276196,0.004403559624806004
1737,train,train,1644,False,0.743230738040128,0.1652311628487855,0.47676891303058655,0.22231475959201308,0.004463105602098336
1738,test,train,1645,False,0.7430771314090818,0.16499234874074317,0.47418125533533134,0.22203933046340907,0.004148229477567588
1739,train,train,1646,False,0.739513520187862,0.16450267231774088,0.4744397824292363,0.22244714643750058,0.004394677195808582
