observation_index,alarm_category,t2_ratio,q_ratio,row_mae_17_targets,row_rmse_17_targets,actual_released_mean_index,predicted_released_mean_index,actual_profile_shape_deviation,predicted_profile_shape_deviation,actual_RAW_VALUE_t_1,predicted_RAW_VALUE_t_1,actual_RAW_VALUE_t_2,predicted_RAW_VALUE_t_2,actual_RAW_VALUE_t_3,predicted_RAW_VALUE_t_3,actual_RAW_VALUE_t_4,predicted_RAW_VALUE_t_4,actual_RAW_VALUE_t_5,predicted_RAW_VALUE_t_5,actual_RAW_VALUE_t_6,predicted_RAW_VALUE_t_6,actual_RAW_VALUE_t_7,predicted_RAW_VALUE_t_7,actual_RAW_VALUE_t_8,predicted_RAW_VALUE_t_8,actual_RAW_VALUE_t_9,predicted_RAW_VALUE_t_9,actual_RAW_VALUE_t_10,predicted_RAW_VALUE_t_10,actual_RAW_VALUE_t_11,predicted_RAW_VALUE_t_11,actual_RAW_VALUE_t_12,predicted_RAW_VALUE_t_12,actual_RAW_VALUE_t_13,predicted_RAW_VALUE_t_13,actual_RAW_VALUE_t_14,predicted_RAW_VALUE_t_14,actual_RAW_VALUE_t_15,predicted_RAW_VALUE_t_15,actual_RAW_VALUE_t_16,predicted_RAW_VALUE_t_16,actual_RAW_VALUE_t_17,predicted_RAW_VALUE_t_17
15,q alarm only,0.41904377345342886,1.5372088466299803,0.0025134239066702145,0.0028771135387050035,0.7422484093923674,0.7445828193118105,0.005736765932982177,0.004408389858815129,0.5836389592835808,0.5846745791134892,0.9453160782999276,0.9437944594084977,0.6470613046958892,0.6497260966015712,0.5946309452894256,0.5979423239759332,0.9111455529865295,0.9130260411672805,0.6505383912884954,0.6516796834387625,0.4900436729779539,0.492264996012494,0.8066046627733489,0.8126652464374852,0.5595484276570459,0.5608246239177545,0.7100751658652967,0.7110394041080944,0.5986034131889606,0.6001023191937452,0.937541552122642,0.9396680176981879,0.5745982906618804,0.5772652890034259,0.9187484901207118,0.9237087058652054,0.8891976007883677,0.893089795702074,0.95921696535872,0.9611290384732434,0.8417134863114677,0.8453073081835337
23,normal,0.10147762248470812,0.3753700647257719,0.003056827116665593,0.0035171665127354925,0.7357031424011953,0.7326463152845297,0.0026744018192405407,0.00223331164860774,0.5745773248984304,0.5708977237949409,0.92718703928183,0.9209264836380493,0.6391461817026672,0.6357219032345853,0.5895117513194023,0.585720114272149,0.902069951684032,0.8951910611135326,0.6428254500060828,0.6407291439006578,0.4862080721085774,0.48500376047306776,0.8063028274249242,0.8019323367265571,0.5571997058619422,0.5536580006795399,0.7045821973670755,0.7013974061512953,0.5934714794567832,0.591658199136575,0.9295038413267344,0.9267353832827588,0.5710683834824856,0.5696528901451196,0.913076502899322,0.9127828775472652,0.8859026492044186,0.8818577615829135,0.9498404554334148,0.9472431445119277,0.8344796073621978,0.8338791696460707
29,normal,0.15450402741760028,0.7564845730035273,0.004177395701370177,0.005088470616372123,0.7505194969959641,0.7463421012945938,0.009171522222441011,0.0054704327410701435,0.5975799352607355,0.5875168218029259,0.9589128575635006,0.9494449186111243,0.6581424768863998,0.6551185260643636,0.6077945869266285,0.6006323750557588,0.9245908882494888,0.9147804381077305,0.6561624109735881,0.6526825979991988,0.495583985344831,0.4939690296909872,0.8181750177962919,0.8157604526913093,0.5636932308248759,0.5622875645372425,0.7126908651501641,0.7113428746930529,0.6022690801405158,0.5988781042045603,0.9421345297203036,0.9379885016980063,0.5802461421489119,0.5778345847362417,0.9300924645634912,0.9280464627883449,0.8990824555402148,0.8968631343048836,0.9627331565807096,0.9593765906169364,0.8489473652607377,0.8452927444054287
30,normal,0.10980056619968119,0.13581401816995795,0.0031978799053264495,0.00444570388925923,0.7492375737767012,0.747261883103251,0.010515242306802213,0.00554942196217574,0.5975799352607355,0.5884457791537793,0.9600459225021316,0.9507429223116471,0.658933989185722,0.6558581609740413,0.6070632735023395,0.6013460746322326,0.9245908882494888,0.9159190934275901,0.6553589795900034,0.6535561037863844,0.493757508740366,0.49463460989705604,0.8161627821401278,0.8168336240901218,0.5623116297689326,0.5628909390605407,0.7118189653885416,0.7119952282034597,0.6015359467502047,0.599521013605059,0.9421345297203036,0.9390464805327455,0.5781281978412751,0.5786190470562604,0.9244204773421016,0.9293213938335938,0.8957875039562657,0.8978358466432023,0.9615610928400462,0.9603935792578944,0.8458471314253362,0.8464921162896599
32,normal,0.03018903585632669,0.1641858674284063,0.004648500865072301,0.00617258822801425,0.7499839844046667,0.7472953036066677,0.01235148735392012,0.005329766034535845,0.5989740328584511,0.5885319931167655,0.9634451173180252,0.9502382982957274,0.6621000383830108,0.6552823900305487,0.6099885271994956,0.6011948648456424,0.926831777459982,0.9158053355464887,0.6577692737407574,0.6536466589074914,0.4949751598100093,0.49477613070040555,0.814150546483964,0.8170117868857838,0.5623116297689326,0.56298678618275,0.7118189653885416,0.7122631565294663,0.6008028133598936,0.5996417017909995,0.940986285320888,0.9392536093351646,0.5802461421489119,0.5787362938533547,0.9232860798978236,0.9294666924055628,0.8913942351776669,0.8978915052834892,0.9627331565807096,0.9606549512697425,0.8479139539822705,0.8466380063339682
44,normal,0.08792850217888022,0.18311908850693334,0.002035051867616913,0.0026317831080951374,0.7326069979306,0.7316535535143319,0.004452338728792497,0.00215092179542458,0.5738802760995726,0.5707188995412463,0.9249209094045676,0.9205453576758312,0.6391461817026672,0.6351963476331354,0.5873178110465351,0.5852792939236202,0.9000531513945884,0.8945773108369004,0.6403348127169703,0.6400299237020124,0.4846860082715232,0.48429232689910134,0.8003667322392404,0.800823003811911,0.5520187019021549,0.5529131892924197,0.6974326193217718,0.7002126735694676,0.5920052126761612,0.5904951678552977,0.927207352527904,0.9250516080480551,0.5685268503133213,0.568607322810379,0.9069507567002212,0.9112551572463861,0.8801913997922406,0.8803879137643439,0.9448005813485634,0.9452820444590714,0.8344796073621978,0.8324428686744652
49,normal,0.0991367956851283,0.7265804838203023,0.005982790924087583,0.006538765216457294,0.732248298420534,0.7262655074964465,0.002531926251149881,0.004178115338566542,0.5710920809041417,0.5621209043903903,0.9181225197727813,0.9078957769361459,0.6359801325053784,0.6274886883095226,0.5862208409101015,0.5779466379122602,0.8950111506709786,0.8841481659288667,0.6408168715471212,0.6337758760310415,0.4857210116807201,0.4805434293620266,0.8023789678954043,0.7955460351708745,0.5531239827469094,0.5500332140147093,0.6983045190833942,0.6972576765109935,0.591052139268757,0.5877771508139946,0.9260591081284886,0.9203590355701485,0.5696564206107276,0.5657995497341193,0.9119421054550442,0.9082387449979386,0.8837060148151195,0.877806291176303,0.946207057837359,0.9414668987933998,0.8328261493166506,0.8283095517868533
51,q alarm only,0.225287572146955,1.1662307952267674,0.0030596883536725015,0.004036356333412979,0.7443306571172086,0.745652220646949,0.008438256645683213,0.005068883626803908,0.5892153496744427,0.5865726419659519,0.9521144679317142,0.9478984708966874,0.6510188661925,0.654718732329752,0.601212766108027,0.5997839805363235,0.9178682206180092,0.9127381099692885,0.6521452540556648,0.6516364300502173,0.4912613240475971,0.49377443984515385,0.8096230162575948,0.816038175412901,0.5595484276570459,0.5624903244758886,0.7083313663420521,0.7112678763417822,0.5978702797986496,0.5980221447664302,0.9363933077232268,0.9363075904999524,0.5760102535336382,0.5768954820313285,0.9187484901207118,0.9282563628842162,0.8902959179830173,0.8975391360400433,0.95921696535872,0.9584550465479608,0.8427468975899349,0.8436928064042556
56,normal,0.05668240894347745,0.17229312905477173,0.0040672601509987695,0.005087352079721462,0.7352891235503892,0.7389121799913826,0.008867638403992037,0.004699730586564257,0.5836389592835808,0.5810921496246851,0.9373846237295096,0.9382552950798799,0.6438952554986004,0.6465805475415102,0.5938996318651365,0.5937507274332314,0.9066637745655431,0.9055837571212981,0.6438699108047429,0.6463387012107726,0.4855383640202735,0.48887408198306254,0.8002661204564321,0.8071027336360866,0.5511897412685888,0.556387832367905,0.69969955870199,0.7045617645991623,0.5927383460664722,0.5941219920636492,0.9283555969273192,0.9307868687654766,0.568103261451794,0.5726697012600378,0.90649699772251,0.9184889957360985,0.8773357750861512,0.8872278617133171,0.9474963279520884,0.9515594001694384,0.8333428549558839,0.8381246495478926
59,normal,0.057725236431996584,0.1195351342843997,0.004299761030710473,0.005115438786716006,0.7310644517247988,0.7353274992428893,0.005617307650816471,0.0032060022174573697,0.5745773248984304,0.5765280764585371,0.9237878444659366,0.9307554053609158,0.6351886202060564,0.641852811981371,0.5902430647436913,0.5899309998864201,0.8984845289472431,0.8999876186523144,0.6386476068114426,0.642933438212989,0.4823724712392009,0.4866536058261219,0.798253884800268,0.803743895422557,0.5502917005822257,0.5543473997729635,0.6973454293456095,0.7021238793924279,0.5900257525223214,0.5918950608692806,0.9236477948897162,0.9270042353812253,0.568738644744085,0.5702819475585863,0.9099001900553436,0.9153429491452899,0.8716245256739732,0.8842171261650358,0.9432768984857012,0.948339114222377,0.8316893969103365,0.8346299228207045
65,normal,0.06054953301492552,0.19298224387783028,0.0032130373708185492,0.004015377327295549,0.7316542170582777,0.729075296891209,0.003975183451779185,0.002658472268667184,0.5738802760995726,0.5662057278872263,0.9226547795273056,0.9146544806401825,0.6375631571040229,0.6312067687612296,0.5863671035949592,0.5815015391151245,0.8960195508157006,0.8900205955555035,0.6416203029307058,0.6377191905699655,0.4843207129506302,0.4830506483898579,0.7996624497595828,0.7987551820951816,0.5521568620077492,0.5513054876758512,0.6990020388926921,0.6981719567227229,0.5900990658613526,0.5888417778604303,0.9244515659693068,0.9222597864997609,0.5696564206107276,0.5675426581853894,0.9093329913332048,0.9104938479332331,0.8760177944525716,0.8790905152938436,0.9418704219969056,0.9430268407874784,0.8334461960837308,0.8304330431775705
67,normal,0.060662473970920915,0.20811343398040127,0.0021657584276756313,0.00266577622582368,0.7257741883725257,0.7274807581939502,0.0031788511331501813,0.003091689866218194,0.5655156905132798,0.5642202136204816,0.9101910652023634,0.9114447992004616,0.6291731267312077,0.6293196578916946,0.5824180111037984,0.5798103848434618,0.8861596382895307,0.8874553763036284,0.6349518224469531,0.6360217614014377,0.4804851120812538,0.4819462444980472,0.7934245192254744,0.7972201225724488,0.5481502189455134,0.5502688746745453,0.6952528699177157,0.6969243535457983,0.5862134588927042,0.5876873794089048,0.9195141150518212,0.9206255218087868,0.5658441208569813,0.5665737041334368,0.9061566784892268,0.9092079900127682,0.8711851987961131,0.877986514688086,0.9374165797823856,0.9414022289753772,0.8261089760066143,0.829057761717788
69,normal,0.09084923413190937,0.16333210433052034,0.001886035421457893,0.002234278708074207,0.7286809376458925,0.7278263887297751,0.0038013689044378023,0.004084668406543905,0.5655156905132798,0.5624727570244827,0.9124571950796256,0.9097314346783435,0.6302812439502586,0.6291182595066973,0.5808822529127914,0.5789409894723125,0.8890727942631717,0.8857378184588343,0.6380852048429333,0.6356371631794673,0.4825551188996475,0.4825628434417904,0.7985557201486926,0.7990594085097078,0.5502917005822257,0.5513988536558793,0.6976069992740962,0.6980414971410418,0.5892193057929793,0.587772895426872,0.924221917089424,0.9206987443511137,0.5685268503133213,0.5672629411951234,0.9084254733777825,0.9122088593707489,0.8779947654029411,0.8809259508616124,0.9419876283709716,0.9418732266467593,0.8318960791660301,0.8296049654853916
70,normal,0.09156672653103963,0.16390789319198443,0.0019226210347554798,0.002278132727569071,0.7286809376458925,0.7276210799832838,0.0038013689044378023,0.004037949155026263,0.5655156905132798,0.5623977844262905,0.9124571950796256,0.9095441318022368,0.6302812439502586,0.6289776671440482,0.5808822529127914,0.5788267966663027,0.8890727942631717,0.8855198434857552,0.6380852048429333,0.6354413224466379,0.4825551188996475,0.48237707998708534,0.7985557201486926,0.7987312338954684,0.5502917005822257,0.5511931436796361,0.6976069992740962,0.6978188901492757,0.5892193057929793,0.5876517119200776,0.924221917089424,0.9205022129812769,0.5685268503133213,0.5670703820503575,0.9084254733777825,0.9118343483672247,0.8779947654029411,0.8806305313573819,0.9419876283709716,0.941693536033927,0.8318960791660301,0.8293477433228442
73,normal,0.04676949346514331,0.13751277315623398,0.01376331278495729,0.014390157247884078,0.7144005451082164,0.7281638578931736,0.005151317832857266,0.0036928746925551734,0.5535961560528124,0.5638475692513608,0.893195091122897,0.910529273860198,0.6188834668400192,0.6301690003164776,0.5705707336303159,0.579779770986604,0.8685686579871592,0.8851770572944213,0.6216148614794479,0.6345617788414524,0.4728139103425008,0.4819857620440096,0.7817535524197232,0.7987376789148144,0.5402060128738394,0.5517674346475782,0.6865338723014917,0.6988582246087188,0.5808615851434334,0.5885037300535247,0.9075723732979012,0.921594213896547,0.5534188475855117,0.5668177861935381,0.8882331988696349,0.9119157878275265,0.8606413537274766,0.882225766760216,0.9310874355828044,0.9429606814554762,0.8152581575827094,0.8293540672314885
76,normal,0.054335035323685735,0.18463973227553387,0.012660791308282992,0.013454594613259072,0.7112732347140029,0.723934026022286,0.005094196820324608,0.0053938284511352045,0.5508079608573816,0.5587042529572668,0.8917221067026764,0.9024111605386544,0.6157174176427304,0.6245787009365023,0.5680111366453042,0.5751059807777095,0.8674482133819124,0.8791918399866533,0.6182404496683923,0.6307493683300553,0.4700133128823213,0.47921111819384427,0.7780309164558197,0.7944833793155313,0.5397915325570565,0.5492211339393025,0.6850516427067335,0.6958107196665595,0.5781489915992826,0.5859469195879194,0.9045869378594212,0.9175046699458042,0.5502419311240564,0.5639696575144266,0.883809048836951,0.9070368706806583,0.8582250558992472,0.8781542201059862,0.9260475614979528,0.9393616807734501,0.805750773820812,0.8254367691285383
78,normal,0.11493950541661957,0.15881951981129747,0.006265896380862792,0.007287700288432302,0.741000243242901,0.746960317268229,0.010970366592957406,0.005872382794402758,0.591306496071016,0.588760750891964,0.949848338054452,0.9511423826047372,0.654976427689111,0.6558723969482865,0.601212766108027,0.6011590212650325,0.9111455529865295,0.9156711556405008,0.6488511853829677,0.6530015129605995,0.490835146173222,0.4941177009881275,0.8078120041670471,0.8159278544232852,0.5553345444364188,0.5623547645589995,0.7023152579868572,0.7116587007077814,0.5934714794567832,0.5994656795416196,0.9283555969273192,0.9389950491212153,0.5717743649183645,0.5782029658222462,0.917614092676434,0.9283311418981994,0.8859026492044186,0.897398728413668,0.9486683916927516,0.9602847608246958,0.8375798411975994,0.8459808269489353
99,normal,0.06364214517328673,0.1680328868805697,0.002637938342650937,0.0030176520996492728,0.7255553502505302,0.7276748617410976,0.005568672906185344,0.0039597787784775565,0.5613333977201334,0.5632979442294515,0.905545498953976,0.9102514992998971,0.6233950869461556,0.6284746628852305,0.5765675037094862,0.5791090767522904,0.8849271492237593,0.8867183155033668,0.634389420478444,0.6357821897676068,0.4796936388859857,0.48188102513294856,0.7928208485286252,0.7974558301357506,0.5496699801070511,0.5508119088047365,0.6966479095363116,0.6978238589197787,0.5867999656049528,0.5884264785351918,0.9196289394917624,0.9216104423594068,0.5639379709801082,0.5670239833052316,0.9074045156779325,0.9098799229899069,0.8837060148151195,0.879299386572409,0.9426908666153696,0.9427847781152713,0.8252822469838405,0.8298413462901837
109,normal,0.049878110349724496,0.13569760875886933,0.0032801487378360007,0.003839543514349499,0.7499707379908322,0.7469354576628997,0.0060674746429074606,0.004639253912008808,0.591306496071016,0.5871889258282916,0.9532475328703452,0.9486802533210971,0.6557679399884332,0.6546256844719625,0.6041380198051832,0.6004623436011419,0.923470443644242,0.9147706298606598,0.6561624109735881,0.6531564609610018,0.495583985344831,0.49460340972507766,0.819181135624374,0.8171958703698613,0.5657656324087909,0.563182252295131,0.7161784641966537,0.7122221283090998,0.6022690801405158,0.5993249962344103,0.9421345297203036,0.9387547638990922,0.5788341792771541,0.5785893506527541,0.9278236696749356,0.929905051159115,0.9034757243188132,0.8987142867548814,0.966249347802699,0.9602264651176817,0.8479139539822705,0.846299907708037
115,normal,0.027297345507480482,0.12818731730102317,0.0029273757192757174,0.003204776762152132,0.748194336464353,0.7452669607450773,0.005055435431277498,0.00430925040223622,0.588518300875585,0.584696940041817,0.9475822081771896,0.9434214290689472,0.654976427689111,0.6496326368504448,0.600481452683738,0.5988442245702568,0.915627331407516,0.9142273866092692,0.6537521168228342,0.6521476239338949,0.4943663342751876,0.4925830239134884,0.8161627821401278,0.8135703270143887,0.5623116297689326,0.5613754053531905,0.7144346646734088,0.7115860061796512,0.6030022135308268,0.6008236990298569,0.9467275073179648,0.9411615763741236,0.5816581050206698,0.5782800507611054,0.9278236696749356,0.9247270007888515,0.8957875039562657,0.8933603163422688,0.9650772840620356,0.9622779737114022,0.8510141878176717,0.8468227121233564
123,normal,0.029173841892479558,0.12544663908286427,0.030289845039241044,0.031040226258424338,0.7653417992781018,0.7350519542388606,0.00373605276482166,0.002375190882526788,0.5975799352607355,0.572877859745304,0.9668443121339184,0.9250251145871795,0.6636830629816551,0.6378337617334792,0.6136450943209408,0.5877794851604563,0.9369157789072012,0.8990759963147172,0.6698207444945272,0.643042076413151,0.5065428449716209,0.4864565295616128,0.836285138701768,0.8041046682496347,0.5782000419122808,0.5551728185518816,0.733616459429102,0.7034130391202975,0.6198642815079807,0.5936121358787808,0.9673959065074414,0.9296434069306165,0.5915418451229753,0.5712437970949947,0.9482428236719386,0.9153752837686333,0.921048799433208,0.8843621947781574,0.9920347500972884,0.9503803929755882,0.8675487682731455,0.8364846611961455
124,normal,0.03685543987808039,0.07318073449019577,0.005450205325057709,0.005679011536761976,0.7422041742608931,0.7367539689358354,0.0025593846455986965,0.002382801448584146,0.5794566664904344,0.5738951065972767,0.9351184938522475,0.9266372119161738,0.6431037431992782,0.6391173762757454,0.5938996318651365,0.5891389477008764,0.910025108381283,0.9009596047120622,0.6486904991062508,0.6443985363361688,0.4910177938336685,0.48762464772521874,0.8121383108277999,0.8061609508730146,0.5616208292409609,0.5566171290701857,0.7118189653885416,0.7052665338354613,0.5993365465792716,0.5950784815419368,0.9363933077232268,0.9320053709396364,0.5760102535336382,0.5725262921019474,0.9232860798978236,0.9175624620644549,0.8935908695669664,0.8864720167618284,0.95921696535872,0.9529600644153456,0.8427468975899349,0.8383967390418687
135,normal,0.04755515584236595,0.1336076814098856,0.0028389082308055767,0.0033472345483961424,0.7285855010525576,0.725800236830977,0.006404596946788019,0.004719316917092845,0.5634245441167066,0.5609594971899751,0.9069051768803332,0.9064550330709573,0.6260070775339189,0.6264630516123323,0.5793464947217845,0.5769124504076952,0.8888487053421226,0.883120937016369,0.6348714793085948,0.6333116982436116,0.4819462933648257,0.48041346099190946,0.7961410373612958,0.7954547655632649,0.5538147832748811,0.5500841544190194,0.7003098885351258,0.6971934851822064,0.5912720792858502,0.5875254661623611,0.9260591081284886,0.9199050742153836,0.5689504391748487,0.5656497793001704,0.9104673887774828,0.9083830795201445,0.8788734191586609,0.8778118104763335,0.9452694068448284,0.9408955472216983,0.8334461960837308,0.8280647355331794
141,normal,0.04025760850551664,0.21018173513035948,0.002047140270214037,0.002544962077585837,0.7452260140663818,0.7444661510203234,0.006611957785136195,0.004641543473506169,0.5871242032778694,0.5848337576225046,0.9453160782999276,0.9437738915486232,0.650227353893178,0.6500242681022478,0.601212766108027,0.5985181436489639,0.9201091098285024,0.9131308473878208,0.6521452540556648,0.651351001888297,0.4910177938336685,0.49190913500111294,0.8111321929997177,0.8124745491846886,0.5623116297689326,0.5604965937813826,0.7126908651501641,0.7103043329656602,0.6008028133598936,0.599724309796927,0.9386897965220574,0.9394483475737142,0.5760102535336382,0.5773596677482328,0.91988288756499,0.9236793638828076,0.894689186761616,0.8928991333467398,0.9627331565807096,0.9604466088070018,0.8427468975899349,0.845550615058773
162,normal,0.08469419917406383,0.24743844085380354,0.002028956141015781,0.002293696856456967,0.7346608795089998,0.7327339432580684,0.0029920049703675267,0.003204128864155956,0.570395032105284,0.5689440241838132,0.9226547795273056,0.9186770481450833,0.6351886202060564,0.6338825371825607,0.5863671035949592,0.5844274996845342,0.8984845289472431,0.8947103298659772,0.6431468225595167,0.6405861786026639,0.4872430755177742,0.48502629027390687,0.8050954860312257,0.8022531700028488,0.5554727045420131,0.5544198890289148,0.7043206274385888,0.7024070050893457,0.5934714794567832,0.5927593821648276,0.927207352527904,0.9280745215936201,0.5724803463542435,0.5700815755718749,0.917614092676434,0.9135854909274098,0.8837060148151195,0.8826965314849116,0.9498404554334148,0.9489629061567588,0.836546429919132,0.8349826554281102
168,normal,0.11353049729169222,0.5841134653984479,0.0011376436451598654,0.0012798906737591942,0.7346608795089998,0.733641722215023,0.0029920049703675267,0.0028742371251787076,0.570395032105284,0.5692698471563267,0.9226547795273056,0.9201598472514712,0.6351886202060564,0.6345626093366584,0.5863671035949592,0.5851045077689345,0.8984845289472431,0.8960011168831106,0.6431468225595167,0.6414072614886355,0.4872430755177742,0.48619520720070614,0.8050954860312257,0.8040207040797135,0.5554727045420131,0.5548547673879605,0.7043206274385888,0.7030158946553638,0.5934714794567832,0.59272869165326,0.927207352527904,0.9274863873987432,0.5724803463542435,0.5713424104417271,0.917614092676434,0.9167339486991881,0.8837060148151195,0.8844341139293348,0.9498404554334148,0.9489564373336608,0.836546429919132,0.8356355249905945
170,normal,0.12441334277064153,0.5837072828475404,0.0010232135501687634,0.0011550896239861672,0.7346608795089998,0.7338078777981965,0.0029920049703675267,0.0028718032104046473,0.570395032105284,0.5694023634134356,0.9226547795273056,0.9204134471623062,0.6351886202060564,0.6346961968727013,0.5863671035949592,0.5852174245109518,0.8984845289472431,0.8961842425771952,0.6431468225595167,0.6415343076008276,0.4872430755177742,0.4862821821533909,0.8050954860312257,0.8041762244317815,0.5554727045420131,0.5549934662273106,0.7043206274385888,0.7032112181069348,0.5934714794567832,0.59287811189665,0.927207352527904,0.9276962510320815,0.5724803463542435,0.5714614121236612,0.917614092676434,0.9169054063885986,0.8837060148151195,0.8846639169455481,0.9498404554334148,0.9491874398413958,0.836546429919132,0.8358303112845704
173,normal,0.02869965276359742,0.11822862276281787,0.002813635439566691,0.0033514597979923825,0.7306947788710987,0.7331393910237491,0.005859813828058092,0.0031056341862111952,0.5641215929155643,0.5692407876014302,0.9124571950796256,0.9191808637383775,0.627431799672699,0.6345045214139398,0.5809553842552204,0.5847949153303261,0.8937786616052075,0.894862424068077,0.6396920676101027,0.6407312445073398,0.483103061880987,0.48525047166631635,0.7990587790627338,0.8026946302899368,0.5558181048059989,0.5546700426216745,0.7048437672955623,0.7028551315410991,0.5912720792858502,0.5930233039593025,0.925714634808664,0.9286260904711611,0.5689504391748487,0.5704302599772356,0.9119421054550442,0.9141731172755919,0.8817290438647499,0.8835046186662968,0.9474963279520884,0.9494764294856085,0.8334461960837308,0.8353507947900228
175,normal,0.03678206549079505,0.11684584929271137,0.002269372372621886,0.0028633773339512944,0.7275292173046133,0.7277619970882994,0.00656913968745534,0.004424767282610664,0.562030446518991,0.5630603733738229,0.9070184833741964,0.909671678654214,0.6271943459829024,0.6284110725305203,0.5790539693520688,0.578748004074883,0.8845910158421852,0.8859237249330653,0.6363979989374056,0.6351019692797936,0.4804242295277716,0.481585928532771,0.7958392020128712,0.7972000752419885,0.5540220234332727,0.5512545825546795,0.7038846775577776,0.6990057256585909,0.5887061124197617,0.5892100703079987,0.9237626193296576,0.9224980097096251,0.5689504391748487,0.5670380895561318,0.9119421054550442,0.9102673906463016,0.8726130111491576,0.879270114492502,0.9381198180267832,0.9434719201163544,0.8334461960837308,0.8302352208378452
184,normal,0.05971263746744324,0.18530407451874767,0.003451846671925705,0.004227289552138094,0.7356748875644491,0.737307110870467,0.005832251168643936,0.0012017305512158297,0.5766684712950034,0.5751946059174511,0.9317192990363542,0.9302964992628815,0.6399376940019894,0.6424442672885892,0.5881953871556819,0.5901068066541826,0.902854262907705,0.9001809604436048,0.6437092245280259,0.6436277051388344,0.4849295384854519,0.4876267522857478,0.8004673440220487,0.8064383982359952,0.5521568620077492,0.5569374720153263,0.7010945983205857,0.7052850470745703,0.5949377462374055,0.5938566281997257,0.934096818924396,0.9298070310964304,0.5745982906618804,0.5723518479968381,0.9119421054550442,0.9201274662811815,0.88085039010903,0.8903840304475052,0.9486683916927516,0.9521066657797521,0.8396466637545335,0.8374487006793184
185,normal,0.04117047428245975,0.22755171594954246,0.005506124392564861,0.005994528794165141,0.730309737079607,0.7358158614721718,0.0037486306190916917,0.0031694616358862175,0.5710920809041417,0.5767844579411209,0.9226547795273056,0.9314745743885622,0.6329723857679541,0.6421718723195531,0.5818329603643673,0.5900111544391393,0.8956834174341266,0.9003906167224616,0.6393706950566688,0.6433172773303046,0.4826160014531296,0.4867076285268683,0.7959398137956795,0.8039523351392138,0.5517423816909661,0.5546415030917591,0.7006586484397747,0.7026703764601475,0.5898791258442593,0.5924570375513234,0.922499550490301,0.9280096236062981,0.5669030930107998,0.5708467788678057,0.90649699772251,0.9158594654915206,0.8788734191586609,0.8848693439872769,0.9463242642114252,0.9491640762200484,0.8297259154812491,0.8355415229435182
188,normal,0.05479552625532121,0.2191705290738187,0.011713767535386983,0.012084218513431916,0.7299368432920643,0.7416506108274513,0.0030950932529545012,0.003469551742873025,0.5710920809041417,0.5812353384155319,0.9203886496500432,0.9384936496432298,0.6351886202060564,0.6467432036623735,0.5848313454039523,0.5950618916737973,0.8945629728288801,0.9082799636577173,0.6384065773963672,0.6485110083621664,0.4823724712392009,0.4901640922988481,0.7964428727097205,0.8098879555850806,0.5509134210574002,0.5590612414191728,0.6981301391310697,0.7087129255897171,0.5885594857416994,0.5979434671035296,0.9207771838911778,0.9361821158846744,0.5673266818723272,0.5751706398658339,0.9114883464773328,0.9213571902521217,0.8750293089773868,0.8911626879983987,0.9432768984857012,0.9578622691248085,0.8301392799926361,0.8422307435296703
198,normal,0.04472441718750457,0.14009778003253195,0.0027725059307691776,0.0034423741466467943,0.7312058789177884,0.7290160631248719,0.006629676303533636,0.0036455644402031426,0.5655156905132798,0.5647260275429352,0.9113241301409944,0.9127890796421206,0.6289356730414111,0.6300322539725524,0.5819060917067961,0.5804322666190408,0.8927702614604855,0.8890966747196487,0.6408168715471212,0.6373691328990827,0.4840771827367016,0.4828345298559547,0.7994612261939665,0.7986406360057167,0.5518805417965605,0.5515021834240728,0.6992636088211788,0.6987065242524052,0.5927383460664722,0.5894340451861039,0.9295038413267344,0.9232193841471652,0.5731863277901224,0.5679291752796162,0.915345297787878,0.9110823600832989,0.8776652702445462,0.8800566059840257,0.9474963279520884,0.944177453528543,0.8386132524760664,0.8312447399805388
199,normal,0.05927298176034621,0.4130650187324806,0.03351892294436467,0.03474928982090741,0.714920546881123,0.7484394698254877,0.0066233436247174066,0.005363587009247269,0.5511564852568104,0.5887976449134679,0.8924019456658551,0.9502219021905521,0.615875720102595,0.6543235420742365,0.5678648739604464,0.602339345135685,0.8713697695002757,0.9188480547902642,0.6253106458439373,0.6550401364657461,0.4734227358773226,0.4945072256945551,0.7817535524197232,0.8165806514890338,0.5387553317650989,0.5633582454600944,0.6851388326828957,0.7138729146642495,0.5817413452118068,0.602592682002672,0.9086057932573748,0.9439679843349614,0.5585019139238402,0.5801035701213396,0.890388554013763,0.9275882835124711,0.8623986612389161,0.8968315417671151,0.9305014037124728,0.9649762561632529,0.8184617325459574,0.8495210062535938
203,normal,0.030650277687019535,0.1267262456261926,0.004495793112825944,0.0048435721198938405,0.7162722955591404,0.7202240256037344,0.007975409641203168,0.006361868232772551,0.5515050096562393,0.5542879748228147,0.8918354131965396,0.8966314416821086,0.6138177881243573,0.6200462939010691,0.566621641139155,0.5710316965722968,0.8713697695002757,0.8752084517180803,0.6252303027055789,0.6286643035949101,0.472874792895983,0.4773240380760698,0.7846712941211609,0.7905891276050735,0.5431764551441175,0.5461987592094326,0.689236761562521,0.6918367429819455,0.5807882718044024,0.5828222801869475,0.9088354421372582,0.9132022346147104,0.559349091646895,0.5624150320407456,0.8943589450687359,0.903670383068863,0.8655837811034,0.872975929297543,0.9387058498971148,0.9340813138171448,0.818668414801651,0.822822432073731
210,normal,0.042622556375598385,0.17112856008556043,0.008736116549308323,0.009429217516922467,0.7351455799950743,0.7438816965443824,0.005711541496484444,0.004598368418107831,0.5773655200938613,0.5850498355419,0.9305862340977232,0.9449859340060567,0.6438952554986004,0.6519352721666671,0.5909743781679804,0.597800209623595,0.9002772403156376,0.9107060223423025,0.6435485382513091,0.6498479746423861,0.4847468908250054,0.49192432667678077,0.7994612261939665,0.813095739688638,0.5526404223773294,0.5606835249193886,0.6981301391310697,0.7097976451096712,0.5920052126761612,0.5976190644262949,0.93065208572615,0.9356872629813199,0.5731863277901224,0.575761750879193,0.915345297787878,0.9256107448747819,0.8801913997922406,0.8949737898170728,0.94585543871516,0.9578193841080518,0.8386132524760664,0.8426903594504028
212,normal,0.05499401584625821,0.14481276237893692,0.003602975667194729,0.004248516247452639,0.7369497317164669,0.7404979648595671,0.004974891469109539,0.00356315648185052,0.5773655200938613,0.5811719616876967,0.9328523639749856,0.9383189378252865,0.6438952554986004,0.6466606348639711,0.5902430647436913,0.5938786130532542,0.901733818302458,0.9064198578702838,0.6457178029869876,0.647219056874182,0.4862689546620596,0.48968211355599284,0.8027814150266371,0.8090679943470767,0.5543674236972584,0.558085885899612,0.7026640178915062,0.7070172191076809,0.5949377462374055,0.596145070795211,0.9329485745249806,0.933659392523819,0.5745982906618804,0.574132979207077,0.9142109003436002,0.9211073525480392,0.8817290438647499,0.890374477197038,0.9521845829147412,0.9550674027587082,0.8396466637545335,0.8404564524977113
220,normal,0.026302821683844176,0.11238607364511768,0.007435728933308124,0.008382445418490406,0.7482448584550283,0.74080912952172,0.004949537799276663,0.003100012207675866,0.5815478128870076,0.5799492449315623,0.941916883484034,0.9364114247521189,0.6478528169952112,0.6451925005617615,0.5953622587137146,0.5937485913170416,0.9133864421970228,0.9070052996143781,0.6545555482064187,0.6478088682995773,0.4943663342751876,0.4897862598773393,0.8161627821401278,0.8092857656664393,0.5643840313528476,0.5586016216779619,0.7170503639582761,0.7080783956692759,0.606667880482382,0.5975953423606697,0.9501722405162112,0.9356763651196184,0.5837760493283067,0.5746544725282634,0.9312268620077694,0.9206408029245491,0.8957875039562657,0.8903661147485411,0.9697655390246884,0.9572995353482056,0.8561812442100073,0.8416545964719375
237,normal,0.07411182339241257,0.11079267596517633,0.0032870796895498092,0.004047756415233949,0.7217193667105233,0.7215339020085748,0.01043300871747302,0.0062582965484304365,0.5530385170137263,0.5554932940331415,0.8939882365799386,0.8984910836368262,0.6182502570005614,0.6212919088462139,0.5710826530273182,0.5721023224925221,0.8754033700791632,0.8766905792524898,0.6286850576549928,0.629665984185202,0.475066564821341,0.4780291765471363,0.7868847533429414,0.7917840996181081,0.544212655936075,0.5472012558161978,0.6909805610857658,0.6932066495085972,0.5878996656904195,0.583989195284646,0.9207771838911778,0.9148138549332149,0.5662677097185087,0.5632164766657798,0.9057029195115154,0.9050248675526626,0.8752489724163168,0.8748867960184985,0.9463242642114252,0.9362058044075794,0.8294158920977089,0.8239829853469557
239,normal,0.04851661988504054,0.20895955331577015,0.009213839416939415,0.010588471171848855,0.7217193667105233,0.7309332061274627,0.01043300871747302,0.003678425329339625,0.5530385170137263,0.565950513411794,0.8939882365799386,0.9150615936779576,0.6182502570005614,0.6314621441078155,0.5710826530273182,0.5819679443432364,0.8754033700791632,0.891487596758466,0.6286850576549928,0.6387980142680143,0.475066564821341,0.48433769624947265,0.7868847533429414,0.8011914058853804,0.544212655936075,0.5530249288602399,0.6909805610857658,0.7006513283587914,0.5878996656904195,0.5908329494486412,0.9207771838911778,0.9248959465611432,0.5662677097185087,0.5697000938720356,0.9057029195115154,0.9143099155608182,0.8752489724163168,0.8824969429092361,0.9463242642114252,0.9463597693361016,0.8294158920977089,0.8333357205577223
240,normal,0.048497863928080254,0.18541351555378544,0.0013569282610222454,0.0018019632188787304,0.7260581274239809,0.727074154884701,0.006435806641918023,0.00484185611552463,0.559939300122418,0.5619448898627151,0.9054321924601128,0.9079163158579397,0.6228410283366301,0.6272623098130253,0.5769331604216306,0.5776592558985738,0.8852632826053332,0.8846802477075022,0.6349518224469531,0.6347281355850934,0.4796327563325035,0.48144901893877656,0.7956379784472549,0.7969598242046536,0.5511206612157917,0.5506315704914162,0.697868569202583,0.6980873538147191,0.5901723792003837,0.5885705348818816,0.9213513060908856,0.9216702956005542,0.5661265134313329,0.5667076511027666,0.90649699772251,0.9101016778925474,0.877775101964011,0.8793331178787542,0.9423392474931708,0.9431810655417615,0.8291058687141687,0.8293773679672346
244,normal,0.06206323724092053,0.24373192044930703,0.017811771405890343,0.018665892259363572,0.7644994192264765,0.7466876478205862,0.00894130756401288,0.005765908027488391,0.6066415696458861,0.5885908410258639,0.9793080264588604,0.9507514869447637,0.6692236490769105,0.6552907128247057,0.6136450943209408,0.6004650228351912,0.9413975573281878,0.9153936031576975,0.6706241758781119,0.6529187489953372,0.5034987172975126,0.49384189604525686,0.8302484317332761,0.8156804941248875,0.5740552387444509,0.5621494672301657,0.7275131610977451,0.7115361883531311,0.6147323477758033,0.5994005307465277,0.9662476621080262,0.9387719507282054,0.5908358636870963,0.577825352115732,0.9437052338948267,0.9279349960624365,0.9122622618760108,0.8970189839106596,0.9850023676533092,0.960465217341763,0.8675487682731455,0.8456545205076396
247,normal,0.02938541416573662,0.11637611581398662,0.01775805372485559,0.01857309417069727,0.7617194865571277,0.7439614328322721,0.008450030584532565,0.005429593854515518,0.6031563256515974,0.5860689203298104,0.9747757667043362,0.9464637550596822,0.6668491121789439,0.6524494729395053,0.6121824674723627,0.5982473080040183,0.938036223512448,0.9119057319320928,0.6674104503437732,0.6505153945210658,0.5022810662278693,0.49202525952775705,0.828236196077112,0.8126987511589725,0.5712920366325642,0.5602301491971534,0.7257693615745003,0.7091842292791918,0.6117998142145592,0.5973363220265594,0.9605064401109492,0.9355490025709842,0.5894239008153385,0.5758690052291715,0.939167644117715,0.924947850516973,0.9100656274867116,0.8937551151649005,0.983830303912646,0.9572671716390998,0.8644485344377444,0.8428309190516883
250,normal,0.24393712223784914,0.24728504927302986,0.007717602438052943,0.008548362291864509,0.751010875079821,0.7433490196615556,0.007700664115260456,0.003973915051739435,0.5933976424675891,0.5841659321316545,0.9577797926248696,0.9429981758291772,0.6581424768863998,0.6500225553793249,0.601212766108027,0.5964374449950628,0.921229554433749,0.9099183692385365,0.6593761365079267,0.6497182164664984,0.4980192874841176,0.4917352754990892,0.819181135624374,0.8125576745927848,0.5623116297689326,0.5602092836286884,0.7118189653885416,0.7094679117112218,0.6037353469211377,0.5978809602836536,0.9478757517173804,0.936155754493624,0.5844820307641857,0.5758768718432727,0.9334956568963252,0.924758583595749,0.8935908695669664,0.8940647192351613,0.967421411543362,0.957995143336583,0.8541144216530732,0.8429704619863652
251,normal,0.0520102983176144,0.0922332514715311,0.005277386223767271,0.0058960309308462204,0.7352924663110445,0.7405698525348117,0.005748728390709618,0.004207956646528168,0.5794566664904344,0.5811648609888511,0.9362515587908788,0.9383093223512484,0.6431037431992782,0.6456090435766751,0.5902430647436913,0.5940317359851286,0.9038626630524266,0.9080011213242088,0.644753685326686,0.6482738291864311,0.4862689546620596,0.48962962450337005,0.8033850857234863,0.8082225203234956,0.5538838633276782,0.5575579808349744,0.7010074083444237,0.7069238827358598,0.5899524391832903,0.5970182748925958,0.9250256881690146,0.9350716111514111,0.5681738595953819,0.5745275155029126,0.9142109003436002,0.9194929615064088,0.8828273610593996,0.8882987065196668,0.9451522004707624,0.9560504349525675,0.8324127848052638,0.8415040667559939
254,normal,0.04706508264060194,0.13515020777961895,0.03539538309466076,0.036987784994811285,0.7051304368530175,0.7405258199476783,0.00915247105703025,0.0035102173160178754,0.5406310483940586,0.5800672435712195,0.8754059715863884,0.9367990757176883,0.6069316311202543,0.6449091857328352,0.5557250711172482,0.5935809307369366,0.8559076339478724,0.9073671859241307,0.6185618222218263,0.6479857732513834,0.4706830209706251,0.48964331854337284,0.7790370342839016,0.8086258478106074,0.5336434078581087,0.558009115129412,0.6729322360201818,0.7074164922515999,0.567665184117835,0.5971969010366384,0.8918414250259106,0.9352955193121577,0.554619016026506,0.574634189793472,0.8918632706913245,0.9200382162600206,0.8539416188401135,0.8892002113586291,0.90928705000647,0.9565597950884609,0.8085409842726734,0.8416099375919669
259,normal,0.05230808419801532,0.06267533282328168,0.020731801343506065,0.021289113639564042,0.7586240063064408,0.7378922049629348,0.0036239162962803215,0.0023225297692432687,0.5947917400653047,0.5750240114117489,0.9611789874407628,0.9288390772720496,0.6597255014850442,0.6403579494139167,0.6070632735023395,0.5894806028396811,0.929072666670475,0.9020539203292086,0.6641967248094346,0.6455470740770366,0.5022810662278693,0.48857321682100796,0.8302484317332761,0.8071799933999451,0.5726736376885074,0.5570434885011392,0.7248974618128778,0.7059652021391021,0.6117998142145592,0.5960101857390889,0.9582099513121184,0.9330236473012163,0.5873059565077015,0.5736120054993888,0.9437052338948267,0.919532915013706,0.9089673102920616,0.8878786985324094,0.9791420489499936,0.954407770274234,0.8613483006023429,0.8396377258050128
261,normal,0.06821749847017204,0.1523227851531402,0.001964851382239318,0.002704481040961465,0.7333094439569036,0.7320248423680368,0.004249944556981736,0.0026619434418043604,0.5710920809041417,0.5687172119169346,0.9260539743431988,0.9188278609859907,0.6341596542169375,0.6343464190756071,0.5847582140615234,0.5841558366902594,0.8985965734077677,0.8937290852807745,0.6437895676663845,0.6400296889093853,0.4852948338063449,0.4846159121252859,0.800165508673624,0.8010584164619807,0.5532621428525039,0.5531230118310703,0.7015305482013972,0.7009389258560382,0.5942046128470945,0.5916986786854179,0.9283555969273192,0.9264597534477357,0.5696564206107276,0.5696839399479195,0.9114883464773328,0.9135084415099601,0.8795324094754507,0.8821872457022722,0.9498404554334148,0.9475793124112092,0.8344796073621978,0.8337625794187852
265,normal,0.04109230874413582,0.09871637602510654,0.0021633832950680703,0.0024795899852479816,0.7295861360663941,0.7304685470735468,0.003403636820639711,0.0030850175792312556,0.5696979833064261,0.5671479996525389,0.9203886496500432,0.9163012710544735,0.6318642685489032,0.6320308172494361,0.581101646940078,0.5823212731755801,0.8950111506709786,0.8916717359871471,0.6397724107484611,0.6388609232344681,0.482798649113576,0.4837085849859422,0.7968453198409533,0.7996531199074727,0.5511206612157917,0.552133843869802,0.6983917090595564,0.6997118634345807,0.5884128590636372,0.5905301933227765,0.9215809549707684,0.9248246372784484,0.5673266818723272,0.5688144548042781,0.9069507567002212,0.9117865174731731,0.8778849336834762,0.8802450554558974,0.9431596921116348,0.9458373102752561,0.8306559856318696,0.8323856990890256
270,t2 alarm only,1.4829808972380891,0.14762049184069945,0.0035812368018763472,0.0040856399691003124,0.7324135535210092,0.728832316719133,0.004252027170243701,0.004361798858530115,0.5683038857087107,0.5637133690554244,0.9181225197727813,0.9108694442567359,0.6342388054468697,0.6293843961601666,0.582052354391654,0.5794920625739534,0.8918739057762881,0.8869237053054735,0.6410579009621966,0.636148997282976,0.4854774814667915,0.4826689124416209,0.8005679558048567,0.7989850111998601,0.5532621428525039,0.551944778367804,0.7017049281537215,0.6995018379000946,0.5942046128470945,0.5897112089544277,0.9295038413267344,0.9233756859149528,0.5703624020466067,0.5679535233773776,0.913076502899322,0.9122151238456049,0.8817290438647499,0.8813878426647638,0.951012519174078,0.9448390965769202,0.8344796073621978,0.8310343883471032
271,normal,0.034661766924828065,0.0724895699613172,0.015475427489857278,0.015874008381441377,0.7432180806743979,0.7277426531845407,0.004101917162598939,0.0044944929056421005,0.5759714224961457,0.5627539891186232,0.9317192990363542,0.9093453095075686,0.641520718600634,0.6282883818206136,0.5917056915922694,0.5784485692362391,0.9045349298155746,0.8855365570305302,0.6513418226720802,0.635227220505923,0.4931486832055443,0.4819112708843892,0.8151566643120459,0.7977156504848958,0.5616208292409609,0.551111519501651,0.7109470656269192,0.6984863166329108,0.6015359467502047,0.5888677352353198,0.9421345297203036,0.9221179457912819,0.5788341792771541,0.5671311923938347,0.9278236696749356,0.9108616359501991,0.8957875039562657,0.8802837144297703,0.9650772840620356,0.9435794891814777,0.8458471314253362,0.8299586064319622
275,normal,0.05647163215519218,0.09706807838596249,0.008990292205912282,0.00953417787873187,0.7147852911428879,0.7237755833488003,0.004283131005091805,0.005035926280654775,0.5541537950918987,0.5590997188732173,0.895347914506296,0.9034485616989008,0.6164297787121205,0.6241139117418575,0.5688887127544511,0.5749033916019162,0.8747311033160152,0.8808465776864667,0.6259533909508052,0.6320673650799987,0.4734227358773226,0.4793365025721146,0.7808480463744493,0.7933945084005976,0.5413803737713913,0.5481869307376904,0.6864466823253292,0.6948545702261542,0.5785155582944382,0.5858511706543109,0.9048165867393044,0.9174950262634322,0.5563133714726154,0.5643869252637265,0.8895944758027686,0.906139600106267,0.8632773149946356,0.8754018068223252,0.9262819742460856,0.9386648897778027,0.8149481341991692,0.8259934594228265
289,normal,0.04805405236030089,0.16013694041567367,0.006759774174757577,0.007122038926385992,0.7456290149125999,0.7388692407378423,0.005541663574409886,0.003833003323525028,0.5864271544790117,0.5799863113147766,0.9464491432385588,0.9363424932872757,0.6510188661925,0.6447104720149048,0.5990188258351599,0.5925187240582999,0.9167477760127624,0.9051544719274974,0.6529486854392496,0.6464485472452581,0.493757508740366,0.48870046041588666,0.814150546483964,0.8069861412733961,0.5602392281850176,0.5564786624132875,0.7083313663420521,0.7051618074062337,0.5993365465792716,0.5950042121595842,0.940986285320888,0.9319349803081597,0.5788341792771541,0.5730349303586563,0.9278236696749356,0.9187941476547749,0.8924925523723165,0.8874788231855427,0.95921696535872,0.9530937521763483,0.8479139539822705,0.838948155343437
297,normal,0.06330193678669181,0.1031709629718998,0.009171352622230603,0.009764142168928085,0.7495123163521811,0.7403409637299505,0.0054028972204833384,0.0029251714610907253,0.5864271544790117,0.579135631127036,0.9464491432385588,0.9353552449862542,0.6526018907911444,0.6443182952890781,0.5990188258351599,0.5929768922972891,0.9178682206180092,0.9064668200743504,0.6569658423571728,0.647746132086147,0.4968016364144743,0.48971792488477245,0.819181135624374,0.8089666904755096,0.5623116297689326,0.5583312634383679,0.7126908651501641,0.7077045357088355,0.605934747092071,0.5972755037138253,0.9513204849156264,0.9351044177401163,0.5844820307641857,0.5745574638163892,0.9334956568963252,0.9204291880957679,0.8935908695669664,0.8897340415435377,0.967421411543362,0.9566613444453956,0.8551478329315403,0.841314993686486
298,normal,0.06695052955652986,0.1313002911782866,0.01253021756419929,0.012927924841066599,0.7488115042459222,0.7362812866817228,0.003937810966296619,0.00208065516007058,0.5864271544790117,0.5739793725045094,0.9464491432385588,0.9274887430485467,0.6510188661925,0.6393031264900828,0.599750139259449,0.5884548824143306,0.918988665223256,0.9003553523318777,0.6561624109735881,0.6443010262172574,0.495583985344831,0.4875990365937277,0.819181135624374,0.8056580993674142,0.5643840313528476,0.5558803263463629,0.7153065644350313,0.7042909723286999,0.60520161370176,0.5941488125398091,0.9455792629185495,0.9303151315543454,0.5802461421489119,0.572175244704719,0.9289580671192136,0.9175087205762429,0.8979841383455649,0.8862019332643215,0.9685934752840252,0.9516516079180141,0.8499807765392047,0.8374694853890281
300,normal,0.07366708179014388,0.10469841785050878,0.004030609647248534,0.004612031701435145,0.7325182558196225,0.7364518222288856,0.002210344351792463,0.0019694519241730433,0.570395032105284,0.5736083267736993,0.9215217145886744,0.9264870729379455,0.6359801325053784,0.6391719980650672,0.5843194260069501,0.5882008326561452,0.8970279509604225,0.899456120134744,0.641298930377272,0.6437084399186604,0.4860254244481309,0.4875304459451319,0.8025801914610208,0.8059963849157705,0.55457466385565,0.5562758187417043,0.7003970785112879,0.7047909985737493,0.5881196057075128,0.5947614137616781,0.9235329704497748,0.931107166572589,0.5683856540261456,0.5724517774327386,0.915345297787878,0.9184168275099762,0.8880992835937181,0.887274416070843,0.9426908666153696,0.9524693996102801,0.8325161259331104,0.8379735382703325
303,normal,0.15503073480922092,0.22750620056325446,0.00738740427381821,0.00763895772149656,0.7290582707480974,0.7364456750219155,0.0019890622505376893,0.002203208028344558,0.567606836909853,0.5737266311601316,0.91698945483415,0.9266549318590733,0.6330515369978863,0.6389976403915197,0.582710536473514,0.5882564993779775,0.8927702614604855,0.8999617971378725,0.6377638322894995,0.6441109759713707,0.4821898235787544,0.48756259978997046,0.7967447080581451,0.8056822780947869,0.551673301638169,0.5560731918934101,0.6980429491549074,0.7046471725218352,0.5881929190465438,0.5947981974932789,0.921236481650944,0.9311438601336344,0.5661971115749208,0.572551395849835,0.9093329913332048,0.9181117113181922,0.8795324094754507,0.8866810461941008,0.9402295327599772,0.9525000560920421,0.8297259154812491,0.8381164900935327
310,normal,0.04505251333222953,0.10145169167162991,0.008077177133667946,0.008349814853154504,0.7220735865888402,0.7301507637225082,0.0032783609853510253,0.0029739114725056987,0.5613333977201334,0.5669233063196718,0.9075850158435118,0.9159245158958074,0.6245032041652069,0.6317709409368485,0.5756167962579103,0.582186983047705,0.8833585267764141,0.8914437218109401,0.6316577537742561,0.6385933863651678,0.4781715750489315,0.48347109481712874,0.7905067775240366,0.7993581644293987,0.5462159774671929,0.5519493570982232,0.6915037009427393,0.6993216179025233,0.5837208053656465,0.5901303663535948,0.9144618396943932,0.9242861169129387,0.5611140452365924,0.5684058381241776,0.897648697657142,0.9114061894309787,0.8699770498819986,0.8802773767207654,0.936830547912054,0.9451529496417834,0.8210452607421252,0.8319610574749866
316,normal,0.041488412500668696,0.0763674751448751,0.005919831151635211,0.006587492897052447,0.7288990566153928,0.7229792254637576,0.005454671296888406,0.00535480898837947,0.5641215929155643,0.5580241033205772,0.9113241301409944,0.9019204530348925,0.6303603951801909,0.6232281393502288,0.5797852827763579,0.5740183304098758,0.8894089276447457,0.87946556537247,0.6392903519183103,0.6311821548232905,0.4834074746483978,0.4787318507817156,0.7980526612346517,0.7925082199377705,0.5485646992622965,0.547805311437763,0.6951656799415534,0.6942050446040247,0.589072679114917,0.5852618964383987,0.9249108637290732,0.9166133568843111,0.5703624020466067,0.5639625659691344,0.9118286657106164,0.9053422230960596,0.8760177944525716,0.8751380768624563,0.9440973431041656,0.9379228177016675,0.835513018640665,0.8253167228592434
322,normal,0.0796081355537076,0.15499837912914705,0.00535912759495867,0.00596801995565658,0.7419813798136129,0.7473405074085715,0.007227234744519842,0.00524268042621574,0.5822448616858654,0.585816140150668,0.9430499484226652,0.9492487650474521,0.6510188661925,0.6559317083281813,0.5946309452894256,0.6000971563778126,0.910025108381283,0.9149997253807626,0.6521452540556648,0.6548512799174274,0.495583985344831,0.4970118757273281,0.8171688999682098,0.821111845999538,0.5595484276570459,0.5644742751761296,0.7057156670571847,0.7123932481929922,0.5912720792858502,0.5972761381299337,0.9247960392891316,0.935331475040101,0.5760102535336382,0.5790158480634343,0.9323612594520472,0.9340782864573085,0.8924925523723165,0.9006234534127342,0.9459726450892264,0.957044913612771,0.8396466637545335,0.845482490931142
324,normal,0.0853145645154849,0.3239097966401532,0.020324038249197953,0.020918616204747047,0.7287867485438689,0.7491107867930669,0.00690710867714003,0.005425864703523791,0.5710920809041417,0.5875198576036005,0.92718703928183,0.9516105770902302,0.6399376940019894,0.658005272234032,0.5835881125826609,0.6016840677948762,0.8929943503815347,0.9165208862173169,0.6406561852704042,0.6559471946262883,0.4860863070016131,0.4982213303695471,0.8032844739406781,0.8234862651363022,0.5516042215853718,0.5662482231290414,0.693945020275282,0.7143650914652534,0.580495018448278,0.5985284074589877,0.9079168466177256,0.936925655855061,0.5651381394211024,0.5799022677291806,0.9119421054550442,0.9363599805955753,0.878543924000266,0.9036236136545701,0.9296809590940088,0.9593886382760572,0.8252822469838405,0.8465460462462164
331,both alarms,2.418435969519753,2.3921787401991907,0.00415085148448928,0.004682701220230864,0.7507058778598353,0.746555026375346,0.006657379758138544,0.005100289854846236,0.5864271544790117,0.5846926156767783,0.9543805978089762,0.9475299940318035,0.658933989185722,0.6551286469420408,0.599750139259449,0.5991472812489148,0.918988665223256,0.9133105738614236,0.6601795678915113,0.654132126384768,0.5010634151582259,0.496750904088838,0.82723007824903,0.8208760732803165,0.5671472334647342,0.5642611364156228,0.7144346646734088,0.7118974732003834,0.5971371464083385,0.5965258664900235,0.9386897965220574,0.934001104811493,0.5837760493283067,0.578322274522704,0.9403020415619928,0.9338839515920836,0.9056723587081128,0.9006134985333919,0.9568728378773936,0.9561300841349858,0.8510141878176717,0.8442318431653094
332,normal,0.10503904713681218,0.21066581141376364,0.0062274143448667425,0.0068327456279347705,0.7512418791308659,0.7450144647859991,0.007157097107723343,0.004814052408575926,0.5871242032778694,0.5836945833092088,0.9543805978089762,0.9456067892434751,0.6597255014850442,0.6534507322795865,0.6034067063808942,0.598180752102651,0.9201091098285024,0.9118710739538163,0.6585727051243421,0.652536969835998,0.5016722406930476,0.49526602564658656,0.8292423139051941,0.8183813713951542,0.5685288345206776,0.5629126730133753,0.7144346646734088,0.7106319942317679,0.5971371464083385,0.5957344716735645,0.937541552122642,0.9328837432342537,0.5830700678924279,0.5771859292239045,0.9437052338948267,0.9310403345908992,0.9045740415134632,0.8981858898726123,0.9568728378773936,0.9547191428780973,0.8510141878176717,0.8429634248770344
339,normal,0.07216600474418582,0.14722782465894518,0.003551389588821504,0.0038919789095200772,0.7387675817057788,0.7422836808950342,0.00591134643570934,0.0051364196414906875,0.5766684712950034,0.5810907715560496,0.9362515587908788,0.9418243384472368,0.6478528169952112,0.6512564106273606,0.5924370050165585,0.5957099881381236,0.904759018736624,0.9080869744006319,0.6488511853829677,0.6501659956190838,0.4943663342751876,0.4940663658788757,0.8131444286558819,0.8166578574118672,0.5581668266011026,0.5616548879364986,0.7048437672955623,0.7084398041703309,0.5892926191320104,0.5928237306523462,0.922499550490301,0.9281640336302565,0.5731863277901224,0.574740355565566,0.9255548747863797,0.928563045582416,0.8902959179830173,0.8961034961081256,0.944331755852298,0.9505749334643978,0.836546429919132,0.8388995860264137
342,normal,0.09173052295263469,0.16378463074715516,0.0038870722342456273,0.004368280282474658,0.7375378955947773,0.7413625909953991,0.006491016013785421,0.005061190902094773,0.5759714224961457,0.5801504650739198,0.9351184938522475,0.9405459684447369,0.6454782800972448,0.6500188752401425,0.5917056915922694,0.5948788935886481,0.9043108408945254,0.9075146868383571,0.6479674108610246,0.6496221598695097,0.4931486832055443,0.4935277256645895,0.8131444286558819,0.8155945102809202,0.5560944250171876,0.5608952239643887,0.7012689782729105,0.707488417387454,0.5880462923684817,0.5921258689254494,0.9204327105713532,0.9271475145009082,0.5724803463542435,0.5743056705102787,0.9278236696749356,0.927293466589133,0.8880992835937181,0.8945660746354746,0.9425736602413034,0.9492565712125764,0.8344796073621978,0.838231954195299
344,normal,0.07613260691880949,0.2801635572584746,0.014689017644774796,0.01517270895526949,0.7361048029724807,0.7507938206172556,0.005739319297329245,0.005237504850729394,0.5745773248984304,0.5889743203571381,0.9328523639749856,0.953616932674592,0.6446867677979224,0.6587756472470333,0.5890729632648288,0.603623479521335,0.9022940406050816,0.9199100081899214,0.6463605480938552,0.6575897433738912,0.4913222066010794,0.4988332555194227,0.8121383108277999,0.8242311580054021,0.5576141861787253,0.5669699235036559,0.7024896379391817,0.71576635171108,0.5865067122488284,0.600317762736186,0.919743763931704,0.9395857696507357,0.5710683834824856,0.5815097850531917,0.9210172850092676,0.9377410150115122,0.8880992835937181,0.9047717527470709,0.9406983582562422,0.9619943829260708,0.8332395138280373,0.8492836622651059
350,normal,0.11063838981691031,0.16099954365417138,0.005002323130146154,0.005329212551969905,0.7359260619123236,0.7409283850424698,0.006056919106661127,0.005197059182665103,0.5752743736972881,0.5798793391882615,0.9317192990363542,0.9401394999953658,0.6446867677979224,0.6497305758711741,0.5902430647436913,0.5945379349002538,0.9011735959998348,0.9070293870670156,0.6464408912322138,0.6492566491178632,0.4912613240475971,0.4933126100348822,0.8121383108277999,0.815303530328371,0.5567161454923621,0.560672507768939,0.7021408780345327,0.707093282081629,0.5862134588927042,0.5916125872618111,0.91871034397223,0.9263581999567636,0.5703624020466067,0.5739150178858781,0.9232860798978236,0.9267957932560394,0.8880992835937181,0.8941038450442527,0.9397607072637116,0.948490039597271,0.8325161259331104,0.8375517463662147
351,normal,0.07703766938699903,0.29696406218423,0.015274794336335351,0.015813969087153813,0.7359260619123236,0.751200856248659,0.006056919106661127,0.005229756708370864,0.5752743736972881,0.5892603357298069,0.9317192990363542,0.9540631739321045,0.6446867677979224,0.6590912231113351,0.5902430647436913,0.603934573209095,0.9011735959998348,0.9203946734593258,0.6464408912322138,0.6579358688893858,0.4912613240475971,0.4991178664000165,0.8121383108277999,0.8247559714377165,0.5567161454923621,0.56729083540296,0.7021408780345327,0.7161361688424,0.5862134588927042,0.6006186151507193,0.91871034397223,0.9400279427085415,0.5703624020466067,0.5818556783314235,0.9232860798978236,0.9383760352119361,0.8880992835937181,0.9053129078128225,0.9397607072637116,0.9624532874920291,0.8325161259331104,0.849789399105584
352,normal,0.05974238122337641,0.1693419271379102,0.012877542014607017,0.013405153417467947,0.7359260619123236,0.7488036039269307,0.006056919106661127,0.005009182544836449,0.5752743736972881,0.5871174523936123,0.9317192990363542,0.9507757121603112,0.6446867677979224,0.6569473311168035,0.5902430647436913,0.6018527484462804,0.9011735959998348,0.9171479790162153,0.6464408912322138,0.6556251715923276,0.4912613240475971,0.49742029718890146,0.8121383108277999,0.8221103261935787,0.5567161454923621,0.565567395436819,0.7021408780345327,0.7140419553833656,0.5862134588927042,0.5988507584505569,0.91871034397223,0.937312450961247,0.5703624020466067,0.5799710573678412,0.9232860798978236,0.9353925353280045,0.8880992835937181,0.9026445156176377,0.9397607072637116,0.9597530464954513,0.8325161259331104,0.8471305336088667
353,normal,0.06361870990203199,0.11450957174616812,0.004320221570939704,0.005010141255005481,0.7446959530044405,0.7489519526597129,0.00481235499694152,0.004680035411156057,0.5794566664904344,0.5871912440768363,0.9407838185454032,0.95043500639616,0.650227353893178,0.6571158257926929,0.5953622587137146,0.6014140618981415,0.9111455529865295,0.9160227103330084,0.6529486854392496,0.6553234016911926,0.4961928108796526,0.4975775589592243,0.823205606936702,0.8226597206535309,0.5643840313528476,0.5662390084552222,0.7118189653885416,0.7147233532092799,0.5942046128470945,0.5991920515091025,0.9318003301255654,0.9379543378583395,0.5774222164053961,0.5797205585093732,0.9334956568963252,0.9355747513007583,0.901279089929514,0.903745108328863,0.9533566466554044,0.9605508867149541,0.8427468975899349,0.8467436095284407
365,normal,0.06665591648769041,0.0665420339758083,0.013039198137934093,0.013421964599433957,0.7586207802189113,0.7455815820809771,0.006283992333504293,0.0049737616998633384,0.5933976424675891,0.5844275126486983,0.962312052379394,0.946636953503001,0.6644745752809772,0.6543017663454507,0.6077945869266285,0.5986596310423993,0.929072666670475,0.9122977044619192,0.665803587576604,0.652819427935463,0.5065428449716209,0.4956394926034711,0.8352790208736861,0.8191685700338882,0.5761276403283657,0.5636215553947586,0.723153662289633,0.7113670448725762,0.6030022135308268,0.5961027664698998,0.9467275073179648,0.9331337305162507,0.5887179193794594,0.5772043934285241,0.9505116185604944,0.9316607452641803,0.9166555306546093,0.8993184038582064,0.9697655390246884,0.9556212887895922,0.8572146554884744,0.8429059082083323
366,normal,0.109625362540795,0.07395004228437851,0.0021377036470248034,0.002937691937607624,0.7508578659592229,0.7492219772531797,0.00586526793759796,0.004769157504417933,0.585730105680154,0.5870105190487268,0.949848338054452,0.9506247012281801,0.6565594522877554,0.6570520843650725,0.601212766108027,0.6014485809022678,0.9178682206180092,0.9167578718251269,0.6593761365079267,0.6561092401379408,0.5016722406930476,0.4981473640482988,0.8302484317332761,0.823304091455713,0.5685288345206776,0.5663062514764307,0.7153065644350313,0.7146287087992614,0.5986034131889606,0.599119842800321,0.9386897965220574,0.9380280037027495,0.5823640864565489,0.5803641048799234,0.9437052338948267,0.93664823826073,0.9056723587081128,0.903647202426242,0.95921696535872,0.9601807393318456,0.8499807765392047,0.8473960686152257
367,q alarm only,0.037350997474808655,1.0936551878573262,0.0025262175828376122,0.003231207381792241,0.7508578659592229,0.7499151790057275,0.00586526793759796,0.004940398333285242,0.585730105680154,0.5885547454399097,0.949848338054452,0.9523877383468209,0.6565594522877554,0.6579138760502511,0.601212766108027,0.6028601520078573,0.9178682206180092,0.9182994673848786,0.6593761365079267,0.6563010565772639,0.5016722406930476,0.4977908970597802,0.8302484317332761,0.8226925467292355,0.5685288345206776,0.566149677220853,0.7153065644350313,0.7150251902031242,0.5986034131889606,0.6001315424094468,0.9386897965220574,0.9392836747427229,0.5823640864565489,0.5807467524728867,0.9437052338948267,0.9363967708913575,0.9056723587081128,0.9037930660646777,0.95921696535872,0.9617578717856575,0.8499807765392047,0.8484730177106434
374,normal,0.05916655408249879,0.11495937752347271,0.004077354126764175,0.004688542540744625,0.7464592822206235,0.7428481883484411,0.004118942638615068,0.0036934697492803322,0.5787596176915767,0.5815548359057997,0.9407838185454032,0.9414405287868288,0.6518103784918222,0.650698572160174,0.5953622587137146,0.5958735424220117,0.9111455529865295,0.9079848969040878,0.6537521168228342,0.6498658369952279,0.4986281130189393,0.4932503284837119,0.823205606936702,0.8154062654246832,0.5657656324087909,0.5614640482506648,0.7135627649117865,0.7092550406024263,0.5978702797986496,0.5951943167086863,0.9352450633238112,0.9318194519199848,0.579540160713033,0.5754812884285557,0.938033246673437,0.9281176097277186,0.901279089929514,0.8962277652828319,0.95921696535872,0.9539799358332626,0.8458471314253362,0.8408049380868446
381,normal,0.20112489820709437,0.3795764845291446,0.005353943265861021,0.005979882309670418,0.7276726222248728,0.7330265654907338,0.005214294935258866,0.0023710530363436045,0.5606363489212757,0.5688970161974377,0.9113241301409944,0.9219430217937558,0.6342388054468697,0.6381184536788603,0.579712151433929,0.584685318026423,0.8873921273553017,0.8932305329632241,0.6367193714908393,0.6409728107564182,0.4851121861458984,0.4871865159604036,0.8028820268094454,0.8060160894456961,0.5509825011101973,0.5551044054071698,0.6944681601322555,0.7013759717104452,0.5843806254169266,0.5886102151616603,0.9152656107739844,0.9220334749329305,0.5683150558825576,0.5702114967382274,0.916479695232156,0.9196165025300425,0.88085039010903,0.8873378114967833,0.9322594993234676,0.9435203073864811,0.8294158920977089,0.8325916691565163
382,normal,0.2559344746788748,0.3045431559372835,0.006816019521373412,0.007163347218407612,0.7252593635837538,0.7320753831051272,0.004861251271751133,0.0029944366402557955,0.5592422513235601,0.567258513998321,0.9079249353251012,0.9195726064411449,0.6302020927203266,0.6368115459493507,0.5770794231064884,0.5834882600153803,0.8848151047632347,0.8916486110484286,0.6364783420757639,0.640313964684405,0.4837727699692908,0.4868816506494223,0.7998636733251994,0.805528752494908,0.5498772202654426,0.5546522119966445,0.6936834503467953,0.7006303303082874,0.5815947185337447,0.5877246425809313,0.9112467553760302,0.920751368431141,0.5652793357082782,0.5698829526146075,0.9097867503109162,0.919460525844356,0.8816192121452852,0.8867484896971018,0.9333143566900644,0.9421155549377286,0.823628788938293,0.8318115310950037
383,normal,0.05855263687155236,0.1403735734729477,0.005304152915137217,0.006067308122652411,0.7268320976938767,0.7321362506090139,0.006325475945241859,0.002611257728964735,0.5592422513235601,0.5672433982796498,0.9113241301409944,0.9196670857639024,0.6308353025597843,0.6362600609896648,0.5755436649154814,0.5833620908429308,0.8866078161316292,0.8920853946126645,0.6386476068114426,0.6403127071960051,0.4855992465737557,0.48640846965542306,0.8028820268094454,0.8047889529745103,0.5526404223773294,0.5545646083425501,0.6956888197985269,0.700815642066116,0.582034598567931,0.5885291342270937,0.9129691219751532,0.9218007914601215,0.568103261451794,0.5698936459986221,0.913076502899322,0.91864851953552,0.8818388755842148,0.8861679151154523,0.9315562610790696,0.9432527990961811,0.8275557517964683,0.8325150441968276
394,normal,0.07477604762691432,0.13389623114646998,0.007977658411240955,0.008594779769723556,0.7194197754926944,0.7273974339039354,0.009711587626941541,0.007077045484019838,0.548228880301608,0.5575778645426429,0.8929684781351707,0.9053859477321538,0.6197541303692737,0.6269439815582296,0.56896184409688,0.5761598522855559,0.8746190588554907,0.8839672044103135,0.6334253028181424,0.6368929004553402,0.4815201154904506,0.4843626924628655,0.7937263545738991,0.8020613609191394,0.5453870168336269,0.5523538919041409,0.688888001657872,0.6981151646564707,0.5791020650066872,0.586222403231564,0.905850006698778,0.9186205774890901,0.5657029245698056,0.5685626313386809,0.9119421054550442,0.9164172736806375,0.871844189112903,0.8824734433958722,0.9259303551238868,0.9394343806044159,0.8222853542762858,0.8302048056997878
398,normal,0.086617854539458,0.1516895770371092,0.007834087189693561,0.00821409835012273,0.7315726867713019,0.7237385995816084,0.010212331173375565,0.008057737032467331,0.5566631707677866,0.5537809880934429,0.9052055794723866,0.8990952227056381,0.6279858582822244,0.6225539274090065,0.5778838678732063,0.5723294827168699,0.8879523496579251,0.878562057100968,0.6416203029307058,0.6333412565291028,0.4876083708386672,0.48168361983000674,0.8096230162575948,0.7978354726024783,0.5567852255451592,0.5495429152213572,0.7031871577484796,0.6948468453377284,0.5906855725736013,0.5840028689476978,0.9260591081284886,0.915123768617063,0.5738923092260014,0.5663543328713662,0.9244204773421016,0.9125777102028697,0.884804332009769,0.8786648968450714,0.9437457239819664,0.9360483864437948,0.8386132524760664,0.8272124414128781
405,t2 alarm only,1.2604412232133293,0.5179697698493191,0.002726979530137155,0.0035963213934333553,0.7424243464699628,0.741180386607141,0.005405423271710706,0.0033993715811413377,0.5745773248984304,0.578677569728269,0.9339854289136164,0.9381552967982721,0.6454782800972448,0.6484772333380252,0.5931683184408475,0.5938427035097585,0.9066637745655431,0.9059862744116775,0.6521452540556648,0.6489855795866816,0.4961928108796526,0.4926994450476651,0.8201872534524559,0.8143195742556852,0.5623116297689326,0.5603875577867061,0.7092032661036743,0.7078280075266034,0.5934714794567832,0.5936205956518482,0.9295038413267344,0.9298064131299129,0.5767162349695172,0.574880870379171,0.9368988492291592,0.9273182657687348,0.8979841383455649,0.8942935536834011,0.951012519174078,0.9512230473238299,0.8417134863114677,0.8395645843951561
408,normal,0.05582232971932078,0.11958017119719873,0.0032858044472503936,0.0037862206156154717,0.7411148584259838,0.7403922704763352,0.0060228699552831305,0.003139637867510525,0.5731832273007148,0.5783571746270036,0.9317192990363542,0.9371219183325299,0.6446867677979224,0.6476339064204003,0.5917056915922694,0.5932259791204971,0.90778421917079,0.9050485232587634,0.6513418226720802,0.6479493723832467,0.495583985344831,0.4917848575667382,0.819181135624374,0.8129096835325532,0.5609300287129892,0.5597101418837148,0.7065875668188071,0.7071248776200173,0.5912720792858502,0.5933131014696061,0.9283555969273192,0.9292188877630281,0.5781281978412751,0.5742881775687222,0.9334956568963252,0.9258732834612815,0.8957875039562657,0.8933990198102777,0.9474963279520884,0.9507980515878588,0.8417134863114677,0.8389116416914594
411,normal,0.05658925103365235,0.6818822931044137,0.006166132169483059,0.006887440357586554,0.7409242378527141,0.7347581056832311,0.004922964657933885,0.0014047368555609003,0.5717891297029993,0.570804386983149,0.9317192990363542,0.9249194473256375,0.6438952554986004,0.6393189299787406,0.5902430647436913,0.586531702536926,0.9053192410392474,0.8962741158135249,0.6497349599049108,0.6422383489627612,0.493757508740366,0.4873302284771792,0.819181135624374,0.8063123166500739,0.5616208292409609,0.5560404837750915,0.7092032661036743,0.7031726682353971,0.5934714794567832,0.5908060185464147,0.9295038413267344,0.9251809585354592,0.5767162349695172,0.5712340542813473,0.9300924645634912,0.9201458283831159,0.8990824555402148,0.8886704438632786,0.9486683916927516,0.946977650949968,0.8417134863114677,0.8349302133168621
413,normal,0.05534725632213063,0.1587840578071331,0.0035332920801767623,0.00440797048949546,0.7370939402343943,0.7350887915859686,0.007455226835332292,0.0028952192754384963,0.5662127393121374,0.5701664116454527,0.9192555847114122,0.9252353097004721,0.6391461817026672,0.639844199218649,0.5843925573493789,0.5860642918262929,0.898148395565669,0.8964298251777282,0.6465212343705722,0.643536809166853,0.4925398576707227,0.48902875433464504,0.8151566643120459,0.8091006158994595,0.5577523462843196,0.5567159918516272,0.7035359176531286,0.7028999589205033,0.5895858724881348,0.5897543888966384,0.9283555969273192,0.924054912656724,0.5767162349695172,0.5719490931350596,0.9323612594520472,0.9225269585248539,0.8957875039562657,0.8893133251264235,0.9444489622263644,0.9449665156724746,0.8406800750330006,0.8349220952076105
414,normal,0.050653092146381154,0.06891765393811786,0.0023062020436619654,0.0027503494419320244,0.734917176181021,0.7341059925594716,0.007063188259025982,0.0037217503546824373,0.5641215929155643,0.5678179546092966,0.91698945483415,0.9218819493172202,0.6367716448047006,0.6378748890995328,0.5836612439250899,0.5846007209416998,0.8950111506709786,0.8949498348751326,0.6451554010184783,0.6429073775498163,0.4907133810662577,0.4887203867621482,0.8131444286558819,0.8087800225494273,0.5578905063899139,0.5564618834210543,0.7030127777961552,0.7023110514093812,0.5880462923684817,0.5890085958651216,0.9241070926494824,0.923077015033568,0.5745982906618804,0.57186386386205,0.9266892722306574,0.9224995771680524,0.8924925523723165,0.8887259111343381,0.9425736602413034,0.9436874358443754,0.8386132524760664,0.8346334040688037
415,normal,0.05700157288438322,0.048399021451737606,0.002633508362821727,0.002954276173814063,0.7363910446459585,0.7347064440595705,0.0059641370247080164,0.0030930940891655398,0.5655156905132798,0.5693459129585263,0.9215217145886744,0.9240431013837266,0.6375631571040229,0.63913494268366,0.5854163961433835,0.5855587174231344,0.8977002177235706,0.895897337759815,0.6464408912322138,0.643277284181937,0.491200441494115,0.4888604843496253,0.8121383108277999,0.8088836659446035,0.5595484276570459,0.5565859915079453,0.7047565773194,0.7026553087878882,0.5908321992516636,0.589533762530252,0.9283555969273192,0.923770507089449,0.5753042720977594,0.5718799288958728,0.9278236696749356,0.9222736959260739,0.8902959179830173,0.8889217123507497,0.9456210259670276,0.9445131256517709,0.8386132524760664,0.8348740695876692
416,normal,0.04493903136770662,0.0682846787814765,0.002874707519265617,0.0034733988217424704,0.7361185899658265,0.733396529679286,0.007000618851881081,0.0040458540497160375,0.5655156905132798,0.5667499334794844,0.9203886496500432,0.9202741731789854,0.6367716448047006,0.6368349033166597,0.5848313454039523,0.5837334113491685,0.8984845289472431,0.893988674666172,0.6474050088925153,0.6424345229707241,0.4925398576707227,0.4883546495218809,0.8131444286558819,0.8081971397924085,0.5602392281850176,0.5560233014681821,0.7057156670571847,0.701728568370093,0.5886327990807304,0.5884861467175707,0.922499550490301,0.9223581975538702,0.5753042720977594,0.5715676870731904,0.9266892722306574,0.9220139466065657,0.8935908695669664,0.8880605401528074,0.944683374974497,0.9427706704215327,0.8375798411975994,0.8341645379085684
422,normal,0.03012397826413044,0.08925191457326938,0.00313018873580803,0.003643485242067798,0.7342488620735073,0.7318005629255313,0.008387686238251594,0.005313554932217659,0.5606363489212757,0.563468626304241,0.9124571950796256,0.9151100097201038,0.6324974783883609,0.6328084478614904,0.5813941723097938,0.581084539438706,0.8929943503815347,0.8917803723884763,0.6438699108047429,0.6414647754459367,0.4899219078709895,0.48761400115195785,0.8111321929997177,0.8066858660019836,0.5565779853867677,0.5550563750841985,0.7026640178915062,0.700960052081752,0.5920052126761612,0.588134420543809,0.9295038413267344,0.922435751858465,0.5753042720977594,0.5713434205975537,0.9266892722306574,0.9207847277717521,0.8891976007883677,0.8855241013090921,0.9457382323410938,0.9424646310792222,0.8396466637545335,0.8338894510952913
425,normal,0.03771019053926856,0.049945825343692025,0.0018543816522639223,0.0023798954338417524,0.7283563891971261,0.7287067947853486,0.009252766234293627,0.006045894736509654,0.5549205487706423,0.5599806893412231,0.903732595052166,0.9087434874807533,0.6253738676944611,0.6289390827142523,0.576640635051915,0.5780147032671707,0.8857114604474321,0.8864886967020899,0.6390493225032349,0.6380979830070288,0.4871213104108099,0.48506513667651174,0.805196097814034,0.8027892795420543,0.5551963843308244,0.5528812264182996,0.6987404689642053,0.6988074318659443,0.5864333989097974,0.5869920428759715,0.9204327105713532,0.9200280663598552,0.5686680466004971,0.5692695646987859,0.91988288756499,0.9170623164939635,0.884804332009769,0.882975240162951,0.9392918817674466,0.9406296725612782,0.830862667887563,0.8312508911827922
426,normal,0.03525539731508765,0.06374860080749024,0.003483728078592511,0.0038387541008156017,0.7295241935490006,0.7283527806051818,0.01126198790071665,0.006646150725148777,0.5533173365332694,0.5590040800062029,0.9010132391994514,0.9073453770597695,0.6252947164645289,0.628073171971695,0.5754705335730526,0.5771153264350148,0.8839187490790372,0.8853290314393092,0.6358355969688962,0.6376378635518207,0.4851121861458984,0.48485923547879994,0.8073089452530061,0.8026830772796643,0.5560253449643904,0.5528889500644864,0.7029255878199929,0.698836100168572,0.5896591858271659,0.5869170220705484,0.925255337048898,0.9197022571534935,0.5724803463542435,0.5692323144333497,0.9221516824535458,0.9172893788681984,0.8870009663990682,0.8833384143248382,0.9436285176079,0.9406655088115906,0.835513018640665,0.8310801611707366
429,normal,0.0373076384163416,0.056415750214889426,0.013155112251540927,0.013726275702515951,0.738454224743821,0.7252991124922801,0.011115477311549809,0.008028960924949848,0.5606363489212757,0.5548464695292353,0.9113241301409944,0.9011975163731898,0.6323391759284963,0.6240115075603765,0.5824180111037984,0.5737356026148434,0.8977002177235706,0.880835300280358,0.6468426069240061,0.6349553651210363,0.4913222066010794,0.4830107524042454,0.8151566643120459,0.799874665099325,0.5636932308248759,0.5508141970602896,0.7100751658652967,0.6962363014752804,0.5971371464083385,0.5849871303588445,0.937541552122642,0.9166315183799221,0.5802461421489119,0.5675671165948327,0.9300924645634912,0.9146554623416675,0.8957875039562657,0.8803170266474958,0.9545287103960676,0.9376133513072841,0.8468805427038032,0.8287956292205374
432,normal,0.04453782227997195,0.10880956482644125,0.002639685774524921,0.0029739273590048978,0.7235752436919433,0.7227614103902152,0.01162844352898109,0.008201341179081712,0.5483682900613793,0.5531621828911787,0.8948946885308434,0.8976129859206899,0.6205456426685959,0.6214255706463329,0.5694737634938823,0.5712653699588505,0.8792128817370017,0.8769329741020325,0.6344697636168024,0.6319343650747359,0.4835292397553621,0.4807908322714975,0.8008697911532813,0.7964805356617012,0.5527095024301264,0.5489603221782645,0.6961247696793381,0.6942996832398792,0.5822545385850244,0.5834454266009464,0.9129691219751532,0.9142050165529573,0.5677502707338545,0.5657278611511857,0.917614092676434,0.9114670519569418,0.8801913997922406,0.8780363484593339,0.9321422929494014,0.9350515317120981,0.8276590929243149,0.826145918255034
433,normal,0.05189472685018774,0.11923514573671279,0.004074105796082936,0.004684203514185213,0.7255078552745872,0.7220553519188515,0.01268567164985219,0.008691565851625123,0.549135043740123,0.5519179048064774,0.893421704110623,0.8957832533868896,0.6202290377488668,0.6203521458249938,0.570497602287887,0.57051370461209,0.8795490151185756,0.8757887949218178,0.6363979989374056,0.6311948167248375,0.4854165989133093,0.48038053037655987,0.8043912035515683,0.795861690231302,0.5540220234332727,0.5485933097832452,0.6983917090595564,0.6938486924472959,0.5854070121633619,0.5831513352473143,0.917791748452698,0.9137077680527259,0.5688798410312608,0.5653346523052772,0.9187484901207118,0.9108580857874574,0.884804332009769,0.8775204254787009,0.9376509925305182,0.934480491788726,0.8288991864584755,0.8256533808447638
438,normal,0.03496282932145566,0.12161204992739816,0.003953422770153899,0.004544953210409149,0.7430390423087991,0.7406647740150631,0.0042648726692059375,0.0036142023313894766,0.5738802760995726,0.5795974889856517,0.9351184938522475,0.9390020048949913,0.646269792396567,0.6489980121462512,0.5931683184408475,0.5942621878118913,0.9066637745655431,0.9058824898460504,0.6513418226720802,0.648015461734669,0.495583985344831,0.49143414192269386,0.8181750177962919,0.8120176609372447,0.5630024302969042,0.5592762502338384,0.7100751658652967,0.7070031148888659,0.5949377462374055,0.5937630986488445,0.9352450633238112,0.9301545442121429,0.579540160713033,0.5742000926054576,0.9346300543406032,0.9244127334588392,0.894689186761616,0.8924616287232147,0.9545287103960676,0.9515214257184212,0.8448137201468691,0.839298821487005
439,normal,0.03870173454610436,0.09546761272812973,0.0032531106640105267,0.0037891293677786916,0.7395017283992628,0.7376914123742567,0.004786251516049514,0.002980352275285312,0.5710920809041417,0.5759008075898853,0.928320104220461,0.9336193693519274,0.6431037431992782,0.6449578543063911,0.5902430647436913,0.5905447162509073,0.903190396289279,0.9015411241803438,0.6497349599049108,0.6457509081661168,0.4943663342751876,0.49007142239976587,0.814150546483964,0.8099116372016504,0.5588576271290743,0.5574794764183173,0.7048437672955623,0.7043698328508547,0.5934714794567832,0.5912670569449361,0.93065208572615,0.9263250637559349,0.5774222164053961,0.5726664176169044,0.9300924645634912,0.9225880811302957,0.8902959179830173,0.8897018712126958,0.951012519174078,0.9475131135395005,0.8406800750330006,0.8365452574459381
453,normal,0.0343401591569644,0.06279017032467207,0.004636438611171369,0.004898832925291729,0.7328286706403468,0.7282883769566721,0.008733946820276957,0.006840731954058575,0.5578481537258447,0.5586653856095666,0.9101910652023634,0.9070075848821697,0.6309144537897166,0.6279088890976772,0.5811747782825071,0.5769652573262025,0.891313683473665,0.8851429860748732,0.643387851974592,0.6376361060961603,0.4890695521222392,0.48500715670728006,0.8080132277326637,0.8028262239282548,0.5563016651755791,0.5529565439122065,0.7030999677723174,0.6988742516380761,0.591125452607788,0.5868411478542417,0.9260591081284886,0.919460708689132,0.5745982906618804,0.5691959703500324,0.9232860798978236,0.9175891532317834,0.8870009663990682,0.8833890959353075,0.9460898514632928,0.9405090089925913,0.8386132524760664,0.8309269379378716
462,normal,0.05024245579635358,0.16764901088340986,0.003101572044741495,0.004779364836762919,0.7233920508742271,0.7204542641752302,0.012250186124416636,0.009265015645072249,0.5497623876590949,0.5500564077941186,0.8920620261842657,0.8927117884624545,0.6182502570005614,0.6184352522051068,0.5685230560423065,0.5687864538633762,0.8739467920923427,0.8733935298751158,0.6309346655290299,0.6296839755399528,0.4792674610116105,0.4791572452726043,0.7948330841847893,0.7938109182473214,0.5493245798430653,0.5472801980312387,0.6944681601322555,0.6925758255169775,0.5895125591491037,0.5822433892713869,0.921006832771061,0.9123437597797971,0.5669736911543877,0.5644709400338392,0.9093329913332048,0.9089386735912681,0.8837060148151195,0.8760751051112561,0.9456210259670276,0.9332694975220246,0.8301392799926361,0.8244895308610732
464,normal,0.04011435752243068,0.11028737202041,0.004117634149341798,0.00554609735022774,0.721102434203231,0.7170195118565232,0.012964232889132524,0.009778936707712795,0.546695372944121,0.5469904232665115,0.8884362183806462,0.8875410001911096,0.6150050565733404,0.614935423039238,0.5671335605361574,0.5656452669410104,0.8718179473423743,0.8687117939716554,0.6290064302084267,0.626182294847288,0.477988927388485,0.47669625150287315,0.7922171778317759,0.7902089497569034,0.5464922976783816,0.5452342549228724,0.691416510966577,0.6898935053829317,0.5858468921975485,0.5795776880558252,0.9166435040532828,0.908382682758522,0.5675384763030908,0.5618055917709223,0.9094464310776328,0.9049365282770979,0.8837060148151195,0.8727975072454813,0.942104834745038,0.9290421590812415,0.8272457284129282,0.8207503805494127
478,normal,0.046986740634141426,0.33404940788274595,0.004288652567288514,0.004867750962619879,0.7250259838201945,0.729314636387483,0.005225593375335333,0.0026022100403614756,0.5592422513235601,0.564856267503657,0.9074717093496488,0.9153685053165485,0.6282233119720211,0.6330477564081718,0.5746660888063345,0.5808002942468674,0.8824621710922168,0.8884145192117878,0.635433881277104,0.6374909099965009,0.4826160014531296,0.4837827761228096,0.7968453198409533,0.8004313588301698,0.55042986068782,0.5522749650487355,0.6943809701560932,0.6985833483694512,0.5835741786875843,0.5872225560250409,0.913083946415095,0.9195229626615965,0.5666207004364482,0.5678911734092137,0.913076502899322,0.9147993522161987,0.8743703186605973,0.882359047394306,0.934252007682595,0.9411090226788595,0.8286925042027821,0.8303940031472951
481,normal,0.05729355280401711,0.16627615722465977,0.0051546291402785,0.005516930037591058,0.7264541595805392,0.7316087887208176,0.006211666905841397,0.004482360266573727,0.5578481537258447,0.5645628199449749,0.9064519509048808,0.916414290117656,0.6268777410631733,0.6335293545277962,0.5748854828336213,0.5811871465162385,0.8848151047632347,0.8916071904877505,0.6351928518620286,0.641035794926487,0.481641880597415,0.4871096743279135,0.8007691793704731,0.8058553424987203,0.5509825011101973,0.5546184468146989,0.6977813792264207,0.7005782625129355,0.5865067122488284,0.5879953671621194,0.918251046212464,0.9218250082687416,0.5666207004364482,0.5707754062094758,0.913076502899322,0.919579176047164,0.8809602218284953,0.8850446582204863,0.9367133415379876,0.9424295912099336,0.8303459622483295,0.833201878460807
482,normal,0.040194941345564554,0.088236590912412,0.004165053527658754,0.0045657418755762885,0.7259340414555364,0.7300990949831951,0.006528335116288558,0.004513364709449181,0.5578481537258447,0.5634058577953431,0.9061120314232914,0.914279042356658,0.6267194386033089,0.6320774913039143,0.5756899276003392,0.5798142026286016,0.8834705712369387,0.8895921876796992,0.6367997146291979,0.6396776753620428,0.4841380652901837,0.4859161801801587,0.7998636733251994,0.803884720813487,0.550844341004603,0.5533365861570029,0.6950784899653911,0.6990376139727518,0.5838674320437086,0.5870782885815796,0.9161842062935164,0.9203877803043619,0.5678914670210303,0.5697842854831738,0.915345297787878,0.9176772584675236,0.878543924000266,0.882906012104958,0.9329627375678656,0.9408326628865855,0.8295192332255559,0.831996768636476
483,normal,0.06569591377161353,0.20537186552096853,0.006885178432277604,0.0070643444939497875,0.7220830679865552,0.7289682464188328,0.007062879958121213,0.006346928205704968,0.5540840902120129,0.5598893939564303,0.9004467067301359,0.9085693378515024,0.6207039451284602,0.6288400103005743,0.5710095216848893,0.5778257878817558,0.8783165260528043,0.8862359527664694,0.6338270185099346,0.6382491831600389,0.4807286422951825,0.48524978558930115,0.7958392020128712,0.8032321786739658,0.5484956192094993,0.5532519901337745,0.6932475004659842,0.6993336159888022,0.5828410452972733,0.5874950585125784,0.9115912286958548,0.9205831096725208,0.5635143821185807,0.5695059594324505,0.9088792323554936,0.9176974479395192,0.8754686358552469,0.8837174975526029,0.932376705697534,0.9412265695490625,0.8240421534496801,0.8315573101588081
485,normal,0.04053116163813871,0.17341340845409406,0.005645820325151204,0.006176847205843826,0.7248347973067961,0.7304806176319473,0.008959255062543523,0.005611187356929801,0.5538749755723557,0.5621391851587121,0.9010132391994514,0.9112103806136509,0.6215746086577146,0.6307221128780434,0.5721064918213229,0.5796068820505246,0.8792128817370017,0.8878004694349593,0.6347911361702363,0.6386816974559917,0.4829204142205405,0.48557955369972966,0.7991593908455419,0.8041533932340547,0.5507061808990087,0.5542587809170451,0.6976069992740962,0.7009170403066868,0.5850404454682065,0.5890542154536461,0.9142321908145103,0.9227948982984094,0.5679620651646181,0.5702108259696966,0.915345297787878,0.9186863768542253,0.8820585390231449,0.8856642189827963,0.9376509925305182,0.943811980827983,0.826935705029388,0.8328784876069496
486,normal,0.04095952929963801,0.18117040058819672,0.004264485087427733,0.005071653575553031,0.7256548053637384,0.7299192904511661,0.009321842772263916,0.0055908922073477675,0.5541537950918987,0.5618147375256202,0.9002200937424096,0.9104014734106968,0.623157633256359,0.6302143180801398,0.5723258858486097,0.5792141143273081,0.8797731040396252,0.8868441383942811,0.6349518224469531,0.6377844215166893,0.4835292397553621,0.4849836618559346,0.8012722382845142,0.803313632573013,0.5523641021661406,0.5538095815996151,0.6983917090595564,0.7004470657071904,0.5850404454682065,0.588811631081796,0.9153804352139256,0.9222794103204446,0.5683150558825576,0.5697180502990978,0.916479695232156,0.917943675997621,0.8828273610593996,0.8852328365746782,0.9381198180267832,0.9435361431666291,0.829829256609096,0.8322790452390695
494,normal,0.08903288935327987,0.0461145836848116,0.006082863305060621,0.006549056551142859,0.7367934484183363,0.742876311723397,0.005293193314528594,0.004344224504371348,0.5766684712950034,0.5820528189035203,0.9328523639749856,0.9431498352132316,0.6470613046958892,0.6515475676503181,0.5909743781679804,0.5958927102283167,0.900165195855113,0.908670061116588,0.6461195186787798,0.6503522285716902,0.4904089682988468,0.4932795272251161,0.8085162866467046,0.8151884652351143,0.554989144172433,0.5609491471240824,0.7010945983205857,0.7087795861539289,0.5881929190465438,0.5948483471292964,0.9230736726900084,0.931635850116762,0.5724803463542435,0.5755625608423338,0.9255548747863797,0.9276335800447231,0.8880992835937181,0.8951652693822005,0.9426908666153696,0.953253898372677,0.836546429919132,0.8409358459878478
495,normal,0.04069570223210862,0.15215139943621822,0.0027684620520190373,0.003672075308939431,0.7399816261084533,0.7414635043898917,0.004004673075239384,0.003714752445355988,0.5738802760995726,0.5801664559685821,0.9339854289136164,0.9400885772335984,0.6431037431992782,0.6497016744843499,0.5881222558132531,0.5947820502126546,0.9033024407498036,0.9068784391695845,0.6488511853829677,0.6488832015307671,0.491931032135901,0.492146457517694,0.814150546483964,0.8132265290367094,0.5595484276570459,0.5599462192228356,0.7057156670571847,0.7077545792022077,0.5934714794567832,0.5941551476754461,0.9295038413267344,0.9307882551793631,0.5767162349695172,0.5748493418536725,0.9312268620077694,0.9258776535766682,0.8935908695669664,0.893492334510654,0.9498404554334148,0.9520930686628596,0.8427468975899349,0.8400495895905113
513,normal,0.039626106356454735,0.07526027469931065,0.001077461965598126,0.0013733398779934441,0.7189531286293991,0.7199318148267769,0.009475401900774928,0.008887216137884702,0.548507699821151,0.5503428283644609,0.8914954937149502,0.8929904885964125,0.6170629885515783,0.6181223306442104,0.5672798232210151,0.5684020884305669,0.8721540807239482,0.8732343005800228,0.6290867733467853,0.6295891179469204,0.4784151052628602,0.4789660852152784,0.7937263545738991,0.793510899324872,0.5453179367808297,0.5468915838977697,0.689236761562521,0.6918865151770942,0.581154838499558,0.5813205458680654,0.9112467553760302,0.9110778421149565,0.5635849802621686,0.5640175120393995,0.908765792611066,0.9083105670912944,0.871844189112903,0.8747798883884269,0.9297981654680753,0.9317274449744273,0.8235254478104465,0.8236708134010305
514,normal,0.045609575729081815,0.07849206100900545,0.001689853451261289,0.002089337634112338,0.7188352992344799,0.7184994800730891,0.00997183751792845,0.008198500548205737,0.5483682900613793,0.5501847672805944,0.8886628313683724,0.8920823439706156,0.6166672324019171,0.6174152570005281,0.5677917426180175,0.5678184790316415,0.8727143030265713,0.8718294666718638,0.629408145900219,0.6280553915348912,0.4795718737790213,0.47765684714385276,0.7933239074426662,0.7913943392572674,0.5451106966224382,0.5456717227187635,0.6894111415148455,0.6903813077334441,0.5796885717189358,0.5803779895733397,0.9127394730952704,0.909508504336658,0.5636555784057566,0.5624508135892153,0.9099001900553436,0.905386369718986,0.8693180595652088,0.8724578125629195,0.9300325782162076,0.9301707556793745,0.8238354711939866,0.8216489934385574
518,normal,0.03314172248638147,0.08935186124782346,0.0025905507146196695,0.0032683833134070778,0.7363370852607791,0.7388821019393266,0.004853275413359584,0.0030160103092424996,0.5766684712950034,0.5771210309216486,0.9351184938522475,0.9355174607789978,0.6431037431992782,0.6461377857173656,0.5875372050738218,0.5913361618877692,0.8992688401709156,0.9027052069987589,0.6461195186787798,0.6468177798717399,0.4907742636197398,0.49083284050576026,0.8084156748638963,0.811121379243414,0.5555417845948103,0.5583041613585831,0.702228068010695,0.705594732455108,0.589145992453948,0.5922997998983338,0.9229588482500668,0.9277725827693577,0.5731863277901224,0.5734231646665953,0.9244204773421016,0.924033438035489,0.8833765196567245,0.8912259833231045,0.9453866132188948,0.9492570984736576,0.8344796073621978,0.8374951260628698
522,normal,0.03872993239600424,0.1265301155977538,0.004087081163616962,0.004439046197800792,0.7384022848922802,0.7343152037286633,0.003671126654264253,0.002564525391430327,0.5759714224961457,0.5709011573889406,0.9351184938522475,0.9263357160120169,0.6446867677979224,0.6397529265543116,0.5879759931283953,0.5857808071407781,0.9016217738419336,0.8961355507771873,0.6474853520308738,0.643136976868827,0.491931032135901,0.4882902297919001,0.8121383108277999,0.8074673291588264,0.5588576271290743,0.5554467396920332,0.7048437672955623,0.7016335047487919,0.590319005878446,0.58903482578187,0.927207352527904,0.9230138109449824,0.5724803463542435,0.5710210024056617,0.9244204773421016,0.9205401815076382,0.8913942351776669,0.8870894449990103,0.9498404554334148,0.9439623515420328,0.836546429919132,0.8338159080724679
526,normal,0.021007714952999055,0.0875835438168844,0.0016515517627562954,0.002035751624530515,0.7340280537585597,0.7344151272949757,0.004223333979637454,0.0020055745296995507,0.5731832273007148,0.5719349063236001,0.9305862340977232,0.9268739171875567,0.6407292063013115,0.6403137533465866,0.5857089215130992,0.586629408424219,0.8960195508157006,0.8966381148760155,0.644592999049969,0.6430001799483537,0.4890695521222392,0.48790475274570433,0.8074095570358144,0.8065216424415751,0.5548509840668385,0.5552752823405906,0.7017921181298838,0.7020091663879977,0.5870199056220462,0.5895932384979097,0.9193992906118792,0.9235490729915835,0.5696564206107276,0.5707088387874826,0.9210172850092676,0.91929084399977,0.884804332009769,0.886267670834823,0.942808072989436,0.944965516600652,0.829829256609096,0.8335808582801665
527,normal,0.022844458375271735,0.12494829366766812,0.0015927720227515854,0.001959363143865923,0.735429597204611,0.7345579852052456,0.004415210000432145,0.0027083961707605035,0.5738802760995726,0.5713531982205707,0.9317192990363542,0.9267826974371591,0.642312230899956,0.6400428702663926,0.5857820528555281,0.5859087131012286,0.8977002177235706,0.8965261409734969,0.6453160872951953,0.6436921492639525,0.4907742636197398,0.4887043980281779,0.8101260751716358,0.807744239882759,0.556232585122782,0.5556217289210019,0.7029255878199929,0.7019651132125783,0.5880462923684817,0.589149309280884,0.9223847260503596,0.9230877158005065,0.5703624020466067,0.5712776296091028,0.9232860798978236,0.9208929022925395,0.8859026492044186,0.8865680411775478,0.9438629303560327,0.9441883538927615,0.8316893969103365,0.8339805471285153
532,normal,0.03634546846997052,0.09779410310477456,0.0012792478979288813,0.0015368717113875927,0.7337718184248826,0.7332590751033734,0.004131118780985348,0.0027209169756807184,0.5690009345075684,0.5685369651370256,0.9237878444659366,0.9219947778256361,0.6383546694033452,0.6371731408135808,0.5834418498978031,0.5841835545452904,0.8929943503815347,0.8946506715124809,0.6429861362827998,0.6423796623605319,0.4898610253175074,0.4876691753987241,0.8076107806014308,0.806347586297548,0.5547128239612443,0.5550670927175105,0.7010945983205857,0.7014738330646461,0.5883395457246061,0.5890365006987672,0.9223847260503596,0.9231918735274771,0.5724803463542435,0.5709763283648821,0.9232860798978236,0.9194961525475821,0.8837060148151195,0.8855856719846478,0.9445661686004306,0.9439509753307384,0.835513018640665,0.8336903146302778
535,normal,0.03677700634750487,0.06341275570268641,0.0015845207812653019,0.0019452310592412458,0.731899897298247,0.731539653381307,0.00392056402907519,0.002053956065148768,0.5669097881109953,0.5673837021705709,0.9226547795273056,0.9194067310312132,0.6359801325053784,0.6356927154671752,0.5802240708309314,0.5833561372832378,0.8925461725394361,0.8927030467740709,0.6417006460690643,0.6403112511522743,0.4874866057317029,0.485690910341498,0.8073089452530061,0.8031154935948965,0.5547128239612443,0.5534656660711045,0.6993507987973411,0.7000391868837249,0.5867999656049528,0.5886139251688906,0.9204327105713532,0.9223565549617923,0.5688798410312608,0.5694791096455983,0.917614092676434,0.9158445863998402,0.8859026492044186,0.8833028209358065,0.942104834745038,0.9433113104519646,0.8316893969103365,0.8321009591485594
538,normal,0.04223773026531685,0.08356996396074494,0.0009080170243976729,0.001145772223302588,0.7273736772714026,0.7275755885326373,0.005865130343819671,0.005387100493155861,0.559939300122418,0.5601673887493486,0.9090580002637322,0.9088060986417812,0.6277484045924278,0.6287611590391363,0.5757630589427681,0.5773131187873213,0.8845910158421852,0.8852726093170973,0.6380852048429333,0.6371509299643857,0.4838336525227729,0.48414328839460324,0.7997630615423911,0.8012219380390242,0.5510515811629945,0.5517550916613317,0.6967350995124737,0.6973126916330802,0.5863600855707661,0.5857030790490191,0.9196289394917624,0.917866556558771,0.5689504391748487,0.5681439635633202,0.915345297787878,0.9154130271160827,0.878543924000266,0.8813884737194242,0.9402295327599772,0.9387882449416823,0.8297259154812491,0.8295773458794234
543,normal,0.26279868111431254,0.3531018389294622,0.0015111855180195716,0.0022011595799857164,0.7270789532823458,0.7276791694341279,0.006047490735425404,0.005981034411743306,0.559939300122418,0.5597164150583084,0.9090580002637322,0.9073376490247004,0.6278275558223599,0.6276645396635415,0.5762018469973416,0.5768178222158005,0.8851512381448087,0.8843992739689512,0.6380852048429333,0.6364900904092656,0.4841380652901837,0.4837175731187652,0.8024795796782125,0.8007589314450145,0.5529858226413151,0.5519256326280427,0.6974326193217718,0.6981745755867533,0.5835741786875843,0.5870644095189878,0.9140025419346272,0.9197191702908158,0.5680326633082061,0.5684896892848853,0.915345297787878,0.9152567196642334,0.8813995487063551,0.8818620743838803,0.9358928969195234,0.940682237729367,0.8287958453306286,0.8304690763888622
548,normal,0.026563776652732345,0.06342993504042861,0.0035685185208428794,0.003985353768523854,0.7177883638543241,0.7211282818475712,0.00885526785067134,0.0082761002646932,0.5493441583797803,0.5518767135730619,0.8914954937149502,0.8955241669937946,0.6169838373216459,0.6198473637510128,0.5669872978512995,0.5699068586105495,0.8705854582766028,0.8751071620185095,0.6291671164851437,0.6307789554432014,0.477988927388485,0.47980644470092426,0.791714118917735,0.7946028488715656,0.5459396572560042,0.5475031512872861,0.6890623816101965,0.6926145131530407,0.576975978174785,0.5821383983140271,0.9059648311387196,0.9122549542701152,0.5624554099647624,0.5646931049320912,0.9066104374669378,0.9094224181313342,0.8775554385250813,0.8756123340405165,0.9251099105054224,0.9328126641557714,0.8184617325459574,0.8246787391619066
551,normal,0.050366828558464936,0.08456248351679921,0.0038102496903499906,0.004165596451967174,0.714287775477208,0.718098025167558,0.0086799515718612,0.00888318442092641,0.5470438973435497,0.5489564402663851,0.8883229118867831,0.8903436019705138,0.6127888221352383,0.6164435427485063,0.5623800232782785,0.5671172472111718,0.8664398132371907,0.8708386283227043,0.6245875575987112,0.6274023808928192,0.4754927426957163,0.47715629006533544,0.7898024950443792,0.790720885269259,0.5426238147217401,0.5456293594891057,0.6858363524921935,0.6905494745300951,0.5774891715480028,0.5804405761932242,0.9041276400996552,0.9095362558829941,0.5595608860776586,0.5623167346663893,0.8988965348458478,0.9052049754770936,0.8663526031396546,0.8730035023830012,0.9255787360016876,0.9303911156491504,0.8155681809662495,0.821615416830738
552,normal,0.09438945949461774,0.06030170348323759,0.002386870329827001,0.003173619406152611,0.7416032607611889,0.7437262634639942,0.007169222270167625,0.004828076687685779,0.5836389592835808,0.5834402959727197,0.9430499484226652,0.9450501607837403,0.6526018907911444,0.6527452595345534,0.5953622587137146,0.5968980712450107,0.9089046637760364,0.9100274333832351,0.6497349599049108,0.6510839532931676,0.4943663342751876,0.49383120377436324,0.814150546483964,0.81594040809721,0.5595484276570459,0.5614051929380698,0.7044078174147511,0.7093059391958747,0.5905389458955392,0.5951730202280797,0.9255998103687222,0.932283104737553,0.5745982906618804,0.5761567736780269,0.9300924645634912,0.9285833835454939,0.894689186761616,0.8959839912765089,0.9463242642114252,0.9536515190754019,0.8396466637545335,0.8417867681288933
554,normal,0.03666249793031474,0.10722088049115856,0.0019235324097956442,0.002284999656433708,0.7403037813514624,0.7402456181590482,0.006271881332011202,0.004135708265630053,0.58085076408815,0.579856321205616,0.941916883484034,0.9395955904864493,0.650227353893178,0.6489097133542836,0.5931683184408475,0.593668022031411,0.9048710631971484,0.9054117602640545,0.6489315285213262,0.6479355635331765,0.493757508740366,0.49153468377352844,0.814150546483964,0.8121159712416666,0.5564398252811734,0.5590205329388986,0.7026640178915062,0.7065608664066219,0.5912720792858502,0.5928710636408353,0.9295038413267344,0.9285198189727651,0.5753042720977594,0.5734875027049898,0.9278236696749356,0.9242898768171307,0.8870009663990682,0.8920704212550739,0.9486683916927516,0.9503376339991944,0.8386132524760664,0.8379901660781257
555,normal,0.04411327060750899,0.08405886859546793,0.0033509877897968795,0.0038912134782613473,0.7359533686419368,0.7393043564317339,0.005405884509096815,0.003655958696882707,0.5766684712950034,0.5786252699102967,0.9373846237295096,0.937566935960189,0.6454782800972448,0.6475424354104259,0.5879759931283953,0.5927480803928631,0.9010615515393102,0.9040731252583488,0.6458784892637045,0.6470302920006791,0.4894957299966144,0.49078595903666683,0.8075101688186225,0.8108824961274571,0.553331222905301,0.558295486018542,0.7024024479630195,0.7058231249158217,0.589072679114917,0.5925419315078401,0.9237626193296576,0.9279900772797295,0.5710683834824856,0.5730419149395164,0.9187484901207118,0.923207811706133,0.8830470244983296,0.8909198106855168,0.942808072989436,0.9497006914162961,0.835513018640665,0.8373986167731529
557,normal,0.04391821515963927,0.06167760016157447,0.0020436277913691357,0.002592851121758477,0.7391528112658082,0.7402954020669903,0.006911609514581422,0.004696676143478487,0.5815478128870076,0.5805220587038443,0.941916883484034,0.9405294217108512,0.6470613046958892,0.6495566097836644,0.5924370050165585,0.5935626812986999,0.90778421917079,0.9050861747211737,0.6497349599049108,0.6481524616412782,0.491931032135901,0.49192324656133396,0.8131444286558819,0.812887513002444,0.5577523462843196,0.559226190419132,0.7032743477246419,0.706423979840809,0.5892926191320104,0.5923960526006209,0.9233033215698916,0.9276353987518285,0.5738923092260014,0.5731919547070117,0.9244204773421016,0.9246022009064573,0.8891976007883677,0.8924209403378411,0.9433941048597676,0.949693185176525,0.835513018640665,0.8372117649753205
567,normal,0.035081028589308824,0.06901959138928587,0.001987111327345754,0.0025371879933249165,0.7324752387712963,0.731444392858122,0.004574686038290716,0.0031268228120178705,0.5710920809041417,0.567431048986444,0.92718703928183,0.9207380276771505,0.6399376940019894,0.6359938664534778,0.5841000319796633,0.5822208242687147,0.8937786616052075,0.8922759511295764,0.643387851974592,0.6412240380342629,0.4882171963734888,0.486827354816355,0.8064034392077323,0.8048273688363835,0.5544365037500556,0.5535638253553818,0.6988276589403676,0.6992918687366317,0.5852603854852998,0.5869738641718086,0.9168731529331656,0.9199417941083018,0.5696564206107276,0.5696765894886456,0.9187484901207118,0.9180004295872932,0.884804332009769,0.8833379495197227,0.9378854052786508,0.9407065657901705,0.8314827146546433,0.8315233116277553
570,normal,0.03354399547897737,0.1041459874808152,0.004777182795588158,0.005298887870528249,0.7264094319288031,0.7311866147243913,0.003342606168536926,0.00380146039809121,0.5634245441167066,0.5653139633275569,0.9147233249568876,0.9173268195385379,0.6327349320781575,0.6340046266821495,0.5782495245853508,0.5813774248775113,0.8872800828947772,0.8914593954649745,0.6372817734593487,0.640688247037792,0.4833465920949156,0.48665046550953744,0.7974489905378024,0.8049495004315581,0.5509134210574002,0.5539093422540605,0.694293780179931,0.6997699634068745,0.583354238670491,0.5875009172364752,0.9141173663745686,0.9209213425900881,0.5663383078620966,0.5700392117958964,0.9119421054550442,0.9184717340996768,0.8743703186605973,0.8838851342600846,0.9335487694381972,0.9416537012745927,0.8255922703673806,0.8322506605272851
575,normal,0.038659179854033734,0.07857648629602275,0.004670404677268294,0.0050165825601354045,0.7358265783746532,0.731156173697385,0.0030996813061200707,0.003290332949088255,0.5717891297029993,0.5663793664459259,0.92718703928183,0.9187754814985345,0.6399376940019894,0.634789306724709,0.585855184197957,0.581520747987817,0.8987086178682925,0.8914902149467097,0.6456374598486291,0.6407135369938283,0.490104555531436,0.4864832294640911,0.8111321929997177,0.8045131045452383,0.5554036244892159,0.5535360418643142,0.7027512078676685,0.6994690559030736,0.5912720792858502,0.5873426965342066,0.927207352527904,0.9205065455275024,0.5710683834824856,0.5697743383102065,0.9210172850092676,0.9178800215790104,0.8891976007883677,0.8834476986763711,0.9452694068448284,0.9412686138600267,0.835513018640665,0.8317649519939777
576,normal,0.051707735118701977,0.08545305191801865,0.0020448202848353837,0.0026328090147757143,0.7288915301446958,0.7303441215229451,0.004693478558501322,0.003943030464581425,0.5662127393121374,0.5646400766765232,0.9158563898955188,0.9161748898278422,0.6343971079067342,0.6331388112924075,0.5807359902279337,0.5803214047718588,0.8896330165657951,0.8901657201059011,0.6393706950566688,0.6399951840976927,0.4869386627503634,0.4860912141101778,0.8048942624656094,0.8039533101058298,0.5515351415325748,0.55324335585239,0.6943809701560932,0.6989490441159275,0.582694418619211,0.5869144416018391,0.9151507863340425,0.9199595623031431,0.5678914670210303,0.5695975753997513,0.916479695232156,0.9176241236390168,0.8816192121452852,0.8829240454711789,0.9351896586751254,0.9405709155956872,0.8281757985635483,0.8315863909228997
582,normal,0.04131808849512634,0.07653485564378702,0.003237190345035119,0.003504742676238049,0.724531106624561,0.7277682969695961,0.006102129697767916,0.006228282475338777,0.5570116951672154,0.559215623359849,0.9058854184355652,0.9074280637622691,0.6261653799937832,0.6280144645248268,0.5735691186699009,0.5768075434880481,0.8810055931053963,0.8846543829749227,0.6347107930318777,0.6370876024050192,0.4825551188996475,0.48442951541309526,0.797750825886227,0.8018377944128153,0.5494627399486597,0.5522987652706501,0.6938578302991197,0.6981699120409672,0.5829143586363044,0.5863232466891989,0.914806313014218,0.9185310212037041,0.5676796725902666,0.5684935848179237,0.9113749067329052,0.9164185471352205,0.878104597122406,0.8825725243353522,0.9335487694381972,0.9397962789571473,0.8266256816458478,0.8299821776921253
583,normal,0.029304281169098053,0.057878098517717746,0.0028025739187867993,0.003473256451308873,0.7265896924061018,0.7293309783576546,0.005479985901362616,0.0058355864676803496,0.5606363489212757,0.5610257648631676,0.9101910652023634,0.9098654399799855,0.6289356730414111,0.62948759986875,0.5756167962579103,0.5782949745619338,0.884366926921136,0.8867033825018946,0.6382458911196502,0.6383304224995076,0.4853557163598271,0.48516039386071574,0.7992600026283502,0.8030602664128369,0.5498081402126456,0.553244328324181,0.6952528699177157,0.6995525100051937,0.5842339987388643,0.5878710000073554,0.9145766641343348,0.9210195615363361,0.5672560837287393,0.5696217190559643,0.916479695232156,0.9177046424919568,0.8779947654029411,0.8838428439313462,0.9363617224157889,0.9420047492029583,0.8274524106686214,0.8318370329760446
584,normal,0.03514083393211678,0.02704225616405377,0.0019667715214806768,0.0023094173754013045,0.7284227020059334,0.7287765052863402,0.005916659294389023,0.005828628864536138,0.562030446518991,0.5606457895174699,0.9124571950796256,0.9092308404388547,0.6311519074795132,0.6290773067516467,0.577371948476204,0.5778188581952416,0.8859355493684812,0.8859437894192804,0.638888636226518,0.6378047053952488,0.4866951325364347,0.48480482116275264,0.803686921071911,0.8025128638364112,0.55042986068782,0.5528731325158699,0.694991299989229,0.6990295287725391,0.5855536388414242,0.5873612786671527,0.9160693818535748,0.920229963069397,0.5703624020466067,0.5691922937303435,0.9187484901207118,0.9170422801984569,0.8807405583895652,0.88329692900623,0.9374165797823856,0.9411218400867521,0.8306559856318696,0.8312143691041345
585,normal,0.039732815050071625,0.040681419229398684,0.004011516294681132,0.004665612813636464,0.7251462023578633,0.7291577186525442,0.005875056699809247,0.005767659612952482,0.5592422513235601,0.5610412106850754,0.9054321924601128,0.9097378948328122,0.6276692533624957,0.6294384130325974,0.5756899276003392,0.5781611636063019,0.8833585267764141,0.8862758018338288,0.6361569695223303,0.6379984199860588,0.4838336525227729,0.48497470352941785,0.7995618379767747,0.8028960652299094,0.5489791795790795,0.5531522946241227,0.694293780179931,0.6994072026776035,0.5819612852289,0.5877665189536097,0.9121653508955626,0.9208374673826342,0.5668324948672119,0.569401185017831,0.915345297787878,0.9174142885921318,0.8796422411949156,0.8837826389007938,0.9321422929494014,0.9417660747860377,0.8251789058559937,0.8316298734224867
588,normal,0.041338008934358454,0.12172717667730837,0.002173465741287886,0.003011734028655006,0.7194487714900408,0.7214610079876458,0.007604419279920267,0.007996411615424123,0.5526202877344116,0.5523056740371274,0.8956878339878852,0.8963491823391623,0.6199915840590704,0.6205515924194649,0.5688887127544511,0.5704738688368369,0.8746190588554907,0.8754983407741408,0.6302919204221622,0.6309564873519696,0.4807286422951825,0.4799317217871448,0.7946318606191728,0.7947678699777457,0.5446271362528581,0.5478054331879715,0.6883648618008986,0.6929625490193717,0.5791753783457182,0.5823441428381575,0.9095243887769074,0.9124410168779915,0.5624554099647624,0.5646414906852804,0.9099001900553436,0.90964127568936,0.868659069248419,0.8761971255881944,0.9274540379867486,0.9333680455970095,0.8230087421712128,0.8246013187830494
589,normal,0.043944215263056745,0.09232740715789378,0.0018155867402714452,0.002236720090930268,0.7263125279448925,0.7258415957158261,0.00761434007089879,0.006894690347618991,0.5585452025247024,0.5571209766288567,0.9066785638926068,0.9036481833864601,0.6257696238441223,0.6253398202691124,0.5729109365880408,0.5746650218141494,0.8817899043290688,0.88148749294711,0.6384065773963672,0.6349408861398913,0.484564243164559,0.48274165576514977,0.8019765207641715,0.7993334352530402,0.5512588213213859,0.550856667913904,0.6966479095363116,0.6967210508776016,0.5832076119924289,0.5855649196466647,0.9140025419346272,0.9174140785024781,0.5683150558825576,0.5674903301082495,0.9187484901207118,0.9141905842325131,0.8810700535479601,0.880537612904554,0.9356584841713907,0.9385019603610908,0.8277624340521617,0.8287524504182187
590,normal,0.038707931611060904,0.07375221657464064,0.001585463231249568,0.002072723613732646,0.7234462890583909,0.723392384044417,0.0077616125679175856,0.007480953865380946,0.5557570073292714,0.5545664046841542,0.9012398521871776,0.8997212228240475,0.6232367844862914,0.6225913291217441,0.5721064918213229,0.5722907799205826,0.8776442592896566,0.8782961086800174,0.635433881277104,0.6328501674830886,0.4838945350762551,0.48129222538913213,0.7986563319315009,0.7969580562849043,0.5486337793150937,0.5490712994284408,0.693945020275282,0.6945116122920942,0.5827677319582423,0.5836687320551249,0.9097540376567902,0.9145023272581847,0.5659853171441571,0.5659928258065429,0.915345297787878,0.9117788667749458,0.8778849336834762,0.8777557211125371,0.9322594993234676,0.9353776124411003,0.8240421534496801,0.8264452371984468
593,normal,0.0662044119713533,0.13984556933784037,0.001633342092193663,0.0019068925219314454,0.7206784959705407,0.7208344771987798,0.007086380285957289,0.008456684177310532,0.5536658609326983,0.551612619406824,0.8986338028283262,0.8947239586961689,0.6211788525080535,0.6192224607236424,0.5688887127544511,0.5694214973859093,0.8758515479212617,0.8744642640515748,0.6310953518057468,0.6302585274564283,0.4802415818673252,0.47937744449904596,0.795738590230063,0.7941887459161769,0.5460087373088013,0.5473478412391715,0.6910677510619281,0.6926430103454532,0.581154838499558,0.5821610544486774,0.9087206176973164,0.9122527049935678,0.5635849802621686,0.5644020329636469,0.908765792611066,0.908873203068689,0.8741506552216672,0.8756289514213059,0.9305014037124728,0.9332119603475515,0.8222853542762858,0.8243958354154218
596,normal,0.13762094533731958,0.29721872422050183,0.012166898929359711,0.012794030921544162,0.707175977137844,0.7193428760672036,0.0073165123647132395,0.00822211006453735,0.5433495387096037,0.5508116425424245,0.8822043612181752,0.8930775903945851,0.6085938069488307,0.6181236487918081,0.5585040621295466,0.5684864862779581,0.8598291900662357,0.8727421275791885,0.6205704006807878,0.6287425891037074,0.4722050848076792,0.47814259436293016,0.7808480463744493,0.7920558100604446,0.5375118908147499,0.5461737220756424,0.6790355343515387,0.6912057173231158,0.5690581375594258,0.5811256199171004,0.8892004629072554,0.9105974532654523,0.5513715014214629,0.5631243643034443,0.8929976681356024,0.9065197540487575,0.8580053924603173,0.8737159353552156,0.9140925113431888,0.9315180052772569,0.804614021414498,0.822665832463431
610,normal,0.023372145654306935,0.14347961008834487,0.00630309423193067,0.006651053772441865,0.7448883867189106,0.7385852924869799,0.00499028664412329,0.0035374039682631196,0.5836389592835808,0.5776317765740208,0.9475822081771896,0.9362254262910578,0.6518103784918222,0.6466784177126953,0.5953622587137146,0.5918652071019235,0.912265997591776,0.9030836487359064,0.6529486854392496,0.6465508787999189,0.4961928108796526,0.49054020050958713,0.819181135624374,0.8104816111383142,0.5623116297689326,0.5578631967496879,0.7083313663420521,0.7050546040780418,0.5971371464083385,0.591839349526498,0.934096818924396,0.9270677713299881,0.5767162349695172,0.5727554419023555,0.9312268620077694,0.9227552013175735,0.8968858211509153,0.8901146045395031,0.9557007741367306,0.9485870480072737,0.8417134863114677,0.8368555879643119
611,normal,0.026999839415065254,0.08985372359377394,0.003287224637783147,0.003796094788565266,0.7356590663901446,0.7389462910279277,0.005881575510648427,0.003983260131689075,0.5773655200938613,0.5784414940095987,0.9351184938522475,0.937565824412949,0.6470613046958892,0.647415956295909,0.5893654886345444,0.5922886651241063,0.8996049735524896,0.9037152426645128,0.6441912833581768,0.6470100184889479,0.4895566125500965,0.49086887159466464,0.8089187337779373,0.8109635067927714,0.5535384630636925,0.5580099568869468,0.6984788990357186,0.7050942796467543,0.5881196057075128,0.591813973072712,0.9228440238101256,0.9270468322308616,0.5710683834824856,0.5729161902360073,0.91988288756499,0.9230524894013631,0.8837060148151195,0.8902910003402059,0.9418704219969056,0.9485075458130414,0.835513018640665,0.8370851004634193
613,normal,0.03889908650021845,0.0606424703132885,0.002370036812073288,0.002925820198036132,0.7383567175983913,0.7397173995487981,0.0071499686553069906,0.003952875807982349,0.5815478128870076,0.5791726376796887,0.941916883484034,0.9384203690916536,0.6494358415938558,0.6480657042122,0.5931683184408475,0.5924080728736261,0.9022940406050816,0.9038595479374455,0.6478067245843077,0.6475975707454187,0.491931032135901,0.4915627421992023,0.8121383108277999,0.8123717135015971,0.5575451061259281,0.5589467923961959,0.7023152579868572,0.706148431088559,0.588926052436855,0.5923792928852302,0.921466130530827,0.9276234684288744,0.5717743649183645,0.5732272009825975,0.9221516824535458,0.9245186457200778,0.8902959179830173,0.8921670627487513,0.9442145494782316,0.9495571275002009,0.8331361727001907,0.8371694123382508
614,normal,0.03681872430582127,0.14368904793825518,0.00529682645988687,0.005979244579665056,0.7333307572496688,0.7386275837095556,0.005424976171875638,0.003082555628055107,0.5731832273007148,0.5774485182224643,0.928320104220461,0.9355231509914148,0.6431037431992782,0.6462669279832527,0.5873178110465351,0.5908373995513226,0.8964677286577991,0.9015311276385476,0.6424237343142906,0.6461694988804916,0.4883389614804532,0.4906769576991115,0.8077113923842391,0.8112359122417522,0.5560944250171876,0.5583635056721579,0.7002226985589635,0.7056446046388032,0.5843073120778953,0.5921840085958572,0.9149211374541596,0.9271254038112012,0.5689504391748487,0.5725954885652818,0.91988288756499,0.9235503699576094,0.8870009663990682,0.8917958243183959,0.9382370244008496,0.9493666913839297,0.8301392799926361,0.8363535329108529
617,normal,0.03165009373503951,0.11869445312091821,0.003101758966234508,0.00391056107066318,0.7322261960790489,0.7351474366552466,0.004946672192846162,0.0025660061512920323,0.572486178501857,0.5715176621885754,0.92718703928183,0.9269873279928913,0.6407292063013115,0.6403646621434382,0.5846850827190945,0.5863509124350779,0.8953472840525526,0.8970002242875177,0.6425040774526489,0.6438098020196985,0.4889477870152749,0.48894615246005485,0.8072083334701978,0.808475500371679,0.5536075431164896,0.5562991315554433,0.6983917090595564,0.7027650019694667,0.5851137588072376,0.5897250312551864,0.9156100840938088,0.9239269757627381,0.5676796725902666,0.5716779761680992,0.917614092676434,0.9217688838563589,0.8834863513761895,0.8881458596026609,0.9391746753933802,0.9451265024597391,0.8280724574357018,0.8346188166105657
621,normal,0.030882474043098695,0.14212193054782543,0.0025985466965657484,0.002932335441189454,0.7488197271594919,0.7512626259457816,0.004486716472576686,0.0036998692855810347,0.5892153496744427,0.5903506686281048,0.949848338054452,0.9523524028642445,0.6557679399884332,0.6582023283114289,0.601212766108027,0.6031716289838169,0.9133864421970228,0.9169271735353803,0.6529486854392496,0.6547705382115648,0.4949751598100093,0.49682113758736174,0.8181750177962919,0.8224000185911629,0.5650748318808192,0.5673610700730575,0.7144346646734088,0.7177258020560375,0.60520161370176,0.6038786064644136,0.9444310185191342,0.9451864974558644,0.5774222164053961,0.5812637980552773,0.9312268620077694,0.9359046714597099,0.901279089929514,0.9066535415583017,0.967421411543362,0.9678085572523202,0.8479139539822705,0.8506861999902408
628,normal,0.07000147511532996,0.4828436135072784,0.003383755698167819,0.0037929653215436625,0.7495493447629951,0.752933100461163,0.0047543351675922475,0.004041176818659827,0.5899123984733005,0.5921296984191844,0.9532475328703452,0.9550342745494947,0.654976427689111,0.6600560262457693,0.6026753929566051,0.6047607421247962,0.9167477760127624,0.9188937175920625,0.6537521168228342,0.6560923789581048,0.495583985344831,0.49778606020825494,0.819181135624374,0.8240765088008395,0.5657656324087909,0.5685135691455788,0.7179222637198985,0.7192199766669323,0.6037353469211377,0.6053326972044378,0.9421345297203036,0.9473103485957425,0.5788341792771541,0.5822463471181184,0.9300924645634912,0.9376356281695528,0.9034757243188132,0.9083989143226997,0.967421411543362,0.9701417413462863,0.8468805427038032,0.8522340783719157
629,normal,0.06320463724829017,0.1618779670315162,0.003320513880396725,0.00385584821426386,0.7477827549032747,0.7511032687836715,0.005434805078139762,0.003802374951065303,0.5892153496744427,0.5904348903041019,0.9487152731158208,0.9521095008518565,0.6557679399884332,0.658117167172757,0.6026753929566051,0.6032597970607244,0.915627331407516,0.9166213397756299,0.6505383912884954,0.6544822011762896,0.4943663342751876,0.4966284436595709,0.819181135624374,0.8222539639054586,0.5650748318808192,0.5673390002950145,0.7153065644350313,0.717662008652622,0.6000696799695826,0.6038014666453762,0.9386897965220574,0.9449300811699224,0.5760102535336382,0.5809734897058234,0.9312268620077694,0.9355774889313104,0.9056723587081128,0.9066529013879993,0.9603890290993832,0.967638385726159,0.843780308868402,0.8502734429017993
651,normal,0.051499608451578374,0.07954988509000786,0.001610663892482649,0.0019641813389199396,0.7399233993692074,0.7398575794740352,0.002224317399386347,0.001668046421436916,0.5773655200938613,0.5756789812212008,0.9328523639749856,0.9298428275693306,0.6454782800972448,0.643082784324155,0.5902430647436913,0.5901342348466707,0.9012856404603596,0.9001983223064997,0.6448340284650445,0.6447143246030258,0.4890086695687571,0.48943127493588756,0.8101260751716358,0.8108381426010489,0.5595484276570459,0.5599882949535889,0.7074594665804295,0.7091467449363347,0.5956708796277164,0.5972264016162808,0.934096818924396,0.935363068271096,0.5767162349695172,0.5746663418126738,0.9255548747863797,0.9242679011598876,0.8924925523723165,0.895012155339838,0.9521845829147412,0.9567125641401032,0.843780308868402,0.8412744864209769
654,normal,0.050928603209894216,0.046085360743491656,0.0010626563308846742,0.0013280954140228406,0.7379515710498116,0.7376019380663116,0.0017393643409118842,0.0016713427675444036,0.5752743736972881,0.5738983483544348,0.928320104220461,0.9267085901264712,0.6407292063013115,0.6409718585667716,0.5894386199769733,0.5882835397583204,0.900837462618261,0.8975004199913114,0.6431468225595167,0.6427982818875335,0.4880954312665246,0.4880576035435837,0.8077113923842391,0.808673438999937,0.5595484276570459,0.558444549267445,0.7083313663420521,0.7070850239122248,0.5949377462374055,0.5953092190984193,0.9329485745249806,0.9323216046130423,0.5724803463542435,0.5728941365101248,0.91988288756499,0.9215320909915723,0.8935908695669664,0.8924296318034334,0.9533566466554044,0.9537180179398865,0.836546429919132,0.8386065917627845
660,both alarms,19.600704406370745,947.6453012516417,0.0017117978294461998,0.0023891751454669726,0.733803181845089,0.7323775588784525,0.0019245074200886733,0.0032662847296696554,0.5717891297029993,0.5676656187202809,0.9237878444659366,0.9171103532766219,0.6375631571040229,0.6345415275820039,0.58497760808881,0.5829434637917503,0.8929943503815347,0.8901622163903817,0.6382458911196502,0.6381401571223505,0.4857210116807201,0.48475270341732823,0.8044918153343765,0.8035071030132735,0.5547128239612443,0.555099406848215,0.7033615377008041,0.7028981691662183,0.5927383460664722,0.5919822352533102,0.927207352527904,0.9266420936874415,0.5703624020466067,0.5696689075053921,0.9187484901207118,0.9163545100768857,0.884804332009769,0.886850235456681,0.9486683916927516,0.9482793617906575,0.8344796073621978,0.8338204378348997
669,normal,0.1970154628512132,0.05979762172404907,0.0024106899827103854,0.0027748635090534242,0.7429886582367153,0.7441665282295974,0.008174364342660818,0.005012502483493958,0.588518300875585,0.5860160736364575,0.9487152731158208,0.9455456960540634,0.6573509645870776,0.6541083318287771,0.599750139259449,0.5984783180101411,0.9053192410392474,0.9076612706961779,0.6443519696348936,0.6481864492581044,0.4905916159592933,0.4921867950845856,0.814150546483964,0.815003129622161,0.5623116297689326,0.5620189181638847,0.7100751658652967,0.7107226007096117,0.5949377462374055,0.5972207308460374,0.9329485745249806,0.9345542215219128,0.5717743649183645,0.5749331780320572,0.9210172850092676,0.9269922417453526,0.8968858211509153,0.8983336780698458,0.9545287103960676,0.9577158282920053,0.8375798411975994,0.8411535183319792
674,normal,0.18685189439830002,0.1410610245521208,0.0023307299779819326,0.0027156525709297495,0.7400087024194664,0.7422058223527968,0.0035727749297628244,0.003127195835466705,0.58085076408815,0.5823553372738703,0.9362515587908788,0.9393755018130144,0.6454782800972448,0.6500134790666886,0.5946309452894256,0.5954850307942617,0.902518129526131,0.904167183751099,0.6439502539431013,0.6460913550756173,0.4878519010525959,0.49075568879760323,0.8088181219951293,0.8129738914659075,0.5602392281850176,0.5610195882727219,0.7109470656269192,0.7098113802473803,0.5949377462374055,0.596804192040339,0.9329485745249806,0.9339481515753846,0.5717743649183645,0.5742722148570382,0.91988288756499,0.9257795772682222,0.8957875039562657,0.89736090280652,0.9557007741367306,0.9569423488467028,0.8375798411975994,0.8403431560451738
692,normal,0.028466755785486714,0.08160555716598833,0.005195222396216405,0.005615357933987859,0.7201876153838894,0.7253828377801057,0.006453685182651905,0.005915300227334371,0.5556873024493857,0.5593677222414924,0.8980672703590106,0.9033665488343151,0.6221286672672401,0.6258351981156358,0.5723990171910385,0.575716748739075,0.8698011470529303,0.879573497685455,0.6254713321206543,0.6313053361777452,0.4755536252491983,0.48016613120751817,0.7910098364380775,0.7968491737379921,0.5484265391567023,0.5506623629304236,0.6936834503467953,0.697527630249324,0.5840140587217709,0.5869238639134227,0.9125098242153872,0.9187999203302294,0.5592078953597193,0.5652156240443054,0.9005981310122646,0.9105349941541104,0.877775101964011,0.8814577504946969,0.9369477542861204,0.9411808051751568,0.8199085083358116,0.827024934230899
693,normal,0.042886723239249004,0.07332211541284112,0.009422088450276518,0.009994805246010792,0.7165164715387032,0.7259385599889798,0.006966912691529088,0.005877762168287797,0.5536658609326983,0.55970220438937,0.8899092028008666,0.9043003413673305,0.6173795934713071,0.6263499208151951,0.5713751783970338,0.5760197849078138,0.8683445690661097,0.8802307049338731,0.6202490281273539,0.6320024415090335,0.4740315614121442,0.4806943247875115,0.7905067775240366,0.7976292399453571,0.5469758580479617,0.5511288092675997,0.6901958513003056,0.6980427142410598,0.5791020650066872,0.5872768657791347,0.905161060059129,0.9192811123933787,0.5561721751854397,0.5656130328144596,0.8979890168904253,0.9112930285062699,0.8762374578915016,0.8821295535398049,0.9287433081014782,0.9417377209578405,0.814741451943476,0.8275237196576228
701,normal,0.07032143170805281,0.16706226868344734,0.004173375652962323,0.004448422680908314,0.7581577806222263,0.753984404969264,0.004901329058627349,0.00405566130864497,0.5968828864618777,0.592910658367538,0.9611789874407628,0.9564032834445514,0.6660575998796217,0.6610594054208434,0.6107198406237847,0.6055893249650249,0.9257113328547354,0.9202909421702382,0.6601795678915113,0.656782926529461,0.5010634151582259,0.49842408419428247,0.8302484317332761,0.825137572954254,0.5726736376885074,0.5692086838023844,0.723153662289633,0.7201502337705296,0.607401013872693,0.6062131553087647,0.9524687293150416,0.9489381036217255,0.5880119379435805,0.583115173381871,0.9459740287833828,0.9389111897163366,0.9133605790706604,0.9095120040148252,0.9732817302466776,0.9715509444750571,0.8603148893238759,0.8535371983398007
705,normal,0.031768734210619876,0.06751240909447015,0.003754551046912067,0.004074299394411883,0.7540298443630337,0.7502752933161214,0.004636982572697926,0.0034352629039722327,0.5927005936687314,0.5893771212403514,0.9577797926248696,0.9504285197138105,0.6621000383830108,0.6568223925966612,0.6056006466537613,0.602222984960889,0.9201091098285024,0.9157573218928491,0.6561624109735881,0.6536737053048939,0.4986281130189393,0.49595448413910287,0.8262239604209479,0.8211763683449941,0.5699104355766209,0.5667088864369344,0.7187941634815209,0.7170763072928865,0.60520161370176,0.6034600859992545,0.9501722405162112,0.9446270085262892,0.5830700678924279,0.5805588823719394,0.935764451784881,0.9345060002289165,0.9100656274867116,0.9054236074986579,0.9721096665060146,0.9670905796773428,0.8541144216530732,0.8498157301482936
706,normal,0.04575538051192897,0.07821282386959376,0.005493479546850614,0.00649140516769384,0.7539986004419081,0.7485051208950575,0.003147069507370574,0.0027453413086700644,0.5878212520767273,0.5870444529392107,0.950981402993083,0.9470233173961945,0.6565594522877554,0.6546035876254809,0.6026753929566051,0.6002190554818689,0.918988665223256,0.9129224978035736,0.6553589795900034,0.6520584036910649,0.4980192874841176,0.49487446013259645,0.8262239604209479,0.819491786162268,0.5685288345206776,0.565620760185673,0.7187941634815209,0.7157145616109536,0.6103335474339371,0.6023201490133798,0.9570617069127032,0.9428204281902217,0.5844820307641857,0.5795124255545906,0.939167644117715,0.9329407102027115,0.9089673102920616,0.9039047856122483,0.9767979214686672,0.9652871580368462,0.8572146554884744,0.8482285155770952
720,normal,0.027999741678302204,0.06093305082436796,0.009294391418553054,0.009725105391541141,0.738350033347807,0.74764442476636,0.00716761948004153,0.005122232507418225,0.5836389592835808,0.5891175122413433,0.9441830133612964,0.9505396781829977,0.650227353893178,0.6567056751823732,0.5953622587137146,0.6010893851268619,0.9006133736972115,0.9127780757760403,0.6433075088362337,0.6511348076637868,0.4886433742478641,0.4941358506966111,0.8050954860312257,0.8182366870679267,0.5546437439084471,0.5643596861962472,0.7043206274385888,0.7139043458531089,0.5920052126761612,0.6002516259255941,0.927207352527904,0.9391084339706463,0.5703624020466067,0.5773761699548383,0.9187484901207118,0.9310883389857068,0.8880992835937181,0.9025404721625434,0.951012519174078,0.9625615635512565,0.8344796073621978,0.8450269124902376
721,normal,0.03612935596118494,0.08477923413301398,0.002672345973691445,0.003204890894911348,0.7481811099885075,0.74644664646961,0.007829944217074745,0.0046139616101094705,0.5933976424675891,0.5875341687193084,0.9543805978089762,0.9480514704953746,0.658933989185722,0.6550709511426568,0.6026753929566051,0.5998073133264937,0.9145068868022694,0.9111501879375127,0.6521452540556648,0.6502471931560583,0.4949751598100093,0.49350649261638174,0.819181135624374,0.8171290190435077,0.5650748318808192,0.5635782243529482,0.7135627649117865,0.7129289081731438,0.5978702797986496,0.599377807022975,0.934096818924396,0.9378543089610152,0.5760102535336382,0.576743958828555,0.9323612594520472,0.9301380490147718,0.9067706759027624,0.9013657321934613,0.9603890290993832,0.961138085918,0.8427468975899349,0.8439711190812051
727,normal,0.04558779042549259,0.11661664352149718,0.005164732190242556,0.005915019734039957,0.7480364992078495,0.7428717670176068,0.0027817752516301362,0.0018726260068940178,0.5822448616858654,0.5811068785075948,0.9385176886681408,0.9372189870401132,0.6494358415938558,0.6487158774667022,0.5968248855622927,0.5946821463591998,0.9111455529865295,0.9038629019366429,0.6497349599049108,0.646327821490274,0.4943663342751876,0.491135408845129,0.819181135624374,0.8140137874735096,0.5671472334647342,0.5617675577640047,0.7170503639582761,0.7109848707227894,0.6022690801405158,0.5981534591690978,0.943282774119719,0.9361023436431553,0.580952123584791,0.575688562022293,0.938033246673437,0.9283314157848296,0.9100656274867116,0.8993484342401267,0.967421411543362,0.9590172179412109,0.8489473652607377,0.8423623688926449
730,normal,0.06667201381123082,0.11065880851128827,0.0012757412852356816,0.0015942726812744371,0.7361325291425269,0.7351179327191651,0.0030370588756132195,0.00311122231179413,0.5717891297029993,0.5702166963570334,0.9237878444659366,0.9205761919543284,0.6383546694033452,0.6375059387642256,0.5868058916495327,0.5858593645792459,0.8931063948420596,0.8926358891672996,0.6405758421320458,0.6396477308648651,0.4868168976433991,0.4865306329066625,0.8066046627733489,0.8068897164863154,0.5580286664955083,0.5570854590560966,0.7057156670571847,0.7054608747924761,0.5956708796277164,0.5936752239153492,0.9318003301255654,0.9291399482561815,0.5717743649183645,0.571355790375809,0.9210172850092676,0.92155493022184,0.8902959179830173,0.8916929503834058,0.9545287103960676,0.9513663573144394,0.8375798411975994,0.8358111608302329
744,normal,0.04925729329663099,0.083085440672096,0.0012133786913828075,0.0015030301600754059,0.7477718316395882,0.7480917012468703,0.004987090352157913,0.004525570833072774,0.588518300875585,0.5889872289268943,0.9487152731158208,0.9496782010496192,0.6565594522877554,0.6562230011039955,0.601212766108027,0.6010500387469597,0.912265997591776,0.9128922549945417,0.6497349599049108,0.65118900733228,0.493757508740366,0.49429585638391843,0.819181135624374,0.8187438950737564,0.5636932308248759,0.564857320062591,0.7135627649117865,0.7147022575439356,0.6037353469211377,0.6011391319724769,0.9421345297203036,0.9404551271734239,0.5767162349695172,0.5778717540903612,0.9289580671192136,0.9320026659160464,0.901279089929514,0.903650199336657,0.966249347802699,0.9638665571788287,0.8458471314253362,0.8459544243105093
752,normal,0.0665183905894866,0.09359641938878618,0.013384704612477335,0.013844225932591925,0.7554383762901291,0.7420536716776518,0.0024088031647978387,0.0021763704399698452,0.5899123984733005,0.5810620709494944,0.9532475328703452,0.9370231398857731,0.6573509645870776,0.6484000247813986,0.6056006466537613,0.5945136820620784,0.9223499990389954,0.9033001464763804,0.6577692737407574,0.6456453233775,0.4986281130189393,0.4904349858039724,0.8262239604209479,0.8126491662141585,0.5726736376885074,0.5608860647031777,0.7240255620512555,0.7100220675313591,0.6088672806533152,0.5975953830656345,0.9536169737144572,0.9352068059259311,0.5844820307641857,0.5748629404356158,0.939167644117715,0.9262367049333486,0.9155572134599596,0.8975367899477017,0.9767979214686672,0.9581168319903931,0.8561812442100073,0.8414202904361626
757,normal,0.025746852301006325,0.10605780428071916,0.00337477537979399,0.0037731421398115627,0.7398496521880501,0.7419130372859883,0.004547806876759063,0.0012946178986259287,0.5766684712950034,0.5793531570849628,0.9294531691590922,0.9348207704296821,0.642312230899956,0.6468468499407094,0.5902430647436913,0.5933999323102404,0.8971399954209471,0.9027234446548651,0.6421023617608567,0.6458189685253669,0.487912783606078,0.4906708885357156,0.809220569126362,0.8131085771928562,0.5623116297689326,0.5611626013163254,0.7118189653885416,0.7102968411009456,0.5986034131889606,0.5978282324736433,0.9329485745249806,0.93579920126985,0.5731863277901224,0.5754065234394212,0.9221516824535458,0.927207417032108,0.9045740415134632,0.8979103212758243,0.95921696535872,0.9581802016561048,0.8375798411975994,0.8419877056231804
759,normal,0.030183517938269667,0.07206518583849647,0.002269738031441227,0.0032099534865544545,0.7400818024075007,0.7379284523313221,0.004244429341932073,0.002013708371238191,0.5745773248984304,0.5739750197181593,0.9294531691590922,0.9263061213146078,0.642312230899956,0.641463988997387,0.5902430647436913,0.5891119512041237,0.8972520398814721,0.8967119945763672,0.6423433911759321,0.6420433103342171,0.4883998440339354,0.4882201785332639,0.8111321929997177,0.8095342986078596,0.5595484276570459,0.5589069679723399,0.7118189653885416,0.707586316833489,0.6008028133598936,0.5954550927445889,0.9352450633238112,0.9318920872416688,0.5724803463542435,0.5729350451940391,0.9232860798978236,0.9238206786777619,0.8990824555402148,0.8944167560490299,0.9627331565807096,0.9541543780402768,0.8406800750330006,0.8382495035932984
764,normal,0.026927565076738224,0.08666003556524113,0.0014608648851661655,0.002064212347735715,0.7337008805092214,0.733260083630328,0.005715425459816196,0.0038356007790249186,0.567606836909853,0.567906917292844,0.9147233249568876,0.9171129316447237,0.6335264443774796,0.6352239457138967,0.5839537692948055,0.5837170421719545,0.8897450610263197,0.8896979097562295,0.6360766263839717,0.6379430287166005,0.4856601291272379,0.485307465049807,0.8070071099045816,0.8050953550474832,0.5576832662315225,0.5559109220157232,0.7057156670571847,0.7039660877717417,0.5927383460664722,0.5921940507125252,0.9283555969273192,0.9270532659070169,0.5696564206107276,0.5704303500953197,0.9210172850092676,0.9201361876441924,0.8968858211509153,0.8902843362235107,0.9498404554334148,0.9490757599343496,0.832722808188804,0.8343658660176565
772,normal,0.047598635181586406,0.08544829033141778,0.0020744905719581644,0.002575625280069331,0.7245574397191727,0.7251889514053698,0.009537843412818159,0.007039397640684301,0.5551296634102995,0.5576866666534787,0.8958011404817484,0.901759631646642,0.6223661209570368,0.6249497047833418,0.5756899276003392,0.5745066035519231,0.8732745253291947,0.8780075595124731,0.6285243713782759,0.630844376844735,0.4795718737790213,0.48027434136203806,0.798253884800268,0.7974803890608548,0.552916742588518,0.551096361502647,0.6998739386543146,0.697802518064915,0.5876797256733262,0.5867813240887294,0.9156100840938088,0.9184517905359855,0.5651381394211024,0.5655235211163718,0.915345297787878,0.9117459963844563,0.884804332009769,0.8829771973902308,0.9412843901265736,0.9411925286682613,0.8262123171344609,0.8271316627242026
774,normal,0.05353837229832387,0.22343782009896143,0.009418991594383478,0.010700121048315152,0.7564948379308661,0.7470758463364825,0.010784250091951409,0.004616384962038055,0.6031563256515974,0.5864214629420968,0.9691104420111808,0.9491313745880742,0.6700151613762326,0.6556803644359295,0.6136450943209408,0.6005601968456215,0.929072666670475,0.9143072025613638,0.6585727051243421,0.6529304118068494,0.4992369385537609,0.49504300934560413,0.825217842592866,0.818498781566188,0.5671472334647342,0.5638172201311198,0.7161784641966537,0.7128031969644226,0.605934747092071,0.5989133007955041,0.9524687293150416,0.9373218581977997,0.5844820307641857,0.5779967771465571,0.9368988492291592,0.9312121266173964,0.9056723587081128,0.9003318766677169,0.967421411543362,0.9600986572634604,0.8561812442100073,0.8452215698444996
778,normal,0.05341146994137578,0.16405044820639134,0.03839593295128457,0.03966744608187537,0.7072779609371181,0.7456738938884028,0.011963078480254163,0.0035469719136274336,0.5613333977201334,0.5857777090530493,0.8919487196904027,0.9448153718602009,0.6176961983910358,0.6530893634186316,0.5623068919358496,0.5985829320635164,0.8509776776847874,0.9096741879452861,0.608358243650301,0.6493456047279754,0.4622812285900862,0.49285246383784853,0.7665611732156847,0.8163569522256476,0.5289459642679013,0.5632976432187259,0.6682239773074207,0.7126874434148577,0.5632663837759687,0.5992983108689556,0.8896597606670215,0.9378530719751749,0.5585725120674281,0.5768477060977927,0.8923170296690356,0.9298133972570719,0.8626183246778457,0.9010270091951461,0.9228829893981624,0.9609313017488856,0.815774863221943,0.8442057271940793
785,normal,0.028512998307538846,0.08752743373415074,0.0026942493861420347,0.003102635434788077,0.7436320963182949,0.7418095252272295,0.004679237030080859,0.0020934555111451073,0.5843360080824387,0.5807910499222059,0.939650753606772,0.936558715915318,0.6494358415938558,0.6479088214410583,0.5975561989865817,0.5943122260784427,0.9066637745655431,0.903121739125672,0.6466819206472892,0.6454699125415793,0.4883998440339354,0.4902728904338348,0.8111321929997177,0.8124131245837646,0.5630024302969042,0.560865868349371,0.7135627649117865,0.7099510307971424,0.6000696799695826,0.597301071861483,0.937541552122642,0.9348216512570635,0.5745982906618804,0.5746635945300878,0.9221516824535458,0.926092202976446,0.9023774071241636,0.8975123830566241,0.9639052203213728,0.9577761078267101,0.8406800750330006,0.8409295381660992
786,normal,0.034177078792719764,0.06699147994388409,0.0022645322751817815,0.002787267813123517,0.7430372446994897,0.7419261551287599,0.004159503826782771,0.0021502087885257965,0.5843360080824387,0.5809758410393139,0.941916883484034,0.9367995998430751,0.6486443292945334,0.6481958473080213,0.5953622587137146,0.5944739931974055,0.9066637745655431,0.9032516857458984,0.6468426069240061,0.6455625066400303,0.4913222066010794,0.49032433523403124,0.8101260751716358,0.81238200692195,0.5602392281850176,0.5607777129715131,0.7092032661036743,0.7099361223450634,0.6000696799695826,0.5975179586989569,0.940986285320888,0.935214223159644,0.5760102535336382,0.5748764278642142,0.9244204773421016,0.9259839712697407,0.8924925523723165,0.8972060486543209,0.95921696535872,0.9579325316722265,0.843780308868402,0.8413338246235149
787,normal,0.029900248760297357,0.08788856345986346,0.0018622607574224168,0.0020561575017767992,0.7439361605473098,0.7451100854537271,0.0025832302828074816,0.0022610566204817172,0.5822448616858654,0.5836277169620172,0.9373846237295096,0.9412046060384677,0.6494358415938558,0.651140804200161,0.5946309452894256,0.5968297116110246,0.9045349298155746,0.9070732158150763,0.6475656951692323,0.64828035802864,0.4909569112801863,0.4924970822625006,0.814150546483964,0.8160610615729457,0.5623116297689326,0.5633067220131379,0.7100751658652967,0.7129947174116171,0.6000696799695826,0.599962290416812,0.9398380409214728,0.9388423890177391,0.579540160713033,0.5770895478547209,0.9278236696749356,0.9301358669718102,0.8990824555402148,0.9014128417268364,0.9603890290993832,0.9618291785247789,0.8468805427038032,0.8445833422850756
792,normal,0.053084749000771085,0.11579512925771361,0.007891389135519752,0.008153646816242477,0.7294313863712425,0.7373227755067623,0.003940356871357426,0.0023019897654924727,0.5655156905132798,0.5730779837705045,0.9124571950796256,0.9250497998870786,0.6316268148591065,0.6405216357611132,0.5810285155976492,0.588296039068365,0.8861596382895307,0.8957566283761177,0.6345501067551609,0.6414664404843677,0.483103061880987,0.4878452321029789,0.7993606144111584,0.8090537497052059,0.5522259420605463,0.5585390243976509,0.6994379887735033,0.7071200156828557,0.5882662323855751,0.5950423591954134,0.9213513060908856,0.9313118098833826,0.5668324948672119,0.5726231901000738,0.916479695232156,0.9234518226360621,0.8891976007883677,0.894009768635076,0.942808072989436,0.9535461349160032,0.8299325977369426,0.8377755490127093
798,normal,0.029625891094002828,0.11573561707023061,0.004645058673494975,0.005457037628191043,0.7369711857214439,0.7323261270479489,0.0066202615440228525,0.004793662828146567,0.567606836909853,0.56617646016118,0.9203886496500432,0.9144490017079979,0.6351886202060564,0.6333507152747014,0.5841000319796633,0.5821760890961469,0.8935545726841582,0.8879101432219458,0.6421023617608567,0.6367970451582302,0.4863298372155418,0.48460377944570543,0.8063028274249242,0.8044980896638156,0.5581668266011026,0.5556818601777749,0.7100751658652967,0.7038511949445296,0.5993365465792716,0.5919394785572197,0.9363933077232268,0.9265042453868633,0.5731863277901224,0.5697475531938424,0.9221516824535458,0.9190965029987322,0.8935908695669664,0.8902145891731567,0.9603890290993832,0.9491251014219493,0.8396466637545335,0.8334223102313397
799,normal,0.03408964688479722,0.11356176685996293,0.004879246289753072,0.005327211042036354,0.7376113993804532,0.7327321530907003,0.00650722635261573,0.004793237094956353,0.5690009345075684,0.5665562258079264,0.91698945483415,0.9148867891822698,0.6367716448047006,0.6336706395071463,0.5862208409101015,0.5825234187665355,0.8928823059210101,0.8884183619161916,0.6401741264402534,0.6371299611524286,0.4880954312665246,0.48488097686899134,0.8101260751716358,0.8049291356767605,0.5602392281850176,0.5560159840848377,0.7092032661036743,0.704252071077966,0.5964040130180275,0.5923531766449294,0.9329485745249806,0.9270238738147867,0.5760102535336382,0.5700193412547482,0.9300924645634912,0.9195274606779785,0.8957875039562657,0.8906006704063674,0.9557007741367306,0.9498214172077198,0.8427468975899349,0.8338370984943192
802,normal,0.04419854815254441,0.10103197479295274,0.011986399703353457,0.012221639596165786,0.7138014404716131,0.7257878401749666,0.006793150248397779,0.006300215347178824,0.5494835681395519,0.5591906271214734,0.8879829924051937,0.9034781908712946,0.6149259053434083,0.626093001388526,0.5664753784542972,0.5756118802278707,0.8656555020135179,0.8793561425287356,0.6198473124355617,0.6313956379875203,0.4718397894867863,0.4805129072669703,0.7848725176867772,0.7977849056776849,0.5424165745633487,0.5512167960916827,0.6861851123968425,0.6980001631611074,0.576975978174785,0.5871994838021328,0.9025200979404736,0.9191980132311437,0.5561721751854397,0.5657038317865364,0.8973083784238586,0.9117281768767979,0.8706360401987885,0.882724743228891,0.9271024188645498,0.941624114333032,0.8142247463042424,0.8275746673930322
806,normal,0.051237216645802726,0.15748144238993655,0.002695027052010357,0.003192911185070688,0.7461143366836964,0.7485159145192676,0.00412818312584658,0.00467324125582968,0.5864271544790117,0.5890912645349946,0.9475822081771896,0.9508739449914504,0.6526018907911444,0.6569531759618926,0.5960935721380037,0.6015382442357914,0.9089046637760364,0.9141647694848561,0.649574273628194,0.6523899223654036,0.4931486832055443,0.4950374994737276,0.8151566643120459,0.8195140197643144,0.5643840313528476,0.565099992828471,0.7135627649117865,0.7147446663036044,0.6015359467502047,0.6008358646362069,0.9398380409214728,0.9401712061852392,0.5760102535336382,0.5784309803462564,0.9278236696749356,0.93275054836112,0.9034757243188132,0.9035703183838376,0.9650772840620356,0.9632830478362996,0.8427468975899349,0.8463210811340817
808,normal,0.038725909277939334,0.11896089213846651,0.007541398308930946,0.007861064341083428,0.755287654023339,0.747746255714408,0.004230261452017632,0.004549399374729952,0.5940946912664468,0.5886851097789858,0.9577797926248696,0.9494660902761011,0.6628915506823329,0.6560080274245002,0.6056006466537613,0.6006595711297927,0.918988665223256,0.9125167538921496,0.6577692737407574,0.6510285594009904,0.4992369385537609,0.4941858113719161,0.82723007824903,0.8184763092957418,0.5712920366325642,0.5645264577344533,0.7205379630047658,0.7142982393242837,0.605934747092071,0.6006790212642357,0.9490239961167958,0.9397865320193326,0.5851880122000647,0.5776758695193258,0.9459740287833828,0.9317345139607053,0.9122622618760108,0.9032316511952304,0.9709376027653516,0.9632185500469689,0.8551478329315403,0.8455092795102224
810,normal,0.046968630322841834,0.06178133217069649,0.005900055612103997,0.006517372553422077,0.7493769432294913,0.7434768876173872,0.004905890961932289,0.003397960393350168,0.5899123984733005,0.5839504846793401,0.9532475328703452,0.9416499450281911,0.6573509645870776,0.6511549890874768,0.5982875124108709,0.5965859090055619,0.9145068868022694,0.9064475350306039,0.6529486854392496,0.6471617398830455,0.4943663342751876,0.4912896146565372,0.8201872534524559,0.8137639919180804,0.5650748318808192,0.5615311347976644,0.7144346646734088,0.7106227991101267,0.6022690801405158,0.5979251525190722,0.9478757517173804,0.9358300001365384,0.5802461421489119,0.5754240006964959,0.9300924645634912,0.9267948774542721,0.9023774071241636,0.8981320607242753,0.966249347802699,0.9585871975319203,0.8499807765392047,0.8422556572363811
817,normal,0.03847264395530285,0.17520066892524858,0.0013343943872470515,0.0017009315614968648,0.7439030404170298,0.7447116555019199,0.00243809150794847,0.002490188958218162,0.5822448616858654,0.5836129657802334,0.9385176886681408,0.9410770324457131,0.6494358415938558,0.651139680984306,0.5946309452894256,0.5965748017245367,0.902406085065606,0.9065410956009773,0.6474050088925153,0.6478975620841075,0.4925398576707227,0.49223471288247916,0.8151566643120459,0.8157298396980859,0.5643840313528476,0.5630716518336716,0.7135627649117865,0.7126759932702614,0.5986034131889606,0.5994584399652768,0.9352450633238112,0.9378304948236782,0.5767162349695172,0.5765379572286102,0.9312268620077694,0.9297003853101565,0.901279089929514,0.9011293465741672,0.95921696535872,0.9612162047851979,0.843780308868402,0.8436699785411794
820,normal,0.03339595738827937,0.09517705723642564,0.005778265128551537,0.00630426069067517,0.7476620415352583,0.7418837764067069,0.0022575758483599777,0.0017236557946412223,0.5829419104847231,0.5803178891403621,0.939650753606772,0.9359876687600113,0.650227353893178,0.6476187570410813,0.5968248855622927,0.5938649329446791,0.910025108381283,0.9029502585845138,0.6505383912884954,0.6457543240460967,0.4949751598100093,0.4904887319949634,0.8211933712805378,0.8126696433252879,0.5657656324087909,0.5608419996911715,0.7170503639582761,0.7099619876567981,0.6022690801405158,0.5975373196049186,0.9421345297203036,0.93529537477194,0.5788341792771541,0.5750777344005232,0.9368988492291592,0.9266278063108625,0.9089673102920616,0.8974743248747192,0.9650772840620356,0.9579284323868847,0.8468805427038032,0.8416270133792019
834,normal,0.03442287099777397,0.06776691446561245,0.0038516810223547414,0.004078293113905064,0.7293533653918489,0.7255016843694941,0.006101863195310946,0.006367623556205909,0.562030446518991,0.5586735985469482,0.9090580002637322,0.9030922787507353,0.6298063365706653,0.6256146924728057,0.5775182111610618,0.5751368114269688,0.8841428380000868,0.8792838688542722,0.6363979989374056,0.6316393083133315,0.4829204142205405,0.4805921289037767,0.8014734618501306,0.7976681837228521,0.5540911034860698,0.5509137286135596,0.7012689782729105,0.6975295448763492,0.5874597856562328,0.5868181306757949,0.9231884971299502,0.9187160074678953,0.5696564206107276,0.5657500113278586,0.917614092676434,0.9116781807949349,0.8870009663990682,0.882003972222715,0.9432768984857012,0.9408701848852464,0.8321027614217237,0.8275480024253568
839,normal,0.04501563048304347,0.09279363876391301,0.0026592356063883335,0.0035977507645582616,0.7591566049719858,0.7567347178103746,0.008532129609553558,0.005803056131165568,0.6024592768527397,0.5969134868707795,0.973642701765705,0.963375168517773,0.6700151613762326,0.6653776379492363,0.6092572137752066,0.6090439642472174,0.9279522220652284,0.9253357480997441,0.6625898620422653,0.6599467282203767,0.5028898917626909,0.5004427399345641,0.8302484317332761,0.8280185703570404,0.5692196350486491,0.5706608206574356,0.7214098627663883,0.7215297089563087,0.6096004140436262,0.6067690688214216,0.9536169737144572,0.9501865176836541,0.5851880122000647,0.5847794575982456,0.9414364390062708,0.9418928689881706,0.9122622618760108,0.9117923275291603,0.975625857728004,0.9725803039980665,0.8582480667669417,0.8558450843471747
843,normal,0.2677632921318887,0.879422456406301,0.01832377377325262,0.018958218213906086,0.772652407092939,0.7543286333196866,0.009551923811035775,0.004980038653965701,0.6150061552321788,0.5942170779559365,0.9895056109065404,0.9588212456183363,0.684262382764032,0.6625512611475571,0.6224208554124094,0.6063137502279242,0.9458793357491738,0.9211549455667412,0.6746413327960351,0.6574173906887657,0.5120222747850158,0.49877601029888896,0.8443340813264242,0.8254814976641843,0.5809632440241674,0.5691298920921734,0.7344883591907245,0.7198579665506923,0.6169317479467366,0.6054777293886275,0.9673959065074414,0.9479591867249527,0.596483715174128,0.58317349141969,0.962989990447552,0.9395137375767492,0.9287370197957556,0.9097453250138277,0.9873464951346356,0.9705324621889972,0.8716824133870141,0.8534637963106261
844,normal,0.061126135155745026,0.1885392484788965,0.011403745701498122,0.01185370675602934,0.7624137392561156,0.7510099935546176,0.0043667009109747005,0.003335856335428722,0.5996710816573088,0.5897101751736125,0.9668443121339184,0.9514152203649678,0.667640624478266,0.6576287401754842,0.6099885271994956,0.6025517410873193,0.9313135558809684,0.9161430287448382,0.6641967248094346,0.6541916744798211,0.5028898917626909,0.49651116931546263,0.83226066738944,0.8220505541517988,0.5747460392724225,0.567281485044626,0.7301288603826125,0.7177831579014308,0.6154654811661143,0.6040022576969655,0.959358195711534,0.9454477501531102,0.5887179193794594,0.5811778096113117,0.9471084262276606,0.935906578408644,0.9221471166278576,0.9066096153932028,0.9861744313939724,0.9681176461451586,0.8623817118808099,0.8506412865807437
845,normal,0.02279537952819249,0.08939217008101585,0.012900385586707645,0.013331330886744793,0.7672045537756048,0.7543041681888972,0.005539269747870295,0.003896137786961328,0.6052474720481706,0.5930030344082452,0.9759088316429672,0.9567835006822609,0.6731812105735214,0.6612585378975039,0.61437640774523,0.6053881809732006,0.9369157789072012,0.9202472154211552,0.6690173131109426,0.6571661335261884,0.5071516705064425,0.4987938302020105,0.8393034921860142,0.8256221764501682,0.5809632440241674,0.5695225459279537,0.7353602589523469,0.7205911305887205,0.6161986145564254,0.6063916724097066,0.9616546845103646,0.9492149675809943,0.5915418451229753,0.5834451285009106,0.9527804134490504,0.9396400491063266,0.9287370197957556,0.9101347454646153,0.989690622615962,0.9719765847000427,0.8644485344377444,0.8539914253712487
846,normal,0.022508309771117542,0.07118313206627473,0.014629671985140421,0.01517718495317084,0.7684264256522075,0.7537967536670673,0.0054744875818756086,0.003991527712538833,0.6059445208470283,0.5927294349641552,0.9793080264588604,0.9562675486574889,0.6739727228728436,0.6609673784474591,0.615107721169519,0.6050707181586449,0.934674889696708,0.919561368657426,0.6690173131109426,0.6566529561841268,0.5077604960412643,0.4984486540664495,0.8403096100140962,0.8250633756534421,0.5802724434961958,0.5690766566195516,0.7353602589523469,0.7200309976652898,0.6191311481176694,0.6059273829476598,0.9673959065074414,0.9484228221217592,0.5915418451229753,0.5830349177841156,0.9550492083376064,0.9390960744458527,0.9254420682118064,0.9095899204011664,0.9943788775786144,0.9712230400439055,0.868582179551613,0.8533815655216511
857,normal,0.05121806859975542,0.07234338400786003,0.006675529769881335,0.007174994692464494,0.7532847326791352,0.7466092029092539,0.004389893349764436,0.0019499825228083856,0.5927005936687314,0.5845041509878154,0.9543805978089762,0.9430567430482241,0.658933989185722,0.6522058256880079,0.6026753929566051,0.5979607006877153,0.9178682206180092,0.909695271715511,0.6569658423571728,0.6504615918420699,0.4986281130189393,0.4938457700843888,0.8262239604209479,0.8178273180948256,0.5706012361045925,0.564468197287196,0.723153662289633,0.7142114583406614,0.605934747092071,0.6010652978379085,0.9455792629185495,0.9409304957148253,0.580952123584791,0.5784373731100556,0.9368988492291592,0.9315699673671738,0.9144588962653096,0.9022899650548563,0.9709376027653516,0.9633108845137583,0.8489473652607377,0.8465154380823231
859,normal,0.025684897907179306,0.09304181731306801,0.007879300726745475,0.00847220730643063,0.7508459320123645,0.742966631285619,0.002612668000266697,0.0013716577781798529,0.5878212520767273,0.5784223409082221,0.950981402993083,0.9342377848053527,0.654976427689111,0.646115059142719,0.599750139259449,0.5926878806933736,0.915627331407516,0.9035309953983611,0.6553589795900034,0.6475015397652626,0.4968016364144743,0.4919054250554249,0.82219948910862,0.8148055427343671,0.5671472334647342,0.5625054830424125,0.7187941634815209,0.7120139694062315,0.60520161370176,0.5990770114443673,0.9467275073179648,0.9379895515196407,0.579540160713033,0.5767202397453258,0.935764451784881,0.9291793980824493,0.9067706759027624,0.8995376413740624,0.9709376027653516,0.9601586851277553,0.8499807765392047,0.8440441836101953
865,normal,0.050304038620514815,0.13246049603116514,0.004847933761850054,0.005292502326849239,0.748600535197411,0.743752601435561,0.003066161208371419,0.0025684817330694693,0.5815478128870076,0.577727604937589,0.9407838185454032,0.933189900642029,0.6486443292945334,0.6453556825902139,0.5960935721380037,0.5921104880900572,0.912265997591776,0.9035428683190186,0.6529486854392496,0.6479601283043201,0.4949751598100093,0.4923799114650476,0.819181135624374,0.8158083713835522,0.5678380339927059,0.5634478056369535,0.7205379630047658,0.713467543255035,0.6044684803114487,0.600581204784392,0.9444310185191342,0.9404104490868175,0.5802461421489119,0.5776539211675573,0.9323612594520472,0.9305956316611355,0.9089673102920616,0.9011449581321856,0.9709376027653516,0.9626319654213127,0.8499807765392047,0.8457857895273205
879,normal,0.5665689493461155,0.21095830548604624,0.0017425389112253004,0.0023489291074284763,0.7474872559648257,0.7464339731205736,0.006192332667320209,0.004056392931675564,0.591306496071016,0.5871550263120591,0.9521144679317142,0.9466422758829163,0.6565594522877554,0.6545385400692464,0.5990188258351599,0.599081630757275,0.9111455529865295,0.9099561920783437,0.6497349599049108,0.6496089253446131,0.4943663342751876,0.4932621513924542,0.8181750177962919,0.8171015580167399,0.5630024302969042,0.563771097081633,0.7135627649117865,0.7132945099279889,0.6022690801405158,0.6001221610448224,0.940986285320888,0.9389903137741068,0.5760102535336382,0.576964291077841,0.9266892722306574,0.9301365737434787,0.901279089929514,0.9019049557349184,0.966249347802699,0.9622180233768436,0.8448137201468691,0.8446293174344717
886,normal,0.06304314557680886,0.10012414893187742,0.002865528488140586,0.003112659783081019,0.7399579613128267,0.7426198548603331,0.0027882058295022236,0.0020517773783348134,0.578062568892719,0.581347339866439,0.9317192990363542,0.9378789697786765,0.6454782800972448,0.6488719864888916,0.5909743781679804,0.5945073475077989,0.9010615515393102,0.9040638983441867,0.6439502539431013,0.6463812980538569,0.4874257231782207,0.49102547617058434,0.8097236280404029,0.8135778748450335,0.5588576271290743,0.561461410501552,0.7083313663420521,0.7106219242783047,0.5971371464083385,0.5978085535276889,0.934096818924396,0.9354689456191181,0.5724803463542435,0.5752949861353875,0.9232860798978236,0.9272599348575693,0.9001807727348644,0.8984498757394748,0.9568728378773936,0.9585746562154611,0.8396466637545335,0.8419430546956399
888,normal,0.041131779970493124,0.041133290575121495,0.003009722828057452,0.0034542464793352865,0.7429894350143306,0.7452846357099088,0.0031019508110808644,0.0027866560200765214,0.5794566664904344,0.5845147337478571,0.9362515587908788,0.942780611606182,0.6470613046958892,0.6521524537188755,0.5938996318651365,0.597195692535624,0.9022940406050816,0.9076799939910146,0.6458784892637045,0.6486783040497613,0.4909569112801863,0.49274502072623183,0.8121383108277999,0.8162483732521646,0.5630024302969042,0.563241023038453,0.7144346646734088,0.7128702704532299,0.6008028133598936,0.599826838441042,0.9363933077232268,0.9384020815411755,0.5745982906618804,0.5768329734640784,0.9266892722306574,0.9296534067196895,0.9023774071241636,0.9011230093474624,0.9639052203213728,0.961626549111031,0.8406800750330006,0.8442674713245762
893,normal,0.08245976569848122,0.22580001495368285,0.0037816293543681055,0.00442219552942336,0.742403307993643,0.7386216786392749,0.003114971150910651,0.0014664855669456272,0.5787596176915767,0.5752403761045829,0.9362515587908788,0.928483710462394,0.6486443292945334,0.6428569971115247,0.5917056915922694,0.5898493126032568,0.8990447512498665,0.8979798752007304,0.6453964304335537,0.6429934671665042,0.4908960287267043,0.48877376686186075,0.814150546483964,0.8100797221653874,0.5602392281850176,0.5591185474600505,0.7100751658652967,0.7077859049993712,0.6000696799695826,0.5956394043759358,0.9398380409214728,0.9322050973226086,0.5745982906618804,0.5733594272438235,0.9266892722306574,0.9241608995716137,0.8979841383455649,0.8946423799462973,0.9627331565807096,0.9545430869666378,0.843780308868402,0.8388565613050937
900,normal,0.04454575082079915,0.1334581926944447,0.0025971975343151757,0.0029646870537096436,0.7314608480488317,0.7337284271200799,0.002973348951148328,0.003745356470531012,0.5683038857087107,0.5684460322215388,0.9192555847114122,0.9180227179584836,0.6375631571040229,0.6359942669208815,0.5838806379523767,0.5839399323474153,0.8845910158421852,0.890043094530677,0.6356749106921794,0.638316351513312,0.4843207129506302,0.48559346429790895,0.802680803243829,0.8056659786017845,0.5532621428525039,0.5562636617208996,0.7012689782729105,0.7044108275842771,0.5895858724881348,0.5925451775856566,0.9231884971299502,0.9276570484987675,0.5688798410312608,0.5707084638452425,0.916479695232156,0.9203134868122242,0.8880992835937181,0.8909312906733576,0.9453866132188948,0.9497150445914576,0.8324127848052638,0.8348164213374727
903,normal,0.05570232077032285,0.07390018970333292,0.006000327373796695,0.006506439192260194,0.7259863665398179,0.7319866939136146,0.006168134912421495,0.004753644257229833,0.5606363489212757,0.5659900900919322,0.904639047003071,0.9139963943528961,0.6287773705815466,0.6332399504987155,0.5762749783397704,0.5818303456051565,0.8786526594343783,0.8874800050345867,0.6309346655290299,0.6365468764159679,0.4795718737790213,0.48440470844317796,0.795738590230063,0.8041716659013198,0.5502917005822257,0.555359769198739,0.6952528699177157,0.7033797822755568,0.5872398456391394,0.591579024885494,0.921006832771061,0.9260126781171626,0.5683150558825576,0.5696213226628336,0.9104673887774828,0.9186340908212239,0.8822782024620749,0.8897680882140581,0.9391746753933802,0.9485664977774815,0.8325161259331104,0.8331925062351455
905,normal,0.04207869358639533,0.09150871786600559,0.004331043004536608,0.0047934169905195275,0.7286199649803753,0.7329124000087921,0.005791305042245797,0.004706214003803933,0.5627274953178487,0.5667191241956807,0.9079249353251012,0.9152482603602298,0.6317059660890387,0.6338851583236381,0.57898083800964,0.5825381479247648,0.8813417264869702,0.8888843026160776,0.6334253028181424,0.6375319536343671,0.481641880597415,0.48505977361110014,0.7995618379767747,0.8050817938056938,0.5515351415325748,0.5560777465547521,0.6990020388926921,0.7043514632928412,0.5878996656904195,0.5924820590842863,0.921466130530827,0.927196827273909,0.5696564206107276,0.570155921591182,0.916479695232156,0.9193719727876506,0.8859026492044186,0.890680325949844,0.942808072989436,0.9500945295782687,0.8344796073621978,0.8341514395651788
906,normal,0.280371051164445,0.34745651343969886,0.0016842327734077672,0.0024465934127906614,0.7308871008661509,0.7302727094440856,0.006487361505217664,0.005376865512854021,0.5641215929155643,0.5637292156120334,0.9124571950796256,0.9107008080644983,0.6324183271584287,0.6307684872450289,0.579712151433929,0.579805560844033,0.8833585267764141,0.8854830024160882,0.6332646165414255,0.6355060318025819,0.483103061880987,0.48351286568688534,0.8015740736329388,0.8024874723609894,0.5538838633276782,0.5541883039442974,0.7028383978438307,0.7019072730933368,0.5934714794567832,0.5904892594846867,0.927207352527904,0.9242162937392321,0.5683150558825576,0.5686961186462044,0.9142109003436002,0.916836545604864,0.8880992835937181,0.8875429024914361,0.9545287103960676,0.9468656855383372,0.8325161259331104,0.8319002339749247
915,normal,0.05831322192271496,0.1377793801451283,0.0018645376040768763,0.002608433685398708,0.7495352530607713,0.7488835159259258,0.008570659759264567,0.005732003943503434,0.5947917400653047,0.5906998117150344,0.9589128575635006,0.9534540958055541,0.6644745752809772,0.6587707078511053,0.6026753929566051,0.6021365932337731,0.9145068868022694,0.914569814371152,0.6529486854392496,0.6526001744097125,0.4949751598100093,0.495250408138927,0.819181135624374,0.8197271039127743,0.5636932308248759,0.5650405350091606,0.7126908651501641,0.7144950330317921,0.6008028133598936,0.6007379318327548,0.9421345297203036,0.9399866402991034,0.579540160713033,0.5782121590406389,0.9323612594520472,0.9323236870513785,0.901279089929514,0.9034437898583625,0.95921696535872,0.9633254531662245,0.8479139539822705,0.8462458320132896
917,normal,0.09723923777214082,0.10771585036080664,0.0019448616838107207,0.002355962291315238,0.7514648619678221,0.7505544438840113,0.008209468581157444,0.006343439506794031,0.5954887888641623,0.5930426131388806,0.9611789874407628,0.9566866789498022,0.6652660875802996,0.6608041725021243,0.6026753929566051,0.6037048258335712,0.9178682206180092,0.916800824335298,0.6545555482064187,0.6538169926619435,0.4968016364144743,0.49609215983902033,0.823205606936702,0.8211054287172351,0.5650748318808192,0.5659495346698539,0.7126908651501641,0.7157098781615739,0.6022690801405158,0.6021648399758479,0.9455792629185495,0.9422479343284209,0.5802461421489119,0.5791720995321378,0.9323612594520472,0.9335725893010363,0.9023774071241636,0.9050356991977636,0.966249347802699,0.9655901164430387,0.8510141878176717,0.847929158440645
921,normal,0.03888342222482246,0.07001398805852202,0.001931860778269355,0.0021819813718798172,0.7455626104065879,0.7450285263457812,0.0055737481448361135,0.0038052847085726722,0.5878212520767273,0.5856975899956884,0.9475822081771896,0.9443913515243245,0.6565594522877554,0.6530931411102776,0.5968248855622927,0.5977443107114074,0.910025108381283,0.9080087760420933,0.6513418226720802,0.6483063576888289,0.4925398576707227,0.49236193983849535,0.8151566643120459,0.8156435165230083,0.5609300287129892,0.5627861555799543,0.7092032661036743,0.7121022850589981,0.5971371464083385,0.5990460549448838,0.937541552122642,0.9374008850079679,0.5788341792771541,0.5760985749823254,0.9300924645634912,0.9285514660758427,0.8990824555402148,0.9003592871885633,0.9580449016180568,0.9605788403492291,0.8458471314253362,0.8433144152563904
923,normal,0.016076602189345354,0.16139177403607247,0.0010224781903878132,0.001299897437562588,0.7478698332014242,0.7477034024847566,0.005111065469980404,0.004773254123578468,0.588518300875585,0.5876379003872285,0.9532475328703452,0.9500188478183962,0.6557679399884332,0.6563648908558752,0.5990188258351599,0.6008709779335976,0.912265997591776,0.9143647331329333,0.6529486854392496,0.6535200580521098,0.4968016364144743,0.495510860466246,0.8201872534524559,0.8188525846975577,0.5630024302969042,0.5641272992082805,0.7126908651501641,0.7130598180734321,0.6008028133598936,0.5991000152413458,0.9386897965220574,0.9380029761141223,0.5788341792771541,0.5789827349840642,0.9334956568963252,0.9328248445514827,0.901279089929514,0.9010886609670682,0.9603890290993832,0.9602686934666157,0.8458471314253362,0.8463619462905067
926,normal,0.014384891602947932,0.14605510114632492,0.006641382074513013,0.007672928815080277,0.7545037151056831,0.7478623330311702,0.007128705908428432,0.0048746329505224,0.5940946912664468,0.5881181877383231,0.9566467276862384,0.9504902287157755,0.6628915506823329,0.6564960883562049,0.6077945869266285,0.6009358331956247,0.918988665223256,0.914581005788887,0.6609829992750961,0.653538865523817,0.5022810662278693,0.49553615385647837,0.8292423139051941,0.8189223761743951,0.5685288345206776,0.5642412895130026,0.7179222637198985,0.713204890583639,0.6008028133598936,0.5992304014943298,0.9398380409214728,0.9381988830639432,0.5844820307641857,0.578985967013104,0.9516460160047724,0.9328756818094365,0.9122622618760108,0.9013411721418495,0.9650772840620356,0.960524072333092,0.8530810103746062,0.8464385642279916
939,normal,0.0281824960269342,0.1121036683293373,0.0018013710615017247,0.0022223772868144804,0.7458398893539061,0.7442105262985729,0.002900090858614183,0.0028053166189948766,0.5829419104847231,0.5832358047425349,0.9441830133612964,0.9421553892330354,0.6526018907911444,0.6507284889544309,0.5968248855622927,0.5965902673977327,0.90778421917079,0.908629233198608,0.6513418226720802,0.6497800305719429,0.4943663342751876,0.4929213665641364,0.8181750177962919,0.8155959913859486,0.5636932308248759,0.5624125677309647,0.7109470656269192,0.7112702253937219,0.5986034131889606,0.5974269596561333,0.937541552122642,0.9353125504880478,0.579540160713033,0.5766259565285756,0.9334956568963252,0.9289857736713322,0.901279089929514,0.8989296454826162,0.9580449016180568,0.9577294402309858,0.8479139539822705,0.8432492558449917
940,normal,0.04417629324402412,0.2108980687374046,0.002787609086206667,0.003830543996983094,0.7435739978081051,0.7416359453478018,0.0035013438023083036,0.002069962965430446,0.578062568892719,0.5801559307489184,0.9339854289136164,0.9375180741012296,0.646269792396567,0.6477972888099967,0.5938996318651365,0.5939673597280738,0.9066637745655431,0.9048804684252675,0.6481280971377416,0.6472884211149258,0.4931486832055443,0.4911982525729101,0.8181750177962919,0.8130454813426865,0.5636932308248759,0.5609973861603115,0.7118189653885416,0.709547981354284,0.5964040130180275,0.5956646194107734,0.934096818924396,0.9324836147600644,0.5774222164053961,0.5748282538800464,0.935764451784881,0.9262731337895148,0.9056723587081128,0.8967194924599556,0.9568728378773936,0.9549592803539478,0.8406800750330006,0.8404860318997243
941,normal,0.025306182495050344,0.12663855563902768,0.005445442434130104,0.005963068571863876,0.749553274364108,0.7441078319299779,0.0026799641976644035,0.002790382399225112,0.5850330568812964,0.5831295572619152,0.9464491432385588,0.9420091163618972,0.6526018907911444,0.6506043292705358,0.5982875124108709,0.596455528940523,0.915627331407516,0.9085214879331217,0.6553589795900034,0.6497126892080407,0.497410461949296,0.4928586259735342,0.82219948910862,0.8155369330630465,0.5685288345206776,0.5624095236729131,0.7179222637198985,0.7112575027739482,0.6008028133598936,0.5973392972144334,0.940986285320888,0.9351854588320185,0.5802461421489119,0.576499355434624,0.938033246673437,0.9288362323473378,0.9100656274867116,0.8988905635876651,0.9639052203213728,0.9575673995184881,0.8489473652607377,0.8430195414155802
944,normal,0.06105742251412183,0.06626008259794093,0.0018004426061300875,0.002544892883480386,0.7442194783476992,0.7433884474570058,0.004016246668150263,0.0024566105831630262,0.5822448616858654,0.5822094020813549,0.941916883484034,0.9405341598544036,0.6494358415938558,0.6498427590449534,0.5968248855622927,0.5956333057005935,0.90778421917079,0.907043028377653,0.6484494696911755,0.64861764549755,0.4910177938336685,0.4922608097928322,0.8151566643120459,0.8148019286120912,0.5657656324087909,0.5622114033824679,0.7153065644350313,0.7111252004999499,0.5978702797986496,0.5971662736590146,0.934096818924396,0.9346859814871799,0.5745982906618804,0.5758024453867004,0.9255548747863797,0.9277192550298681,0.9056723587081128,0.8984469985103298,0.9603890290993832,0.9573921532641392,0.8396466637545335,0.8421108565880187
946,normal,0.04047709071464172,0.06302948514724566,0.006532968245986615,0.007089169967144473,0.7490433010686618,0.7425103328226751,0.0034470252184019717,0.002308032839908581,0.5850330568812964,0.5811109346329734,0.9430499484226652,0.9389979592764265,0.654976427689111,0.6488149089177927,0.601212766108027,0.5946192777091278,0.9133864421970228,0.9057252313739442,0.6513418226720802,0.6478423671789054,0.4968016364144743,0.49177601758523254,0.82219948910862,0.8141695478870412,0.5671472334647342,0.5618823020848888,0.7153065644350313,0.7106009523960349,0.6015359467502047,0.5962636593392392,0.940986285320888,0.933226194263313,0.579540160713033,0.5751777357234161,0.9403020415619928,0.9272805803379072,0.9111639446813612,0.8982046314564752,0.9639052203213728,0.9560198069254517,0.8458471314253362,0.8409635508973087
949,normal,0.032562482609490975,0.20463881595759614,0.0036242664330359635,0.00410255088447898,0.7469001393349509,0.7432758729019149,0.0036085248346158297,0.002255988394211846,0.5836389592835808,0.5817729029084516,0.9441830133612964,0.9399989664937385,0.6533934030904668,0.6493948662317092,0.5990188258351599,0.5952953743138403,0.912265997591776,0.9068883706151094,0.6505383912884954,0.6486889267944002,0.495583985344831,0.4922879975251403,0.8201872534524559,0.814844273253461,0.5664564329367625,0.5622373468766646,0.7153065644350313,0.7111321416745505,0.5986034131889606,0.5969555228240333,0.937541552122642,0.9344535813569966,0.5760102535336382,0.5758814510485905,0.9334956568963252,0.928036912571747,0.9067706759027624,0.898645918127595,0.9615610928400462,0.9571161183233586,0.8427468975899349,0.8420591683931675
950,normal,0.028016295777431068,0.10285430733164765,0.0065929749515392785,0.006967437373415609,0.7481632714087045,0.7415702964571653,0.0030325675086376627,0.0019507463483940475,0.585730105680154,0.5799357626242229,0.9453160782999276,0.9370748257152233,0.6533934030904668,0.647679250471506,0.5982875124108709,0.593671598278311,0.9111455529865295,0.9044041177898227,0.6513418226720802,0.6471743326206558,0.495583985344831,0.49122259654975353,0.8211933712805378,0.813130641567439,0.5664564329367625,0.5610750834914071,0.7170503639582761,0.7096056872032499,0.6008028133598936,0.5956356295290948,0.9386897965220574,0.932396920418384,0.5781281978412751,0.5748361726783977,0.935764451784881,0.9265113726090372,0.9089673102920616,0.8969267787397975,0.9650772840620356,0.9550225169345433,0.8458471314253362,0.8403917525509638
964,normal,0.03499501160503851,0.0528330870344212,0.0027428645944977304,0.003629692920520131,0.7272619875780436,0.7299456893347338,0.0033010940489706883,0.0032936945072544205,0.5655156905132798,0.5651604861602827,0.9135902600182566,0.9136949488263415,0.6318642685489032,0.6321421261937035,0.5786151812974955,0.5809746432360096,0.8839187490790372,0.8880108519814265,0.6356749106921794,0.6371554959246969,0.4824333537926832,0.4838181484671061,0.7975496023206107,0.8013746865520144,0.5523641021661406,0.5532609804383285,0.6973454293456095,0.7002319656042141,0.5847471921120819,0.5888695075286599,0.9149211374541596,0.9221076403502069,0.5685268503133213,0.568379170544955,0.9119421054550442,0.914783801475648,0.8821683707426098,0.8842804922713057,0.9347208331788605,0.9436014422145134,0.8275557517964683,0.8312303309210636
965,normal,0.03411203728389162,0.047009217330942606,0.0023298373457527775,0.003159509333579141,0.7310243872182457,0.7322024391428723,0.003911435576687667,0.0025517194911514173,0.5662127393121374,0.5680047104417046,0.9192555847114122,0.9177421996347598,0.6337638980672763,0.6345804444048732,0.5810285155976492,0.5833449097298808,0.8909775500920911,0.8915650418504625,0.6393706950566688,0.6392981598465322,0.4848686559319697,0.48516845157872684,0.8037875328547192,0.8032911006281999,0.5558871848587962,0.5545845475026513,0.7023152579868572,0.7020405373618163,0.5867999656049528,0.5908948087552195,0.9173324506929316,0.9252514471385447,0.5681738595953819,0.5697247752259315,0.9187484901207118,0.9161906756212996,0.8891976007883677,0.8856249497027006,0.9415188028747066,0.9466345250114697,0.8281757985635483,0.8335001809940553
974,normal,0.06379920562438626,0.07327814021426064,0.012510853006340028,0.013141869217955623,0.7255286499701792,0.7380395029765192,0.004573169667982966,0.003415068103587162,0.5683038857087107,0.5786732253582918,0.9147233249568876,0.9354904177736213,0.6343971079067342,0.6466132918315183,0.5817598290219382,0.592382864110779,0.8839187490790372,0.9010373367549351,0.6293278027618605,0.6439623170419259,0.4781715750489315,0.48863159485110996,0.7927202367458169,0.8080174187392117,0.5513279013741832,0.5575923798848802,0.6982173291072319,0.7055582764409702,0.583354238670491,0.5923064890121023,0.9100985109766148,0.9269490597293963,0.5598432786520102,0.5712912311266591,0.9038878836006708,0.9211877354553364,0.884804332009769,0.8916050162463264,0.9387058498971148,0.950035889579247,0.820425213975045,0.835337006664517
976,normal,0.06184984444313434,0.12803460794315058,0.011078180638302475,0.011827188811380568,0.7276951580190091,0.7387733386573114,0.004658629967057779,0.001579470317581206,0.5690009345075684,0.5768015534317934,0.9192555847114122,0.933107261699908,0.6375631571040229,0.6447587324087148,0.5837343752675187,0.5907671101393716,0.8849271492237593,0.9006154119530233,0.6322201557427654,0.6447910813055844,0.4797545214394678,0.48961570399900456,0.7962416491441041,0.8101299630904192,0.5524331822189378,0.5588690643579952,0.7013561682490725,0.7070351884846963,0.5870932189610774,0.5935612148661307,0.9161842062935164,0.9289157260387458,0.5603374656571255,0.5728639543537443,0.9029803656452484,0.9239043540661291,0.8828273610593996,0.893943640820555,0.9438629303560327,0.9521229258981164,0.8210452607421252,0.8373438702603644
978,q alarm only,0.10218407290315261,1.050150594689224,0.01123570033940849,0.01153956795945575,0.7241982534504657,0.7354339537898743,0.0033717615315005116,0.0008380171799207776,0.562030446518991,0.5723001504360408,0.9101910652023634,0.9258271631976052,0.6287773705815466,0.6400991887373947,0.575909321627626,0.5876998356701009,0.8792128817370017,0.8963636030543324,0.6290064302084267,0.641404924859875,0.4792065784581284,0.4866699570217358,0.7937263545738991,0.8057633199702402,0.5491173396846738,0.5567806892747215,0.695776009774689,0.7045406401627203,0.5832809253314599,0.5921136051446264,0.9145766641343348,0.9267834588101757,0.5620318211032349,0.5708539356124479,0.9060432387447988,0.919535262360941,0.8820585390231449,0.8906615164919329,0.9374165797823856,0.9500289167413636,0.8230087421712128,0.8349510468816076
979,normal,0.028377008818860804,0.14756145542749774,0.009080802762346143,0.009419500793670377,0.7277665879090174,0.7368473906713637,0.003029633969360831,0.0013394816266972137,0.5641215929155643,0.5746093740010154,0.9158563898955188,0.9293144919435624,0.632576629618293,0.6427556713947694,0.5801509394885024,0.5889392374218102,0.8820139932501182,0.8972277986711562,0.6320594694660484,0.642512281363578,0.4813983503834863,0.48819431953046094,0.7993606144111584,0.808314505610675,0.5515351415325748,0.5577157921207047,0.6981301391310697,0.7055053875563727,0.5876797256733262,0.5923864908353113,0.9195141150518212,0.9269838130708085,0.5643615598416355,0.5714784088672991,0.9116017862217608,0.9220936231752105,0.8837060148151195,0.892589940783654,0.9417532156228392,0.9502359119500128,0.8262123171344609,0.8355485931167809
986,normal,0.05049020285737818,0.2022471027513638,0.008806789333449645,0.009123743402977922,0.721462667325405,0.7302694566588546,0.0063620294729119795,0.0036235362321004453,0.5551993682901853,0.5648901826887374,0.9010132391994514,0.9143198714895742,0.6249781115448001,0.6330539677264653,0.5710826530273182,0.5810601371581227,0.8726022585660467,0.8871785590083487,0.6260337340891635,0.6368174990032158,0.4775018669606277,0.48410320455665207,0.7931226838770499,0.8022220329755954,0.5484956192094993,0.5538202200909157,0.6922884107281995,0.7006881768641529,0.5827677319582423,0.5884013388670862,0.9121653508955626,0.9210919389094392,0.5623848118211744,0.5684210957061772,0.9089926720999216,0.917145112211383,0.8792029143170559,0.8870022311315167,0.934955245926993,0.9436212977453037,0.8220786720205926,0.830743897067842
997,normal,0.06912092030061541,0.22582588680249882,0.004498035193860756,0.005077655799189105,0.7455445532116586,0.7500425884055194,0.006988047272795543,0.005014753722218829,0.588518300875585,0.5892565243769571,0.949848338054452,0.9532467728743851,0.654976427689111,0.6584010587170142,0.601212766108027,0.6032477779735654,0.912265997591776,0.9183271509294,0.6496546167665523,0.6557483346682161,0.493757508740366,0.49718775584777525,0.819181135624374,0.8220796592276373,0.5623116297689326,0.5659702742994737,0.7109470656269192,0.7152363059505414,0.5949377462374055,0.6007524324723249,0.93065208572615,0.9401621453093683,0.5760102535336382,0.580404019936095,0.9334956568963252,0.9354693512280526,0.901279089929514,0.9039065340480399,0.9545287103960676,0.9629411808049078,0.8406800750330006,0.848386724230075
999,normal,0.023755521297806302,0.08047227495429317,0.001860554742934248,0.002343718290017967,0.7414044715624228,0.741873265899753,0.006312244598230392,0.004025115312642213,0.5843360080824387,0.582433435114731,0.9441830133612964,0.9416227205623661,0.650227353893178,0.6506598449940053,0.5968248855622927,0.5957198096297408,0.90778421917079,0.906182571279774,0.6486904991062508,0.6473380696291167,0.4906524985127755,0.49097556023584776,0.8111321929997177,0.8120013964447466,0.5609300287129892,0.5601714447897576,0.7083313663420521,0.7089403071560528,0.5920052126761612,0.5952770510642906,0.9260591081284886,0.931432040821775,0.5724803463542435,0.5738128118024107,0.9266892722306574,0.9252487799069607,0.8968858211509153,0.8957769530175508,0.9521845829147412,0.9549417068973749,0.8344796073621978,0.8393110169493011
1000,normal,0.02359687132247871,0.1042561660064365,0.004768231600661764,0.005445868354685439,0.7459830915821499,0.7412148599814882,0.0066755535624994575,0.004160734909901589,0.5878212520767273,0.5821115699027996,0.9487152731158208,0.94096581198089,0.6557679399884332,0.65018996738902,0.601212766108027,0.5951224927848147,0.912265997591776,0.9051709240215374,0.6505383912884954,0.6467642315752169,0.4943663342751876,0.490658068286898,0.819181135624374,0.8115117671338791,0.5636932308248759,0.5598940807859188,0.7118189653885416,0.7084232304852112,0.5956708796277164,0.594448802223268,0.9318003301255654,0.9301100033769194,0.5753042720977594,0.5732418141791792,0.9334956568963252,0.9247413846718867,0.9045740415134632,0.8953690557257513,0.9568728378773936,0.9536981499330873,0.8386132524760664,0.8382312652290208
1005,normal,0.04984880114761087,0.10278058719624819,0.0020982813834932363,0.0026370842396369943,0.7344513686583978,0.7360895810111705,0.0027604224707020453,0.0008038211172686932,0.5738802760995726,0.5733009507639253,0.9305862340977232,0.9273880708804326,0.6407292063013115,0.6409910876940075,0.5887073065526843,0.588574208344497,0.8950111506709786,0.8975155316131284,0.6405758421320458,0.6418172772471485,0.4862080721085774,0.4869043779411243,0.8044918153343765,0.8062648418539403,0.5552654643836216,0.5571416444760569,0.7038846775577776,0.7050728435122054,0.590392319217477,0.5925705184075557,0.9218106038506516,0.9274987013874539,0.5680326633082061,0.5710249110298755,0.917614092676434,0.9198854204861211,0.8902959179830173,0.8912922674374821,0.9486683916927516,0.9509470872295043,0.8295192332255559,0.8353331368854384
1006,normal,0.0232087304256881,0.12635289199164895,0.002364735168777665,0.00300729498179895,0.7347294615149406,0.7362836716847951,0.004214174137366036,0.0015879660215517993,0.5745773248984304,0.5739514528162507,0.92718703928183,0.9286591695330221,0.642312230899956,0.641884597543103,0.5909743781679804,0.5883248087639693,0.8946750172894047,0.8966079961689724,0.6402544695786119,0.6419727816960616,0.4876083708386672,0.48773292064969537,0.80821445129828,0.8076180455740327,0.5558871848587962,0.557437369777513,0.702228068010695,0.705287109892456,0.5872398456391394,0.5916965814363612,0.9191696417319964,0.9257428044044693,0.5703624020466067,0.5709398100159434,0.9244204773421016,0.9218304954185467,0.8902959179830173,0.8929280312396888,0.943511311233834,0.9498023934208262,0.8314827146546433,0.8344060502906072
1009,normal,0.031722214683289396,0.06547937483226211,0.002922841486373663,0.003427851216228767,0.7389844610889384,0.7393200026697462,0.00544537874565962,0.0014433022506412125,0.5794566664904344,0.5769476708144697,0.9351184938522475,0.9332262581545927,0.646269792396567,0.6449571441082038,0.5953622587137146,0.5908172578600008,0.9010615515393102,0.9004623781248378,0.6464408912322138,0.6446891736225878,0.4925398576707227,0.489748689397507,0.8131444286558819,0.8107967889140136,0.5595484276570459,0.559488624165374,0.7065875668188071,0.7080550975979056,0.5900257525223214,0.5943244668641628,0.9235329704497748,0.9299396636503875,0.5703624020466067,0.5731474635011062,0.9289580671192136,0.9247744009684541,0.8935908695669664,0.8954225946782536,0.9474963279520884,0.9536547864491369,0.8332395138280373,0.8379875865146913
1018,normal,0.027382905927849935,0.09300094240475949,0.0014785141430564484,0.001874859246161943,0.7347997839410758,0.7333446201714681,0.0030146056251293156,0.0023662106573671578,0.5710920809041417,0.5692123612849299,0.9215217145886744,0.9210184477424419,0.6383546694033452,0.637335681994187,0.5895117513194023,0.5846909855979483,0.8928823059210101,0.8914733554174576,0.6391296656415935,0.639018933123991,0.4860863070016131,0.485607230768997,0.8064034392077323,0.8046349773615682,0.5588576271290743,0.5560865321118644,0.7057156670571847,0.7036631838299283,0.5912720792858502,0.5904932532304286,0.9236477948897162,0.9238462730640293,0.5703624020466067,0.5694677250228798,0.9221516824535458,0.919256400262872,0.8924925523723165,0.8907941502586835,0.9486683916927516,0.9478138896784852,0.8334461960837308,0.8324451621642639
1022,normal,0.06735876558500634,0.13195793751241325,0.0060395569606076765,0.00631587003601096,0.7206344016560514,0.726673958616659,0.004209978161022527,0.004798623771211158,0.5564540561281293,0.5606664246415997,0.9035059820644398,0.9077529167203219,0.6257696238441223,0.6286204464423524,0.5718139664516072,0.5771709128340081,0.8731624808686701,0.8823594688396874,0.6273995674412575,0.6341302617581375,0.4776845146210742,0.48220885316354223,0.7924184013973923,0.7990629875291394,0.5460778173615985,0.5513540799053825,0.6917652708712261,0.6975097806138207,0.58130146517762,0.5856628165011831,0.9110171064961472,0.9171872730549431,0.5611140452365924,0.5664551516215486,0.9035475643673874,0.913955739987914,0.8756882992941767,0.8827157116344356,0.9322594993234676,0.9390183717033729,0.8198051672079649,0.8276260995318148
1023,normal,0.025306337292199433,0.2124049280716839,0.0023148789429220254,0.0031316016173070275,0.7251032833580255,0.7268795011781303,0.006096251962880078,0.00483546496753257,0.559939300122418,0.560787816698016,0.9062253379171544,0.9080625329914708,0.6288565218114787,0.6288836596167658,0.575909321627626,0.577377905811012,0.8796610595791002,0.88256838384649,0.6335056459565008,0.6342942708098686,0.482737766560094,0.4824188409693027,0.7990587790627338,0.7995279464917565,0.5506371008462114,0.5516139993852682,0.6937706403229575,0.6976870648257606,0.5813747785166513,0.585617144203624,0.910787457616264,0.9170696884311974,0.5657735227133934,0.5665918194192859,0.9187484901207118,0.9144887961675554,0.8826076976204698,0.8832511712036849,0.931673467453136,0.938947543534895,0.825488929239534,0.8277629356222604
1027,normal,0.07090351191771269,0.12370235266656571,0.0027221057729886347,0.003686513837056922,0.7257020955996348,0.7275627743881196,0.005044474006090899,0.004850188834254967,0.5613333977201334,0.5613469587391048,0.9079249353251012,0.9084297670458896,0.6309936050196487,0.6288557405545366,0.5786151812974955,0.5778657720335808,0.8803333263422483,0.8837434622013209,0.6329432439879915,0.6350160092884521,0.4825551188996475,0.4827255760102581,0.8012722382845142,0.7996228651260697,0.5511897412685888,0.5517937296891032,0.6966479095363116,0.6983079008986752,0.5821812252459934,0.5869434299504337,0.9106726331763229,0.9191206771761508,0.5630201951134655,0.5673353433350333,0.915345297787878,0.9144058754639616,0.884804332009769,0.8829582718528728,0.9355412777973244,0.9409212794484834,0.8215619663813589,0.8291745057841049
1034,normal,0.05623791259575455,0.12462768677282425,0.003473073164011915,0.004032409942664927,0.7353755918975129,0.7381804835521331,0.004009333321414378,0.003018190290005935,0.5752743736972881,0.5785950455479459,0.9294531691590922,0.9350710711649936,0.6431037431992782,0.6460086903306891,0.5873178110465351,0.5921223814956451,0.8938907060657321,0.9011817160746894,0.6406561852704042,0.6438721634407719,0.4885216091408998,0.48849258833231224,0.8070071099045816,0.8080020100889312,0.5558181048059989,0.5576570159049268,0.7010074083444237,0.7057376741254904,0.5888527390978238,0.592792615385307,0.9229588482500668,0.9276799634735321,0.5710683834824856,0.5716245185732005,0.9255548747863797,0.9215528872178478,0.8935908695669664,0.891942335114256,0.9438629303560327,0.9508981215627853,0.8334461960837308,0.835837422552938
1046,normal,0.028770970417557912,0.0539043727289567,0.00644226288397341,0.00670546764940166,0.7327253448523925,0.7262830819684192,0.007057696391045084,0.006749052572582482,0.5634245441167066,0.5583143963103716,0.9135902600182566,0.9042495136558619,0.6316268148591065,0.6262646025765614,0.5796390200915001,0.5751917101690601,0.8879523496579251,0.8801870255747313,0.6387279499498011,0.6329967754529068,0.4874257231782207,0.481836273570572,0.8069064981217734,0.7990059956032104,0.5578214263371168,0.5519689820872209,0.7065875668188071,0.6984940190110825,0.5909055125906947,0.5863035034403925,0.9226143749302425,0.9175355757358964,0.5703624020466067,0.5665687422898743,0.9232860798978236,0.9146994772720114,0.894689186761616,0.8848074903578658,0.9486683916927516,0.9406730490657839,0.8321027614217237,0.8277152612897218
1075,normal,0.041016367526921525,0.1166981264087754,0.003682204983330485,0.00414523378687721,0.7177875134459364,0.7214697184292669,0.01026925534432292,0.008525782134639306,0.548228880301608,0.5527248273560339,0.8895692833192773,0.8950815658700859,0.6148467541134761,0.620098709402954,0.5657440650300082,0.5701694855536751,0.8667759466187647,0.8730198300670058,0.6249892732905035,0.6281238430685699,0.4759798031235736,0.47846452633522346,0.7890982125647218,0.7940260416317719,0.5477357386287305,0.5487620463706953,0.693596260370633,0.6947239958096051,0.5829143586363044,0.5834442643849514,0.9076871977378428,0.9136395514944733,0.5601256712263618,0.563394660291332,0.9046819618116652,0.909094432126185,0.8776652702445462,0.8800156066603222,0.935424071423258,0.9365440600862919,0.8173249801396438,0.8236577667883609
1079,normal,0.040671085243201954,0.05012371605539321,0.06190250846132779,0.06327838587432665,0.6748419405749736,0.7367444490363013,0.004649022190215611,0.00153127663499756,0.5271780065761044,0.5737694740379647,0.8547841897033025,0.9288074658215254,0.5880936383963862,0.6419635653634628,0.5385392056464555,0.5880959360748012,0.8184847841326365,0.8968400378536544,0.5857014786332139,0.6422821225999981,0.444625288080258,0.4880506883666744,0.73718253263569,0.8080534317327874,0.5120213513325956,0.5576541134038377,0.6487806126232408,0.7057772220936757,0.5431785288814464,0.59229740841442,0.8482081378481271,0.9267491330023813,0.5220026736888983,0.5715978794795408,0.8438782587983671,0.9227622870354173,0.8249460449013625,0.893583637276259,0.873187486794045,0.9508313699995363,0.7615207711024193,0.8355398610611849
1084,normal,0.04267348791006672,0.12641343462763557,0.0014739631759776342,0.0019314607645971632,0.7344362225614817,0.7343275525108626,0.00397095828648041,0.001803631861733362,0.5696979833064261,0.5707235636770931,0.9237878444659366,0.923861045829097,0.6399376940019894,0.638881668822302,0.5857089215130992,0.585640080397684,0.8900811944078936,0.8935864733977464,0.6397724107484611,0.6403300486296134,0.4862080721085774,0.48653691884959727,0.8064034392077323,0.805926467612683,0.557959586442711,0.5562277021813518,0.7048437672955623,0.7037195756984115,0.5887794257587927,0.5905337779052686,0.9215809549707684,0.9244088839031779,0.5717743649183645,0.5704670376568399,0.9244204773421016,0.9204788705624904,0.894689186761616,0.890943652125341,0.9463242642114252,0.9476013166001902,0.8334461960837308,0.8337013088357752
1087,normal,0.04996904334900262,0.07172995919004836,0.0017370038540876192,0.0021461527555444106,0.7353213090256928,0.735526060969522,0.004130983093677844,0.001525404090223099,0.5683038857087107,0.5717783229758493,0.9215217145886744,0.9248090968874201,0.6375631571040229,0.6393551626195224,0.5857820528555281,0.5873711565778393,0.8917618613157636,0.8958636624448059,0.6392903519183103,0.6410138717764708,0.4863298372155418,0.48629526697918957,0.8072083334701978,0.8057183172048965,0.5588576271290743,0.557283369506451,0.7065875668188071,0.7054575541912588,0.5927383460664722,0.5928162630955587,0.927207352527904,0.9276661099902126,0.5717743649183645,0.570758144528773,0.9210172850092676,0.919375011173482,0.8957875039562657,0.8915392265216131,0.9521845829147412,0.9515021817619991,0.836546429919132,0.8353403182465323
1090,normal,0.06265857606258829,0.07238292115418467,0.001802543691886724,0.002072190221766331,0.7281849815476097,0.7281578349166088,0.007070266948832554,0.005486740905397254,0.5592422513235601,0.5609900835758064,0.9071317898680594,0.9085408075853265,0.6267985898332411,0.62913169307989,0.578103261900493,0.577726688830974,0.8820139932501182,0.8836110222237508,0.6325415282961993,0.6352325059252255,0.4833465920949156,0.48314351244520015,0.8002661204564321,0.8007741073319449,0.5532621428525039,0.5528064598750023,0.7017049281537215,0.6994580955568434,0.5900990658613526,0.5872705176162896,0.9221550771704764,0.9195025559909257,0.5658441208569813,0.5677530263649704,0.915345297787878,0.9162337198203406,0.8880992835937181,0.8851939389178334,0.9457382323410938,0.941854446990661,0.8274524106686214,0.8294600114513646
1100,normal,0.07403379416861684,0.05350012519694935,0.0019812068516821073,0.0023379223678233704,0.7442163236186298,0.7461972418981797,0.005190930158409087,0.004536697399940784,0.5850330568812964,0.5864819914323747,0.9453160782999276,0.9482845196843802,0.654976427689111,0.6549739748259871,0.5990188258351599,0.5993249543367387,0.9089046637760364,0.9118689604910406,0.6488511853829677,0.6512369967052049,0.491931032135901,0.4937785508237899,0.8151566643120459,0.8165895307611997,0.5623116297689326,0.5631559810992283,0.7083313663420521,0.7125813452528554,0.5956708796277164,0.5985873037193463,0.934096818924396,0.9368118656107767,0.5767162349695172,0.5771307102756722,0.9278236696749356,0.9301005123924015,0.8968858211509153,0.9005557043359018,0.9568728378773936,0.9597669528636792,0.843780308868402,0.8441232576584774
1111,normal,0.034971035890098416,0.0933173838582915,0.0012145135491175411,0.0015702581472939812,0.7333734065717399,0.733176120499263,0.0032126704782854763,0.0018383361958688874,0.5696979833064261,0.5696530150289975,0.9215217145886744,0.9220109517450542,0.6367716448047006,0.6377808161114268,0.5841731633220921,0.5846231805801467,0.8938907060657321,0.8919760649689005,0.6383262342580087,0.6393246272206589,0.4852339512528628,0.48574966231703126,0.8053973213796504,0.804382111396494,0.557959586442711,0.5552942485269381,0.7048437672955623,0.7025686074096579,0.5894392458100727,0.5898512076021997,0.9226143749302425,0.9234130039773847,0.5683150558825576,0.569838842559474,0.917614092676434,0.9189413049521616,0.8935908695669664,0.8895058899425069,0.94585543871516,0.9463559960618733,0.8321027614217237,0.8327245180865626
1112,normal,0.0632651388130261,0.07985497160392466,0.0018891764263551168,0.0022733395563244428,0.7338324812351831,0.7342646429703036,0.004174696912146575,0.001668849534115403,0.5669097881109953,0.5706365223715542,0.9203886496500432,0.9235174513357377,0.6359801325053784,0.6385212453981921,0.5830761931856586,0.5854647295937586,0.8923220836183867,0.8933045760380979,0.6400134401635366,0.6399389135024105,0.4843815955041124,0.48605563498968885,0.80318386215787,0.8049317349330634,0.5540220234332727,0.5559453834569548,0.7037102976054531,0.7037654868036912,0.5942046128470945,0.5914041754716923,0.9283555969273192,0.9256677526708148,0.5696564206107276,0.5703978931865621,0.9187484901207118,0.9194912834547053,0.8902959179830173,0.8903748872961631,0.9533566466554044,0.9489350583676566,0.836546429919132,0.8341462016244173
1116,normal,0.023203367357001924,0.04895445919967179,0.0019245653011973536,0.0025105885682874395,0.7337077178539496,0.7326217975087419,0.005654473277953937,0.0033373925895643164,0.5662127393121374,0.5671115211713307,0.9158563898955188,0.9182639709004102,0.6324183271584287,0.6356557836430953,0.5830030618432297,0.5828865689671932,0.8922100391578621,0.8899490546757051,0.6385672636730841,0.638529361500375,0.4847468908250054,0.4853315536021651,0.8048942624656094,0.804260752952464,0.5581668266011026,0.5554451387445414,0.7057156670571847,0.7028078223886891,0.5912720792858502,0.590300029322778,0.927207352527904,0.9239700655442509,0.5703624020466067,0.5701368709723603,0.9221516824535458,0.9198232985294609,0.8957875039562657,0.889854370499461,0.951012519174078,0.9469878447957178,0.8334461960837308,0.8332565494386133
1120,normal,0.026192087090249023,0.08494820024388493,0.0014483472856444233,0.0018673415156765473,0.7284615671860953,0.7287414322945545,0.007569204614736215,0.005429799036047225,0.5592422513235601,0.5615239011547271,0.9056588054478388,0.9094477483175094,0.6258487750740545,0.6297936258680198,0.5783226559277798,0.578243679380523,0.8823501266316922,0.8842323694236974,0.6346304498935194,0.635673392768808,0.483103061880987,0.48351961435110574,0.8016746854157469,0.8014908661891712,0.5542292635916641,0.5533330098734918,0.7010074083444237,0.7001422919367107,0.5889993657758861,0.5876569325732975,0.919284466171938,0.9200191710009089,0.568103261451794,0.5680789064045628,0.91988288756499,0.9169926134132199,0.8880992835937181,0.8861313797327071,0.9440973431041656,0.9424143767604102,0.8293125509698623,0.8299104698585571
1124,normal,0.029996678160377214,0.07861819840592314,0.005517985557983476,0.005763253145134948,0.7309976692254763,0.7254796836674929,0.007472412681816348,0.007209761984211211,0.5613333977201334,0.5570335975217107,0.9090580002637322,0.9023501460014455,0.6303603951801909,0.6249537637389526,0.5788345753247822,0.5743691412097577,0.8849271492237593,0.8789182762844457,0.6360766263839717,0.6322238704828409,0.4854774814667915,0.4812708448523146,0.8047936506828011,0.7982259585767612,0.5558871848587962,0.5514020669293858,0.704059057510102,0.6979222720443378,0.589732499166197,0.5861284390057145,0.9226143749302425,0.9171836428933784,0.5710683834824856,0.5660599532397343,0.9244204773421016,0.913680800159232,0.8880992835937181,0.8837202385985745,0.9457382323410938,0.9405238653983616,0.8344796073621978,0.8271877454104298
1125,normal,0.03365217483756208,0.13657636425720873,0.0030504143629084594,0.0035844276682059566,0.7282637178490778,0.7252133034861695,0.007749136689699288,0.007173088312541426,0.5592422513235601,0.556908830906113,0.9039592080398924,0.902116311986679,0.6265611361434444,0.6247817721747091,0.5779569992156353,0.5742212959698421,0.8842548824606112,0.8785549163024488,0.6334253028181424,0.6318510302968257,0.4825551188996475,0.48106763385111323,0.8030832503750618,0.7979195866900133,0.5548509840668385,0.5512441848709837,0.7019664980822083,0.6977727425399346,0.5876064123342951,0.5858892826104247,0.9183658706524054,0.9167698644489076,0.5665501022928603,0.5657596464497857,0.9187484901207118,0.9133017198264114,0.8902959179830173,0.8836027543133728,0.944331755852298,0.9401570739612225,0.8267290227736945,0.8267075120660935
1132,normal,0.037426905794488055,0.11248046053600216,0.004775416905579657,0.005667145169084733,0.7153161340985179,0.7198790452049925,0.01261655483268164,0.008961452117499158,0.5434889484693753,0.5507682343678934,0.8824309742059014,0.89241414152784,0.6115224024563228,0.6183904273090838,0.5627456799904231,0.5685024551091942,0.8613978125135808,0.8711344885357528,0.6225789791397495,0.6270391057976981,0.4740315614121442,0.4776087108519019,0.786683529777325,0.7925412842620762,0.5473903383647447,0.54761960118686,0.6950784899653911,0.693272190672998,0.5808615851434334,0.5821935133297415,0.9063093044585444,0.9115961863840022,0.5568781566213187,0.562621443672141,0.9012787694788316,0.9076086612262507,0.8779947654029411,0.8781106923049355,0.9341348013085286,0.9342390404675994,0.8155681809662495,0.8222835914789046
1137,normal,0.10561470707906966,0.3383037030140411,0.0043818740928135294,0.00519166785879701,0.7424367815884958,0.7460298032602213,0.003659524068903679,0.004232759884101588,0.580153715289292,0.5861734539541935,0.9373846237295096,0.9473835965056495,0.6494358415938558,0.6544235091753826,0.5924370050165585,0.5991333706983909,0.900837462618261,0.9116390773631673,0.6466015775089307,0.6508163088885026,0.4907742636197398,0.49335934078795246,0.8121383108277999,0.8160996938988158,0.5609300287129892,0.5628683187163717,0.7074594665804295,0.7124212041616136,0.5956708796277164,0.5990137853267496,0.9352450633238112,0.9375302230490545,0.579540160713033,0.5771011732757453,0.9312268620077694,0.9295215875097345,0.9001807727348644,0.9000480560131664,0.9545287103960676,0.9605216803176976,0.8468805427038032,0.8444522757815744
1140,normal,0.09790061268041644,0.18034091740945626,0.001607544618889123,0.0019093607651911025,0.7364889023534259,0.7376246605943058,0.0029005588541366565,0.0016563868843459555,0.5752743736972881,0.5761225678563299,0.9305862340977232,0.931912657667588,0.642312230899956,0.6438890862129681,0.5895117513194023,0.5900379764215119,0.8961315952762252,0.8993529540523227,0.6413792735156304,0.6434584933608634,0.4873648406247385,0.48844612705781676,0.8076107806014308,0.8083515481010809,0.5572687859147395,0.5578325687104325,0.7048437672955623,0.7058911583436993,0.5906855725736013,0.5926964016894938,0.9228440238101256,0.9275556448912835,0.5710683834824856,0.5719222377191615,0.9244204773421016,0.9222483687774891,0.894689186761616,0.8928511111131521,0.9498404554334148,0.9509761897938273,0.8344796073621978,0.8360741383341804
1145,normal,0.07482784969814225,0.22039297271490674,0.0029459026001473535,0.003756942994244089,0.7311922912813084,0.7337524323005474,0.006246874036908897,0.002750191581607898,0.5641215929155643,0.5687800151873189,0.9135902600182566,0.9208824478215544,0.6302812439502586,0.6369621401168956,0.5782495245853508,0.5840424586683362,0.8859355493684812,0.8917804140069029,0.6387279499498011,0.6394776793872302,0.4838945350762551,0.4858323143196578,0.8007691793704731,0.8047942390676796,0.5556799447004046,0.5560216473516126,0.7048437672955623,0.7038158068588956,0.5912720792858502,0.5914356940007742,0.9218106038506516,0.9256959625099125,0.5696564206107276,0.570594434083809,0.9187484901207118,0.9198747228347052,0.8902959179830173,0.8907480016694446,0.951012519174078,0.9487615061730251,0.8313793735267964,0.8342918650515522
1149,normal,0.03470427668555959,0.130519556512737,0.0028953139544964043,0.003723972081849066,0.7292934147759061,0.7315098751689082,0.007353340671818167,0.003239718366942935,0.559939300122418,0.5662325626926553,0.9090580002637322,0.9163886373167276,0.6273526484427666,0.6339809769749414,0.5765675037094862,0.582163272302121,0.8835826156974637,0.8895002312560177,0.6365586852141225,0.6384331019538512,0.4826160014531296,0.48502287252405885,0.8015740736329388,0.8034074086214021,0.554989144172433,0.5545794987243411,0.7030127777961552,0.7017812212133436,0.5880462923684817,0.5894743900321701,0.9220402527305348,0.9228618585747411,0.5681738595953819,0.5693799404410983,0.917614092676434,0.9178855145650427,0.8902959179830173,0.8873281374573007,0.9463242642114252,0.9451629914953439,0.8302426211204827,0.8320852617262827
1161,normal,0.04048481683997217,0.05961448995942753,0.00991229764044003,0.010393981514860356,0.7491710526074856,0.7392587549670456,0.0024330545648856014,0.0016788434715044103,0.5836389592835808,0.5763152225194011,0.9475822081771896,0.9325950810699165,0.6533934030904668,0.6446702481314035,0.5953622587137146,0.5902975541340719,0.910025108381283,0.8998863616779176,0.6529486854392496,0.6443706316873219,0.4961928108796526,0.48969426092419827,0.82219948910862,0.8108114464230225,0.5664564329367625,0.5597093738735404,0.7161784641966537,0.7084333410194341,0.6030022135308268,0.5942612120435998,0.9455792629185495,0.9295992970079904,0.5802461421489119,0.5729991928538548,0.935764451784881,0.9252101075150534,0.907868993097412,0.8968089101777459,0.967421411543362,0.9539054353411981,0.8520475990961388,0.8378311580401046
1163,normal,0.13602122063828653,0.38134322440983187,0.00626889524711761,0.006778692881861919,0.7465245405207006,0.7402556452735829,0.0033895331269234836,0.001395860549546118,0.5822448616858654,0.5772563245124263,0.9407838185454032,0.9340342494070215,0.6494358415938558,0.6454822367030709,0.5953622587137146,0.5911136554192402,0.910025108381283,0.901321258630073,0.6497349599049108,0.6453479174459793,0.4949751598100093,0.4902079400559854,0.8201872534524559,0.8115887760341103,0.5657656324087909,0.5602666365251312,0.7161784641966537,0.7093215771404632,0.5993365465792716,0.5952973301096343,0.9352450633238112,0.9313569470122383,0.5781281978412751,0.573921587459744,0.938033246673437,0.9259609391839818,0.9089673102920616,0.8971618700500259,0.9627331565807096,0.955383822628469,0.843780308868402,0.8393229013333169
1164,normal,0.03281110684703797,0.1129244439596733,0.007024236791517552,0.007442075298364455,0.7462294160033177,0.7392051792118002,0.0033441509912651227,0.0013533277314992877,0.58085076408815,0.575944788666597,0.939650753606772,0.9317697533947193,0.6510188661925,0.6441389249698751,0.5953622587137146,0.590056905789151,0.9066637745655431,0.8997062632573244,0.6505383912884954,0.6443220158583296,0.495583985344831,0.4894721357282693,0.8211933712805378,0.810583590475983,0.5657656324087909,0.5596061323992066,0.7153065644350313,0.7084644499358654,0.5993365465792716,0.5947220797453405,0.9363933077232268,0.9303944225859859,0.5781281978412751,0.573335619290546,0.939167644117715,0.9249498056019363,0.9067706759027624,0.8962474682344604,0.9603890290993832,0.9544829372503598,0.843780308868402,0.8382907534166539
1165,normal,0.029840904622557368,0.18108219869881376,0.006429837969054324,0.007077523364557808,0.7400074722209607,0.7335776342519065,0.004544615390516987,0.0017935242374307848,0.5717891297029993,0.5699304120384325,0.9294531691590922,0.9223311255110404,0.6399376940019894,0.6377225645646538,0.5862939722525304,0.5848705009472187,0.8988206623288171,0.8923804004869298,0.6450750578801199,0.6393708023986245,0.4898001427640252,0.4855643474351361,0.8121383108277999,0.8041308924382061,0.5616208292409609,0.5555678541555237,0.7118189653885416,0.7032672000686025,0.5964040130180275,0.5909201215498152,0.9329485745249806,0.9248393564928271,0.5738923092260014,0.5698755980908579,0.9289580671192136,0.9186585436160283,0.901279089929514,0.8897082858035018,0.95921696535872,0.9482700604164248,0.8406800750330006,0.8334117162685868
1167,normal,0.08479040548676842,0.12271932319939954,0.0021222259457954556,0.002499551588095393,0.7335363124940983,0.7347125262434683,0.004653653674866065,0.0025757035784199664,0.5690009345075684,0.5699858456539015,0.9192555847114122,0.9226923912041259,0.6359801325053784,0.6383460773542753,0.5830030618432297,0.5852031445185792,0.8898571054868443,0.8928880846233115,0.6385672636730841,0.6402110627748098,0.4863298372155418,0.4865450795156694,0.8078120041670471,0.8061974572192119,0.5567161454923621,0.5570125744335676,0.7037974875816153,0.7049553789268278,0.5893659324710414,0.5916709975370257,0.9227291993701838,0.9257688068525606,0.5703624020466067,0.5707213324750793,0.9255548747863797,0.9211425146519686,0.894689186761616,0.8926749901742455,0.944683374974497,0.9496513694704618,0.8324127848052638,0.8344458387533397
1175,normal,0.03356381589683629,0.16800182726863536,0.002029712432079794,0.00227691797712876,0.7269905222089695,0.7278521934402284,0.006910558046102457,0.005655783369238992,0.5592422513235601,0.5606191505134652,0.9090580002637322,0.9079573441542276,0.6273526484427666,0.6289367421247596,0.5739347753820455,0.5773319199581762,0.8802212818817237,0.8828475414350204,0.63406804792501,0.634771736083443,0.4821289410252722,0.4829045467560788,0.7990587790627338,0.8005060172461521,0.5540220234332727,0.5526478629401725,0.7021408780345327,0.6992369584239381,0.5860668322146418,0.5869866711170223,0.9165286796133408,0.9190013219863196,0.5659147190005692,0.567584799711632,0.913076502899322,0.9162542356881925,0.8880992835937181,0.8851979123547227,0.9431596921116348,0.9415114493568516,0.824765541344607,0.8291910786337096
1177,normal,0.02573629789951831,0.15184356597340898,0.0017255984118672019,0.0020388485246335265,0.7281231389637554,0.7280771414750121,0.0064174774156951315,0.0051083185048253306,0.5606363489212757,0.5615585478636649,0.9101910652023634,0.9087717603963958,0.6291731267312077,0.6290430048824011,0.5756167962579103,0.577944742426376,0.8817899043290688,0.883916586517063,0.6339073616482932,0.6350211023620651,0.4820680584717902,0.4827856590355829,0.798253884800268,0.8000539901966295,0.5538838633276782,0.5525052722464237,0.7029255878199929,0.6992778061399282,0.5885594857416994,0.5876549874242312,0.9189399928521133,0.9199909204759106,0.5662677097185087,0.5674801088002293,0.9142109003436002,0.9150083530564528,0.8880992835937181,0.884419900487625,0.9463242642114252,0.9424253798958915,0.8272457284129282,0.8294532828683364
1181,normal,0.04133523169257722,0.20754706961291042,0.0027220754425948336,0.0033759183078036574,0.7318121720988322,0.7295527244110989,0.008505343428013313,0.005665694312971626,0.5613333977201334,0.5621786090206655,0.9090580002637322,0.9097391199262154,0.6302020927203266,0.6298149713804231,0.5774450798186329,0.5786395061230766,0.8838067046185126,0.8850182832673753,0.6384065773963672,0.6359825557440729,0.4856601291272379,0.48376743031242153,0.8053973213796504,0.8019064200569832,0.5571997058619422,0.5537437084673945,0.704059057510102,0.7009022548300864,0.5904656325565081,0.5892294388751688,0.9260591081284886,0.9222997516982064,0.5724803463542435,0.5688087358905517,0.9255548747863797,0.9173365994300156,0.8913942351776669,0.8866388523421334,0.9457382323410938,0.9449474333975817,0.836546429919132,0.8314426442263091
1182,normal,0.03215069767655424,0.14460208759962478,0.0024452363904348064,0.003022362805377773,0.7276093880329949,0.7266913817419882,0.009660582296175474,0.0064536884996420395,0.5578481537258447,0.5589790499424957,0.9008999327055884,0.9050653425160101,0.6250572627747323,0.626658875102754,0.5740810380669034,0.5757269642701348,0.8780924371317552,0.8810431540133006,0.6318987831893316,0.6333856775945991,0.4823724712392009,0.481911371280493,0.8025801914610208,0.7990872669364745,0.5545055838028529,0.5519143180177704,0.7019664980822083,0.6986950919621857,0.5882662323855751,0.5869549259426137,0.9196289394917624,0.9186039468134326,0.5676796725902666,0.5668512665665255,0.9210172850092676,0.9145194943322275,0.8902959179830173,0.8843390351081692,0.944683374974497,0.9416059378477973,0.8284858219470884,0.8284117713668149
1190,normal,0.03413587531176735,0.17297717101130655,0.0010852270423555267,0.001379819461284504,0.7388994009882294,0.739544862517471,0.00346511184392403,0.002057617674217779,0.5787596176915767,0.5782703322556281,0.9362515587908788,0.935070971666766,0.646269792396567,0.6460816306142653,0.5917056915922694,0.591847191807743,0.900837462618261,0.9017231948001023,0.6445126559116106,0.6449575713033845,0.4888260219083106,0.48961614583564916,0.8095224044747866,0.8102887220416874,0.5588576271290743,0.5591811007065449,0.7074594665804295,0.707771775474699,0.5920052126761612,0.5941693960698338,0.927207352527904,0.9296529746443608,0.5710683834824856,0.5729423288519442,0.9255548747863797,0.9243445880821141,0.8957875039562657,0.8951178181414265,0.9521845829147412,0.9535218665722016,0.8344796073621978,0.8377050539286569
1196,normal,0.04556717642797444,0.08886627409590667,0.0010424389659572505,0.0015132383127493384,0.7384260096379391,0.737417001491988,0.002357080956587811,0.0014158682985332106,0.5759714224961457,0.5742673830879766,0.9305862340977232,0.9291973511199044,0.6438952554986004,0.64251140449665,0.5886341752102553,0.5885810955479536,0.8984845289472431,0.8974642216247937,0.643387851974592,0.6429075590962195,0.4888869044617926,0.48849890855277245,0.8091199573435539,0.8089546492568809,0.5595484276570459,0.5583021549179884,0.7092032661036743,0.7066024539323925,0.5927383460664722,0.5930225080365237,0.9283555969273192,0.9279062597127169,0.5731863277901224,0.5722424321044232,0.9278236696749356,0.9232753128216431,0.894689186761616,0.8941242436910816,0.9521845829147412,0.9517052014427475,0.836546429919132,0.8365258859211266
1209,normal,0.06585828885256571,0.07022784336644641,0.003480790504299499,0.0038772105795470573,0.7298064286671196,0.7263256381628201,0.005931848049110004,0.006553399236934109,0.562030446518991,0.5585389921927925,0.9113241301409944,0.9044267054931453,0.6306770000999199,0.6263539683368002,0.5779569992156353,0.5754073802168227,0.8851512381448087,0.8804977707307989,0.6358355969688962,0.6331405295018151,0.4834683572018799,0.4817958457755256,0.802680803243829,0.798856919128021,0.5539529433804755,0.5517573525018289,0.7037974875816153,0.6984039247954973,0.5895125591491037,0.5865385747989523,0.9206623594512364,0.9178525554765957,0.568103261451794,0.5664779993452805,0.916479695232156,0.9143927129155943,0.8891976007883677,0.8842529006580249,0.9474963279520884,0.9410275738253605,0.8283824808192419,0.8278141430750862
1211,normal,0.05709990063025427,0.09273781218230556,0.003249766399361544,0.004042567007477855,0.7317086941317037,0.728658171233719,0.00808417370025547,0.005474450619143126,0.5606363489212757,0.5616862057920077,0.9101910652023634,0.9089947980949383,0.6307561513298521,0.6290273885999602,0.577371948476204,0.5780156613671742,0.8855994159869072,0.8843437439059414,0.6363979989374056,0.635444169975245,0.4852948338063449,0.4831654072103627,0.8046930388999929,0.8005471312039678,0.5549200641196358,0.5528686362015854,0.7047565773194,0.6999362502373911,0.5927383460664722,0.5885292407927646,0.927207352527904,0.9211393041474242,0.5696564206107276,0.5680845318004258,0.9221516824535458,0.9158380761174157,0.8924925523723165,0.885238139706866,0.9521845829147412,0.9439271500019005,0.8319994202938767,0.8304030758178529
1222,normal,0.04410849547383571,0.08501356160474527,0.0019558904775729804,0.002434166433871574,0.7413709238627275,0.7413412859660196,0.005702615984163316,0.0038537254575526578,0.5836389592835808,0.5813236672505516,0.939650753606772,0.9403372735891067,0.6518103784918222,0.6504155339504304,0.5953622587137146,0.5954289347543928,0.902069951684032,0.9051288152611754,0.644753685326686,0.6468812754123648,0.4908960287267043,0.49076939566054584,0.8151566643120459,0.8118128451642831,0.5616208292409609,0.5602795252442337,0.7100751658652967,0.7090764726838426,0.5949377462374055,0.5951050094813141,0.9260591081284886,0.9307752924910507,0.5703624020466067,0.5729873582373163,0.9266892722306574,0.9240114363515252,0.9001807727348644,0.8955022033991304,0.9545287103960676,0.9548576124890368,0.835513018640665,0.8381092100020311
1223,normal,0.05798898078283763,0.10412597871896213,0.0016490437907953218,0.002288861699611631,0.7414725028204002,0.7424726542477286,0.004626275667718967,0.003786457660899539,0.5815478128870076,0.582796208649371,0.941916883484034,0.9421524847400029,0.6526018907911444,0.650835012751738,0.5931683184408475,0.5957725577994056,0.900725418157736,0.9065543633021611,0.6454767735719121,0.6477204123649916,0.4905916159592933,0.4912132416999257,0.814150546483964,0.8124673971688083,0.5602392281850176,0.5606355689256942,0.7083313663420521,0.7097011974361277,0.5971371464083385,0.5960877138903102,0.9329485745249806,0.9325460362828695,0.5717743649183645,0.5742592909160997,0.9210172850092676,0.9260551878987332,0.8968858211509153,0.8967704153178931,0.9568728378773936,0.9563746567356491,0.8396466637545335,0.8400933763316055
1225,normal,0.054676150110087744,0.11505049100268666,0.0015780959000688609,0.0018766433266689006,0.7343258345295374,0.7357019855914267,0.0022304215445298338,0.0013799857178584452,0.572486178501857,0.5728178607557372,0.9249209094045676,0.9271160662049363,0.642312230899956,0.6409108662148102,0.5876103364162507,0.5872951699768708,0.8925461725394361,0.895663975624688,0.6395313813333857,0.6414514779049132,0.4863298372155418,0.487270382806932,0.80318386215787,0.8068555719445937,0.5563016651755791,0.5568502264192099,0.7038846775577776,0.7047420744584255,0.5909788259297257,0.5916497126015626,0.9230736726900084,0.9258700783662861,0.5689504391748487,0.5709531688034573,0.9210172850092676,0.9211346551574163,0.8902959179830173,0.8922088460804379,0.9474963279520884,0.9495508353229618,0.832619467060957,0.8345927864110152
1226,normal,0.18343648134020724,0.15534034070122113,0.0016075066679542022,0.0018711481418441417,0.740281586129767,0.7398153925808189,0.003555324044377007,0.0015080054159783136,0.578062568892719,0.5772339080029985,0.9339854289136164,0.933955965244708,0.6486443292945334,0.6454103338718767,0.5938996318651365,0.5912064304922668,0.8997170180130145,0.9013279335142854,0.6432271656978752,0.645166635682725,0.491200441494115,0.49002052386875844,0.8121383108277999,0.8111972083003679,0.5609300287129892,0.5598273336213848,0.7092032661036743,0.7085186672725625,0.5949377462374055,0.5946288154296905,0.927207352527904,0.9304281584844037,0.5724803463542435,0.5734540188892011,0.9278236696749356,0.9252694287869027,0.8990824555402148,0.8964343175965745,0.9557007741367306,0.9542792673621094,0.836546429919132,0.838502727453106
1231,normal,0.04102812748516727,0.10197801952660178,0.002070667360773538,0.0026725460081578525,0.7373768778497823,0.7360487658971784,0.0037809469349299636,0.0013310378546926547,0.5745773248984304,0.5731418649824942,0.9294531691590922,0.927232046552162,0.6431037431992782,0.6412461411305416,0.5875372050738218,0.587552940768164,0.895907506355176,0.8957134884054545,0.6429861362827998,0.6414861133710369,0.487547488285185,0.48735913657770863,0.8101260751716358,0.8071068111430338,0.5602392281850176,0.5571039208006393,0.7092032661036743,0.7051904876072366,0.5927383460664722,0.5922045716999574,0.9245663904092488,0.9266871501655053,0.5696564206107276,0.5713004061857272,0.9210172850092676,0.9214824043777058,0.8990824555402148,0.8923821222905307,0.9545287103960676,0.9504371209185387,0.8331361727001907,0.8352022932755948
1239,normal,0.04359283433174265,0.09311653547450664,0.0016335287099876325,0.0020526491819895616,0.7319046559683065,0.7315806638906218,0.0037528187989088937,0.0033956567894477033,0.5690009345075684,0.5662566290094081,0.91698945483415,0.9163981060912657,0.6383546694033452,0.6342443540076459,0.5836612439250899,0.5820726982866121,0.8878403051974006,0.8889858745641582,0.6375228028744241,0.6381230748408895,0.4869995453038456,0.4850197414353263,0.8037875328547192,0.8035838565278176,0.554160183538867,0.5548146132771288,0.7023152579868572,0.7020374804694071,0.5876797256733262,0.5894815503052482,0.918825168412172,0.9226615832730547,0.5696564206107276,0.5692616233954225,0.9221516824535458,0.9183857820554144,0.8891976007883677,0.8882151446946835,0.9440973431041656,0.9453796934464007,0.8301392799926361,0.831949480460688
1242,normal,0.08336058109307067,0.7843426705318877,0.0028771627760472707,0.003438483855727066,0.7477495572388261,0.7466354560962919,0.007607581438621395,0.00497184515691135,0.5899123984733005,0.5869617457847197,0.9532475328703452,0.9486349981567476,0.6581424768863998,0.6558002586547648,0.6041380198051832,0.6010051166937073,0.9167477760127624,0.9139787376169692,0.6529486854392496,0.6523559884690554,0.4931486832055443,0.4939940018623327,0.8131444286558819,0.8164474334359174,0.5630024302969042,0.5631473516285918,0.7153065644350313,0.712469629296485,0.6030022135308268,0.5992718771647292,0.943282774119719,0.9381971515206231,0.5767162349695172,0.5776232148776739,0.9221516824535458,0.9287739042602514,0.8957875039562657,0.8987921757724797,0.966249347802699,0.9603765427097729,0.8448137201468691,0.8449726257321424
1259,normal,0.028065645003966043,0.08801407582004428,0.0029150734916476117,0.004078615428002794,0.7332924686785456,0.7305504315231458,0.007622929879173623,0.004056047491478004,0.5787596176915767,0.572181284880024,0.9339854289136164,0.9241221641878022,0.6454782800972448,0.6393408286812868,0.5931683184408475,0.5881994391418928,0.902069951684032,0.894889787816098,0.6404954989936873,0.6383162084662095,0.4844424780575946,0.48240450560203724,0.7999642851080074,0.7969111457966733,0.5517423816909661,0.5507280279587627,0.6983917090595564,0.6982806714025793,0.589145992453948,0.5889749625780015,0.9231884971299502,0.9221481120565733,0.5670442892979756,0.5659990951579617,0.9061566784892268,0.9063714484031046,0.8770062799277564,0.8782623188719837,0.9438629303560327,0.943397513561176,0.8310693501432562,0.8288298213313094
1261,normal,0.03981744146594237,0.3272729132625877,0.0031671687050844038,0.003751838845418228,0.7322904960902216,0.7291233273851371,0.004552411871988526,0.0031124661564389624,0.5731832273007148,0.5698733916465176,0.92718703928183,0.9205255743666144,0.6407292063013115,0.6370649458252615,0.5902430647436913,0.5862837938480367,0.8990447512498665,0.8923772195867333,0.638888636226518,0.6368959933423972,0.4832857095414335,0.4816014822974363,0.7973483787549943,0.7957311088826663,0.550015380371037,0.5498306328409356,0.6973454293456095,0.6971192253072096,0.5894392458100727,0.5879290357790865,0.9238774437695996,0.9205937039516882,0.5680326633082061,0.5655524741206143,0.9119421054550442,0.9062410703298237,0.8837060148151195,0.8777855837664955,0.9433941048597676,0.9418367894177426,0.8312760323989499,0.8278545402380716
1269,normal,0.04152410488276403,0.23541450080829088,0.0018754844278417906,0.0021956255278205734,0.7284369325648483,0.7302793368280974,0.003618210903407554,0.003097908019919951,0.5690009345075684,0.5699133841248248,0.9181225197727813,0.9206430344270099,0.6351886202060564,0.6370925178642208,0.5868058916495327,0.5865247102504944,0.891649816855239,0.8937683892870057,0.6364783420757639,0.637751971625415,0.480180699313843,0.48195371067412957,0.7955373666644466,0.7964139841518083,0.5503607806350229,0.5507678786129814,0.6979557591787452,0.6987448398956215,0.589072679114917,0.5897379349535731,0.9196289394917624,0.9235199430686746,0.5645733542723992,0.5666490759223526,0.9028669259008204,0.907152881149013,0.8770062799277564,0.8795014224811717,0.9417532156228392,0.944621334703542,0.8272457284129282,0.8299917128858175
1270,both alarms,134.05641447853148,3755.165227499124,0.004190506489937534,0.005144265844043332,0.7291332564030171,0.7330724808799906,0.00407816886608124,0.0011542755452337093,0.5690009345075684,0.5700498014689097,0.91698945483415,0.9222428461514574,0.6359801325053784,0.6379798137959587,0.5883416498405398,0.5862057527303445,0.8933304837631086,0.8939843450218766,0.6350321655853117,0.6395045874280779,0.4812157027230399,0.48459585786823917,0.7966440962753368,0.8020457585313956,0.552087781954952,0.55439426864066,0.6990892288688543,0.7022397318153818,0.5892926191320104,0.5910173345780095,0.9223847260503596,0.9252617394399908,0.5643615598416355,0.5694874701342418,0.9024131669231094,0.9156052566267499,0.8784340922808008,0.8868129699151646,0.9436285176079,0.9474327091490884,0.8270390461572347,0.8333719316642914
1271,normal,0.03983411072424319,0.13109448789738576,0.00114655061393461,0.0015039877608231105,0.7292150072298286,0.7291869168298434,0.0042726601622261814,0.002845186093662706,0.5696979833064261,0.5687775255933105,0.91698945483415,0.9188976023640957,0.6359801325053784,0.6359675998945225,0.5884879125253976,0.5855137495139107,0.8946750172894047,0.8920769394598879,0.6367193714908393,0.6368335740673776,0.4804242295277716,0.48143019577906593,0.7967447080581451,0.7955219631760425,0.5509134210574002,0.5500165785460626,0.6979557591787452,0.6977137336012121,0.5895125591491037,0.588750702352299,0.9213513060908856,0.9220316433393698,0.5649969431339266,0.5660191304379968,0.9028669259008204,0.9062577415029108,0.8774456068056165,0.8785349352116013,0.943511311233834,0.9431555635482679,0.8283824808192419,0.8286784077194028
1284,normal,0.02583873079141163,0.055178104189189656,0.0035544028599557623,0.004402423275726672,0.7165586851132849,0.7145276419149287,0.004040393033848686,0.007036039034069352,0.5563146463683577,0.5492963967942143,0.8980672703590106,0.8883985930449214,0.6228410283366301,0.6160362076364788,0.5748854828336213,0.5688137548935062,0.8758515479212617,0.8697907130364017,0.6257927046740881,0.6230785452175186,0.4733009707703582,0.47150330969611975,0.7834639527274624,0.7809936163132609,0.5435909354609005,0.5412701657040486,0.6894983314910077,0.6871106861445839,0.5806416451263401,0.5807034996017134,0.9073427244180182,0.9095357374511596,0.5553955956059728,0.5575709878731128,0.8867584821920738,0.8914352896462698,0.8638264735919604,0.8636650645579528,0.9289777208496108,0.9305607594951306,0.8149481341991692,0.8172065854473949
1288,normal,0.04591060068454152,0.06167080201336154,0.00304660112224646,0.003902536729070008,0.7143691999146122,0.7121120923572847,0.004872214371786597,0.007774905175570875,0.5524808779746401,0.5467173216873458,0.8937616235922125,0.8841803402922119,0.6185668619202904,0.6130253548607721,0.5718139664516072,0.5663452296056043,0.8719299918028988,0.866389921720181,0.6238644693534849,0.6208518990240786,0.4712309639519646,0.4699792070238689,0.7801437638947918,0.778592033253025,0.5424165745633487,0.5397294333549006,0.6874929620392762,0.6851268906290586,0.5793220050237804,0.579222500550248,0.9068834266582518,0.907480573815294,0.5548308104572697,0.5560055565861489,0.8860778437255069,0.8887969313568942,0.861849502641591,0.8604375252599271,0.9286261017274118,0.9278204838996966,0.8129846527700817,0.8152043671545831
1290,normal,0.04790094395716425,0.12633484871180173,0.0012831192242917903,0.0015794525386582485,0.7105938574298865,0.7095511408015438,0.008372550973057917,0.007612480650894092,0.546068029025149,0.5446806413257825,0.8808446832918179,0.8808379645463088,0.6127888221352383,0.6108509283125514,0.5655978023451503,0.5642684849931907,0.8619580348162043,0.8631705785573952,0.6196866261588447,0.6188461381631102,0.468065071170892,0.46868022365910283,0.7766223514965048,0.7763932319780141,0.5377882110259385,0.5380039368621032,0.6836566030881375,0.6825068337668244,0.5788821249895938,0.576550611775857,0.9059648311387196,0.9036493686832172,0.556595764046967,0.5542496215436205,0.8869853616809292,0.8864772748947856,0.8571267387045973,0.8571103954886026,0.9265163869942182,0.9238314385486582,0.8149481341991692,0.8122617205271198
1304,normal,0.0318481055250323,0.06608015696113465,0.003906690977524839,0.004765841032870095,0.7235745612262424,0.7274094612428877,0.006916758700784598,0.0038181131313949957,0.5585452025247024,0.5644123196992572,0.9003334002362728,0.9122746716567572,0.6240282967856136,0.6313364742370448,0.5793464947217845,0.5822694378767708,0.8825742155527415,0.888663665098844,0.6299705478687284,0.6345932009178454,0.4756145078026805,0.4794733184946065,0.7877902593882152,0.7924734075060362,0.5456633370448155,0.5488057426777996,0.6925499806566863,0.6970180393974742,0.5882662323855751,0.5890208643694796,0.9200882372515286,0.9225060682763662,0.5642909616980476,0.5660003542929062,0.9035475643673874,0.9059188601031536,0.8765669530498965,0.8782120294092285,0.9444489622263644,0.943838739058887,0.8271423872850813,0.829143648056632
1312,normal,0.04682594883805075,0.10772738144972525,0.006989514564072561,0.008521886978955036,0.7256139327286232,0.7186244181645507,0.011098044202880701,0.005630363020300398,0.5554084829298427,0.5539390637382969,0.8977273508774212,0.8958289077564535,0.621337154967918,0.621033980604888,0.5744466947790478,0.573058654244514,0.8812296820264456,0.8752850426725242,0.6296491753152944,0.6266754622454687,0.4755536252491983,0.47426762840456255,0.7873878122569823,0.7851530105196157,0.5527095024301264,0.543975000253677,0.7024896379391817,0.690111361632251,0.5912720792858502,0.5829344787190626,0.9260591081284886,0.9133870051861345,0.5689504391748487,0.560314456987927,0.911034587499622,0.8971230053120007,0.8804110632311702,0.8686469402205207,0.9463242642114252,0.9341183351751596,0.8334461960837308,0.820762775124304
1313,normal,0.03228823954970857,0.08829546970013089,0.008071863837786053,0.00915668050190141,0.723786914433644,0.7157150505958578,0.011187311441210109,0.006984760606516336,0.554362909731556,0.5503709697417368,0.8955745274940221,0.8900065537916817,0.6195958279094093,0.6171009031713036,0.5741541694093323,0.5698631509208963,0.8793249261975263,0.8712587357616087,0.6288457439317099,0.6239814575397689,0.4746403869469659,0.47222892786845433,0.7860798590804757,0.7820732092938399,0.5472521782591504,0.5420281142506167,0.6993507987973411,0.6881478820431293,0.5912720792858502,0.581693637179367,0.9260591081284886,0.9111226158411713,0.5665501022928603,0.5584339804364074,0.9021862874342538,0.893042037663997,0.8800815680727754,0.8651373890270015,0.9463242642114252,0.9321286175452121,0.832722808188804,0.818537678053391
1314,normal,0.03619749835905699,0.1270505921435123,0.007628275635888621,0.009322572918456905,0.7230349662258728,0.7154066905899841,0.012390700017732148,0.006715509436472788,0.552202058455097,0.5501798898187881,0.8924019456658551,0.8898606105707442,0.6192792229896804,0.6168204464274741,0.5726915425607542,0.5693006782605343,0.8770840369870332,0.8705263911661224,0.6263551066425974,0.6238465196063537,0.472874792895983,0.4723138927033846,0.7850737412523938,0.7820732340426242,0.5455251769392212,0.5421235995172015,0.6983045190833942,0.6877818976962993,0.5912720792858502,0.5808323136962026,0.9260591081284886,0.9096916079034899,0.5677502707338545,0.5585235600290647,0.9072910759335046,0.8941229069877619,0.8793127460365207,0.8650986991303204,0.9463242642114252,0.9307287141562599,0.8317927380381835,0.8180887783171045
1323,normal,0.047046653710849484,0.1109656042137651,0.005529996332232771,0.005879007842327077,0.7413993140163786,0.7358693176841458,0.00551218351623787,0.00436858326875035,0.580153715289292,0.5759218678920248,0.9385176886681408,0.9305270879151916,0.646269792396567,0.643325169943466,0.5968248855622927,0.5923679081861359,0.910025108381283,0.9020795298472631,0.6478067245843077,0.6427915330258419,0.4883998440339354,0.4853038176960399,0.8069064981217734,0.8017313503710979,0.5580286664955083,0.5547615634628499,0.7083313663420521,0.7037383055401684,0.6008028133598936,0.5941060074379801,0.9398380409214728,0.9301724253893462,0.5753042720977594,0.5701031639871845,0.917614092676434,0.9117460845171104,0.8870009663990682,0.8841792765340131,0.95921696535872,0.951588822908516,0.8427468975899349,0.8353344859762486
1328,normal,0.0806241877884277,0.2664645162930507,0.0036391077985280843,0.004178007451593586,0.7283029978271637,0.7319421056256918,0.003969100538391274,0.001352209767916664,0.5669097881109953,0.569807534246812,0.9181225197727813,0.9220176612840276,0.6340013517570731,0.6371452212043079,0.5832955872129453,0.585515856309952,0.8904173277894677,0.8932597771817034,0.6351125087236702,0.6387357638339429,0.4797545214394678,0.4837620859583685,0.790708001089653,0.7998070513903024,0.548357459103905,0.5528353682786963,0.6960375797031758,0.7004240805375209,0.5893659324710414,0.5902347594420687,0.922499550490301,0.9241668006611633,0.565491130139042,0.5685138121580515,0.9070641964446488,0.9138993262144781,0.8809602218284953,0.8847301280741251,0.9463242642114252,0.9463912684373729,0.8267290227736945,0.8317693004238665
1333,normal,0.042575202779781024,0.11602677809567458,0.0023234979341368376,0.0027012198273031465,0.7281322489013112,0.7303769200197461,0.004091404103632984,0.0034510142057610715,0.5655156905132798,0.5687732540420907,0.9147233249568876,0.9191330923167209,0.6319434197788354,0.635661101620819,0.5821254857340828,0.5859449959517395,0.8892968831842212,0.8937794638084432,0.6350321655853117,0.6375215288541725,0.4791456959046462,0.4814093693781983,0.7922171778317759,0.7953861821447976,0.5485646992622965,0.5507811147394311,0.697519809297934,0.6994365112982031,0.589732499166197,0.590836376083146,0.9216957794107102,0.9250876898168915,0.5666912985800362,0.5672717282573986,0.9067238772113656,0.9077021914384363,0.8809602218284953,0.8802901938950284,0.9463242642114252,0.9463252219145317,0.8300359388647892,0.8310676247756338
1338,normal,0.03265960949668247,0.09979622683071791,0.007270373044025911,0.007685680656831953,0.7352154721615485,0.7279450991175226,0.005427592036101693,0.0033725289284220537,0.5683038857087107,0.5651295867998332,0.9181225197727813,0.9134770374600402,0.6359801325053784,0.6323334581983092,0.5877565991011086,0.582788606045312,0.8983724844867186,0.8891638954521667,0.6423433911759321,0.6351381771314053,0.4843207129506302,0.4800555135485996,0.8020771325469798,0.7936321452904062,0.5568543055979565,0.549414649579979,0.7074594665804295,0.6974709613814984,0.5971371464083385,0.5890911871052475,0.934096818924396,0.9225369492544314,0.5724803463542435,0.5661488899719677,0.913076502899322,0.906429364006053,0.8870009663990682,0.8790478295350761,0.9557007741367306,0.9439516916804216,0.8375798411975994,0.8292567425571362
1343,normal,0.032179307024247435,0.15768674396030027,0.005114287037450469,0.005602335418675268,0.7260387052284232,0.7209244181909727,0.0069220901116276165,0.005655951509679066,0.5592422513235601,0.5559792523938711,0.9033926755705768,0.8989605585164977,0.6261653799937832,0.6232511828799231,0.5790539693520688,0.5751488145416772,0.8859355493684812,0.8780273810533902,0.6339073616482932,0.6282425684171699,0.4792674610116105,0.4753842960882947,0.7913116717865022,0.7871594779006567,0.5498772202654426,0.5455362812786482,0.6984788990357186,0.6923177045324335,0.5898791258442593,0.585004510254001,0.9233033215698916,0.916607892295955,0.5668324948672119,0.5621261293008892,0.9007115707566925,0.8998387514579701,0.8817290438647499,0.8713925805347144,0.9463242642114252,0.9371603993270141,0.8272457284129282,0.8235773284734318
1345,normal,0.027654283379097467,0.10638394966593188,0.011006767469735838,0.011399084348957936,0.7338747729822165,0.7228680055124805,0.006520083684556216,0.006322180130327832,0.564818641714422,0.5571049883613378,0.9158563898955188,0.9007953889589992,0.6329723857679541,0.6244136114886355,0.585855184197957,0.5763395650562984,0.8973640843419967,0.8802481014772697,0.641459616653989,0.629686491497993,0.4844424780575946,0.4761457712200996,0.8021777443297878,0.7885119881305763,0.5555417845948103,0.5468698207438422,0.7057156670571847,0.6944504367882361,0.5964040130180275,0.5871907897220339,0.9352450633238112,0.9199553725408574,0.5703624020466067,0.5638234596118812,0.9108077080107664,0.9016344549097096,0.8837060148151195,0.8743500424959773,0.9545287103960676,0.9409017325337783,0.8386132524760664,0.8263340781746454
1350,normal,0.04082994564907835,0.11745520171730914,0.0057739954577736875,0.006557992501855517,0.7215369399560833,0.7157629444983096,0.009538251918866487,0.007389784373388651,0.5540143853321271,0.5501445109180255,0.8958011404817484,0.8896475293641919,0.6189626180699513,0.616747268727147,0.5726184112183251,0.5696835884296825,0.8780924371317552,0.8712179884951521,0.6280423125481251,0.6238816601913032,0.4759798031235736,0.4720947291039503,0.786180470863284,0.7819535322199345,0.5449725365168439,0.5421281256885436,0.6922884107281995,0.688319622069795,0.5879729790294504,0.5821078978848443,0.9208920083311192,0.9117592299907824,0.5641497654108718,0.5586693931160784,0.8957202220018694,0.8926964766163025,0.8764571213304317,0.865078039615654,0.9463242642114252,0.9328273104737526,0.8276590929243149,0.8190131535661236
1352,normal,0.04271589292026713,0.08142888108310273,0.0012652013129934876,0.0015344618072236317,0.7144367446547153,0.7156403063880284,0.009385956070138373,0.008861869427564178,0.54571950462572,0.5488161011009735,0.8861700885033841,0.887274391531793,0.6134220319746961,0.6151172133244317,0.5691081067817377,0.5690076584803427,0.8710336361187017,0.870610147992814,0.6226593222781079,0.6233959097542158,0.4709265511845538,0.47140354797096184,0.7793388696323262,0.7811269248113059,0.5416566939825799,0.54270910100313,0.6889751916340343,0.6894983275858135,0.5815947185337447,0.5830452629351955,0.9131987708550364,0.9135998517626729,0.557301745482846,0.5591034827079002,0.889367596313913,0.8925188700701292,0.8628379881167758,0.8644748663828076,0.9335487694381972,0.9340616702817526,0.8185650736738044,0.8201218809002434
1364,normal,0.03756149311911852,0.113074469666907,0.0049468700349502666,0.0053307716830497,0.7360569413584488,0.7311100713234985,0.005032796118976753,0.0036055272623173864,0.5745773248984304,0.5703615196068241,0.928320104220461,0.9214879909647193,0.641520718600634,0.6373955841230916,0.5902430647436913,0.5871901777902694,0.902181996144557,0.8950806051232333,0.6450750578801199,0.6382670635502398,0.4843815955041124,0.48192547850705625,0.8004673440220487,0.7961888685031802,0.5549200641196358,0.5511573983205568,0.7057156670571847,0.6998966597123332,0.5956708796277164,0.5911264442321778,0.9318003301255654,0.9254671263965819,0.5710683834824856,0.5674319005341907,0.9099001900553436,0.9076601345595414,0.8837060148151195,0.880264797160272,0.9568728378773936,0.9466008604649148,0.836546429919132,0.8313686029502941
1366,q alarm only,0.24143864255020553,1.6170998953429085,0.0020964401145082885,0.002614177675583638,0.7366308964480334,0.7345727551784198,0.0056338899081104276,0.004415368739006761,0.5745773248984304,0.573961439691688,0.9305862340977232,0.9271695080442529,0.641520718600634,0.6410926017392969,0.5909743781679804,0.590436538334624,0.903190396289279,0.9004649990726065,0.6438699108047429,0.642004625597884,0.4853557163598271,0.4841480180207729,0.8007691793704731,0.7998081378827293,0.5553345444364188,0.5537790046540919,0.7057156670571847,0.7032902560933414,0.5986034131889606,0.5941506143935757,0.9352450633238112,0.9301150584729267,0.5703624020466067,0.569509418742276,0.9104673887774828,0.9095809359312393,0.8818388755842148,0.88216441576582,0.9557007741367306,0.9512268706369635,0.8386132524760664,0.8348343949590471
1375,normal,0.029212878627912504,0.0870716059024389,0.0012825420687367427,0.0017022315891914081,0.7282500205821948,0.7284929492768144,0.005034887044182312,0.00358935629312197,0.5655156905132798,0.5657840353326942,0.9158563898955188,0.9145162987375777,0.6318642685489032,0.6331121184446225,0.5824911424462275,0.5833456672919577,0.8904173277894677,0.8901894360625103,0.6371210871826318,0.6358588002395681,0.4803633469742895,0.4803808850691916,0.7924184013973923,0.7940026568019883,0.5504989407406171,0.5496324848706489,0.6977813792264207,0.698090468686329,0.5920052126761612,0.589802884299032,0.9247960392891316,0.9236468100197454,0.5657029245698056,0.5664823014407745,0.9017325284565426,0.906018295217634,0.8750293089773868,0.8786490643135858,0.946207057837359,0.9449564412649515,0.830449303376176,0.8299114896130342
1386,normal,0.0654963817087985,0.3076684963114035,0.002638229054442903,0.0032889951502763615,0.7146007285262179,0.7167809381608506,0.009262838957417177,0.006898234421396308,0.5477409461424076,0.5506128471223859,0.8852636365524792,0.8910269933335564,0.6135803344345606,0.6179432351522413,0.5683036620150198,0.5696996938896349,0.8718179473423743,0.8714438673507836,0.6238644693534849,0.6252169409418803,0.4708047860775894,0.473659521476566,0.7800431521119837,0.78464925826401,0.5414494538241884,0.5432140507364066,0.6891495715863588,0.689077714775141,0.5819612852289,0.5817643900095336,0.9094095643369656,0.9110533796629634,0.5628084006827018,0.5595580676364911,0.8895944758027686,0.8964829737323051,0.8632773149946356,0.8678179062642878,0.932025086575335,0.9326495043078914,0.8171182978839502,0.8194056040783835
1392,normal,0.13884008664139944,0.30214973925125793,0.006857837276183067,0.007710646155093837,0.7333528577583164,0.7401588038070749,0.006327229008493672,0.004180944849852588,0.5731832273007148,0.5795163650564394,0.9305862340977232,0.9384882195849346,0.6431037431992782,0.649715182706485,0.5895117513194023,0.5960373939274844,0.8990447512498665,0.9060525561346854,0.6410579009621966,0.6468288592150571,0.4826768840066118,0.48970178223449057,0.7966440962753368,0.8092811600993225,0.5510515811629945,0.5586872211182851,0.7010074083444237,0.7072952662774005,0.5934714794567832,0.5949034222450101,0.9318003301255654,0.9313592546924573,0.5673266818723272,0.5726640504192171,0.9058163592559432,0.9197951327735209,0.8783242605613361,0.8907540769938934,0.951012519174078,0.9534630389754946,0.8313793735267964,0.8381566822660959
1401,normal,0.03050428102414989,0.1504956435351835,0.0024439771519415205,0.00321954747000023,0.7254658992429573,0.7277243127805445,0.0046129753220248235,0.003206481453427063,0.5669097881109953,0.5664362536167971,0.9147233249568876,0.9154103200936534,0.6343971079067342,0.6336649690092756,0.5839537692948055,0.5836765540982014,0.8862716827500552,0.8895249772971179,0.6351125087236702,0.6350181065899204,0.4776845146210742,0.47992525113792744,0.7913116717865022,0.7930000453619783,0.5460778173615985,0.5487269512377548,0.6940322102514443,0.6966064638124828,0.5861401455536729,0.5884602721238671,0.916758328493224,0.9216198001385114,0.561255241523768,0.5656490042877454,0.8968546194461475,0.9051726286750496,0.8752489724163168,0.8771220098460348,0.9424564538672372,0.9429247031766022,0.8237321300661399,0.8283750067663384
1402,normal,0.041707874571226,0.1268092638938334,0.0028149249952526185,0.003583116632550726,0.7252122848344608,0.72761256100378,0.004483786362203297,0.0032874656591989366,0.5662127393121374,0.5656954758998587,0.9147233249568876,0.9143571959308251,0.6341596542169375,0.6329873553836604,0.5844656886918078,0.582996864942993,0.8861596382895307,0.8890534804078275,0.6331039302647086,0.6348988301533919,0.477988927388485,0.4798293702106651,0.791714118917735,0.7929251672121554,0.5469758580479617,0.5487272771102433,0.6952528699177157,0.6967459046865755,0.5854803255023929,0.58861375475649,0.9174472751328734,0.9218847991224822,0.5607610545186529,0.5658833920032731,0.8990099745902755,0.9056169786676493,0.8698672181625335,0.8772587190195948,0.9426908666153696,0.9431524451362588,0.8225953776598259,0.8287865264203147
1424,normal,0.08228187102541726,0.45976120679112464,0.008379497219740843,0.009555665942255615,0.7470105102277864,0.7391944964223577,0.006802756331896402,0.003845000033042744,0.5731832273007148,0.5779728363223673,0.9385176886681408,0.9359328439506557,0.654976427689111,0.6490695881569212,0.6034067063808942,0.5951044149224752,0.9201091098285024,0.903363887900623,0.6553589795900034,0.6450390006647626,0.493757508740366,0.4889664199545783,0.8151566643120459,0.8091285070614016,0.5630024302969042,0.5591342998161332,0.7153065644350313,0.7079312452277887,0.6044684803114487,0.594344743186375,0.9467275073179648,0.9294738355500999,0.5788341792771541,0.5708795734719504,0.9244204773421016,0.9186454674893602,0.894689186761616,0.8922292056953982,0.966249347802699,0.9534991956059587,0.8510141878176717,0.8355913742032315
1429,normal,0.03960623395795812,0.10862896531317812,0.0020524972395550094,0.0024534758250602286,0.7325079348824777,0.7319383661704758,0.0068196445894306386,0.004003215506726837,0.5752743736972881,0.5728220006494341,0.9294531691590922,0.9251636995014267,0.6438952554986004,0.6401404684762931,0.5895117513194023,0.588807941178577,0.897588173263046,0.8964735045201576,0.6391296656415935,0.6394013082981385,0.4820680584717902,0.48299266582517314,0.7949336959675973,0.7978246008379609,0.5505680207934144,0.5517807708627916,0.700745838415937,0.7000234393946111,0.5927383460664722,0.5907053842363287,0.927207352527904,0.9247169783151973,0.5658441208569813,0.5672670955171061,0.9028669259008204,0.9076666604248009,0.8787635874391958,0.879845865789624,0.9498404554334148,0.9462393174853675,0.8322061025495703,0.831080523585101
1431,normal,0.038708741756173386,0.23022611248214617,0.0016007452182833046,0.0020850607840103325,0.7324386245765175,0.7312429843585682,0.005361002729707666,0.0038285787396401564,0.5717891297029993,0.5713804429050043,0.9249209094045676,0.9229045945930701,0.6399376940019894,0.6386069141089478,0.5876834677586796,0.587807299401254,0.8968038620393731,0.895443545508355,0.6396920676101027,0.638559590915008,0.4825551188996475,0.4821746404234793,0.7958392020128712,0.7965758694990464,0.5499463003182399,0.5511694593503956,0.7000483186066391,0.6996137352757019,0.5942046128470945,0.5907901390806597,0.9295038413267344,0.9249518691867606,0.567467878159503,0.5671657622151727,0.9057029195115154,0.9070626538534489,0.881179885267425,0.8796137413531634,0.9486683916927516,0.9462344186534618,0.835513018640665,0.83107605777273
1435,normal,0.015648936843032264,0.14474536956621334,0.0012550626959709895,0.0014640148273099335,0.7348635247695453,0.7336307598904416,0.005071437107805471,0.00438616931818857,0.5752743736972881,0.5736472365650621,0.928320104220461,0.9264753504940576,0.6431037431992782,0.6409727603935024,0.5917056915922694,0.5900518139480287,0.902069951684032,0.899034982679648,0.6417006460690643,0.6409683576694627,0.4843815955041124,0.48361698335098435,0.7995618379767747,0.7988080475839402,0.5527785824829237,0.5529612036311159,0.7033615377008041,0.7019529572861698,0.5942046128470945,0.5929342885944627,0.9295038413267344,0.9283210428408457,0.568738644744085,0.5687455550392639,0.9091061118443492,0.9086394543163171,0.8833765196567245,0.8812991089336758,0.951012519174078,0.9495745572800818,0.8344796073621978,0.833719217530888
1440,normal,0.022747079052336885,0.10507672592300706,0.0018763245341664703,0.002479567215460838,0.7281832164063606,0.7296345765278335,0.005165361582395399,0.0035725905676151117,0.5683038857087107,0.5687856665182527,0.9203886496500432,0.9189052162105429,0.6367716448047006,0.6361065873512705,0.5847582140615234,0.5857143101914365,0.8925461725394361,0.8928955615697908,0.6362373126606886,0.6370457645059763,0.4795718737790213,0.48106717857400666,0.7940281899223237,0.7949377556513544,0.547528498470339,0.5501645268424543,0.6969094794647983,0.6984932770645965,0.5887794257587927,0.5900739571118397,0.9233033215698916,0.9239488118477122,0.5645733542723992,0.5664149787508391,0.9001443720345534,0.905669778511658,0.8725031794296928,0.8782961025545156,0.9412843901265736,0.9452493196772455,0.8314827146546433,0.8300190080396774
1441,normal,0.044305830602600085,0.09003464065142258,0.004204559870337001,0.004806062371413029,0.724273913106189,0.7253474669130549,0.008917727464781656,0.0033768205238479433,0.5606363489212757,0.5637670558535413,0.9065652573987436,0.9111837240877175,0.6291731267312077,0.6311268406142968,0.5782495245853508,0.5811878228684678,0.8823501266316922,0.885850434890607,0.6290867733467853,0.6327312533293946,0.4753100950352697,0.478318635195931,0.7856774119492429,0.7905870992750366,0.5432455351969148,0.5469625691338722,0.6915908909189016,0.6942703566017734,0.5912720792858502,0.5867767579697272,0.9260591081284886,0.9191960119931876,0.5645733542723992,0.5642950370286243,0.89209015018018,0.9028534153011494,0.8770062799277564,0.8746519122894048,0.9463242642114252,0.940705765163209,0.8334461960837308,0.8264422459259918
1444,normal,0.026027377922491404,0.10433637874533518,0.0018880706400649977,0.0025780887997479502,0.725462201469131,0.7269778230221703,0.004972233223933645,0.003234180959924109,0.564818641714422,0.5651315297917099,0.9113241301409944,0.913314032519855,0.633288990687683,0.6324205941688642,0.5834418498978031,0.5824478294223002,0.8870559939737277,0.8881756166823023,0.6324611851578408,0.6343979525530601,0.477623632067592,0.4795366243207665,0.7904061657412285,0.7926434335663717,0.5477357386287305,0.5484080220864938,0.6967350995124737,0.6960970508823198,0.5883395457246061,0.5880893584178593,0.921466130530827,0.9210509662223312,0.5608316526622407,0.5652771916356852,0.8975352579127143,0.9044387126544511,0.8726130111491576,0.876685050396066,0.942104834745038,0.942567904742038,0.8250755647281471,0.8279411213144207
1463,normal,0.03868329264320667,0.14030027178581445,0.0015780778687336451,0.002006174179071821,0.728889509348786,0.7283026354650475,0.005122504826200782,0.002728475887617873,0.5717891297029993,0.569395243134053,0.9249209094045676,0.9202644510840394,0.6399376940019894,0.6369442027083589,0.5888535692375421,0.5852103469217261,0.8918739057762881,0.8906398901329081,0.6369604009059148,0.6363309455491595,0.482007175918308,0.4817739978946616,0.7953361430988303,0.7960731101486581,0.5488410194734852,0.549403787066856,0.6967350995124737,0.6958552367540137,0.5871665323001084,0.5858173630495201,0.9174472751328734,0.9175447422659269,0.5636555784057566,0.565370725517688,0.9052491605338042,0.9072767638309216,0.874919477257922,0.8771683257819011,0.9395262945155792,0.9391369441513164,0.8259022937509207,0.8269387269140991
1477,normal,0.015356416887040559,0.05466385182171358,0.003958866229326067,0.0050238943632163,0.7225113249732216,0.7258198539561603,0.004498441434967073,0.0016421267311655544,0.5606363489212757,0.5650027937346711,0.9070184833741964,0.913317135789242,0.6280650095121566,0.6324080478626749,0.5759824529700549,0.5818528284311387,0.8787647038949031,0.8866559929201049,0.6310150086673884,0.6341012728105564,0.4800589342068787,0.4801050143674651,0.7942294134879401,0.7935375766405305,0.5449034564640467,0.5478622615791284,0.6883648618008986,0.6944479878753336,0.5777091115650961,0.5851547596999375,0.9052758844990704,0.916627776813396,0.5638673728365202,0.5640505412796755,0.9084254733777825,0.9053654548528376,0.8765669530498965,0.8753050984631575,0.9360101032935896,0.9378581781470015,0.8257989526230741,0.8252847959878746
1483,normal,0.03063253341330989,0.16501598321558336,0.005168257074687671,0.0070990970888552135,0.7178967646472354,0.7199957719470889,0.006445909603210723,0.004649105032889589,0.5563146463683577,0.5556344872340577,0.9023729171258088,0.8987736500463399,0.6241074480155456,0.6230249317303532,0.5711557843697471,0.5741261652605064,0.8758515479212617,0.8769453756602601,0.6300508910070868,0.6282507816651477,0.480545994634736,0.4758761734936895,0.7942294134879401,0.7876388970417907,0.5449034564640467,0.5449736564888276,0.68452850284976,0.6909124297412758,0.5731636845451678,0.5830415682334058,0.8983864181025785,0.9134434446445211,0.559278493503307,0.561118349541624,0.9067238772113656,0.9002406113740969,0.8712950305155783,0.8701120626948519,0.9169054643207802,0.934253376541951,0.8144314285599359,0.8215621617078123
1487,normal,0.03626420187751856,0.11607959849899586,0.0031572311823630517,0.0037891033473535516,0.7090805340894865,0.7082525156208608,0.005145011320452617,0.005562950886798387,0.5484379949412653,0.544885321961876,0.8892293638376879,0.882294984354519,0.6168255348617816,0.6115853796480941,0.5634038620722832,0.5629666292756519,0.8624062126583029,0.8613634903383938,0.6223379497246742,0.6190320660230895,0.474335974179555,0.46992107900178953,0.7838663998586953,0.7780120786518481,0.5370974104979669,0.5372133904383432,0.6775533047567807,0.6798332645226878,0.5689848242203946,0.5721819801835926,0.8916117761460278,0.8963900188569924,0.5534894457290996,0.5528567083872047,0.89209015018018,0.8896305283676557,0.8563579166683427,0.8569697853191028,0.9106935264952656,0.9168322030453981,0.8056474326929655,0.8083238571783959
1491,normal,0.04678572232400949,0.12416667613931272,0.005955853525977639,0.006861802726343894,0.7095845149225694,0.7042073154384495,0.007415455618465332,0.005889486515073716,0.5483682900613793,0.5414714987930082,0.888096298899057,0.8768968610855211,0.6146884516536116,0.6078792839468437,0.5632575993874254,0.5595087283555654,0.8639748351056482,0.8562048419478019,0.6237841262151265,0.6157161700838741,0.4759798031235736,0.467782409439518,0.7879914829538316,0.7745742964479483,0.5394461322930706,0.5345166943901499,0.6769429749236449,0.6758738257431165,0.5665654840323684,0.5683284304586854,0.8913821272661445,0.8906043347475417,0.5549720067444455,0.5502019162716462,0.8949261437908749,0.8855342039780527,0.8575660655824574,0.8521646306681958,0.9071773352732762,0.9103329482027497,0.8078175963777462,0.8039332878934242
1494,normal,0.04380136082174579,0.17306734263775908,0.0034570551873244204,0.004330477006377175,0.7056167305602974,0.7079099777513257,0.009115169958198735,0.006305641127601221,0.5409098679136016,0.5438240275965609,0.8760858105495672,0.880645205667696,0.606456723740661,0.6106115242198733,0.5586503248144045,0.5621318174339165,0.8589328343820383,0.8604678160934027,0.6208114300958633,0.6188760819064331,0.4729965580029474,0.47010399223961363,0.7820553877681476,0.7784902954560043,0.5378572910787357,0.5372714506296353,0.6770301648998072,0.6797577561731489,0.5647326505565907,0.5716607314265444,0.8866743252285416,0.8956927200412864,0.5525010717188691,0.5530554706637578,0.8909557527359021,0.8905508793360508,0.8574562338629923,0.856947586008334,0.9071773352732762,0.9159774176521679,0.8042006569031113,0.8084048492281116
1498,normal,0.04047793625747951,0.10994915546603472,0.003992712937799612,0.005219811898908504,0.7051746465521082,0.7069964537968921,0.009665338483236058,0.006467698220931875,0.5410492776733733,0.5428933823373648,0.8751793585986624,0.8790379392832012,0.6071690848100509,0.6096451333396543,0.5589428501841199,0.5614705218968766,0.8541149225794779,0.8593642353603955,0.616633586901223,0.6180188475976326,0.4708656686310716,0.4693983582727382,0.7805462110260247,0.7773779671123711,0.5358539695476179,0.536623879587099,0.6760710751620225,0.6791200563207416,0.5661256039981817,0.5712098457360469,0.8856409052690677,0.8950320043108834,0.5522892772881054,0.5524290465932278,0.902640046411965,0.888822902293318,0.8532826285233237,0.855622949951658,0.907880573517674,0.915328638305568,0.8036839512638779,0.8075440062483877
1507,normal,0.036006123455171825,0.17552890968903467,0.0028439400440653712,0.0033662884530792528,0.7265190765675826,0.7266267403236865,0.004651826028813059,0.0023673282095049864,0.5627274953178487,0.5663059313133889,0.9090580002637322,0.915216908351177,0.6317059660890387,0.6337714755008511,0.5808822529127914,0.5830924384358931,0.8831344378553647,0.8877592407536844,0.6306936361139545,0.634291166806272,0.4789021656907175,0.47984152828911886,0.7922171778317759,0.7929757313123192,0.5469758580479617,0.5481312016619188,0.6990892288688543,0.695092923803126,0.5874597856562328,0.5862374655414139,0.919284466171938,0.9180321699079775,0.568103261451794,0.5645481307440471,0.9119421054550442,0.9051643167817065,0.8779947654029411,0.8757350589761224,0.943511311233834,0.9399794389923329,0.8271423872850813,0.8264794583313201
1517,normal,0.022951465847606083,0.09838223943441,0.0019438760533274026,0.0027224789567565,0.7217193201707093,0.723558742289911,0.006210186487316311,0.004756515887718035,0.5556873024493857,0.5589979662529843,0.9011265456933146,0.9046321060962921,0.6243449017053423,0.6267304926494421,0.5749586141760502,0.5774952083679691,0.8796610595791002,0.8806966042877132,0.6293278027618605,0.6300690972325984,0.4751883299283054,0.4770878185498156,0.7858786355148594,0.789256760709066,0.545041616569641,0.5461417200420666,0.693596260370633,0.694153507303225,0.5865800255878595,0.585694057391153,0.9094095643369656,0.9175782768390589,0.564008569123696,0.5643483753764735,0.903207245134104,0.9052232922263956,0.8760177944525716,0.8760159042092105,0.9392918817674466,0.9396935386034456,0.8259022937509207,0.8266838927915775
1519,normal,0.02598050804472147,0.04559100654318597,0.004172241510282582,0.005180482562091671,0.7160098721994662,0.7201821137097488,0.0030355322727904,0.0046366696365946775,0.5545720243712133,0.5558298066149102,0.8987471093221893,0.8992640885462923,0.6218912135774435,0.623358671750525,0.5721064918213229,0.5745047708128899,0.8742829254739167,0.8769364823777528,0.6253106458439373,0.6280046635388817,0.4741533265191086,0.47559863763811827,0.7842688469899283,0.7870688074069434,0.5428310548801317,0.5448135613279202,0.6867954422299783,0.6911766582829817,0.5796885717189358,0.5829888965019077,0.9048165867393044,0.9131462903631763,0.5576547362007855,0.5613224949115052,0.8915229514580411,0.901366044821248,0.8619593343610559,0.8709465411005575,0.9247582913832234,0.9348273928602151,0.81680827450041,0.8219421242099048
1524,normal,0.02327235403519864,0.08535441792002242,0.004801424212103951,0.00530119281076083,0.710003970763599,0.714805394975703,0.006154299292566853,0.005344601658881413,0.5464862583044636,0.550452007319524,0.8810712962795441,0.8908548866783017,0.6124722172155095,0.6177734934190576,0.5666947724815838,0.5691250979849355,0.8622941681977783,0.8696636638824754,0.619043881051977,0.6237664338820865,0.4705003733101786,0.4728022999148379,0.7805462110260247,0.7827853613830668,0.539653372451462,0.5416953856848977,0.6843541228974355,0.6863616642665605,0.5744100113086963,0.5786995296480408,0.8982715936626366,0.9064970753599243,0.5530658568675723,0.5575204252503746,0.8914095117136133,0.8958066952253911,0.8596528682522918,0.8643182436460977,0.9207732746649688,0.9274907654448328,0.8093677132954469,0.8160786855965453
1525,normal,0.04577814143482006,0.13485077616265365,0.0027720798791120308,0.00321198887726869,0.7084682112660987,0.7109499914437993,0.008621132401724206,0.006216265605589557,0.540840163033716,0.5463391671807871,0.878918472896145,0.8843933613194875,0.6094644704780852,0.6134163486229597,0.5622337605934207,0.5652307690668611,0.8612857680530563,0.8645091360708264,0.6178387339766,0.6207067318957108,0.4686738967057136,0.4707547223018302,0.778232140021436,0.7796318154470451,0.5385480916067074,0.5390909387514262,0.681302473731757,0.6830793195858005,0.574849891342883,0.5756488752974923,0.9025200979404736,0.9018301203716583,0.5540542308778028,0.5551643955490124,0.8865316027032182,0.8914221274033503,0.8566874118267376,0.8602389711200802,0.9179603216873772,0.9224525604048931,0.814018064048549,0.8122404941553667
1531,normal,0.062626290602997,0.19539087409093311,0.002842095593575351,0.003842977243164527,0.7466688819266508,0.7476909612133399,0.002905296240795207,0.004511823935502877,0.5773655200938613,0.5864318895179728,0.939650753606772,0.9493165953371457,0.6526018907911444,0.6559533080356095,0.599750139259449,0.6013679849024103,0.912265997591776,0.9156764217259022,0.6537521168228342,0.6538556158505217,0.4943663342751876,0.49551123937288527,0.8171688999682098,0.819139214054777,0.5657656324087909,0.5641785989421995,0.7153065644350313,0.7132361262340164,0.6008028133598936,0.5994465433154024,0.9421345297203036,0.9382371213639707,0.5816581050206698,0.5787628172128488,0.9300924645634912,0.9320670517676598,0.9001807727348644,0.9007210556249532,0.9615610928400462,0.9606328030261738,0.8489473652607377,0.846211954342328
1533,normal,0.027977904989160217,0.07015005049993037,0.0025929545250038314,0.0031472237626871545,0.7410080838656923,0.7387689782513196,0.0029383933725730844,0.004137903111533767,0.5794566664904344,0.5783399773286331,0.9351184938522475,0.9362863637944933,0.646269792396567,0.6481096381946864,0.5953622587137146,0.5949939193120408,0.9066637745655431,0.9046418843342351,0.6468426069240061,0.6454876378113262,0.4887042568013462,0.48844291807493095,0.8101260751716358,0.8070936801596444,0.5595484276570459,0.557351974933389,0.7100751658652967,0.705811735915498,0.5978702797986496,0.5942050852207206,0.9363933077232268,0.9305346398893775,0.5724803463542435,0.5719471716904713,0.9210172850092676,0.917689176703229,0.894689186761616,0.8885045403117012,0.9568728378773936,0.952208615980164,0.8396466637545335,0.8374236706178924
1549,normal,0.026827072683892714,0.13223259603028759,0.00824684692241269,0.009273714615947486,0.7270149634805552,0.7187681165581425,0.008276582670949625,0.004080079352741377,0.5592422513235601,0.5552404782484285,0.9039592080398924,0.898329297308638,0.6257696238441223,0.6227308930153642,0.5778838678732063,0.573731634840961,0.8814537709474948,0.8754447765222403,0.6321398126044069,0.6269926788802889,0.4775627495141099,0.4749126417940611,0.7922171778317759,0.785801160154377,0.5481502189455134,0.54359423773728,0.7003098885351258,0.6894665703596321,0.5912720792858502,0.5813235453994487,0.9260591081284886,0.9105675841330199,0.5689504391748487,0.5601783628080176,0.9108077080107664,0.8994525516172512,0.8837060148151195,0.8690432550433033,0.9463242642114252,0.9322975898507697,0.8334461960837308,0.81995072377534
1550,normal,0.034983891335580546,0.13595648220780174,0.0012351948689042084,0.001607242634780948,0.7199143853668959,0.7206159371932008,0.002921985844329743,0.0032637966645990544,0.5578481537258447,0.5575180313514316,0.9010132391994514,0.9018201038253189,0.6249781115448001,0.6250112152093855,0.5765675037094862,0.5754848645212056,0.8806694597238222,0.8783615397945708,0.629408145900219,0.6292033017229478,0.4767103937653594,0.4765652460780956,0.7870859769085577,0.7883656152153029,0.5455942569920185,0.5451289644864046,0.6907189911572791,0.6909103724159841,0.5808615851434334,0.5822519400974148,0.9094095643369656,0.9120240508413434,0.5605492600878892,0.5611033231555296,0.8993502938235589,0.9010092430190592,0.8671214251759093,0.8704925282275982,0.930853022834672,0.9338764290875198,0.8198051672079649,0.8213441632353031
1555,normal,0.01897711587406221,0.12866219980310598,0.0033722066984472297,0.0037450833342433185,0.7138607567811016,0.7167158356431736,0.00794195045397904,0.005519978307925179,0.5488562242205799,0.5518308362909218,0.8871898469481521,0.8929206784708301,0.615875720102595,0.619434963072518,0.5688155814120222,0.5708747355951751,0.8652073241714192,0.8718736124053618,0.621293488926014,0.6250145478742436,0.4703177256497321,0.47366494707253054,0.7803449874604084,0.7842506717525758,0.5408968134018111,0.5430412448344112,0.6861851123968425,0.6883250346311004,0.5796152583799048,0.580472969827374,0.906653777778369,0.9093262307807329,0.5633025876878172,0.5589070010786263,0.8925439091578913,0.8987324265333573,0.8628379881167758,0.866791971116303,0.9290949272236771,0.9302453126498165,0.8166015922447168,0.8184620219480714
1565,normal,0.03035639956639342,0.08833544114592065,0.0017115672900690265,0.002131854442771972,0.7361509093774141,0.737699412845657,0.005539397999280077,0.004279648097859395,0.5787596176915767,0.5781519407978971,0.9362515587908788,0.9354731931990358,0.646269792396567,0.6470988404757089,0.5924370050165585,0.5939509888360465,0.9029663073682296,0.9033186279873748,0.6438699108047429,0.6447741586255142,0.4858427767876844,0.4879084131509806,0.8046930388999929,0.8060044506789713,0.5560944250171876,0.5564113198770608,0.7041462474862643,0.7046688127498488,0.5912720792858502,0.5931994333340479,0.925255337048898,0.9288057751741671,0.5689504391748487,0.5710495656029465,0.9111480272440496,0.9164946377076258,0.884804332009769,0.8869639721902437,0.9486683916927516,0.9505977251915106,0.8331361727001907,0.8360181627971882
1573,normal,0.2823088875448519,0.2303406731036855,0.0020244990433448506,0.002326393597238784,0.7360925298791909,0.734068030835846,0.0028211961926176486,0.0025374112263117847,0.5752743736972881,0.573968920477445,0.9328523639749856,0.927891850986627,0.6438952554986004,0.6414604361049573,0.5895117513194023,0.5890497369841347,0.8985965734077677,0.8975066456559637,0.6424237343142906,0.641464631044388,0.4866951325364347,0.4855618259984389,0.8047936506828011,0.8023747188060875,0.5561635050699848,0.5539609787917982,0.7038846775577776,0.7019333506953828,0.5927383460664722,0.5911695013786006,0.9295038413267344,0.9253798469878698,0.5717743649183645,0.5691695698620148,0.916479695232156,0.9138376271405484,0.884804332009769,0.8839278147007786,0.9486683916927516,0.9474862730604695,0.835513018640665,0.8330127955338784
1575,normal,0.0216935779046793,0.0809066275243815,0.001677566214772513,0.0020457157066711114,0.7237099926368596,0.7242738435740715,0.0026022846377543947,0.0020687004635590385,0.564818641714422,0.5637845086177028,0.9158563898955188,0.9115056290576107,0.6331306882278187,0.6315754690000176,0.5798584141187868,0.5805365352398271,0.8825742155527415,0.8839187376159628,0.6317380969126146,0.6322171942549573,0.4784151052628602,0.47855543059418776,0.7932232956598579,0.7912178583851444,0.5469067779951645,0.5463857485730403,0.6915908909189016,0.6927078423802616,0.5823278519240557,0.5841539257351568,0.9142321908145103,0.9147141792658854,0.5615376340981197,0.5634208343380708,0.8993502938235589,0.9035047165550566,0.8710753670766482,0.8730727019634873,0.934252007682595,0.9368945332507983,0.8221820131484392,0.8244894959320467
1581,normal,0.059330032883602765,0.27259142449185947,0.004014403995769457,0.004466288060100246,0.7174476940913268,0.7214620980870963,0.002413502016754256,0.0029877225249496523,0.5571511049269869,0.559007451137081,0.8992003352976417,0.9042979242758029,0.6241865992454778,0.6268729784787616,0.5740079067244743,0.5770767543609641,0.8761876813028359,0.8794260829218549,0.6261944203658804,0.6293066947315402,0.4748230346074124,0.4765834892422696,0.7858786355148594,0.788171847589573,0.542969214985726,0.5447283847444875,0.6876673419916007,0.6910722950576925,0.5796152583799048,0.582748117454964,0.906653777778369,0.9132864257708424,0.5586431102110161,0.5617774590751856,0.8943589450687359,0.9015828571656958,0.8640461370308903,0.8714197843997766,0.9278056571089476,0.9350128813568336,0.8172216390117971,0.8224842397173118
1600,normal,0.047467441139587056,0.07888628139090884,0.005145822419242685,0.005630174367049055,0.7317724709700714,0.7368680900945054,0.0045281172077209966,0.00402169411357291,0.5717891297029993,0.5769988337024976,0.92718703928183,0.9340036416291455,0.641520718600634,0.6465969019686701,0.5879028617859663,0.5931930709725082,0.8951231951315032,0.9018230220380212,0.6379245185662165,0.6438357488871821,0.4839554176297373,0.4875379557235223,0.7970465434065697,0.8056513363976826,0.5519496218493576,0.5561167646505838,0.7006586484397747,0.7040922935215371,0.5912720792858502,0.5923250524916034,0.9235329704497748,0.9273759968745164,0.5655617282826297,0.5702802373274375,0.9063835579780825,0.9159833990479705,0.8804110632311702,0.8867380220605823,0.9498404554334148,0.9494137274275416,0.8280724574357018,0.8347915268855894
1603,normal,0.05604845848824693,0.07336664717416518,0.002093200512945125,0.0025111866930942403,0.730716449494536,0.7328096500074811,0.004388642666233535,0.0040599974610729195,0.5717891297029993,0.574061193837366,0.92718703928183,0.9280945766463645,0.641520718600634,0.642495289527686,0.5866596289646749,0.5898554952702507,0.8915377723947142,0.8968999394393252,0.637683489151141,0.6402032074909217,0.4820680584717902,0.48430927932614576,0.7958392020128712,0.8001164557144607,0.5512588213213859,0.5526451982493877,0.7000483186066391,0.7004233035227314,0.5892926191320104,0.5901261696385859,0.922499550490301,0.9236568573448702,0.565349933851866,0.5673698702724453,0.9059297990003712,0.9098572222835306,0.8794225777559856,0.8809829096734179,0.9455038195929614,0.9457220580268745,0.8285891630749354,0.8309450238628138
1608,normal,0.030884790605371956,0.1292696079927226,0.0019863110684751263,0.002215356366288573,0.7263888100310174,0.7244024989625423,0.0026381478105572554,0.0023049260999892457,0.564818641714422,0.5639232052033741,0.9135902600182566,0.9117180602802677,0.6328140833080896,0.63178801374208,0.5818329603643673,0.5808075264390444,0.8853753270658581,0.8843178042396085,0.63406804792501,0.6322519833720232,0.4806677597417003,0.4784418938493896,0.7931226838770499,0.790924336593759,0.5489100995262823,0.5464433651080701,0.6951656799415534,0.6929933829986819,0.5857735788585174,0.584597367959965,0.918825168412172,0.915465108851678,0.5659853171441571,0.5632278779569652,0.9050222810449486,0.9029157361271105,0.8741506552216672,0.872961782516795,0.9391746753933802,0.9375859148128173,0.8293125509698623,0.8244791223115878
1613,normal,0.08782569796642066,0.11345655550038326,0.002660019132043295,0.00303435135213232,0.724206485179006,0.7260934689587205,0.0059577927544946,0.0036051592305007406,0.5592422513235601,0.5631356013787836,0.90679187038647,0.9105841239699606,0.6289356730414111,0.6307534550344973,0.5779569992156353,0.5809352631555187,0.8815658154080196,0.8857019265685104,0.6314167243591807,0.633036007969523,0.4782324576024136,0.47880649770487643,0.7894000479131464,0.791531501808905,0.54628505751999,0.5477170900793025,0.6933346904421464,0.6958564037788281,0.5889993657758861,0.5876382293435297,0.9216957794107102,0.9203134314703821,0.5626672043955261,0.565234473779768,0.9007115707566925,0.9055047741644195,0.8703065450403935,0.8766993127616338,0.9444489622263644,0.9421628944323089,0.8295192332255559,0.8279779848975014
1621,normal,0.0443664018644692,0.13910032949336273,0.0038446443763837,0.004277264680815649,0.7174124370081556,0.7198066036538703,0.007925179064879332,0.005146892520329556,0.5512958950165819,0.5549148709711464,0.8909289612456347,0.8978407761012069,0.6210997012781213,0.6224540514263318,0.5714483097394627,0.5737577178103593,0.8700252359739797,0.8763388811055197,0.6260337340891635,0.6279077757117881,0.4741533265191086,0.4754991760181092,0.7835645645102707,0.7871429393457947,0.5414494538241884,0.5450485806781027,0.6870570121584649,0.691079818332117,0.5793953183628114,0.583183039616732,0.9159545574136336,0.9133277224432383,0.5639379709801082,0.5610602907762214,0.9034341246229596,0.9000958894697944,0.8634969784335655,0.8701145519285928,0.9274540379867486,0.9351502437801387,0.8252822469838405,0.8217959366006021
1622,normal,0.04745481454688152,0.10745224649040395,0.0011356634131745003,0.0014633623729963443,0.7173875945015186,0.7182638021713319,0.005069091935113554,0.004938214097416678,0.552550582854526,0.5536849841821094,0.8925152521597183,0.895933893628236,0.6229201795665623,0.6213325308477486,0.5730571992728987,0.5724468649229383,0.8731624808686701,0.8744315474824562,0.6265157929193144,0.6268538875150907,0.4748230346074124,0.4748836976902306,0.7852749648180102,0.7860168667518262,0.5433836953025091,0.5439522780516247,0.6894111415148455,0.6894037507650503,0.581228151838589,0.5814578523058306,0.9082613199375504,0.9108123262172827,0.5594196897904828,0.5599417365115869,0.8979890168904253,0.8989436464412235,0.86580344454233,0.8680787121094286,0.9305014037124728,0.9324684279039385,0.8187717559294976,0.819841633586041
1626,normal,0.04540466813073498,0.07369165896135121,0.0035208798848515317,0.003911483215133162,0.7079657686654939,0.7114866485503455,0.0072361294359868135,0.00674614451211516,0.543279833829718,0.5461644156004486,0.8775587949697875,0.8843064098612315,0.6106517389270685,0.6135600380292549,0.5632575993874254,0.5655061926753746,0.8599412345267603,0.8648858573904482,0.6182404496683923,0.6209520286704159,0.4679433060639276,0.47087783072543166,0.7755156218856146,0.7798175839600335,0.5376500509203442,0.5394689849405552,0.6826975133503528,0.6839224869771529,0.5744100113086963,0.5767382713865694,0.8994198380620522,0.9032455891409334,0.5510185107035233,0.5556889857760949,0.8861912834699348,0.8916420818324542,0.8602020268496166,0.8607244667285797,0.9206560682909024,0.9244479834241505,0.8067841850992791,0.8133238182367427
1644,normal,0.02845045937506959,0.10035881039011788,0.0018157984421761151,0.002075217111126688,0.7270382146704558,0.7286002833070482,0.0037542982301853895,0.0031941134808494047,0.5655156905132798,0.5690218056744275,0.9158563898955188,0.9192641760209749,0.6343971079067342,0.6364926032957864,0.5838806379523767,0.5854529954923908,0.888960749802647,0.8912549594288877,0.6352731950003871,0.6361556808066943,0.4797545214394678,0.4808475181751404,0.7918147307005433,0.7945106972156746,0.5489791795790795,0.5494531181885923,0.6974326193217718,0.6969558361466575,0.5884128590636372,0.5881290458808257,0.9196289394917624,0.9206530307653895,0.5632319895442293,0.5653623491414344,0.902072847689826,0.9053071266843788,0.8744801503800622,0.876909050239423,0.9437457239819664,0.9423496169924296,0.8262123171344609,0.8280852060707117
1654,normal,0.0992864126026736,0.41950977401952516,0.008548554803856592,0.009288751792759823,0.751955056873179,0.7434065020693224,0.011113257435513132,0.007238289053493486,0.5892153496744427,0.5829222582083924,0.9555136627476074,0.942729690637226,0.6660575998796217,0.6558442291704839,0.6070632735023395,0.5984219515801541,0.9133864421970228,0.9039324099652716,0.6537521168228342,0.6464006514540247,0.4980192874841176,0.4929441650972179,0.828236196077112,0.8186749440963693,0.5761276403283657,0.5658506180669954,0.7275131610977451,0.714673914323512,0.6008028133598936,0.5953704040816479,0.9352450633238112,0.9282925064700366,0.5724803463542435,0.5701544291961679,0.9334956568963252,0.925720552444836,0.921048799433208,0.9049149086252576,0.9697655390246884,0.9577261599414839,0.835513018640665,0.8333367418194043
1660,normal,0.8204400073365408,0.9201666461667921,0.01280028766186893,0.01344955980725193,0.7279200148813159,0.7407203025431848,0.010954640802097092,0.007671349771072763,0.570395032105284,0.5806515245405506,0.9226547795273056,0.9392360271203167,0.6438952554986004,0.6540075941327007,0.5869521543343906,0.5965342505661312,0.8827983044737907,0.9002166639023801,0.6310953518057468,0.6437680099690273,0.4820680584717902,0.4912391220230681,0.8022783561125961,0.8160477167993919,0.5581668266011026,0.5641632745659676,0.7048437672955623,0.7125520319453482,0.58262110528018,0.5931288333877826,0.9042424645395968,0.9245508379759466,0.5542660253085665,0.5676457721018415,0.904341642578382,0.9222389826949484,0.8935908695669664,0.9022019486623458,0.9394090881415128,0.9544979768615341,0.8110211713409943,0.8295645759848584
1663,normal,0.052722697706717066,0.42495928970554125,0.005201766724015831,0.006283444094648898,0.7420827569888964,0.7454985054934287,0.011022132105581763,0.005390929041384534,0.5815478128870076,0.5849466189674924,0.939650753606772,0.9453142357616963,0.6565594522877554,0.6559634933335289,0.5990188258351599,0.5996455441599372,0.902069951684032,0.9081586971980626,0.6439502539431013,0.6489564234567529,0.4911395589406329,0.4936909936202025,0.819181135624374,0.8187282769421356,0.5685288345206776,0.5655161628398281,0.7179222637198985,0.7148814631320128,0.5934714794567832,0.5979399764829735,0.921236481650944,0.933701348169764,0.5655617282826297,0.5737509595148851,0.9221516824535458,0.9284446758547111,0.9122622618760108,0.9041833969155996,0.9545287103960676,0.9605157061556742,0.8266256816458478,0.8391366208830299
1664,normal,0.0409974578326658,0.3297403644749703,0.003693191548835687,0.004472093334135383,0.7408974764989278,0.7439983685604191,0.009536501014057987,0.006083522373423205,0.5794566664904344,0.5829888516728128,0.939650753606772,0.9425526969478066,0.6573509645870776,0.6551575191842497,0.5968248855622927,0.598457704871958,0.8983724844867186,0.9051056454559898,0.6434681951129505,0.647127141301158,0.4913222066010794,0.49298309928309625,0.8181750177962919,0.8182643403239686,0.5671472334647342,0.5655561620750342,0.7135627649117865,0.714774193003324,0.5912720792858502,0.5966532078738717,0.9216957794107102,0.930740423985346,0.567467878159503,0.571578243337641,0.9232860798978236,0.9266922834802379,0.9056723587081128,0.9044223298582151,0.951012519174078,0.9591596564182701,0.8295192332255559,0.8357587664541474
1667,normal,0.05736339188017943,0.22837800764599495,0.012408528867391286,0.013398520682352852,0.7303261342458491,0.7427346631132404,0.008941933995866392,0.005881184677208767,0.5683038857087107,0.582026685836224,0.9192555847114122,0.9412305969238141,0.642312230899956,0.6541612676000547,0.5863671035949592,0.5977439630630351,0.8836946601579881,0.9042998504312248,0.6326218714345577,0.6464802156008328,0.4855992465737557,0.49214097757476766,0.8090193455607456,0.8163861043812422,0.5578905063899139,0.5642265622246384,0.7057156670571847,0.7131819784381624,0.5854070121633619,0.5956562890416076,0.9099836865366734,0.9295425069256307,0.5589961009289556,0.5708942877379748,0.915345297787878,0.9246309572193525,0.8957875039562657,0.9018051284321243,0.9431596921116348,0.9572900621464555,0.8160848866054832,0.8347918393479468
1668,both alarms,1.9584762866883363,1.9303684041966893,0.004254118284019909,0.0056979428657916685,0.7527919305544936,0.7495040437882704,0.010013528688445718,0.006431881637388662,0.5794566664904344,0.5855034209340165,0.9464491432385588,0.9486153566962503,0.6636830629816551,0.660059120474082,0.6026753929566051,0.602181263579372,0.9111455529865295,0.9106997031882609,0.6537521168228342,0.6516675592874432,0.5016722406930476,0.4969817181456699,0.836285138701768,0.8259202988498696,0.5761276403283657,0.5705848748599791,0.7275131610977451,0.7209149957440313,0.6015359467502047,0.6009193037221364,0.9386897965220574,0.9373949484213671,0.5767162349695172,0.5753690543310122,0.9448396313391048,0.9337538021933894,0.9254420682118064,0.91306750668219,0.9697655390246884,0.9667916177466093,0.8417134863114677,0.8411441995449199
1671,normal,0.15905633185471962,0.33590325991415054,0.0035565408042228094,0.004342786519997474,0.7477753244535852,0.749459394678478,0.010509851455462094,0.006779228415781611,0.5794566664904344,0.5850185042070746,0.9407838185454032,0.9482456219143358,0.658933989185722,0.660243833888674,0.601212766108027,0.6020947006291189,0.902854262907705,0.9102253276702184,0.6477263814459492,0.6515130802077866,0.495583985344831,0.4971099443619108,0.8292423139051941,0.8264179447314353,0.5740552387444509,0.5709573456496164,0.7222817625280107,0.7213220999677088,0.5986034131889606,0.6007384259256628,0.9318003301255654,0.9369110828590482,0.5710683834824856,0.5750253746873145,0.9334956568963252,0.9338972725638595,0.9221471166278576,0.9138030472534932,0.967421411543362,0.9667314058223171,0.835513018640665,0.8405546971945524
1674,normal,0.12623886819975716,0.1571601748934701,0.005786520300085105,0.006704320072389525,0.7553020411189815,0.7495155208188962,0.010391272981403618,0.0075883697641431795,0.5871242032778694,0.5852998502422995,0.9521144679317142,0.9484118283424195,0.6668491121789439,0.6608015749288441,0.6063319600780503,0.6021962215359856,0.9145068868022694,0.9094048439630101,0.6545555482064187,0.6510488788359112,0.5034987172975126,0.49723554908254564,0.8382973743579321,0.8271887158152438,0.5788908424402525,0.5716693884388423,0.7301288603826125,0.7220246158365613,0.6037353469211377,0.6004494488602974,0.937541552122642,0.9359320296118092,0.5781281978412751,0.5743246155279469,0.9471084262276606,0.9341956224901696,0.927638702601106,0.9152968268863924,0.9709376027653516,0.9668422542260362,0.8427468975899349,0.839441589296922
1676,normal,0.6384866509972568,0.5642713738037837,0.005874540916859043,0.006513089356556448,0.755620297473101,0.749745756556242,0.010075241213787662,0.007063084921336559,0.5892153496744427,0.586008656793817,0.9566467276862384,0.9492162905143323,0.6684321367775882,0.6607934193099252,0.6077945869266285,0.6025005187026596,0.9133864421970228,0.9105389035682737,0.6545555482064187,0.6516316928427446,0.5022810662278693,0.4973050034087212,0.836285138701768,0.8267240756428249,0.5788908424402525,0.5712012958148256,0.7283850608593676,0.7214963370109624,0.60520161370176,0.6006453402541995,0.943282774119719,0.936668882870665,0.5760102535336382,0.575014196131682,0.9414364390062708,0.9343634416466668,0.9265403854064564,0.9142875812978862,0.974453793987341,0.9667544656936694,0.8427468975899349,0.8405277599522577
1678,normal,0.1707170311031918,0.4984189013284364,0.002911731497151048,0.003428854793737445,0.7484878595444172,0.7493348933995169,0.009540565520669654,0.0066381078350967815,0.58085076408815,0.5854815282863874,0.9441830133612964,0.9484139993597805,0.6597255014850442,0.6601306045401013,0.601212766108027,0.6021802156189718,0.9048710631971484,0.9103379564652757,0.6481280971377416,0.651422609756926,0.495583985344831,0.49690499170812596,0.828236196077112,0.8258188162214728,0.5733644382164792,0.570629211195175,0.723153662289633,0.7208664853202845,0.6008028133598936,0.600754874607849,0.9352450633238112,0.9368666411374363,0.5724803463542435,0.575022639601273,0.9312268620077694,0.9334935662516471,0.919950482238558,0.9131218454201759,0.9697655390246884,0.9665319684839708,0.835513018640665,0.8407152338169339
1681,normal,0.14352169242118257,0.2048728956702413,0.003974586160849699,0.004895451085464625,0.7400711648081649,0.7439340919208486,0.008986996170869784,0.007730203129138456,0.5745773248984304,0.5814447733121105,0.9305862340977232,0.941470117041524,0.6510188661925,0.6562675647930695,0.5924370050165585,0.5983350699633176,0.8938907060657321,0.9029773487804938,0.6417006460690643,0.646242121351388,0.491200441494115,0.49355511480136255,0.819181135624374,0.8209143610574198,0.5671472334647342,0.5674833736929847,0.7153065644350313,0.7165271762997476,0.5942046128470945,0.5958535705716437,0.9260591081284886,0.9286258021152559,0.5657735227133934,0.5699957566943203,0.9244204773421016,0.9269233127290016,0.9089673102920616,0.9080182083826497,0.9568728378773936,0.9592786275667599,0.8278657751800081,0.8329672635013763
1682,normal,0.1137427003219314,0.10187426764580367,0.002048457542743958,0.0026046282241891177,0.7428342162584982,0.743921586189222,0.009967288182024022,0.008232614470315229,0.5787596176915767,0.5812698483383049,0.9362515587908788,0.9412570147796746,0.6541849153897888,0.6565275793712887,0.5975561989865817,0.598320199485839,0.8972520398814721,0.902327764573548,0.6438699108047429,0.6458864348308635,0.493757508740366,0.49359766300542435,0.8211933712805378,0.8214297528463943,0.5699104355766209,0.567976583065745,0.7187941634815209,0.7170072883424727,0.5956708796277164,0.5957186029096346,0.925140512608956,0.9280677818195031,0.567467878159503,0.569522463349716,0.9266892722306574,0.9270140499136965,0.9133605790706604,0.9090719077533543,0.95921696535872,0.95944949052573,0.8291058687141687,0.8322225403055826
1684,normal,0.0972067227974008,0.10733436072884506,0.004210068718482951,0.004694961450592898,0.7412086404657096,0.7454187091841926,0.00967287301955327,0.008255147805431032,0.5773655200938613,0.5824620216079517,0.9362515587908788,0.9433226509166739,0.6541849153897888,0.6578038013730122,0.5953622587137146,0.5993578423214753,0.895907506355176,0.9041169482166457,0.642664763729366,0.6472590089543976,0.4931486832055443,0.4946737733450871,0.8181750177962919,0.8232677723333021,0.5678380339927059,0.5691129047769631,0.7161784641966537,0.7183967186697121,0.5949377462374055,0.5967752300517625,0.9260591081284886,0.9298141666242022,0.5652793357082782,0.5707011510341262,0.9255548747863797,0.9290460155508272,0.9089673102920616,0.9109910383149182,0.9568728378773936,0.9611718325120872,0.8257989526230741,0.8338451795281285
1688,normal,0.18680027605278537,0.12885403193422587,0.006311504234614335,0.0077052165724816836,0.7386292016201809,0.7449407058547952,0.011173137886546409,0.00686127304595874,0.5773655200938613,0.583571475980005,0.9339854289136164,0.9441027911710201,0.6541849153897888,0.6567517590873286,0.5953622587137146,0.5993137695726428,0.891649816855239,0.9056630751873624,0.6392903519183103,0.6477016678469657,0.4906524985127755,0.49392431070140325,0.8181750177962919,0.8206198280451192,0.5664564329367625,0.5669502200467759,0.7153065644350313,0.7159243617514283,0.5900990658613526,0.5966249415327385,0.9171028018130488,0.9307462962513652,0.5644321579852234,0.5717296877112775,0.9221516824535458,0.9280352220138866,0.9067706759027624,0.9068899043022778,0.951012519174078,0.9597516298613283,0.8226987187876726,0.8356910584685938
1695,normal,0.06140110940328806,0.16018885538232755,0.005404930382672927,0.006761455104665906,0.7373165465756315,0.7416417467670263,0.008766905872371946,0.004815740012487327,0.570395032105284,0.5797488924053306,0.9249209094045676,0.9378113471855808,0.6478528169952112,0.651648261471486,0.5883416498405398,0.5960351263880337,0.8880643941184496,0.9027829661204351,0.6381655479812918,0.6454268487869751,0.4894957299966144,0.49107344315020973,0.8161627821401278,0.8148510933642972,0.5650748318808192,0.5634769558879759,0.7126908651501641,0.7125107551752383,0.5920052126761612,0.5957397102968336,0.9219254282905932,0.9298109194908764,0.5668324948672119,0.5708778524508107,0.9221516824535458,0.9231197502978188,0.9067706759027624,0.9006826440204994,0.9545287103960676,0.9573821327891129,0.8290025275863222,0.8349309957579341
1699,normal,0.03873087584616587,0.10624238725031986,0.002153992350477474,0.002563244976441037,0.7423198194427463,0.7421030058713507,0.009667268629058336,0.007358025554570839,0.5787596176915767,0.5802848406052916,0.9385176886681408,0.9388580883640014,0.6557679399884332,0.6542694162273784,0.5946309452894256,0.5968465960325474,0.8990447512498665,0.9007720419138115,0.6443519696348936,0.6445541499884508,0.4943663342751876,0.49204992760813354,0.823205606936702,0.8181619777482826,0.5671472334647342,0.5658512207700256,0.7179222637198985,0.7146544033193297,0.5934714794567832,0.59469824479232,0.9223847260503596,0.9269299892276059,0.5678914670210303,0.5689567609357258,0.9266892722306574,0.9246184686570693,0.9100656274867116,0.9054070134361835,0.9557007741367306,0.957315930760448,0.8295192332255559,0.8315220294263554
1705,both alarms,3.458454350034905,1.108507503477664,0.02494572075394536,0.028737863587947526,0.7185016552201249,0.743226168278039,0.023589226270866993,0.005690418501233513,0.5864271544790117,0.5845468890627451,0.941916883484034,0.9450725639972526,0.6533934030904668,0.6545211771978835,0.5917056915922694,0.5986677040073264,0.8871680384342526,0.9087054631404078,0.6255516752590127,0.6487172458333679,0.4732400882168761,0.492372600310139,0.7797413167635591,0.8143615431652663,0.5383408514483159,0.5617586713893821,0.6796458641846744,0.7103904560559868,0.5711842243913278,0.59558361322491,0.8923007227856771,0.9314860717143941,0.5456530517908432,0.5734602245111088,0.8772295436601389,0.9247448321045578,0.855918589790483,0.8965141624944033,0.9151473687097856,0.9552065095384992,0.7999636706613962,0.8387351329790316
1715,q alarm only,0.5055078633867748,1.104164451749155,0.01600006375468721,0.016316513095130776,0.721797242941594,0.7377973066962813,0.006114288493716952,0.005517401200183117,0.5669097881109953,0.5787972071253474,0.9158563898955188,0.9352529829886197,0.6351886202060564,0.6498118547833459,0.5816866976795094,0.5947175208182323,0.8797731040396252,0.89979828643641,0.6257123615357297,0.6425813530220261,0.4756145078026805,0.48828557097950936,0.7895006596959546,0.8088948253862565,0.5474594184175419,0.559411728342684,0.6931603104898219,0.7079159916780795,0.5806416451263401,0.5922202886794307,0.9069982510981937,0.9244543087065915,0.554548417882918,0.5678418942345766,0.8951530232797305,0.9174251563852855,0.8762374578915016,0.8933924622337301,0.9326111184456664,0.9511039290996526,0.8135013584093154,0.8306488529370039
1716,normal,0.08058988919288146,0.27668297721199325,0.012643213701050445,0.013093306553170564,0.7244140967492506,0.737057310450301,0.006009256417891356,0.00527464819027471,0.5696979833064261,0.5782815532948449,0.9192555847114122,0.9344841807142279,0.6375631571040229,0.6489827170849776,0.5835881125826609,0.5941120687606621,0.8812296820264456,0.8992094845090958,0.6314167243591807,0.6421521403099614,0.4781106924954493,0.48768435598974624,0.7906073893068448,0.8076030398480912,0.5469067779951645,0.5584412633228566,0.6950784899653911,0.7067300967542095,0.5846738787730509,0.5917786468241532,0.9131987708550364,0.9241477548422741,0.5564545677597913,0.5677176701084601,0.8979890168904253,0.9163525668591362,0.8732720014659474,0.8915893762256182,0.9392918817674466,0.9501404098821733,0.8167049333725636,0.830566952324629
1717,normal,0.07481493422293158,0.24187468900544612,0.014071689677444977,0.014625683605443297,0.7233212871436199,0.7373929768210649,0.007256151571100628,0.005291828760802245,0.5696979833064261,0.578430404428511,0.9203886496500432,0.9347382655701284,0.6367716448047006,0.6492441312568298,0.5855626588282413,0.5942543582640408,0.8835826156974637,0.8993662457826553,0.6306936361139545,0.6423210693110619,0.4773801018536633,0.4879723069343988,0.7892994361303383,0.8082271653155513,0.5487028593678908,0.5588677562057847,0.6941194002276065,0.7072923374403085,0.5825477919411489,0.592027441087547,0.9076871977378428,0.924309321900299,0.5553955956059728,0.5678251264359792,0.8943589450687359,0.9170518236044218,0.8734916649048775,0.8924899029725137,0.933900388560396,0.9506166272615358,0.8128813116422351,0.8306463221865348
1727,normal,0.06637032724719603,0.20117602863709927,0.0018310941536366038,0.002487235877190431,0.7377374173862057,0.7387160743822008,0.007056745991221393,0.005293814207690556,0.5815478128870076,0.5796788161561256,0.9385176886681408,0.9366106876884575,0.6518103784918222,0.6502615926652449,0.5946309452894256,0.5955656132879409,0.901845862762983,0.9015912398331896,0.6424237343142906,0.643626474762057,0.4880954312665246,0.48858091091332456,0.8091199573435539,0.8090377551420103,0.5567852255451592,0.5596213326853037,0.7048437672955623,0.7084031153612046,0.5942046128470945,0.5932837181346814,0.927207352527904,0.9265441400688422,0.5666912985800362,0.568846771051801,0.9119421054550442,0.9178806774052346,0.8880992835937181,0.89357727532448,0.9521845829147412,0.9524737124656047,0.83158605578249,0.8325894315519086
1729,q alarm only,0.21618459801219272,8.544349403466784,0.014591520914226764,0.015530482592733754,0.723911942891062,0.7385034638052885,0.004425989350294753,0.0043997553677847115,0.559939300122418,0.5787735270647524,0.9079249353251012,0.9355093561872043,0.6298063365706653,0.6491400231045634,0.5778107365307775,0.5944230198699495,0.8780924371317552,0.9009797821531897,0.6278012831330497,0.6435421716488919,0.4778671622815207,0.4885012260738361,0.791714118917735,0.808881372215925,0.5485646992622965,0.5591957885524809,0.6953400598938779,0.7079040989894364,0.5867266522659218,0.593309619050121,0.9180213973325808,0.927037489824474,0.5609022508058287,0.5696122130328986,0.903774443856243,0.91861080436315,0.8786537557197309,0.8932497181500122,0.942104834745038,0.9523169020767637,0.8214586252535123,0.8335717723322584
1738,normal,0.03841081030854827,0.1637720235143721,0.003509911495657031,0.0041223177490941915,0.7430771314090819,0.7414849188432127,0.004148229477567591,0.003171743321731192,0.5745773248984304,0.5788613052982728,0.9294531691590922,0.9358706770576415,0.6478528169952112,0.6498422125946435,0.5946309452894256,0.5955839687001381,0.9012856404603596,0.9033215708150747,0.6452357441568367,0.6458563473967811,0.4908960287267043,0.4903130280591296,0.814150546483964,0.8123740621054797,0.5636932308248759,0.5620332946094238,0.7161784641966537,0.7119240733757272,0.6008028133598936,0.5968690715528248,0.937541552122642,0.9319966364422868,0.5767162349695172,0.5724822552115336,0.9312268620077694,0.9234003463817487,0.901279089929514,0.8985870183886104,0.9650772840620356,0.9582396518006568,0.8417134863114677,0.8376881005446424
